Date,AD.AS,DHI,KER.PA,LOW,WBD,MA,ALV.F,SPGI,KKR,BARC.L,LSEG.L,EQIX,SLG,PLD,AMT,MDT,UNH,LH,TMO,VRTX,REGN,IDXX,TDOC,HCA,DPW.F,MG,EOAN.F,AMAT,CRG.IR,APD,LPX,DTE.F,NFLX,ETN,NVDA,SAPA.F,TCEHY,GOOG,0992.HK,META,DELL
2020-01-02,20.366857528686523,51.03712463378906,559.0806274414062,115.18472290039062,32.220001220703125,299.0226135253906,189.3542938232422,271.5936584472656,28.37652015686035,169.27528381347656,7439.33544921875,554.3947143554688,75.6270980834961,82.88053894042969,217.44447326660156,107.21392822265625,281.04962158203125,166.52932739257812,324.3878479003906,219.4499969482422,373.3500061035156,265.0199890136719,83.26000213623047,144.25790405273438,29.507368087768555,13.789999961853027,8.343814849853516,60.52604293823242,33.243202209472656,217.0157470703125,28.623958587646484,12.424729347229004,329.80999755859375,90.37307739257812,59.78584671020508,117.90618133544922,49.37981033325195,68.36849975585938,4.676926612854004,209.77999877929688,26.11598014831543
2020-01-03,20.232215881347656,51.41575622558594,561.7919311523438,114.36238098144531,32.029998779296875,296.10516357421875,187.2161407470703,270.6845703125,28.038362503051758,167.53866577148438,7379.43408203125,559.9161987304688,75.9248046875,83.8087387084961,217.54913330078125,106.57752227783203,278.2055358886719,166.28073120117188,320.85943603515625,217.97999572753906,369.1600036621094,264.7699890136719,82.95999908447266,144.6980438232422,28.995729446411133,14.199999809265137,8.238910675048828,59.56268310546875,32.5510139465332,212.1898193359375,28.499422073364258,12.41283893585205,325.8999938964844,89.70378112792969,58.82890701293945,115.98900604248047,48.538333892822266,68.03299713134766,4.720473766326904,208.6699981689453,25.256935119628906
2020-01-06,20.232215881347656,51.852630615234375,552.3492431640625,115.07953643798828,31.959999084472656,296.8936767578125,186.2753448486328,272.76666259765625,28.067346572875977,165.4181671142578,7246.10595703125,559.3037109375,77.09864807128906,83.4805908203125,217.49203491210938,107.52276611328125,280.1368103027344,168.4582977294922,323.1653747558594,224.02999877929688,371.739990234375,266.92999267578125,86.94000244140625,145.24575805664062,28.875347137451172,14.300000190734863,8.22157096862793,58.27820587158203,32.414390563964844,212.09593200683594,29.035879135131836,12.423030853271484,335.8299865722656,89.87346649169922,59.075618743896484,115.98900604248047,48.28093719482422,69.71050262451172,4.61596155166626,212.60000610351562,25.51165008544922
2020-01-07,20.160404205322266,51.65846633911133,557.4912109375,114.39106750488281,32.06999969482422,295.8883361816406,186.7884979248047,274.6630859375,28.086668014526367,167.39242553710938,7188.13671875,556.8157958984375,76.16297149658203,82.94617462158203,212.85763549804688,107.1484146118164,278.4457092285156,168.19979858398438,324.99420166015625,223.7899932861328,373.1300048828125,266.1199951171875,85.7300033569336,145.0501251220703,29.167707443237305,14.079999923706055,8.146143913269043,59.96165084838867,32.53279495239258,212.9972686767578,28.83470916748047,12.450207710266113,330.75,89.40214538574219,59.79082107543945,114.07182312011719,49.28081130981445,69.66699981689453,4.60725212097168,213.05999755859375,24.872360229492188
2020-01-08,20.048202514648438,51.94001007080078,558.426025390625,116.2078628540039,32.11000061035156,301.1091613769531,187.47271728515625,278.60247802734375,28.656713485717773,166.38699340820312,7286.68359375,558.653076171875,76.51173400878906,83.39620208740234,214.7038116455078,109.0295181274414,284.3164978027344,172.8532257080078,325.51104736328125,231.08999633789062,382.4200134277344,271.67999267578125,86.22000122070312,146.00865173339844,29.66214942932129,13.75,8.196428298950195,59.9227294921875,32.286888122558594,214.152099609375,29.457387924194336,12.36867904663086,339.260009765625,89.67549896240234,59.90297317504883,114.07182312011719,49.15211868286133,70.21600341796875,4.5811238288879395,215.22000122070312,24.97224998474121
2020-01-09,19.918052673339844,51.71671676635742,557.1173095703125,116.70510864257812,32.25,305.05682373046875,188.71282958984375,283.0696716308594,28.92724609375,167.13650512695312,7503.1015625,563.6195068359375,76.84346008300781,83.40557098388672,215.51268005371094,110.79830932617188,282.7023010253906,173.9171600341797,327.6081237792969,230.25999450683594,383.4700012207031,277.94000244140625,85.37000274658203,144.18942260742188,29.752439498901367,13.550000190734863,8.2250394821167,60.30223083496094,32.259559631347656,219.2315216064453,29.70645523071289,12.614964485168457,335.6600036621094,89.73207092285156,60.560855865478516,117.90618133544922,49.973793029785156,70.99150085449219,4.729182720184326,218.3000030517578,24.782459259033203
2020-01-10,20.173870086669922,52.202144622802734,553.5645751953125,115.70108032226562,31.850000381469727,307.0998229980469,188.45626831054688,282.4441223144531,28.96588897705078,165.43643188476562,7392.9599609375,568.4137573242188,77.48991394042969,83.8556137084961,219.63319396972656,111.03230285644531,283.5766906738281,176.57200622558594,326.73358154296875,228.9499969482422,381.4100036621094,281.6400146484375,85.16000366210938,144.89366149902344,29.322490692138672,13.279999732971191,8.376760482788086,59.81568145751953,31.8952579498291,217.82315063476562,29.735197067260742,12.552119255065918,329.04998779296875,89.53411102294922,60.88481903076172,116.94759368896484,50.914268493652344,71.48650360107422,4.894660472869873,218.05999755859375,24.727521896362305
2020-01-13,19.967418670654297,52.00797653198242,555.1539306640625,115.74889373779297,31.790000915527344,311.0868835449219,188.24244689941406,287.62493896484375,28.98520851135254,166.05795288085938,7309.8720703125,569.3323974609375,78.18740844726562,86.06826782226562,224.0201416015625,110.44269561767578,274.6600036621094,178.2026824951172,330.00360107421875,226.49000549316406,378.92999267578125,282.2900085449219,95.97000122070312,143.93515014648438,29.05162239074707,13.350000381469727,8.438316345214844,60.14653396606445,32.24134826660156,222.38619995117188,29.763935089111328,12.457001686096191,338.9200134277344,89.4209976196289,62.793701171875,116.94759368896484,51.78544616699219,71.96150207519531,5.06013822555542,221.91000366210938,24.887344360351562
2020-01-14,19.994348526000977,52.70697784423828,556.8468017578125,114.81179809570312,31.899999618530273,306.57672119140625,187.130615234375,283.6463928222656,28.299232482910156,165.43643188476562,7290.5478515625,561.23681640625,77.26875305175781,84.9713134765625,222.6307830810547,109.53488159179688,276.9564208984375,179.3660430908203,330.77880859375,229.75,387.6199951171875,284.0199890136719,96.87000274658203,144.668701171875,29.262300491333008,13.239999771118164,8.476463317871094,60.672000885009766,32.12294387817383,220.18917846679688,29.85972785949707,12.417935371398926,338.69000244140625,88.70455932617188,61.62245178222656,116.94759368896484,50.87466812133789,71.54399871826172,5.06013822555542,219.05999755859375,25.40177345275879
2020-01-15,19.98088264465332,53.33802032470703,559.1979370117188,114.285888671875,32.2400016784668,310.1394958496094,185.8477325439453,287.76177978515625,28.531112670898438,163.1514129638672,7387.1630859375,560.9879760742188,77.1836929321289,86.45265197753906,223.99156188964844,109.80628967285156,284.8066101074219,177.21829223632812,333.1642150878906,234.14999389648438,390.75,288.489990234375,94.0,144.0231475830078,29.42997932434082,13.600000381469727,8.572697639465332,60.263309478759766,31.50362205505371,221.07177734375,30.175857543945312,12.482479095458984,339.07000732421875,88.51602935791016,61.196327209472656,116.94759368896484,50.6568717956543,71.95999908447266,5.016592025756836,221.14999389648438,25.27191734313965
2020-01-16,19.828289031982422,53.76519775390625,569.07275390625,114.04682922363281,32.77000045776367,316.1103210449219,186.01878356933594,291.48614501953125,29.477962493896484,161.5975799560547,7387.1630859375,569.4854736328125,77.85567474365234,87.52149200439453,221.00352478027344,111.2381820678711,288.967041015625,176.7310791015625,334.6948547363281,235.5,385.57000732421875,289.9200134277344,96.91000366210938,144.53175354003906,29.5202693939209,13.989999771118164,8.655060768127441,61.50885009765625,31.50362205505371,221.36279296875,30.271656036376953,12.475685119628906,338.6199951171875,89.3832778930664,62.03363037109375,115.98900604248047,51.03306198120117,72.58499908447266,5.077557563781738,221.77000427246094,25.641508102416992
2020-01-17,20.254653930664062,54.08557891845703,573.8692016601562,117.00151824951172,32.43000030517578,319.4263916015625,187.5582275390625,290.1175842285156,30.14461898803711,160.17172241210938,7381.36669921875,562.6720581054688,77.6090316772461,88.384033203125,222.12640380859375,111.39728546142578,286.78594970703125,175.9952850341797,337.1300354003906,235.8300018310547,385.94000244140625,285.79998779296875,95.5999984741211,145.14794921875,29.305295944213867,13.710000038146973,8.824122428894043,61.158538818359375,31.722209930419922,222.5176544189453,30.539884567260742,12.470589637756348,339.6700134277344,90.1939697265625,62.12085723876953,121.74053192138672,51.08256149291992,74.01950073242188,5.138523101806641,222.13999938964844,25.142061233520508
2020-01-20,20.043716430664062,,563.3359375,,,,189.05494689941406,,,159.95236206054688,7365.908203125,,,,,,,,,,,,,,29.45147705078125,,8.862269401550293,,31.713096618652344,,,12.509655952453613,,,,121.74053192138672,,,5.10368537902832,,
2020-01-21,19.953954696655273,55.30883026123047,551.6742553710938,116.15624237060547,31.969999313354492,317.7190246582031,188.6273193359375,289.5408630371094,29.69051742553711,159.40391540527344,7447.06494140625,564.5860595703125,78.56167602539062,89.60285949707031,225.27626037597656,112.60457611083984,288.76531982421875,178.6103515625,335.2117004394531,233.99000549316406,363.7099914550781,284.8399963378906,98.25,144.0133819580078,29.137611389160156,13.430000305175781,8.891745567321777,61.49913024902344,31.458086013793945,222.6866455078125,29.6393985748291,12.552119255065918,338.1099853515625,89.1004867553711,61.78692626953125,118.8647689819336,48.716529846191406,74.22000122070312,4.9469170570373535,221.44000244140625,24.617647171020508
2020-01-22,19.69813346862793,55.74571228027344,556.9408569335938,117.09757232666016,32.029998779296875,320.06787109375,188.11416625976562,290.73345947265625,30.424816131591797,159.7329864501953,7715.654296875,566.0501708984375,78.87641143798828,88.07464599609375,223.78224182128906,113.3251724243164,288.8228759765625,178.54075622558594,337.98480224609375,234.61000061035156,359.1400146484375,287.6199951171875,101.41999816894531,143.91555786132812,29.06022071838379,13.140000343322754,8.912553787231445,62.17055892944336,31.41254234313965,223.49407958984375,29.840572357177734,12.643839836120605,326.0,91.589111328125,62.327693939208984,119.82335662841797,49.37981033325195,74.29750061035156,4.973045349121094,221.32000732421875,24.942285537719727
2020-01-23,19.743017196655273,57.269935607910156,539.2601928710938,117.8659896850586,30.450000762939453,320.7291564941406,187.0450897216797,290.50860595703125,30.14461898803711,156.75331115722656,7649.955078125,570.3372192382812,80.01619720458984,89.72476196289062,226.3230438232422,113.212890625,287.7371520996094,178.74957275390625,333.3431396484375,233.91000366210938,356.6000061035156,285.8999938964844,102.80000305175781,143.47540283203125,28.51418685913086,12.920000076293945,8.933361053466797,62.17055892944336,31.21217155456543,222.7899169921875,29.783092498779297,12.470589637756348,349.6000061035156,92.28667449951172,63.012996673583984,119.82335662841797,49.3501091003418,74.3324966430664,4.912079334259033,219.75999450683594,25.157045364379883
2020-01-24,20.146942138671875,56.80392837524414,539.1660766601562,115.48387908935547,30.31999969482422,319.4362487792969,188.6273193359375,288.2016906738281,29.651870727539062,158.52650451660156,7680.8720703125,566.4615478515625,79.41229248046875,90.14665222167969,226.02806091308594,111.61254119873047,281.34747314453125,176.17425537109375,331.6534729003906,229.05999755859375,345.2799987792969,280.7699890136719,98.0999984741211,140.30641174316406,28.54428482055664,12.649999618530273,9.01659107208252,60.3314208984375,31.867929458618164,229.04293823242188,29.763935089111328,12.57080364227295,353.1600036621094,91.28746032714844,62.41989517211914,122.69911193847656,48.439334869384766,73.33550262451172,4.9033708572387695,217.94000244140625,24.962261199951172
2020-01-27,19.85521697998047,57.93010330200195,519.6986083984375,115.0324478149414,30.200000762939453,311.6396179199219,185.07798767089844,286.5399169921875,29.284725189208984,156.00381469726562,7505.033203125,568.3657836914062,78.81684112548828,89.05909729003906,225.98045349121094,111.58448028564453,272.9688720703125,176.48251342773438,328.9499816894531,227.3699951171875,339.4200134277344,277.30999755859375,95.97000122070312,138.49696350097656,27.740278244018555,12.420000076293945,8.942030906677246,57.46080780029297,31.184850692749023,219.20335388183594,29.783092498779297,12.448508262634277,342.8800048828125,89.2136001586914,59.85811233520508,119.82335662841797,46.94447708129883,71.69499969482422,,214.8699951171875,24.04827880859375
2020-01-28,20.160404205322266,59.590240478515625,528.3508911132812,116.36756896972656,30.520000457763672,316.0806884765625,187.77206420898438,290.59661865234375,29.400665283203125,157.22860717773438,7470.251953125,576.6144409179688,79.10604858398438,89.59349822998047,225.70448303222656,111.53766632080078,274.67919921875,179.55496215820312,331.2360534667969,231.97000122070312,344.0799865722656,278.6400146484375,99.41999816894531,142.31149291992188,27.839168548583984,12.130000114440918,9.028728485107422,58.57012939453125,31.21217155456543,222.00125122070312,29.99384307861328,12.657428741455078,348.5199890136719,90.75013732910156,61.794410705566406,116.94759368896484,47.73645782470703,72.62799835205078,,217.7899932861328,24.3129825592041
2020-01-29,20.218751907348633,58.95919418334961,534.1817016601562,115.6663818359375,29.700000762939453,316.1300354003906,188.6273193359375,290.6259460449219,29.970706939697266,157.22860717773438,7526.28857421875,576.7197875976562,79.12307739257812,90.47479248046875,222.1454620361328,110.77960968017578,271.8254699707031,178.9583740234375,331.8621520996094,232.41000366210938,339.25,280.79998779296875,103.4800033569336,142.0572052001953,27.97245216369629,11.699999809265137,9.000986099243164,58.21009826660156,31.749530792236328,222.7711639404297,29.830991744995117,12.60647201538086,343.1600036621094,91.31574249267578,61.1888427734375,115.98900604248047,49.033321380615234,72.93150329589844,4.894660472869873,223.22999572753906,24.447834014892578
2020-01-30,20.070642471313477,58.5417366027832,527.7864990234375,114.99401092529297,29.920000076293945,320.2159423828125,186.4464111328125,293.1186218261719,29.362018585205078,156.75331115722656,7559.13720703125,577.0259399414062,78.96147155761719,90.2029037475586,223.8203125,110.57371520996094,269.98065185546875,178.02369689941406,317.9173583984375,230.30999755859375,336.17999267578125,283.7300109863281,104.75,140.30641174316406,27.572601318359375,11.319999694824219,8.947233200073242,58.62852478027344,31.312358856201172,226.65818786621094,29.53402328491211,12.507956504821777,347.739990234375,91.65510559082031,61.25613021850586,114.07182312011719,48.58783721923828,72.79199981689453,4.61596155166626,209.52999877929688,24.662595748901367
2020-01-31,19.927026748657227,57.47380828857422,521.9556884765625,111.65139770507812,29.260000228881836,311.8074035644531,184.2655029296875,287.12640380859375,30.820941925048828,153.5542755126953,7570.73095703125,564.3275756835938,78.28948211669922,87.08082580566406,220.5277099609375,108.03749084472656,261.7845153808594,174.40435791015625,311.2879333496094,227.0500030517578,337.94000244140625,271.010009765625,101.70999908447266,135.75833129882812,27.017967224121094,11.069999694824219,8.843194961547852,56.42934036254883,30.893404006958008,224.1231689453125,29.390329360961914,12.406046867370605,345.0899963378906,89.05333709716797,58.918617248535156,113.11324310302734,47.4295654296875,71.71150207519531,4.467902183532715,201.91000366210938,24.357933044433594
2020-02-03,19.64427947998047,57.0272216796875,521.1092529296875,112.55428314208984,29.149999618530273,320.2751159667969,185.76219177246094,289.0227966308594,30.666351318359375,155.0897979736328,7655.75244140625,577.6001586914062,78.40858459472656,86.13390350341797,222.74497985839844,110.42398071289062,263.2929992675781,177.56631469726562,316.4065856933594,230.50999450683594,341.1199951171875,275.7699890136719,101.98999786376953,138.69256591796875,27.125455856323242,10.680000305175781,9.0044527053833,58.112789154052734,31.312358856201172,228.16038513183594,29.86931037902832,12.494369506835938,358.0,90.01487731933594,59.8905029296875,115.0304183959961,48.94422149658203,74.2969970703125,4.485321044921875,204.19000244140625,24.562705993652344
2020-02-04,19.98088264465332,55.988426208496094,535.1221313476562,114.63861083984375,29.739999771118164,324.8149108886719,187.6865234375,291.22222900390625,31.49725914001465,157.21031188964844,7756.23193359375,581.6671142578125,79.93115997314453,87.58710479736328,225.96142578125,112.29571533203125,269.84613037109375,181.4739990234375,323.9803771972656,239.66000366210938,356.0,279.1199951171875,107.1500015258789,141.20623779296875,27.641393661499023,10.789999961853027,9.110224723815918,61.314239501953125,31.785959243774414,231.99105834960938,29.783092498779297,12.443412780761719,369.010009765625,95.12409210205078,61.5850715637207,114.07182312011719,50.58757400512695,72.35350036621094,4.554995536804199,209.8300018310547,25.486679077148438
2020-02-05,19.971906661987305,57.9398078918457,539.4481811523438,117.30888366699219,30.6299991607666,324.02545166015625,190.93650817871094,288.1430358886719,32.01900100708008,158.08775329589844,7860.5751953125,575.361083984375,81.05392456054688,86.9495620727539,224.94320678710938,112.88532257080078,284.1531982421875,183.2737274169922,330.470703125,240.75999450683594,372.1600036621094,274.3999938964844,107.05999755859375,147.7301025390625,28.097135543823242,11.020000457763672,9.183051109313965,62.082977294921875,32.07740783691406,234.9861602783203,30.424928665161133,12.524943351745605,369.6700134277344,96.47209930419922,62.48966979980469,120.78193664550781,50.33018112182617,72.4114990234375,4.60725212097168,210.11000061035156,25.366809844970703
2020-02-06,20.106548309326172,58.832984924316406,537.9435424804688,116.71336364746094,30.049999237060547,324.9925842285156,194.4003143310547,288.8761901855469,32.55038833618164,161.52447509765625,7889.5595703125,577.7245483398438,80.16931915283203,87.29647064208984,226.30401611328125,113.52172088623047,281.0111999511719,182.8362274169922,329.98370361328125,239.1199951171875,389.8500061035156,280.6700134277344,108.73999786376953,145.9890899658203,28.260520935058594,10.779999732971191,9.328704833984375,61.48939514160156,32.259559631347656,235.71847534179688,30.41534996032715,12.626853942871094,366.95001220703125,96.60408782958984,63.35939407348633,116.94759368896484,50.90436553955078,73.8115005493164,4.746601104736328,210.85000610351562,26.39566993713379
2020-02-07,20.039228439331055,59.10074234008789,532.0186157226562,116.68453979492188,29.790000915527344,322.72271728515625,194.22927856445312,288.8370666503906,32.312801361083984,161.92660522460938,7918.54443359375,579.8967895507812,80.05023956298828,87.32459259033203,227.1985321044922,111.32241821289062,277.89801025390625,181.29502868652344,324.2287902832031,240.05999755859375,381.8699951171875,278.3999938964844,105.83999633789062,142.7320556640625,28.075641632080078,9.770000457763672,9.268014907836914,60.04922866821289,31.986330032348633,234.64813232421875,30.501564025878906,12.6608247756958,366.7699890136719,96.11388397216797,62.69651412963867,118.8647689819336,50.53807830810547,73.96150207519531,4.720473766326904,212.3300018310547,25.78135108947754
2020-02-10,20.106548309326172,59.899139404296875,529.0091552734375,116.42520141601562,29.829999923706055,325.95977783203125,194.6996612548828,289.89276123046875,32.58433151245117,161.68898010253906,7889.5595703125,585.6671142578125,79.97367858886719,88.74970245361328,231.89952087402344,111.72483825683594,275.7938232421875,182.5279998779297,331.91180419921875,244.75,386.2099914550781,279.1499938964844,109.69999694824219,143.46563720703125,27.976755142211914,9.449999809265137,9.278419494628906,61.22665786743164,32.214019775390625,236.32875061035156,30.539884567260742,12.6608247756958,371.07000732421875,97.00942993164062,65.53243255615234,117.90618133544922,51.4389533996582,75.43399810791016,4.65950870513916,213.05999755859375,26.026079177856445
2020-02-11,20.01678466796875,60.23017501831055,529.1972045898438,118.17335510253906,30.209999084472656,326.59149169921875,196.49569702148438,287.50762939453125,32.79768753051758,163.62669372558594,7920.47705078125,587.1406860351562,80.4585189819336,90.2029037475586,241.96762084960938,111.32241821289062,279.40655517578125,185.0635223388672,335.7285461425781,247.80999755859375,396.75,283.3800048828125,110.43000030517578,146.28250122070312,28.355106353759766,10.010000228881836,9.481291770935059,62.71548080444336,32.69673538208008,236.98599243164062,31.68943977355957,13.105839729309082,373.69000244140625,97.5938720703125,66.75849151611328,119.82335662841797,52.17152786254883,75.43949890136719,4.554995536804199,207.19000244140625,26.100996017456055
2020-02-12,20.232215881347656,59.977027893066406,562.3955078125,120.09441375732422,30.350000381469727,329.7890319824219,196.23910522460938,296.99932861328125,32.351593017578125,163.91915893554688,7991.9716796875,596.2985229492188,80.66268920898438,90.74669647216797,243.78521728515625,109.0201416015625,291.5998229980469,186.4456329345703,332.5381164550781,242.2100067138672,406.29998779296875,283.2799987792969,110.0,147.2606201171875,28.570079803466797,10.399999618530273,9.41540241241455,63.61071014404297,32.88799285888672,238.57272338867188,32.369598388671875,13.251913070678711,380.010009765625,98.06519317626953,67.91728210449219,119.82335662841797,52.95361328125,75.91349792480469,4.650798797607422,210.75999450683594,26.620418548583984
2020-02-13,20.474567413330078,60.04518127441406,560.890869140625,119.84466552734375,30.329999923706055,331.447021484375,196.53846740722656,294.5750732421875,32.4970588684082,161.15887451171875,7947.529296875,608.3653564453125,80.51806640625,90.44667053222656,244.47036743164062,109.3383560180664,290.3699645996094,193.6246337890625,333.5518493652344,240.08999633789062,398.80999755859375,285.04998779296875,112.0199966430664,147.5736083984375,28.699066162109375,9.90999984741211,9.524641036987305,65.5569076538086,32.69673538208008,239.3050537109375,32.31211471557617,13.187368392944336,381.3999938964844,96.99056243896484,67.47868347167969,119.82335662841797,52.98331069946289,75.73300170898438,4.668217658996582,213.13999938964844,26.24583625793457
2020-02-14,20.80668830871582,60.181495666503906,544.9030151367188,120.46900939941406,30.209999084472656,336.4902038574219,197.3937225341797,300.7334289550781,32.52614974975586,160.79324340820312,7941.732421875,620.7096557617188,80.8412857055664,91.45924377441406,243.85182189941406,109.80628967285156,287.0837707519531,194.17152404785156,337.1300354003906,243.82000732421875,399.54998779296875,288.7799987792969,111.7699966430664,146.29232788085938,28.57438087463379,9.680000305175781,9.632146835327148,65.05089569091797,32.578330993652344,240.3660125732422,32.88456726074219,13.223036766052246,380.3999938964844,97.61272430419922,72.21599578857422,118.8647689819336,52.7655143737793,76.03700256347656,4.61596155166626,214.17999267578125,26.41065216064453
2020-02-17,21.188173294067383,,545.46728515625,,,,198.46279907226562,,,162.42019653320312,8019.0234375,,,,,,,,,,,,,,28.389503479003906,,9.902645111083984,,32.259559631347656,,,13.326647758483887,,,,122.69911193847656,,,4.65950870513916,,
2020-02-18,21.219587326049805,60.20096969604492,535.780517578125,118.365478515625,30.299999237060547,336.7763977050781,198.42001342773438,299.8439636230469,32.55523681640625,160.02548217773438,8067.3310546875,615.8677978515625,81.46221923828125,92.20928955078125,240.69247436523438,105.43575286865234,290.312255859375,189.8561553955078,335.321044921875,245.92999267578125,397.6499938964844,286.75,117.23999786376953,144.9816436767578,27.787574768066406,9.930000305175781,9.925185203552246,63.6061897277832,31.949899673461914,240.1125030517578,32.057159423828125,13.397985458374023,387.7799987792969,98.47997283935547,73.90557861328125,123.65769958496094,52.32002258300781,75.9834976196289,4.65950870513916,217.8000030517578,26.355714797973633
2020-02-19,21.322816848754883,60.24965286254883,552.0504760742188,118.56716918945312,30.479999542236328,340.052978515625,198.12069702148438,304.1645202636719,32.90436553955078,161.54275512695312,8252.8310546875,615.991943359375,79.89712524414062,91.6655044555664,236.09617614746094,106.47457122802734,293.3582458496094,188.82205200195312,337.6766357421875,247.77999877929688,400.80999755859375,290.9700012207031,117.36000061035156,146.7911376953125,27.95525550842285,10.010000228881836,9.958130836486816,65.80253601074219,32.04098129272461,240.18759155273438,32.16299057006836,13.995866775512695,386.19000244140625,98.32914733886719,78.42359924316406,121.74053192138672,52.66651916503906,76.33450317382812,4.720473766326904,217.49000549316406,26.640396118164062
2020-02-20,21.147783279418945,60.4151725769043,532.77099609375,121.57361602783203,29.979999542236328,339.9444274902344,196.23910522460938,296.5887145996094,32.68130874633789,165.72894287109375,8131.09765625,620.4608764648438,80.0927734375,92.77184295654297,235.56326293945312,106.5588150024414,290.3026123046875,187.73825073242188,334.0190124511719,245.10000610351562,399.1400146484375,281.45001220703125,115.9000015258789,144.86428833007812,27.817668914794922,10.100000381469727,9.696304321289062,64.81661987304688,31.75863265991211,239.7932586669922,32.65366744995117,14.097780227661133,386.0,99.0738525390625,76.92839050292969,122.69911193847656,51.73594284057617,75.90750122070312,5.051429271697998,214.5800018310547,26.44561195373535
2020-02-21,20.972745895385742,60.24965286254883,528.1627807617188,120.36334228515625,29.209999084472656,335.2566223144531,197.05160522460938,286.6571960449219,32.10914611816406,164.1750946044922,8136.8935546875,627.733642578125,79.42927551269531,93.03434753417969,235.0588836669922,106.01599884033203,289.6300354003906,188.48397827148438,332.90582275390625,246.2899932861328,403.1499938964844,278.1099853515625,113.54000091552734,144.7567138671875,27.245838165283203,10.010000228881836,9.796873092651367,62.737403869628906,31.57647705078125,239.38954162597656,32.7017707824707,13.94491195678711,380.07000732421875,98.9135971069336,73.28257751464844,121.74053192138672,50.95386505126953,74.25550079345703,4.833695888519287,210.17999267578125,25.831295013427734
2020-02-24,20.555355072021484,58.83785629272461,503.2404479980469,118.05807495117188,28.309999465942383,320.4231872558594,190.59442138671875,284.36004638671875,30.67388343811035,155.40057373046875,8019.0234375,617.1212768554688,77.34530639648438,89.98726654052734,233.2508087158203,104.20974731445312,266.91552734375,186.4853973388672,321.1874084472656,237.00999450683594,425.3800048828125,269.80999755859375,114.26000213623047,136.95159912109375,25.96889305114746,9.199999809265137,9.517704963684082,59.62348556518555,30.392480850219727,230.52638244628906,31.739675521850586,13.685037612915039,368.70001220703125,95.82167053222656,68.10169982910156,116.94759368896484,48.91452407836914,71.07949829101562,4.781439304351807,200.72000122070312,24.128189086914062
2020-02-25,20.56882095336914,56.55950164794922,493.2716064453125,113.84138488769531,27.420000076293945,298.9281005859375,182.34115600585938,276.9137268066406,29.27741241455078,151.59828186035156,7798.74267578125,607.2625122070312,73.06678009033203,85.97449493408203,234.23098754882812,101.5705795288086,253.07923889160156,183.462646484375,307.74957275390625,230.0,442.3500061035156,256.7099914550781,118.4000015258789,130.08543395996094,25.44005584716797,8.65999984741211,9.330437660217285,57.456417083740234,29.91887664794922,221.09991455078125,30.652498245239258,13.241721153259277,360.0899963378906,92.57889556884766,65.30316162109375,115.0304183959961,49.90449523925781,69.42250061035156,4.711764335632324,196.77000427246094,23.084348678588867
2020-02-26,20.326465606689453,55.079551696777344,498.44415283203125,108.82743835449219,26.469999313354492,294.14154052734375,182.5549774169922,277.0509033203125,29.248315811157227,151.67140197753906,7802.6064453125,605.2062377929688,72.32677459716797,85.56196594238281,230.92886352539062,99.34320831298828,252.70443725585938,182.5578155517578,307.2823181152344,232.0399932861328,457.9200134277344,259.45001220703125,116.86000061035156,125.55687713623047,25.422861099243164,8.229999542236328,9.417137145996094,58.38376235961914,30.119247436523438,221.1280975341797,29.632671356201172,13.221338272094727,379.239990234375,91.04236602783203,66.69867706298828,109.27889251708984,50.53807830810547,69.65899658203125,4.441774368286133,197.1999969482422,22.939510345458984
2020-02-27,19.729551315307617,54.38825607299805,481.2337341308594,103.37167358398438,24.670000076293945,282.0813903808594,174.21620178222656,261.7467956542969,27.977920532226562,146.4557342529297,7545.61181640625,574.1213989257812,68.42249298095703,81.29605865478516,221.66014099121094,94.50472259521484,243.9799041748047,181.5535430908203,295.27569580078125,223.3000030517578,431.6099853515625,250.14999389648438,135.14999389648438,124.56903076171875,24.343687057495117,7.909999847412109,9.358181953430176,55.64077377319336,28.743980407714844,210.39651489257812,27.977861404418945,13.019214630126953,371.7099914550781,87.89387512207031,62.98585891723633,111.1960678100586,49.3402099609375,65.90450286865234,4.3808088302612305,189.75,21.75582504272461
2020-02-28,19.011459350585938,51.86649703979492,475.68499755859375,102.36312103271484,25.700000762939453,286.45343017578125,166.9293975830078,260.5319519042969,27.735477447509766,141.0504150390625,7319.53271484375,550.3971557617188,66.72127532958984,79.0177993774414,215.8267364501953,94.21460723876953,244.97918701171875,174.69273376464844,289.033935546875,224.02999877929688,444.57000732421875,254.50999450683594,124.95999908447266,124.64753723144531,23.46229362487793,7.849999904632568,9.033931732177734,56.73406219482422,27.751237869262695,206.19027709960938,27.37173843383789,12.548722267150879,369.0299987792969,85.51836395263672,67.34199523925781,108.3203125,49.15211868286133,66.96649932861328,4.189202308654785,192.47000122070312,20.207544326782227
2020-03-02,19.46924591064453,53.385398864746094,474.5564880371094,106.65665435791016,26.399999618530273,302.72772216796875,168.36624145507812,283.4586486816406,29.083459854125977,135.8916473388672,7620.97119140625,594.6748046875,69.21354675292969,82.75865173339844,229.1017608642578,96.03955841064453,262.4187316894531,186.89308166503906,303.10791015625,232.2899932861328,464.75,261.989990234375,124.48999786376953,132.53799438476562,22.980749130249023,7.650000095367432,9.214262962341309,58.72541046142578,28.33413314819336,216.5556640625,28.747539520263672,12.633648872375488,381.04998779296875,90.1939697265625,68.9278793334961,108.3203125,49.716400146484375,69.45549774169922,4.215331077575684,196.44000244140625,21.17147445678711
2020-03-03,19.5859317779541,54.1253776550293,481.5158996582031,104.27456665039062,26.239999771118164,288.1805114746094,167.73333740234375,274.4741516113281,28.084592819213867,132.3450164794922,7597.78369140625,591.100341796875,68.65214538574219,83.8087387084961,230.90982055664062,93.9619140625,251.1670684814453,180.01234436035156,308.47503662109375,228.25999450683594,461.54998779296875,251.25,123.58000183105469,126.37480163574219,22.35732650756836,7.199999809265137,9.354713439941406,56.65597152709961,28.689334869384766,213.4667205810547,28.006723403930664,12.455304145812988,368.7699890136719,87.52623748779297,66.29972839355469,109.27889251708984,49.68669891357422,67.06950378417969,4.319843769073486,185.88999938964844,20.86681365966797
2020-03-04,20.532917022705078,57.017120361328125,483.0205993652344,108.8178482055664,26.510000228881836,298.405029296875,171.77871704101562,290.07208251953125,28.540386199951172,131.37774658203125,7723.38232421875,620.244140625,71.96099853515625,88.4778060913086,239.48391723632812,96.94734954833984,278.0902099609375,190.14450073242188,324.6562194824219,245.32000732421875,493.4800109863281,263.0299987792969,124.63999938964844,132.7146453857422,23.053842544555664,7.769999980926514,9.807276725769043,59.07683563232422,29.19025993347168,222.7054443359375,29.51721954345703,12.817089080810547,383.7900085449219,92.49406433105469,70.94263458251953,109.27889251708984,50.716270446777344,69.32599639892578,4.4330644607543945,191.75999450683594,21.665924072265625
2020-03-05,20.600236892700195,55.21586608886719,471.6410217285156,103.27561950683594,25.229999542236328,286.9271545410156,165.3899383544922,272.7889404296875,27.33786964416504,127.71728515625,7758.16357421875,592.5511474609375,70.36187744140625,84.10874938964844,234.99227905273438,93.75603485107422,271.88311767578125,185.96835327148438,310.9897155761719,237.30999755859375,488.1700134277344,255.16000366210938,134.3300018310547,125.45228576660156,22.107954025268555,6.960000038146973,9.50383472442627,57.7199821472168,28.989887237548828,219.7009735107422,27.9586181640625,12.694794654846191,372.7799987792969,88.28980255126953,68.14491271972656,102.56878662109375,51.16175842285156,65.9520034790039,4.467902183532715,185.1699981689453,20.40233039855957
2020-03-06,20.317485809326172,53.35618209838867,454.7127685546875,101.15286254882812,25.440000534057617,283.2558288574219,161.28469848632812,265.5777587890625,26.135353088378906,124.17064666748047,7334.99169921875,584.8642578125,68.54159545898438,80.51788330078125,234.4022674560547,92.70784759521484,272.7574462890625,178.68991088867188,309.28021240234375,233.5,494.42999267578125,249.88999938964844,135.89999389648438,124.833984375,21.467330932617188,6.489999771118164,9.212529182434082,56.41193771362305,27.742130279541016,215.67312622070312,26.16911506652832,12.46209716796875,368.9700012207031,87.45081329345703,66.3371353149414,104.4859619140625,49.587703704833984,64.92050170898438,4.4069366455078125,181.08999633789062,19.78801155090332
2020-03-09,19.235864639282227,47.825843811035156,429.8375244140625,90.5006332397461,23.649999618530273,258.58282470703125,145.71897888183594,237.6051788330078,23.129060745239258,111.99444580078125,7000.7041015625,551.6077880859375,62.43425369262695,72.91424560546875,220.6418914794922,86.47490692138672,262.7357177734375,175.0904541015625,293.5562744140625,219.64999389648438,474.44000244140625,242.8300018310547,133.5399932861328,114.56855010986328,19.257396697998047,5.489999771118164,8.584835052490234,50.828330993652344,25.474308013916016,192.6138916015625,22.801767349243164,11.480348587036133,346.489990234375,78.36355590820312,61.20050811767578,97.7758560180664,47.28106689453125,60.77799987792969,4.215331077575684,169.5,18.104881286621094
2020-03-10,18.09589385986328,49.646568298339844,423.16033935546875,99.91377258300781,25.079999923706055,276.8999938964844,152.15052795410156,253.92828369140625,24.651601791381836,110.79959106445312,6797.8134765625,586.4111938476562,63.74418258666992,75.81131744384766,232.07081604003906,90.18096923828125,269.0389404296875,169.74098205566406,305.831298828125,230.50999450683594,475.0199890136719,255.36000061035156,146.07000732421875,118.62174224853516,21.1104736328125,5.760000228881836,8.488601684570312,54.830562591552734,25.0644588470459,201.4676513671875,23.302051544189453,11.454870223999023,364.1300048828125,83.95353698730469,65.100341796875,96.81726837158203,49.06302261352539,64.01950073242188,4.163074970245361,178.19000244140625,19.548276901245117
2020-03-11,18.266443252563477,44.41804885864258,412.39202880859375,95.23603057861328,24.059999465942383,266.2314453125,147.10450744628906,235.49867248535156,23.390901565551758,111.84272766113281,6797.8134765625,575.380126953125,57.83248519897461,69.08899688720703,221.63157653808594,86.5123519897461,266.9058837890625,158.08750915527344,287.6225280761719,220.33999633789062,464.70001220703125,245.5800018310547,137.39999389648438,110.4957504272461,20.422555923461914,5.449999809265137,8.237176895141602,51.238319396972656,24.11725425720215,195.1019744873047,21.166194915771484,10.913041114807129,349.9200134277344,79.53245544433594,61.457340240478516,93.9415054321289,47.152374267578125,60.77050018310547,4.023724555969238,170.24000549316406,18.449499130249023
2020-03-12,16.815895080566406,38.186676025390625,361.607177734375,86.37037658691406,22.280000686645508,238.34109497070312,128.288818359375,216.98095703125,21.354379653930664,92.47838592529297,6140.83251953125,543.0270385742188,51.03616714477539,65.79814910888672,207.29071044921875,78.9879150390625,240.60731506347656,136.1129608154297,282.5932312011719,204.05999755859375,431.8900146484375,241.0,118.80000305175781,99.6218490600586,18.186824798583984,4.269999980926514,7.456027984619141,44.034297943115234,21.560922622680664,176.25836181640625,17.43324851989746,9.978850364685059,315.25,72.19157409667969,53.93693542480469,89.62786865234375,43.24198532104492,55.74549865722656,3.771152973175049,154.47000122070312,16.351829528808594
2020-03-13,16.839237213134766,38.26457214355469,380.8865661621094,92.68102264404297,22.889999389648438,266.4781494140625,129.14407348632812,243.08212280273438,24.583717346191406,97.08714294433594,6564.0048828125,596.7982788085938,56.071739196777344,73.56914520263672,227.4269256591797,83.12448120117188,262.5228576660156,150.1627655029297,298.5282897949219,220.86000061035156,465.54998779296875,254.1699981689453,127.94999694824219,102.34032440185547,19.046720504760742,4.300000190734863,7.521917819976807,49.67647171020508,21.486282348632812,193.74996948242188,19.92508316040039,9.985644340515137,336.29998779296875,81.35816192626953,60.05350112915039,91.06575012207031,45.77631378173828,60.98649978637695,3.7276065349578857,170.27999877929688,17.955049514770508
2020-03-16,17.02593994140625,30.524024963378906,355.11798095703125,69.72447967529297,20.6299991607666,232.5675811767578,113.40731048583984,217.666748046875,21.218605041503906,84.45576477050781,6098.32275390625,521.21484375,44.758705139160156,60.863285064697266,192.9403076171875,72.46485900878906,217.16708374023438,121.21800231933594,277.8684997558594,199.77000427246094,440.8299865722656,223.8300018310547,116.73999786376953,82.87915802001953,17.464509963989258,3.7799999713897705,7.280031204223633,39.56352233886719,19.405759811401367,169.3293914794922,16.028579711914062,9.214512825012207,298.8399963378906,71.62104797363281,48.972373962402344,85.79352569580078,41.63822937011719,54.21649932861328,3.631803512573242,146.00999450683594,16.087125778198242
2020-03-17,18.302343368530273,30.407182693481445,367.76715087890625,70.87712097167969,21.510000228881836,234.76844787597656,112.0730972290039,223.0555419921875,21.053749084472656,83.22296905517578,5964.99365234375,552.68408203125,49.9473991394043,66.82862091064453,216.52137756347656,75.06658935546875,235.6761016845703,123.72369384765625,294.738525390625,210.44000244140625,491.69000244140625,215.8800048828125,118.23999786376953,76.01920318603516,18.173927307128906,3.2699999809265137,7.510647296905518,43.790260314941406,18.957935333251953,192.56695556640625,15.990100860595703,9.783520698547363,319.75,70.11864471435547,54.17631149291992,89.62786865234375,44.09335708618164,55.9900016784668,3.4924540519714355,149.4199981689453,15.642618179321289
2020-03-18,18.670366287231445,28.02173614501953,336.3087463378906,62.45330810546875,19.8799991607666,224.94857788085938,100.06526947021484,189.17489624023438,18.9493465423584,78.89871215820312,5609.45263671875,549.7628173828125,42.28346633911133,64.09648132324219,206.63409423828125,69.76018524169922,209.4662628173828,107.14832305908203,301.3731384277344,212.97999572753906,485.0,205.1300048828125,136.92999267578125,66.86274719238281,16.339767456054688,2.9100000858306885,7.525386810302734,38.24570846557617,16.256990432739258,189.2526397705078,13.72916316986084,9.109204292297363,315.4700012207031,65.44026184082031,50.57320022583008,85.79352569580078,41.856021881103516,54.84000015258789,3.3792319297790527,146.9600067138672,14.418976783752441
2020-03-19,17.657859802246094,29.219329833984375,357.6571960449219,67.11186218261719,21.219999313354492,224.1787872314453,107.4889144897461,203.57760620117188,19.97730255126953,79.41079711914062,5727.322265625,528.48876953125,42.51313018798828,60.418968200683594,198.887939453125,74.14007568359375,212.1103973388672,113.86000061035156,279.3505859375,215.69000244140625,489.8299865722656,193.17999267578125,139.6300048828125,81.94684600830078,18.315807342529297,3.6500000953674316,7.456027984619141,39.231624603271484,16.420259475708008,179.36611938476562,15.345491409301758,9.978850364685059,332.0299987792969,68.89199829101562,53.10411071777344,84.8349380493164,44.84573745727539,55.76449966430664,3.1702075004577637,153.1300048828125,15.962264060974121
2020-03-20,17.751209259033203,30.553234100341797,394.71136474609375,63.74041748046875,18.760000228881836,208.654541015625,114.31388092041016,204.5671844482422,18.49355125427246,84.41783142089844,6009.4375,486.7093200683594,38.99163055419922,59.38850402832031,185.93643188476562,72.492919921875,199.362548828125,106.63126373291016,276.8937072753906,206.0,438.45001220703125,183.2899932861328,141.74000549316406,77.03984832763672,17.3828182220459,3.7100000381469727,7.110102653503418,37.08408737182617,17.693761825561523,177.59161376953125,13.748404502868652,10.25910758972168,332.8299865722656,61.741294860839844,51.30379867553711,87.23139953613281,44.796241760253906,53.61600112915039,3.2921383380889893,149.72999572753906,16.22696876525879
2020-03-23,17.961252212524414,28.78118133544922,381.780029296875,65.12358093261719,18.489999771118164,200.64076232910156,115.35730743408203,188.1657257080078,17.940778732299805,80.3211669921875,6040.35400390625,470.0091247558594,34.993804931640625,59.90846252441406,170.42507934570312,68.24405670166016,188.0429229736328,103.72783660888672,253.94601440429688,202.2100067138672,455.6300048828125,182.94000244140625,167.44000244140625,77.29502868652344,18.57377815246582,3.5899999141693115,6.918499946594238,39.21210479736328,17.46051788330078,165.93055725097656,13.469395637512207,9.80899715423584,360.2699890136719,54.93292236328125,53.03428649902344,87.23139953613281,45.95450210571289,52.83100128173828,3.1789169311523438,148.10000610351562,16.95116424560547
2020-03-24,18.23053741455078,32.0234489440918,421.65557861328125,74.2485580444336,20.030000686645508,233.9690399169922,128.4427490234375,214.23753356933594,21.179819107055664,91.05593872070312,6668.349609375,524.5394897460938,40.08891677856445,66.69625854492188,181.0641632080078,75.19760131835938,212.1103973388672,117.10148620605469,280.53424072265625,223.1300048828125,449.5299987792969,204.99000549316406,162.02000427246094,85.13638305664062,20.031301498413086,3.819999933242798,7.340719699859619,44.06359100341797,19.59235382080078,182.53956604003906,17.04840850830078,10.25061321258545,357.32000732421875,67.71288299560547,62.13307571411133,94.90010070800781,47.934444427490234,56.722999572753906,3.239881992340088,160.97999572753906,19.403438568115234
2020-03-25,18.11384391784668,36.054378509521484,443.9914855957031,80.41512298583984,21.059999465942383,253.12513732910156,135.13087463378906,222.5950469970703,23.274526596069336,100.31137084960938,7118.57421875,532.25537109375,40.777896881103516,68.24667358398438,189.6191864013672,81.25273132324219,226.2864990234375,122.1228256225586,270.2391052246094,210.08999633789062,429.7799987792969,214.22999572753906,142.11000061035156,90.87757873535156,20.60743522644043,3.4000000953674316,7.7594709396362305,43.663360595703125,20.786556243896484,179.4694061279297,17.93354034423828,10.17418098449707,342.3900146484375,70.93640899658203,61.245391845703125,95.85868072509766,48.75613021850586,55.1245002746582,3.431488275527954,156.2100067138672,19.64816665649414
2020-03-26,18.122821807861328,38.23535919189453,463.03582763671875,84.63182830810547,20.93000030517578,259.73748779296875,136.05455017089844,239.99583435058594,24.826160430908203,102.39763641357422,7077.99658203125,564.5989990234375,41.42436599731445,73.44624328613281,211.44927978515625,86.58293151855469,246.45530700683594,136.2720489501953,281.6482849121094,224.49000549316406,452.29998779296875,230.3800048828125,159.5,92.68335723876953,20.740720748901367,4.050000190734863,8.063779830932617,48.026771545410156,22.792442321777344,189.03668212890625,17.51983642578125,10.19116497039795,362.989990234375,74.40715789794922,64.14283752441406,99.69303131103516,50.58757400512695,58.087501525878906,3.5098726749420166,163.33999633789062,21.24639129638672
2020-03-27,19.10122299194336,35.9083251953125,450.9509582519531,83.54645538330078,19.030000686645508,244.41062927246094,132.08616638183594,234.9010009765625,23.817596435546875,92.33615112304688,6712.79248046875,571.02734375,40.44615936279297,74.84539794921875,207.90927124023438,84.65237426757812,233.968017578125,127.97940826416016,272.8850402832031,217.24000549316406,449.5199890136719,231.75,164.16000366210938,85.70560455322266,19.566957473754883,3.940000057220459,7.972747802734375,43.975730895996094,21.644887924194336,181.36598205566406,16.923336029052734,10.468294143676758,357.1199951171875,70.87935638427734,63.01826858520508,95.85868072509766,48.06314468383789,55.535499572753906,3.5272912979125977,156.7899932861328,19.35349464416504
2020-03-30,19.285232543945312,35.869380950927734,452.8318176269531,85.20814514160156,20.010000228881836,249.9373779296875,129.67431640625,241.99456787109375,23.778806686401367,89.14037322998047,7074.13134765625,619.6483154296875,39.44047164916992,78.35272979736328,219.42384338378906,86.6865234375,242.48910522460938,131.2010040283203,283.4486999511719,231.9199981689453,473.0,241.02000427246094,163.55999755859375,89.26809692382812,21.187864303588867,4.260000228881836,8.231107711791992,46.17207717895508,21.79416275024414,193.90956115722656,17.077268600463867,10.711451530456543,370.9599914550781,74.47371673583984,66.22491455078125,97.7758560180664,49.14221954345703,57.340999603271484,3.387941598892212,165.9499969482422,19.877910614013672
2020-03-31,19.105710983276367,33.10420227050781,447.56524658203125,82.65314483642578,19.440000534057617,238.40028381347656,132.5651092529297,240.09381103515625,22.760543823242188,89.24468994140625,7033.55322265625,600.1422729492188,36.88984680175781,75.9798583984375,207.214599609375,84.92548370361328,240.65554809570312,125.67256164550781,282.0959167480469,237.9499969482422,488.2900085449219,242.24000549316406,155.00999450683594,88.1787338256836,21.153470993041992,4.260000228881836,8.117533683776855,44.72737121582031,23.18428611755371,188.6363067626953,16.52887535095215,10.486172676086426,375.5,73.87467193603516,65.72871398925781,97.7758560180664,48.59773254394531,58.140499114990234,3.623094320297241,166.8000030517578,19.753049850463867
2020-04-01,19.406408309936523,31.818981170654297,427.90960693359375,77.24539184570312,19.450000762939453,225.61968994140625,130.8203887939453,229.59060668945312,21.257400512695312,78.5762939453125,6830.66259765625,572.1707763671875,34.00542449951172,69.25821685791016,196.95614624023438,79.20915222167969,229.01747131347656,115.51057434082031,273.740478515625,225.47999572753906,496.6499938964844,230.66000366210938,162.52999877929688,82.17256927490234,20.491348266601562,3.7699999809265137,7.7594709396362305,42.267459869384766,22.521879196166992,178.8742218017578,14.518083572387695,10.316320419311523,364.0799865722656,69.5481185913086,60.60955047607422,95.37938690185547,46.58808898925781,55.28099822998047,3.5185818672180176,159.60000610351562,18.429521560668945
2020-04-02,19.39743423461914,31.741086959838867,428.4739074707031,79.58908081054688,18.68000030517578,235.75535583496094,130.85458374023438,236.45883178710938,21.29619026184082,77.40039825439453,6507.96875,601.6605834960938,34.20227813720703,71.38533020019531,210.0694122314453,81.13030242919922,232.0283203125,115.35148620605469,286.02496337890625,242.16000366210938,498.75,239.6999969482422,159.32000732421875,82.33940887451172,21.015888214111328,3.9000000953674316,7.756003379821777,42.208900451660156,22.708471298217773,183.80723571777344,14.056278228759766,10.369958877563477,370.0799865722656,69.97599792480469,63.70149230957031,93.9415054321289,48.33043670654297,56.04199981689453,3.5185818672180176,158.19000244140625,18.549386978149414
2020-04-03,20.142452239990234,31.293209075927734,425.74658203125,78.95512390136719,18.360000610351562,233.9295654296875,127.2282943725586,233.97019958496094,21.54833221435547,76.09173583984375,6956.26123046875,600.2576293945312,33.072479248046875,69.57019805908203,212.020263671875,81.2433090209961,221.46142578125,112.66680908203125,280.7132568359375,238.30999755859375,493.32000732421875,234.5500030517578,156.2100067138672,80.30790710449219,21.067480087280273,3.5999999046325684,7.570469379425049,41.271785736083984,22.605844497680664,176.34156799316406,13.334700584411621,10.414656639099121,361.760009765625,67.75092315673828,60.81900405883789,94.42080688476562,47.330570220947266,54.89400100708008,3.4924540519714355,154.17999267578125,18.19977569580078
2020-04-06,20.08859634399414,35.87911605834961,440.51177978515625,85.2657699584961,19.649999618530273,262.46142578125,136.22561645507812,250.6558074951172,23.62364387512207,82.08499908447266,6824.86572265625,626.710693359375,36.93263626098633,75.84750366210938,223.80125427246094,88.60765838623047,239.65194702148438,125.69245147705078,302.3876953125,255.3000030517578,504.2699890136719,254.42999267578125,150.1300048828125,91.83935546875,22.228342056274414,3.7200000286102295,7.648496627807617,45.04949951171875,23.977310180664062,183.20245361328125,15.278143882751465,10.90186595916748,379.9599914550781,73.5988998413086,66.92557525634766,95.37938690185547,49.439205169677734,59.34600067138672,3.5272912979125977,165.5500030517578,19.43340492248535
2020-04-07,20.277095794677734,35.5772819519043,448.5997619628906,87.36933898925781,20.670000076293945,255.69113159179688,138.53480529785156,250.88111877441406,23.390901565551758,89.88953399658203,6936.93896484375,599.2293090820312,39.526058197021484,76.52816772460938,216.74977111816406,88.95611572265625,239.36244201660156,132.69248962402344,295.007080078125,247.6699981689453,501.510009765625,251.74000549316406,141.25,96.77578735351562,22.486309051513672,3.3399999141693115,7.605148792266846,46.425872802734375,23.604122161865234,190.9232940673828,15.335868835449219,11.103007316589355,372.2799987792969,72.4197998046875,64.58917999267578,99.69303131103516,48.97392654418945,59.32550048828125,3.6840600967407227,168.8300018310547,19.163705825805664
2020-04-08,20.277095794677734,38.605342864990234,447.0480041503906,90.62550354003906,21.579999923706055,267.81939697265625,138.10719299316406,256.22088623046875,23.943668365478516,87.86016845703125,6884.7666015625,638.2799682617188,41.700077056884766,81.47247314453125,237.1905059814453,93.49524688720703,258.46014404296875,140.35873413085938,305.52099609375,249.66000366210938,512.3300170898438,254.72999572753906,139.10000610351562,106.05001068115234,21.841386795043945,3.6600000858306885,7.57393741607666,50.232879638671875,23.32423210144043,203.8984375,16.894472122192383,11.022550582885742,371.1199951171875,76.204345703125,66.56403350830078,101.6102066040039,49.64710235595703,60.513999938964844,3.6753499507904053,174.27999877929688,20.16758918762207
2020-04-09,20.124502182006836,39.95872497558594,445.4962463378906,91.547607421875,22.31999969482422,266.2872314453125,142.3834686279297,277.81512451171875,24.535228729248047,92.53529357910156,6987.17724609375,660.0728759765625,46.36479949951172,86.71932983398438,247.03976440429688,95.14330291748047,254.88954162597656,145.9667205810547,315.6967468261719,246.61000061035156,512.9600219726562,258.5799865722656,146.66000366210938,106.05001068115234,22.228342056274414,3.9000000953674316,7.707451820373535,48.407470703125,25.535369873046875,207.26275634765625,17.673770904541016,11.03149127960205,370.7200012207031,77.44049072265625,65.56663513183594,106.40313720703125,48.97392654418945,60.5724983215332,3.7276065349578857,175.19000244140625,20.756935119628906
2020-04-13,,37.61221694946289,,91.44195556640625,21.989999771118164,260.2973327636719,,263.0107421875,23.22603416442871,,,631.4864501953125,45.02956771850586,81.6899185180664,238.66871643066406,93.72126007080078,254.29122924804688,139.6527557373047,313.64764404296875,252.27999877929688,517.02001953125,254.38999938964844,154.1300048828125,101.68278503417969,,3.7899999618530273,,48.6905632019043,,204.30487060546875,16.875226974487305,,396.7200012207031,74.54029083251953,67.28714752197266,,49.30060958862305,60.87799835205078,,174.7899932861328,20.207544326782227
2020-04-14,20.335277557373047,39.10190963745117,454.9478454589844,95.1591796875,22.299999237060547,267.5920104980469,145.30844116210938,271.7307434082031,23.478172302246094,88.71363830566406,6998.7724609375,661.9466552734375,45.02101516723633,84.28026580810547,243.77163696289062,95.30339050292969,261.0366516113281,143.85873413085938,324.6390380859375,262.4100036621094,524.8400268554688,263.010009765625,157.3300018310547,110.4466781616211,22.821670532226562,3.8499999046325684,7.6138176918029785,51.21879577636719,24.210554122924805,208.65194702148438,17.086894989013672,11.250511169433594,413.54998779296875,75.9190673828125,70.802978515625,105.44454956054688,50.93406677246094,63.46149826049805,3.631803512573242,178.1699981689453,20.647056579589844
2020-04-15,20.289457321166992,36.726200103759766,446.7188720703125,90.61589813232422,21.350000381469727,254.1689453125,138.97955322265625,267.72344970703125,22.547197341918945,82.50226593017578,6824.86572265625,649.1092529296875,43.87409591674805,81.81282043457031,236.4995574951172,91.64945220947266,271.82562255859375,140.67691040039062,324.1019287109375,255.22999572753906,511.69000244140625,257.82000732421875,171.77000427246094,107.443603515625,21.824188232421875,3.5299999713897705,7.4542927742004395,49.16887664794922,22.186012268066406,202.0651397705078,16.067066192626953,10.888456344604492,426.75,72.02042388916016,70.02750396728516,101.6102066040039,50.448978424072266,63.12350082397461,3.6492223739624023,176.97000122070312,20.202550888061523
2020-04-16,20.234472274780273,37.68037414550781,448.83489990234375,88.79090881347656,21.469999313354492,243.90884399414062,135.78086853027344,268.99713134765625,22.421125411987305,82.578125,7016.16259765625,656.037109375,42.230743408203125,83.38212585449219,240.5990447998047,90.12384033203125,287.9895935058594,137.74365234375,327.0959777832031,264.760009765625,539.9299926757812,261.1199951171875,174.25,106.30517578125,21.918777465820312,3.4100000858306885,7.638094425201416,50.98451232910156,23.19361686706543,201.17681884765625,15.682222366333008,10.910804748535156,439.1700134277344,72.09649658203125,73.48350524902344,106.40313720703125,52.577423095703125,63.173500061035156,3.7188968658447266,176.25,20.527189254760742
2020-04-17,20.44524574279785,38.829288482666016,473.4278869628906,93.26695251464844,22.139999389648438,256.9661865234375,140.24533081054688,276.8744812011719,23.196943283081055,86.02046203613281,7228.71533203125,667.7696533203125,43.87409591674805,85.29180145263672,242.7777862548828,97.30927276611328,280.3948974609375,147.6769561767578,329.8214111328125,270.4599914550781,568.7899780273438,265.1600036621094,173.27000427246094,113.50865936279297,22.658288955688477,3.5399999618530273,7.6727728843688965,51.9313850402832,23.800046920776367,209.32290649414062,16.798261642456055,11.237100601196289,422.9599914550781,75.36756134033203,72.89004516601562,109.27889251708984,51.82503890991211,64.1624984741211,3.814700126647949,179.24000549316406,20.731962203979492
2020-04-20,20.720170974731445,37.28117752075195,478.6004333496094,91.37471771240234,21.700000762939453,248.82144165039062,142.3321533203125,273.5237121582031,22.256267547607422,86.30496215820312,7286.68359375,644.51611328125,40.681549072265625,83.6657485961914,237.63670349121094,95.62356567382812,272.26953125,144.78347778320312,325.42486572265625,273.260009765625,567.989990234375,267.3399963378906,181.4600067138672,108.37593841552734,22.864665985107422,3.200000047683716,7.457761764526367,49.422672271728516,23.52015495300293,202.58489990234375,16.076683044433594,11.30414867401123,437.489990234375,74.06483459472656,71.57596588134766,110.23748016357422,51.93393325805664,63.330501556396484,3.8408279418945312,178.24000549316406,20.45726776123047
2020-04-21,20.711009979248047,37.018287658691406,459.8852844238281,89.48114013671875,20.780000686645508,242.51515197753906,139.3216552734375,261.8252258300781,21.179819107055664,82.03759765625,7101.18310546875,645.9094848632812,38.39625549316406,84.13844299316406,231.2533416748047,91.92257690429688,264.5976257324219,147.3388671875,317.92486572265625,262.79998779296875,544.4600219726562,259.2300109863281,172.38999938964844,103.50820922851562,22.297130584716797,3.0199999809265137,7.234080791473389,47.177513122558594,22.736461639404297,195.9886016845703,15.518669128417969,10.977852821350098,433.8299865722656,73.13296508789062,67.20237731933594,102.56878662109375,50.55787658691406,60.81700134277344,3.8582470417022705,170.8000030517578,18.679244995117188
2020-04-22,21.040916442871094,37.86537170410156,437.26727294921875,91.732177734375,20.3700008392334,253.94158935546875,138.43218994140625,270.4276428222656,21.49984359741211,83.16606903076172,7363.9755859375,658.0069580078125,38.25074768066406,83.07017517089844,241.74575805664062,90.48170471191406,267.3286437988281,153.25509643554688,333.81011962890625,269.3699951171875,558.0800170898438,268.1199951171875,179.64999389648438,102.57585144042969,22.641090393066406,3.390000104904175,7.353724479675293,50.867374420166016,24.35982894897461,202.6510467529297,15.807295799255371,11.250511169433594,421.4200134277344,73.83663177490234,71.3515625,104.4859619140625,52.329925537109375,63.160499572753906,3.762444257736206,182.27999877929688,19.35349464416504
2020-04-23,21.114233016967773,38.14772415161133,429.8375244140625,91.68387603759766,20.389999389648438,252.90371704101562,135.55850219726562,273.9057922363281,22.401729583740234,85.91615295410156,7304.07421875,658.6796264648438,39.1237678527832,82.0113525390625,237.56028747558594,90.24627685546875,275.3478088378906,158.76365661621094,318.8101806640625,267.9100036621094,565.52001953125,268.4100036621094,187.72999572753906,102.79176330566406,22.391721725463867,4.119999885559082,7.478569507598877,49.68623733520508,24.11725616455078,199.65530395507812,16.211380004882812,11.223691940307617,426.70001220703125,74.31207275390625,70.81794738769531,103.52737426757812,51.93393325805664,63.81549835205078,3.7101879119873047,185.1300048828125,19.43340492248535
2020-04-24,21.031755447387695,39.861358642578125,424.4769287109375,95.40339660644531,21.020000457763672,255.7702178955078,134.8914031982422,278.1972351074219,22.896316528320312,84.02902221679688,7188.13671875,658.3048706054688,38.276424407958984,84.17626190185547,233.7474365234375,93.51409149169922,281.099365234375,162.79066467285156,326.95672607421875,269.8599853515625,566.2100219726562,271.79998779296875,193.52999877929688,105.82430267333984,22.52930450439453,3.6500000953674316,7.532321453094482,50.50621032714844,24.31317710876465,204.8624267578125,16.904090881347656,11.335437774658203,424.989990234375,74.98719787597656,72.20932006835938,103.52737426757812,52.32002258300781,63.96549987792969,3.5708377361297607,190.07000732421875,19.822973251342773
2020-04-27,21.031755447387695,41.000526428222656,437.1731872558594,98.51426696777344,22.75,262.0567626953125,137.5255889892578,285.3006286621094,24.20550537109375,86.35235595703125,7232.57958984375,674.5438842773438,40.65586471557617,86.82330322265625,239.1083221435547,94.88902282714844,283.6952819824219,177.47683715820312,340.89239501953125,268.510009765625,547.52001953125,275.8500061035156,194.88999938964844,108.82738494873047,23.036643981933594,3.869999885559082,7.648496627807617,49.813140869140625,25.423412322998047,210.04112243652344,17.741117477416992,11.585745811462402,421.3800048828125,78.48646545410156,74.07695770263672,104.4859619140625,52.7655143737793,63.79399871826172,3.6666409969329834,187.5,20.072694778442383
2020-04-28,21.123394012451172,45.69354248046875,439.14813232421875,100.01173400878906,23.420000076293945,261.542724609375,143.5979461669922,289.8467102050781,24.651601791381836,92.70599365234375,7234.51171875,657.0172119140625,43.0267448425293,84.69620513916016,232.7154083251953,92.32750701904297,278.2718505859375,174.96119689941406,330.6967468261719,256.9599914550781,528.6099853515625,264.25,181.14999389648438,107.22770690917969,23.767555236816406,4.230000019073486,7.657166481018066,49.21767807006836,25.861906051635742,211.32635498046875,18.712841033935547,11.536578178405762,403.8299865722656,79.01897430419922,72.65067291259766,105.44454956054688,52.904109954833984,61.68349838256836,3.6753499507904053,182.91000366210938,20.3973331451416
2020-04-29,20.99509620666504,47.27085876464844,448.0825500488281,102.5622787475586,24.729999542236328,280.4121398925781,148.21632385253906,288.4653015136719,25.689254760742188,104.48389434814453,7329.19482421875,652.7509155273438,46.94844436645508,85.23507690429688,226.2938232421875,93.36341094970703,277.5867004394531,172.49525451660156,333.8399963378906,251.0500030517578,516.1500244140625,272.739990234375,175.10000610351562,111.22199249267578,23.93953514099121,5.119999885559082,7.861774444580078,53.04420471191406,27.04677963256836,217.98878479003906,20.338788986206055,11.9701509475708,411.8900146484375,81.56735229492188,74.4210433959961,106.40313720703125,53.507991790771484,67.0739974975586,3.6753499507904053,194.19000244140625,21.670921325683594
2020-04-30,20.307783126831055,45.97589874267578,432.800048828125,101.20005798339844,22.420000076293945,271.79290771484375,145.0861053466797,286.9564514160156,24.44795036315918,100.4251708984375,7251.29345703125,648.7921142578125,45.6742057800293,84.35588836669922,227.43101501464844,91.9413833618164,282.2380676269531,163.51651000976562,332.905029296875,251.1999969482422,525.8800048828125,277.6000061035156,164.58999633789062,107.83616638183594,23.35480499267578,4.75,7.918995380401611,48.49533462524414,25.703304290771484,213.17860412597656,19.241992950439453,11.844995498657227,419.8500061035156,79.39934539794922,72.88005828857422,105.44454956054688,52.09233093261719,67.43299865722656,,204.7100067138672,21.321308135986328
2020-05-01,,45.313812255859375,,100.91989135742188,21.670000076293945,265.6349182128906,,280.2743835449219,23.64303970336914,97.42852783203125,7264.90869140625,644.6121826171875,42.24755859375,82.10588073730469,223.79971313476562,89.59648895263672,274.5566101074219,158.12728881835938,328.060791015625,254.89999389648438,525.5,270.75,169.42999267578125,102.90953826904297,,4.420000076293945,,45.7718620300293,,210.03167724609375,18.770566940307617,,415.2699890136719,78.03955841064453,70.51124572753906,,50.53807830810547,66.03050231933594,,202.27000427246094,19.977800369262695
2020-05-04,20.58270835876465,44.914615631103516,424.10076904296875,103.71195220947266,21.8700008392334,266.14892578125,141.35716247558594,279.990234375,23.536361694335938,94.52672576904297,7222.11767578125,649.5319213867188,40.93029022216797,82.37057495117188,226.12181091308594,89.70948791503906,277.4805603027344,156.75511169433594,324.98724365234375,264.69000244140625,541.8200073242188,273.760009765625,174.3000030517578,101.68278503417969,22.451915740966797,4.239999771118164,7.8357648849487305,46.445411682128906,25.07821273803711,211.0712127685547,18.866775512695312,11.585745811462402,428.1499938964844,75.42462158203125,72.63320922851562,101.6102066040039,51.05286407470703,66.33999633789062,3.59696626663208,205.25999450683594,20.25249481201172
2020-05-05,20.500234603881836,46.17061996459961,432.5741271972656,106.41705322265625,21.25,270.8143615722656,141.4597930908203,289.4352722167969,23.856388092041016,98.0544204711914,7379.66943359375,659.5443725585938,40.870025634765625,82.94725799560547,229.59063720703125,92.19566345214844,282.78814697265625,161.826171875,334.5362854003906,272.3299865722656,574.3699951171875,282.0799865722656,169.58999633789062,104.47977447509766,22.8388671875,3.9600000381469727,7.960610389709473,47.68511199951172,24.966257095336914,211.968994140625,18.866775512695312,11.625974655151367,424.67999267578125,76.8319320678711,73.2441177368164,102.56878662109375,51.646846771240234,67.55549621582031,3.59696626663208,207.07000732421875,20.072694778442383
2020-05-06,20.371932983398438,46.01483917236328,415.05291748046875,105.90503692626953,20.850000381469727,269.2921447753906,139.8690185546875,283.5076599121094,25.243162155151367,95.64572143554688,7465.25341796875,657.430419921875,38.74344253540039,82.19097137451172,226.7238311767578,91.12210083007812,278.66748046875,158.19688415527344,333.3725280761719,270.05999755859375,553.5,283.5899963378906,176.00999450683594,97.62960815429688,22.649690628051758,3.7699999809265137,7.875645160675049,49.29576873779297,24.574413299560547,211.09957885742188,19.54986572265625,11.572336196899414,434.260009765625,75.99514770507812,74.25399017333984,101.6102066040039,52.03293228149414,67.36499786376953,3.7014784812927246,208.47000122070312,20.222530364990234
2020-05-07,21.013425827026367,45.917476654052734,423.8134765625,108.12706756591797,20.530000686645508,275.2524719238281,143.4852294921875,289.60174560546875,26.077165603637695,99.96997833251953,7613.080078125,648.926513671875,40.24152755737305,83.25924682617188,224.80311584472656,93.17506408691406,275.0294189453125,159.270751953125,337.2816162109375,270.010009765625,559.8300170898438,294.260009765625,174.92999267578125,100.6326904296875,22.709884643554688,3.930000066757202,7.87738037109375,50.02788162231445,25.07821273803711,214.33155822753906,19.251617431640625,11.885224342346191,436.5299987792969,76.3184585571289,76.0193862915039,104.4859619140625,52.22102737426758,68.62799835205078,3.6666409969329834,211.25999450683594,20.851829528808594
2020-05-08,20.747663497924805,48.463294982910156,428.4571533203125,110.35880279541016,21.09000015258789,279.1766357421875,143.0127410888672,291.62994384765625,25.8541202545166,,,651.63623046875,41.76543045043945,85.05546569824219,227.77499389648438,93.25982666015625,276.95947265625,166.31057739257812,331.24383544921875,271.6300048828125,563.4000244140625,287.8999938964844,176.5,105.91262817382812,23.13123321533203,4.440000057220459,7.932865619659424,52.5268440246582,25.264808654785156,220.64430236816406,21.069984436035156,12.162351608276367,435.54998779296875,78.2107162475586,77.92192840576172,103.52737426757812,54.02277755737305,69.41850280761719,3.779862642288208,212.35000610351562,21.8007755279541
2020-05-11,21.306678771972656,47.427371978759766,420.5581970214844,109.5472640991211,20.329999923706055,277.9805603027344,143.35801696777344,294.59869384765625,25.601974487304688,97.29576873779297,7737.56640625,651.4824829101562,38.9845085144043,84.0250015258789,227.65077209472656,92.9867172241211,278.5903625488281,167.9114227294922,338.5847473144531,285.2799987792969,574.1099853515625,299.45001220703125,190.6199951171875,102.20293426513672,22.959253311157227,4.260000228881836,7.938068389892578,52.722068786621094,24.779664993286133,219.87884521484375,20.40613555908203,12.113184928894043,440.5199890136719,77.09818267822266,80.44535064697266,101.6102066040039,55.39883804321289,70.16300201416016,3.805990695953369,213.17999267578125,21.660932540893555
2020-05-12,21.79237937927246,46.010318756103516,417.39862060546875,107.4701156616211,19.780000686645508,268.9659118652344,138.12451171875,293.1584167480469,24.93283462524414,96.72679901123047,7881.501953125,637.6937255859375,36.2552490234375,79.61953735351562,221.40118408203125,89.65299224853516,277.6349792480469,162.4028778076172,329.960693359375,276.4700012207031,557.5399780273438,289.1499938964844,184.14999389648438,97.69831085205078,23.758955001831055,3.690000057220459,8.07158374786377,51.08212661743164,24.41580581665039,217.60133361816406,19.511383056640625,12.309856414794922,431.82000732421875,73.65594482421875,77.82219696044922,101.6102066040039,54.79495620727539,68.78700256347656,3.797281265258789,210.10000610351562,21.101551055908203
2020-05-13,21.16921615600586,44.65190124511719,404.3294982910156,106.68756103515625,19.1299991607666,266.0500183105469,133.29078674316406,288.4456481933594,23.63334083557129,92.94306945800781,7823.150390625,652.2511596679688,32.888877868652344,78.31492614746094,220.88514709472656,87.84485626220703,268.2742919921875,157.78921508789062,332.318115234375,277.0299987792969,577.1199951171875,285.989990234375,188.19000244140625,98.44417572021484,22.9936466217041,3.4200000762939453,8.00049114227295,50.262168884277344,24.042619705200195,213.42431640625,18.52042007446289,12.028257369995117,438.2699890136719,70.24225616455078,77.5977783203125,100.651611328125,57.250091552734375,67.46649932861328,3.762444257736206,205.10000610351562,20.492231369018555
2020-05-14,20.54605484008789,45.11122131347656,397.6752624511719,106.64892578125,20.540000915527344,274.1058654785156,131.6371612548828,294.04998779296875,24.098833084106445,92.1180419921875,7706.4443359375,633.4754638671875,33.91341781616211,79.48719787597656,219.42311096191406,88.35338592529297,280.443115234375,162.82049560546875,335.50115966796875,277.0,570.8599853515625,294.989990234375,179.5399932861328,97.32537841796875,23.63411521911621,3.440000057220459,7.842700004577637,53.13205337524414,24.014629364013672,213.21641540527344,18.612512588500977,12.269627571105957,441.95001220703125,71.2311782836914,80.09626770019531,96.81726837158203,55.587425231933594,67.80650329589844,3.7014784812927246,206.80999755859375,20.906766891479492
2020-05-15,20.54605484008789,46.13737106323242,393.845458984375,109.92402648925781,20.469999313354492,275.717041015625,133.87228393554688,297.0089111328125,24.113454818725586,92.4120101928711,7805.6435546875,632.8988647460938,32.69084548950195,78.73088836669922,219.3848876953125,88.41930389404297,280.7808837890625,166.47959899902344,341.1012878417969,288.69000244140625,576.719970703125,294.3800048828125,184.22999572753906,96.90337371826172,24.265562057495117,3.5899999141693115,7.814957618713379,50.799049377441406,23.622779846191406,215.50335693359375,19.203847885131836,12.269627571105957,454.19000244140625,70.09011840820312,84.68679809570312,97.7758560180664,53.61208724975586,68.65950012207031,3.6840600967407227,210.8800048828125,21.021638870239258
2020-05-18,20.67435073852539,50.73058319091797,411.51031494140625,112.77405548095703,21.280000686645508,286.55035400390625,139.74180603027344,305.3271789550781,25.205533981323242,99.76134490966797,8062.39599609375,636.4734497070312,35.290950775146484,82.08699798583984,225.54849243164062,93.13740539550781,283.0969543457031,166.14154052734375,345.12982177734375,284.1300048828125,560.280029296875,295.92999267578125,172.1999969482422,103.63578033447266,25.302936553955078,3.819999933242798,8.118400573730469,53.06372833251953,25.7592830657959,225.8135986328125,21.11357307434082,12.470767974853516,452.5799865722656,74.42617797851562,87.27507019042969,101.6102066040039,55.28963851928711,69.1969985961914,3.771152973175049,213.19000244140625,21.865703582763672
2020-05-19,20.601036071777344,50.79898452758789,421.3241271972656,112.9093246459961,21.049999237060547,287.3708190917969,142.34039306640625,304.798095703125,25.225038528442383,99.30616760253906,8058.50634765625,627.2213745117188,33.2677001953125,80.05441284179688,219.75758361816406,91.37635803222656,278.9377136230469,166.06198120117188,340.9620361328125,282.2799987792969,557.5999755859375,294.8399963378906,175.66000366210938,101.92814636230469,24.978193283081055,3.680000066757202,8.158280372619629,54.14725875854492,25.535369873046875,223.0541229248047,21.34622573852539,12.202579498291016,451.0400085449219,72.5909652709961,87.82611846923828,104.4859619140625,54.991851806640625,68.67424774169922,3.814700126647949,216.8800048828125,21.995559692382812
2020-05-20,20.527725219726562,51.209442138671875,417.4943542480469,113.0252456665039,21.170000076293945,295.3475646972656,142.17684936523438,307.6492614746094,26.02459144592285,101.2027816772461,8130.474609375,632.3828125,32.768341064453125,82.36113739013672,219.92001342773438,92.36518096923828,277.9147644042969,169.55206298828125,339.3406982421875,284.6199951171875,576.8900146484375,295.5400085449219,171.27000427246094,104.44051361083984,25.474327087402344,3.930000066757202,8.25364875793457,55.744728088378906,25.8245906829834,226.61688232421875,22.1605224609375,12.274097442626953,447.6700134277344,74.10287475585938,89.46685791015625,105.44454956054688,56.202857971191406,70.33599853515625,3.78857159614563,229.97000122070312,22.305213928222656
2020-05-21,20.43608283996582,51.79581069946289,414.81353759765625,116.55155181884766,20.670000076293945,290.8600158691406,140.95933532714844,304.47479248046875,25.88808250427246,98.54752349853516,8111.02294921875,621.6932373046875,32.21733093261719,81.68046569824219,218.02796936035156,89.85074615478516,276.8726501464844,171.34185791015625,333.96929931640625,284.6300048828125,560.97998046875,292.6600036621094,174.99000549316406,106.04021453857422,25.293916702270508,4.389999866485596,8.328208923339844,53.92184829711914,25.404754638671875,222.59104919433594,21.80184555053711,12.202579498291016,436.25,74.4451904296875,87.52439880371094,103.23731994628906,54.743690490722656,70.13999938964844,3.623094320297241,231.38999938964844,22.170366287231445
2020-05-22,20.729337692260742,52.831729888916016,404.9039611816406,118.10698699951172,20.299999237060547,291.50250244140625,141.75889587402344,305.55255126953125,26.170856475830078,97.80785369873047,8200.4970703125,646.4105834960938,31.709354400634766,82.76765441894531,231.66424560546875,89.2009506225586,279.79656982421875,169.19412231445312,338.45538330078125,284.9599914550781,569.9099731445312,294.7200012207031,174.17999267578125,104.70549774169922,24.897008895874023,4.150000095367432,8.290061950683594,53.304420471191406,25.665983200073242,221.46649169921875,22.39318084716797,12.184700965881348,429.32000732421875,74.80652618408203,90.02789306640625,104.21125030517578,52.29188537597656,70.52100372314453,3.4837443828582764,234.91000366210938,21.511096954345703
2020-05-25,20.711009979248047,,413.5688171386719,,,,144.5391845703125,,,,,,,,,,,,,,,,,,25.654743194580078,,8.494670867919922,,26.169788360595703,,,12.35455322265625,,,,104.21125030517578,,,3.5708377361297607,,
2020-05-26,20.408594131469727,54.62015151977539,429.51031494140625,119.40157318115234,21.920000076293945,299.82525634765625,148.7732391357422,306.6817321777344,27.84797477722168,105.0528793334961,8044.890625,634.8236694335938,35.51482009887695,85.10271453857422,233.09765625,91.48936462402344,284.57342529296875,167.61314392089844,330.80615234375,266.5,545.2100219726562,290.8399963378906,164.47000122070312,107.04122924804688,25.67278289794922,4.400000095367432,8.581367492675781,54.039451599121094,26.300405502319336,224.72682189941406,23.34319496154785,12.399251937866211,414.7699890136719,77.89693450927734,86.95089721679688,109.0809326171875,53.51282501220703,70.85099792480469,3.6405129432678223,232.1999969482422,22.205326080322266
2020-05-27,20.417753219604492,57.49335861206055,447.7017822265625,123.67178344726562,22.6200008392334,296.30633544921875,151.8988037109375,309.71575927734375,27.955224990844727,113.64450073242188,7790.08349609375,651.7359619140625,37.91691589355469,86.74768829345703,240.81883239746094,90.40636444091797,293.1427307128906,173.867431640625,335.5608215332031,278.510009765625,544.010009765625,300.9200134277344,162.63999938964844,111.54585266113281,26.195981979370117,4.829999923706055,8.583102226257324,55.27430725097656,27.27069091796875,222.23196411132812,24.021778106689453,12.586983680725098,419.8900146484375,82.04279327392578,85.0309066772461,106.15912628173828,53.18525695800781,70.89199829101562,3.7188968658447266,229.13999938964844,22.75971031188965
2020-05-28,20.784320831298828,54.63969802856445,460.4837341308594,123.77806091308594,21.969999313354492,298.8070983886719,151.626220703125,313.0246887207031,27.565204620361328,116.2807846069336,8005.98779296875,668.91845703125,38.05992889404297,87.96722412109375,246.65748596191406,92.42167663574219,293.33575439453125,174.6628875732422,340.9222412109375,277.3800048828125,578.2100219726562,306.1300048828125,166.89999389648438,107.72820281982422,26.141857147216797,4.389999866485596,8.808516502380371,53.578834533691406,27.485275268554688,227.44851684570312,23.25594711303711,12.850702285766602,413.44000244140625,80.94927978515625,84.6494140625,108.10700225830078,51.865055084228516,70.83650207519531,3.6579315662384033,225.4600067138672,22.76470375061035
2020-05-29,20.903451919555664,54.04356002807617,449.61669921875,125.93247985839844,21.75,297.41339111328125,146.28369140625,319.1319885253906,27.05816650390625,109.28230285644531,7809.5341796875,673.047607421875,36.508419036865234,86.50187683105469,246.7052764892578,92.8360366821289,294.1849670410156,174.3248291015625,347.33807373046875,287.9599914550781,612.8099975585938,308.8800048828125,174.05999755859375,104.9115982055664,25.375099182128906,4.039999961853027,8.626897811889648,55.05869674682617,27.335996627807617,228.3651580810547,22.887577056884766,12.703198432922363,419.7300109863281,80.7305908203125,88.52429962158203,109.0809326171875,53.919803619384766,71.44599914550781,3.6666409969329834,225.08999633789062,24.792449951171875
2020-06-01,21.095903396606445,53.7406005859375,456.1272888183594,124.9374008178711,21.950000762939453,297.91748046875,,321.3707275390625,27.58470344543457,114.53589630126953,7902.89892578125,685.1456909179688,38.1986198425293,88.58171081542969,252.57261657714844,91.45169067382812,295.2271728515625,176.0151824951172,347.4772644042969,286.6400146484375,599.469970703125,312.19000244140625,173.6199951171875,106.8056869506836,,4.369999885559082,,54.57847595214844,27.709190368652344,229.26290893554688,23.372276306152344,,425.9200134277344,80.50237274169922,87.83361053466797,,54.77347183227539,71.59100341796875,3.6405129432678223,231.91000366210938,24.65760040283203
2020-06-02,21.077573776245117,53.94582748413086,466.99432373046875,127.50724029541016,21.829999923706055,300.082275390625,154.73361206054688,321.439453125,28.6085262298584,113.32207489013672,7846.49072265625,672.1407470703125,41.024288177490234,90.24556732177734,251.88462829589844,91.58353424072266,295.59393310546875,178.79928588867188,348.2332763671875,284.2699890136719,617.6599731445312,316.4800109863281,169.8699951171875,106.99215698242188,26.511703491210938,4.420000076293945,8.708625793457031,54.67647933959961,28.222320556640625,231.8144989013672,24.322288513183594,13.08313274383545,427.30999755859375,81.41522216796875,88.02310943603516,112.00274658203125,55.94477462768555,71.96099853515625,3.623094320297241,232.72000122070312,24.5477237701416
2020-06-03,21.76488494873047,55.38243103027344,482.74432373046875,128.33810424804688,22.270000457763672,303.52203369140625,168.2898406982422,327.3406066894531,29.42758560180664,118.8411865234375,8023.49462890625,664.7120971679688,44.33536148071289,92.00396728515625,255.51588439941406,91.44226837158203,294.6675109863281,178.1728515625,345.3486633300781,277.010009765625,604.280029296875,318.0299987792969,164.58999633789062,105.93225860595703,27.332582473754883,4.570000171661377,9.026457786560059,56.65616226196289,29.53780746459961,234.80076599121094,24.98147964477539,13.409428596496582,421.9700012207031,84.94302368164062,87.46705627441406,115.89849090576172,55.87528991699219,71.81900024414062,3.614384889602661,230.16000366210938,24.377910614013672
2020-06-04,21.25169563293457,52.36263656616211,485.80816650390625,124.31907653808594,23.09000015258789,297.88787841796875,168.21714782714844,321.45904541015625,29.55434226989746,117.13424682617188,8042.9453125,641.7410888671875,44.87275314331055,88.2508316040039,248.18643188476562,91.33869171142578,287.65179443359375,179.61460876464844,346.3035583496094,272.82000732421875,598.5399780273438,310.0799865722656,157.14999389648438,104.9704818725586,27.59418296813965,4.909999847412109,9.068230628967285,56.96977615356445,29.631103515625,230.5576171875,24.79729652404785,13.360260963439941,414.3299865722656,87.47239685058594,87.47704315185547,115.89849090576172,55.110965728759766,70.60900115966797,3.6405129432678223,226.2899932861328,24.572696685791016
2020-06-05,21.554109573364258,55.19675064086914,513.2868041992188,126.53146362304688,24.780000686645508,308.27642822265625,173.99581909179688,327.3307800292969,29.603097915649414,124.60686492919922,7850.38134765625,649.767822265625,47.70709991455078,90.48192596435547,253.12686157226562,96.09443664550781,300.9400939941406,178.7197265625,352.321533203125,265.69000244140625,597.0,311.7099914550781,161.64999389648438,113.41050720214844,28.5233097076416,5.539999961853027,9.085485458374023,58.988651275634766,30.9372615814209,234.9141845703125,26.232011795043945,13.552461624145508,419.6000061035156,90.74346160888672,89.00874328613281,118.82030487060547,55.587425231933594,71.91950225830078,3.7014784812927246,230.77000427246094,25.231962203979492
2020-06-08,21.54494857788086,53.867645263671875,499.1166687011719,126.37689208984375,26.149999618530273,306.8234558105469,174.66818237304688,325.9659118652344,30.90968894958496,124.9861831665039,7692.8291015625,652.411376953125,54.71061325073242,92.42938995361328,255.0284881591797,95.42581176757812,298.6529846191406,181.4044189453125,348.0243225097656,265.010009765625,604.0399780273438,309.6700134277344,166.35000610351562,115.8443832397461,28.658618927001953,5.869999885559082,9.380615234375,58.70444869995117,29.687082290649414,235.85922241210938,26.144763946533203,13.632919311523438,419.489990234375,90.97166442871094,87.86121368408203,115.89849090576172,55.36904525756836,72.33049774169922,3.631803512573242,231.39999389648438,25.80133056640625
2020-06-09,21.664081573486328,54.26832962036133,502.65924072265625,125.17891693115234,23.8799991607666,307.8909606933594,170.36143493652344,321.67510986328125,30.763427734375,118.80326080322266,7622.80615234375,666.863525390625,49.7006721496582,92.01342010498047,253.95819091796875,93.33515930175781,298.3924865722656,177.9242706298828,345.80621337890625,270.8500061035156,608.5900268554688,303.0,168.8300018310547,113.84232330322266,28.21660804748535,5.460000038146973,9.28980541229248,58.596641540527344,29.631103515625,237.07827758789062,25.097810745239258,13.588221549987793,434.04998779296875,90.73393249511719,90.26603698730469,116.8724365234375,55.56757354736328,72.80799865722656,3.779862642288208,238.6699981689453,24.987234115600586
2020-06-10,22.076467514038086,55.00128936767578,499.7868957519531,125.69097900390625,23.170000076293945,309.53179931640625,168.45338439941406,325.180419921875,29.876115798950195,117.58943176269531,7844.54541015625,671.0216674804688,46.14690399169922,91.1436767578125,253.55685424804688,91.8660659790039,295.05352783203125,174.1060791015625,350.92889404296875,274.3399963378906,606.5900268554688,321.8900146484375,176.7100067138672,108.042236328125,28.054235458374023,5.050000190734863,9.244401931762695,58.665245056152344,29.239255905151367,234.23377990722656,24.399845123291016,13.588221549987793,434.4800109863281,87.46287536621094,93.46668243408203,115.89849090576172,57.562767028808594,73.2925033569336,3.814700126647949,236.72999572753906,24.66758918762207
2020-06-11,21.480796813964844,49.9096565246582,466.2762451171875,119.73973083496094,22.34000015258789,287.884765625,159.62185668945312,301.4678955078125,27.25318145751953,109.0547103881836,7871.77734375,637.4190063476562,42.480464935302734,85.94412231445312,240.34103393554688,85.57527160644531,273.8038635253906,162.6216278076172,334.6556396484375,263.8900146484375,596.1599731445312,298.80999755859375,173.72999572753906,99.22927856445312,26.68309783935547,4.460000038146973,8.859369277954102,54.30406188964844,27.559911727905273,220.2662811279297,21.860010147094727,13.096542358398438,425.55999755859375,80.94927978515625,87.7739028930664,112.00274658203125,55.46831130981445,70.19200134277344,3.762444257736206,224.42999267578125,23.26914405822754
2020-06-12,21.46246910095215,52.77309036254883,466.611328125,121.77821350097656,22.06999969482422,294.3492431640625,161.42086791992188,311.1689453125,28.423261642456055,111.00821685791016,7743.40087890625,652.7971801757812,45.24546432495117,89.3001937866211,246.61924743652344,87.77893829345703,275.1741638183594,166.77789306640625,338.1792297363281,268.55999755859375,588.3900146484375,302.8299865722656,172.27000427246094,98.6797103881836,27.070985794067383,4.800000190734863,8.808515548706055,55.42131423950195,27.61589241027832,222.1185302734375,22.3253231048584,13.011616706848145,418.07000732421875,81.78606414794922,89.13347625732422,111.02880859375,56.33190155029297,70.65899658203125,3.6492223739624023,228.5800018310547,23.42397117614746
2020-06-15,21.1417236328125,54.610374450683594,460.0528259277344,123.40128326416016,22.75,293.7364196777344,161.54808044433594,313.8592834472656,29.35932731628418,110.09784698486328,7749.23681640625,670.056884765625,44.612728118896484,89.78531646728516,250.83343505859375,88.16504669189453,276.2646484375,169.5421142578125,339.2343444824219,267.7699890136719,590.5700073242188,309.2200012207031,188.27999877929688,101.61408996582031,27.125110626220703,4.909999847412109,8.801251411437988,55.91133117675781,27.933101654052734,223.98023986816406,23.275333404541016,13.252985954284668,425.5,82.43267822265625,91.54080963134766,109.0809326171875,56.411312103271484,70.99250030517578,3.562128782272339,232.5,23.503881454467773
2020-06-16,21.554109573364258,56.69198226928711,474.07940673828125,127.27538299560547,22.260000228881836,300.9619445800781,166.2909393310547,319.0436096191406,29.885866165161133,116.3376693725586,7873.7216796875,672.6328125,46.606300354003906,92.17286682128906,253.0217742919922,89.98259735107422,282.74957275390625,172.73390197753906,345.6044921875,273.7699890136719,592.9000244140625,312.489990234375,188.41000366210938,102.32069396972656,27.756553649902344,4.940000057220459,9.021010398864746,57.37158966064453,29.929655075073242,224.95362854003906,23.711563110351562,13.552461624145508,436.1300048828125,84.57217407226562,90.49056243896484,116.8724365234375,57.652103424072266,72.13600158691406,3.6405129432678223,235.64999389648438,23.813539505004883
2020-06-17,21.810705184936523,57.200172424316406,485.4251708984375,131.05284118652344,22.170000076293945,300.250244140625,165.27330017089844,320.408447265625,30.061378479003906,113.20826721191406,7899.00830078125,673.4046020507812,44.76007080078125,91.98262023925781,252.24771118164062,89.91667175292969,282.3635559082031,169.25376892089844,348.2222595214844,280.0899963378906,603.0999755859375,316.2099914550781,192.05999755859375,97.25667572021484,28.054235458374023,4.789999961853027,8.997400283813477,58.802452087402344,29.79903793334961,224.3960418701172,23.459522247314453,13.68655776977539,447.7699890136719,84.47708129882812,92.1619644165039,114.924560546875,57.979671478271484,72.55599975585938,3.7014784812927246,235.52999877929688,23.733627319335938
2020-06-18,21.76488494873047,56.00788879394531,488.2975158691406,129.9901580810547,22.520000457763672,301.32769775390625,164.45556640625,320.8895568847656,30.919437408447266,112.50653076171875,7840.65576171875,671.9671020507812,46.398277282714844,90.45116424560547,247.19068908691406,88.92784881591797,281.2827453613281,167.4739227294922,345.823486328125,279.19000244140625,597.3499755859375,313.0199890136719,191.97999572753906,98.23807525634766,28.054235458374023,4.53000020980835,9.066415786743164,59.17486572265625,29.66842269897461,225.01979064941406,23.236560821533203,13.677617073059082,449.8699951171875,83.2314224243164,91.98235321044922,115.89849090576172,58.77377700805664,71.7979965209961,3.7188968658447266,235.94000244140625,23.683683395385742
2020-06-19,21.54494857788086,54.786293029785156,488.2017517089844,129.2945556640625,22.149999618530273,293.0741271972656,163.910400390625,317.8654479980469,31.0071964263916,110.5340576171875,8011.8232421875,686.3612670898438,44.95942687988281,87.38825988769531,254.86740112304688,88.43814849853516,282.2615661621094,161.42845153808594,351.0888671875,293.2699890136719,643.9199829101562,314.6700134277344,201.52999877929688,95.71587371826172,27.96402931213379,4.449999809265137,9.068230628967285,59.733489990234375,29.631103515625,222.5626983642578,23.6146240234375,13.784892082214355,453.7200012207031,84.9525146484375,92.41393280029297,115.89849090576172,58.51569366455078,71.58599853515625,3.7276065349578857,238.7899932861328,24.432849884033203
2020-06-22,21.819873809814453,55.16742706298828,482.55279541015625,130.1544189453125,21.84000015258789,300.9223937988281,163.21987915039062,320.44769287109375,30.54891586303711,109.3392105102539,7828.98486328125,672.5748901367188,45.15879821777344,88.0445785522461,253.90777587890625,87.8919448852539,283.6474914550781,164.162841796875,350.521484375,293.20001220703125,628.47998046875,325.2900085449219,204.94000244140625,96.49118041992188,28.045215606689453,4.300000190734863,9.198996543884277,60.04710388183594,29.29523468017578,223.4699249267578,23.982995986938477,13.738385200500488,468.0400085449219,82.80352020263672,95.06322479248047,117.84636688232422,61.69211959838867,72.59300231933594,3.7363154888153076,239.22000122070312,24.118200302124023
2020-06-23,22.18643569946289,55.11857223510742,480.71728515625,129.72930908203125,22.15999984741211,303.3341979980469,166.2545928955078,322.6078796386719,30.704927444458008,110.85649108886719,8136.3095703125,670.211181640625,44.786067962646484,86.98873901367188,253.8118438720703,87.94844055175781,288.425537109375,161.34889221191406,355.1598815917969,295.79998779296875,628.760009765625,327.69000244140625,198.0800018310547,97.23704528808594,28.848052978515625,4.320000171661377,9.144510269165039,59.62568664550781,29.52847671508789,225.94590759277344,24.283512115478516,13.970924377441406,466.260009765625,82.84156799316406,94.2973861694336,121.74211883544922,63.52848815917969,73.22049713134766,3.779862642288208,242.24000549316406,24.477800369262695
2020-06-24,21.76488494873047,52.86104965209961,458.4976501464844,127.50724029541016,21.719999313354492,290.6129150390625,162.056884765625,312.2097473144531,29.55434226989746,106.0770492553711,7793.9736328125,665.3295288085938,43.18254852294922,85.41923522949219,243.90887451171875,83.74832153320312,280.26507568359375,156.1982879638672,346.341064453125,291.17999267578125,605.0399780273438,319.3800048828125,197.00999450683594,91.98655700683594,28.306812286376953,3.950000047683716,8.999216079711914,58.773048400878906,28.324947357177734,220.322998046875,23.159008026123047,13.622116088867188,457.8500061035156,79.88428497314453,92.156982421875,120.76818084716797,62.50607681274414,71.59850311279297,3.78857159614563,234.02000427246094,26.520530700683594
2020-06-25,21.911514282226562,52.88059997558594,458.7875061035156,127.30435943603516,21.260000228881836,294.56671142578125,164.81900024414062,321.8813171386719,30.685420989990234,106.79776000976562,7967.0869140625,672.2855224609375,43.39057540893555,87.00777435302734,244.0815887451172,84.23175811767578,287.08807373046875,160.404296875,350.1233215332031,295.1499938964844,619.9600219726562,327.3900146484375,201.6999969482422,91.61363220214844,28.604494094848633,3.7799999713897705,8.868450164794922,58.7828483581543,27.97974967956543,224.2542724609375,22.99420928955078,13.743035316467285,465.9100036621094,81.2725830078125,94.69654083251953,119.79424285888672,62.25791931152344,72.06649780273438,,235.67999267578125,25.771364212036133
2020-06-26,21.984827041625977,51.825130462646484,460.81622314453125,125.02433013916016,20.260000228881836,285.9968566894531,162.3657989501953,315.77392578125,28.852294921875,105.24253845214844,8128.52880859375,662.348388671875,40.53022384643555,85.44776916503906,236.52000427246094,84.14643859863281,278.0359802246094,161.04066467285156,349.3171691894531,286.1400146484375,611.3599853515625,324.8599853515625,193.25999450683594,90.75983428955078,28.315834045410156,3.4700000286102295,8.833942413330078,57.21478271484375,28.222320556640625,223.044677734375,23.03298568725586,13.570958137512207,443.3999938964844,81.30110931396484,91.35371398925781,115.89849090576172,61.74174880981445,67.99500274658203,3.82340931892395,216.0800018310547,26.09600067138672
2020-06-29,22.103958129882812,53.379005432128906,464.92205810546875,128.99505615234375,21.229999542236328,289.54541015625,163.45611572265625,315.4695739746094,29.41783332824707,108.58055877685547,8132.41845703125,664.6445922851562,43.683494567871094,86.7223892211914,243.5442352294922,85.55883026123047,280.82720947265625,161.11026000976562,349.16778564453125,285.17999267578125,610.8699951171875,327.8999938964844,187.35000610351562,94.41061401367188,28.775888442993164,3.799999952316284,9.022826194763184,57.8812141418457,28.623498916625977,225.49227905273438,24.331985473632812,13.752337455749512,447.239990234375,82.64188385009766,91.80274200439453,116.8724365234375,62.40681076049805,69.74849700927734,3.6753499507904053,220.63999938964844,26.85016441345215
2020-06-30,22.232261657714844,54.190147399902344,467.82025146484375,130.54083251953125,21.100000381469727,292.28338623046875,164.7826690673828,323.5111999511719,30.110132217407227,108.50469207763672,8128.52880859375,677.5529174804688,42.99440002441406,88.77703857421875,248.0926971435547,86.92383575439453,285.85723876953125,165.16709899902344,360.65411376953125,290.30999755859375,623.6500244140625,330.1600036621094,190.83999633789062,95.2546157836914,29.33517074584961,3.950000047683716,9.050068855285645,59.24346923828125,28.455562591552734,229.47430419921875,24.86515235900879,13.868607521057129,455.0400085449219,83.18387603759766,94.77384948730469,117.84636688232422,63.52848815917969,70.68049621582031,3.7363154888153076,227.07000732421875,27.43950843811035
2020-07-01,21.88401985168457,52.63628005981445,464.6805419921875,131.03355407714844,21.06999969482422,297.69024658203125,163.54698181152344,328.4599609375,30.080883026123047,107.67019653320312,8087.6826171875,702.511474609375,42.34019088745117,90.50824737548828,254.66590881347656,87.51153564453125,288.551513671875,166.0818634033203,358.0960998535156,286.2799987792969,609.1699829101562,334.5400085449219,198.85000610351562,96.25565338134766,29.497541427612305,3.630000114440918,9.017377853393555,58.48883819580078,28.726125717163086,231.65061950683594,23.973302841186523,13.854655265808105,485.6400146484375,82.8225326538086,95.09567260742188,117.84636688232422,64.54096984863281,71.9020004272461,,237.5500030517578,27.10987663269043
2020-07-02,22.11312484741211,52.84149932861328,475.6937255859375,131.11087036132812,20.790000915527344,298.92578125,168.5624237060547,327.2129211425781,30.422157287597656,111.8047866821289,8202.4423828125,693.0952758789062,43.543922424316406,90.88873291015625,253.53353881835938,88.30779266357422,289.065185546875,169.30349731445312,364.1876220703125,291.1000061035156,622.4500122070312,334.760009765625,208.88999938964844,96.147705078125,29.82228660583496,3.549999952316284,9.25802230834961,59.78248596191406,29.659093856811523,235.13845825195312,24.700353622436523,13.998828887939453,476.8900146484375,83.90655517578125,95.9164047241211,121.74211883544922,66.19866943359375,73.23500061035156,3.980178117752075,233.4199981689453,26.845169067382812
2020-07-03,21.87485694885254,,478.0122985839844,,,,167.52662658691406,,,109.73749542236328,8233.564453125,,,,,,,,,,,,,,29.930532455444336,,9.321589469909668,,29.53780746459961,,,13.975574493408203,,,,122.71604919433594,,,3.8930840492248535,,
2020-07-06,21.9023494720459,54.64946746826172,482.98760986328125,131.15916442871094,21.239999771118164,302.03936767578125,169.1984405517578,334.8421630859375,30.792678833007812,111.23580932617188,8260.7958984375,697.2052612304688,44.14580535888672,90.89824676513672,255.2224578857422,88.35518646240234,293.4748840332031,171.6103057861328,380.4914245605469,291.30999755859375,627.25,339.4700012207031,218.0,97.3646240234375,30.5439395904541,3.490000009536743,9.339751243591309,62.193389892578125,29.985633850097656,236.5544891357422,25.485572814941406,14.01278018951416,493.80999755859375,84.51512145996094,98.1815414428711,127.58574676513672,67.48908233642578,74.78500366210938,3.980178117752075,240.27999877929688,26.999996185302734
2020-07-07,22.149784088134766,55.26515579223633,481.8765563964844,130.4442138671875,20.360000610351562,296.44476318359375,167.6356658935547,335.0090637207031,30.03212547302246,109.01678466796875,8060.45166015625,695.6615600585938,42.087242126464844,90.203857421875,255.2224578857422,86.89540100097656,287.5047607421875,172.13731384277344,378.4808044433594,299.05999755859375,640.8800048828125,337.29998779296875,217.25999450683594,94.44986724853516,30.74239158630371,3.4000000953674316,9.312508583068848,60.93894577026367,30.162899017333984,251.9693603515625,25.301387786865234,13.91976547241211,493.1600036621094,83.10780334472656,98.50582885742188,122.71604919433594,66.01007080078125,74.25900268554688,3.927922010421753,240.86000061035156,26.44561195373535
2020-07-08,22.250587463378906,57.51289749145508,475.2107238769531,131.1494598388672,20.219999313354492,297.0781555175781,165.9456787109375,347.9012451171875,33.035335540771484,108.48573303222656,8171.31982421875,694.9669799804688,42.523380279541016,91.08849334716797,254.00375366210938,86.83853149414062,289.1620788574219,173.46971130371094,384.8311462402344,295.9200134277344,640.3400268554688,336.1199951171875,224.52999877929688,93.8512191772461,30.76043128967285,3.4000000953674316,9.312508583068848,61.51716232299805,29.52847671508789,256.3980407714844,25.601900100708008,13.831400871276855,502.7799987792969,83.05075073242188,101.94096374511719,123.68999481201172,70.36772155761719,74.80000305175781,4.084690570831299,243.5800018310547,27.044946670532227
2020-07-09,22.094797134399414,56.72130584716797,481.49017333984375,131.01422119140625,19.25,291.5750427246094,164.98255920410156,346.33026123046875,33.86414337158203,106.171875,8194.6611328125,703.0132446289062,40.098453521728516,91.85897064208984,254.86740112304688,85.43560791015625,282.1840515136719,172.13731384277344,385.8663024902344,295.3999938964844,640.6300048828125,341.1700134277344,228.42999267578125,92.585205078125,30.913785934448242,3.1700000762939453,9.121809005737305,62.22279357910156,29.285905838012695,258.1181945800781,25.049341201782227,13.733735084533691,507.760009765625,81.43423461914062,104.86466217041016,132.45541381835938,70.75485229492188,75.54949951171875,4.189202308654785,244.5,26.815202713012695
2020-07-10,22.433868408203125,57.32721710205078,482.79437255859375,132.7725067138672,20.229999542236328,292.6539306640625,165.56405639648438,345.43670654296875,34.02015686035156,111.67202758789062,8122.69384765625,691.339599609375,41.96512222290039,90.19434356689453,253.66795349121094,86.0802001953125,282.25189208984375,171.69979858398438,380.7900390625,294.45001220703125,620.8599853515625,338.25,228.97999572753906,94.92095184326172,30.66120719909668,3.4800000190734863,9.103646278381348,61.340755462646484,30.153564453125,259.6292724609375,26.164152145385742,13.873257637023926,548.72998046875,82.19495391845703,104.56782531738281,132.45541381835938,69.88134002685547,77.08699798583984,4.241458415985107,245.07000732421875,26.685346603393555
2020-07-13,22.562170028686523,55.616973876953125,494.5321044921875,131.92237854003906,20.520000457763672,287.2102355957031,168.16262817382812,339.8203125,33.33761215209961,113.37896728515625,8214.11328125,676.4146728515625,42.628047943115234,89.00533294677734,245.58815002441406,87.9381103515625,290.470458984375,177.2481231689453,377.16693115234375,284.82000732421875,615.8800048828125,335.1400146484375,218.4499969482422,95.02890014648438,30.985946655273438,3.440000057220459,9.121809005737305,60.28230667114258,30.060270309448242,260.7316589355469,25.94118881225586,14.0267333984375,525.5,83.1363296508789,100.30697631835938,134.40330505371094,67.63798522949219,75.56700134277344,4.464693546295166,239.0,25.85626792907715
2020-07-14,22.846256256103516,57.80607986450195,489.3153381347656,135.3134002685547,20.649999618530273,295.8905029296875,169.03488159179688,345.269775390625,33.63013458251953,113.1893081665039,8083.7919921875,691.6481323242188,42.37509536743164,88.82457733154297,248.47654724121094,89.72018432617188,299.00885009765625,186.77374267578125,385.6572570800781,293.8299865722656,641.22998046875,338.4700012207031,209.22000122070312,97.11927795410156,30.85063934326172,3.4000000953674316,9.126348495483398,61.29175567626953,30.293514251708984,267.0421142578125,26.94936752319336,14.11044692993164,524.8800048828125,86.21720886230469,103.54750061035156,127.58574676513672,67.04241180419922,76.02899932861328,4.246014595031738,239.72999572753906,26.220863342285156
2020-07-15,23.002050399780273,58.68563461303711,505.9317932128906,136.43411254882812,21.780000686645508,302.5912170410156,169.8526153564453,348.3725280761719,34.137168884277344,114.0807113647461,8070.17578125,688.7249755859375,43.29970169067383,89.16702270507812,246.87400817871094,92.09945678710938,294.696044921875,187.6785888671875,390.87286376953125,295.1099853515625,632.739990234375,340.739990234375,221.8300018310547,103.68482971191406,31.319713592529297,3.759999990463257,9.27164363861084,60.86053466796875,31.067874908447266,267.9734191894531,27.889686584472656,14.101144790649414,523.260009765625,88.8131332397461,102.05322265625,134.40330505371094,69.29568481445312,75.68199920654297,4.154898643493652,240.27999877929688,26.31076431274414
2020-07-16,23.08452606201172,61.11906051635742,499.4591369628906,137.91224670410156,22.020000457763672,296.2863464355469,170.34326171875,343.1783447265625,33.805641174316406,112.44963073730469,8062.39599609375,688.9276123046875,42.46232223510742,87.6070327758789,247.07554626464844,90.76289367675781,297.6810607910156,189.36892700195312,390.59423828125,290.55999755859375,632.2100219726562,339.20001220703125,218.55999755859375,105.14713287353516,31.418943405151367,3.75,9.46688461303711,61.09574508666992,31.161176681518555,272.9343566894531,28.09326171875,14.208113670349121,527.3900146484375,88.96528625488281,101.13020324707031,131.4814910888672,66.58580017089844,75.9000015258789,4.036447048187256,240.92999267578125,29.517200469970703
2020-07-17,23.112018585205078,62.0377082824707,497.9134216308594,139.4966583251953,21.420000076293945,300.94818115234375,169.03488159179688,348.26446533203125,34.107913970947266,110.38233184814453,8169.3759765625,698.7103271484375,42.61060333251953,90.68896484375,248.63963317871094,93.44549560546875,297.0802001953125,192.55076599121094,393.560302734375,294.5299987792969,644.0599975585938,349.8500061035156,217.77000427246094,104.08721160888672,31.698579788208008,3.5999999046325684,9.494128227233887,61.056541442871094,31.161176681518555,279.40625,28.77184295654297,14.212763786315918,492.989990234375,89.92569732666016,101.79627227783203,133.4293670654297,67.062255859375,75.77749633789062,4.145787239074707,242.02999877929688,30.1514949798584
2020-07-20,23.139511108398438,62.057247161865234,498.2998352050781,139.2165069580078,20.770000457763672,308.767333984375,171.21551513671875,351.6029052734375,34.137168884277344,110.21163940429688,8249.1240234375,706.0521240234375,40.38630676269531,90.1087417602539,250.00228881835938,90.74394226074219,294.1048889160156,194.37037658691406,401.0951232910156,303.1000061035156,658.2100219726562,361.0,227.27000427246094,103.01750183105469,31.80682945251465,3.3299999237060547,9.553153991699219,62.458011627197266,31.767602920532227,276.431640625,28.258060455322266,14.333683967590332,502.4100036621094,88.22358703613281,104.88213348388672,137.32510375976562,68.49164581298828,78.28600311279297,4.173121452331543,245.4199981689453,30.690895080566406
2020-07-21,23.203659057617188,61.285194396972656,503.8064270019531,140.62274169921875,20.979999542236328,304.45196533203125,171.72433471679688,348.4019775390625,34.731956481933594,110.60992431640625,8245.234375,700.3986206054688,41.808101654052734,93.15262603759766,248.735595703125,91.76769256591797,295.7040100097656,195.6928253173828,401.21453857421875,291.3999938964844,638.8599853515625,363.32000732421875,226.66000366210938,107.29639434814453,31.93311882019043,3.569999933242798,9.721151351928711,62.53640365600586,31.57168197631836,275.9754943847656,28.190202713012695,14.333683967590332,490.1000061035156,88.96528625488281,103.06354522705078,136.35116577148438,70.96330261230469,77.9209976196289,4.246014595031738,241.75,30.49611473083496
2020-07-22,23.203659057617188,63.32771301269531,488.8323059082031,144.0558624267578,21.110000610351562,310.16290283203125,172.61474609375,349.9926452636719,34.683204650878906,111.34960174560547,8253.015625,709.6024169921875,43.41310119628906,93.58067321777344,248.57249450683594,92.41226959228516,297.254638671875,198.93434143066406,408.8489074707031,291.2300109863281,637.530029296875,365.2300109863281,223.97999572753906,120.14290618896484,31.779767990112305,3.5799999237060547,9.58039665222168,62.93822479248047,31.263797760009766,280.84136962890625,28.8203125,14.156954765319824,489.82000732421875,89.35514831542969,104.16368865966797,136.35116577148438,69.32545471191406,78.42449951171875,4.218679904937744,239.8699951171875,30.845726013183594
2020-07-23,23.066198348999023,62.42861557006836,486.223876953125,142.0774383544922,21.350000381469727,306.7283935546875,170.0706787109375,341.95098876953125,34.176170349121094,110.43923950195312,8114.9140625,710.731201171875,41.78194046020508,94.07530975341797,247.47854614257812,91.54019165039062,293.62994384765625,197.6317596435547,408.57012939453125,284.4599914550781,630.3099975585938,360.8399963378906,219.8800048828125,124.60828399658203,31.79781150817871,3.5799999237060547,9.4623441696167,62.36000442504883,31.189163208007812,278.6935729980469,28.99480628967285,14.175558090209961,477.5799865722656,89.22203063964844,101.08031463623047,136.35116577148438,69.92105102539062,75.78399658203125,4.264237403869629,232.60000610351562,30.72585678100586
2020-07-24,22.91040802001953,62.30156707763672,478.2055358886719,142.59146118164062,21.149999618530273,303.7789306640625,166.96328735351562,343.6300048828125,33.825138092041016,107.72708129882812,8138.25390625,711.4066772460938,40.5084228515625,95.0360336303711,245.9719696044922,91.33163452148438,291.51715087890625,197.6118927001953,404.4892272949219,278.489990234375,608.9400024414062,359.2300109863281,212.85000610351562,123.17543029785156,31.30167007446289,3.5,9.38969612121582,59.410064697265625,30.6107234954834,277.04937744140625,29.702468872070312,13.859304428100586,480.45001220703125,89.01282501220703,101.7264175415039,130.50755310058594,68.31297302246094,75.59349822998047,4.164010047912598,230.7100067138672,30.366256713867188
2020-07-27,22.690465927124023,65.05750274658203,479.89617919921875,144.61834716796875,20.8799991607666,305.6990051269531,167.03598022460938,344.95556640625,34.32243347167969,105.26150512695312,8149.92529296875,727.4312744140625,40.88350296020508,96.79578399658203,249.79116821289062,91.40747833251953,289.3946533203125,200.15736389160156,411.5163879394531,284.2099914550781,637.4000244140625,366.6700134277344,212.75,122.998779296875,31.44600486755371,3.5,9.26256275177002,61.75236892700195,30.54541778564453,280.0810546875,31.09840965270996,13.766290664672852,495.6499938964844,90.55328369140625,103.99154663085938,133.4293670654297,67.82659149169922,76.51000213623047,4.091116905212402,233.5,30.446168899536133
2020-07-28,22.782108306884766,63.11271286010742,466.8058776855469,143.2509307861328,20.780000686645508,303.1949462890625,167.6356658935547,341.3029479980469,34.08841323852539,106.0770492553711,8142.14404296875,726.01318359375,42.06107711791992,97.5377197265625,256.0188903808594,91.33163452148438,290.6836242675781,195.4243621826172,405.4646301269531,278.5199890136719,631.0,361.6499938964844,212.67999267578125,121.65426635742188,31.635435104370117,3.549999952316284,9.239861488342285,61.056541442871094,30.321502685546875,274.9110412597656,30.381052017211914,13.691878318786621,488.510009765625,88.75608825683594,101.93596649169922,132.45541381835938,68.61077117919922,75.01699829101562,4.127563953399658,230.1199951171875,29.65205192565918
2020-07-29,23.002050399780273,65.08680725097656,485.3544616699219,144.22076416015625,21.0,306.1345520019531,167.6719970703125,353.3408508300781,35.01472854614258,99.59065246582031,8258.849609375,742.8674926757812,42.48847961425781,100.99064636230469,260.32745361328125,93.57820892333984,297.2255859375,193.5053253173828,407.3558654785156,278.7200012207031,632.1599731445312,366.9100036621094,218.25,127.36599731445312,31.75270652770996,3.799999952316284,9.26256275177002,61.98758316040039,29.83635711669922,274.511962890625,31.263208389282227,13.631417274475098,484.4800109863281,92.13175201416016,104.43060302734375,135.37722778320312,69.90119171142578,76.10099792480469,4.246014595031738,233.2899932861328,29.811874389648438
2020-07-30,22.47052764892578,64.54930877685547,475.886962890625,144.69593811035156,21.149999618530273,305.837646484375,162.4566650390625,345.9865417480469,34.52719497680664,95.56986236572266,8116.859375,750.537353515625,41.51874923706055,100.05845642089844,251.88308715820312,91.44538879394531,295.8203430175781,193.7340087890625,408.6498107910156,279.3999938964844,631.469970703125,374.1000061035156,237.07000732421875,125.66818237304688,30.994970321655273,3.5799999237060547,9.080945014953613,63.13423156738281,29.07132339477539,270.6724548339844,30.91421890258789,13.39887809753418,485.79998779296875,89.82108306884766,105.91242980957031,127.58574676513672,68.55120086669922,76.57250213623047,4.209568023681641,234.5,29.54716682434082
2020-07-31,22.424705505371094,64.65682220458984,465.4050598144531,144.4147186279297,21.100000381469727,305.3724060058594,159.54917907714844,343.9049377441406,34.488189697265625,95.3612289428711,8251.0693359375,757.8020629882812,40.80790710449219,100.27721405029297,250.82757568359375,91.45487976074219,293.4458312988281,191.8249053955078,412.0240173339844,272.0,632.0700073242188,397.75,237.6300048828125,124.28441619873047,30.507854461669922,3.5299999713897705,9.028275489807129,63.046024322509766,28.698135375976562,272.402099609375,30.700952529907227,13.050070762634277,488.8800048828125,88.55638885498047,105.91990661621094,129.5336151123047,67.98541259765625,74.14800262451172,4.255126476287842,253.6699981689453,29.88179588317871
2020-08-03,22.59882354736328,66.76773834228516,473.0853576660156,145.73362731933594,21.34000015258789,309.390869140625,164.9462127685547,344.3271484375,34.907470703125,98.45269775390625,8447.5234375,751.6661376953125,40.29011917114258,99.85868835449219,246.2118682861328,92.26061248779297,294.2502136230469,194.90731811523438,417.14013671875,279.5199890136719,645.1799926757812,391.989990234375,237.13999938964844,123.52873992919922,31.79781150817871,3.609999895095825,9.171753883361816,63.71245574951172,29.855016708374023,264.5901184082031,30.4392147064209,13.477941513061523,498.6199951171875,90.21097564697266,109.86641693115234,131.4814910888672,69.08722686767578,73.72250366210938,4.291572570800781,251.9600067138672,30.206436157226562
2020-08-04,22.901241302490234,65.81000518798828,470.042236328125,145.15176391601562,22.010000228881836,311.1724548339844,164.7644805908203,339.506103515625,35.32675552368164,99.85618591308594,8206.33203125,765.4719848632812,41.82590866088867,100.43893432617188,249.65684509277344,91.27477264404297,295.11285400390625,193.6644287109375,413.7857666015625,275.7099914550781,648.4299926757812,390.25,249.4199981689453,126.0018539428711,32.05940628051758,3.5799999237060547,9.066415786743164,63.5556526184082,29.565797805786133,265.7021179199219,29.925432205200195,13.533751487731934,509.6400146484375,90.00176239013672,112.03675079345703,130.50755310058594,70.66551971435547,73.24849700927734,4.428246974945068,249.8300018310547,30.126523971557617
2020-08-05,24.12007713317871,66.54296112060547,475.0657958984375,145.7239532470703,21.1200008392334,324.6431884765625,164.4192352294922,341.0967712402344,35.40475845336914,101.79071807861328,8352.2158203125,766.0603637695312,41.404666900634766,99.78260040283203,244.9739990234375,91.96675109863281,302.83709716796875,192.4215087890625,417.9463195800781,273.2300109863281,624.52001953125,395.7099914550781,202.00999450683594,127.98428344726562,32.726932525634766,3.7799999713897705,9.026457786560059,63.57525634765625,30.181554794311523,270.4919128417969,29.90604591369629,13.580259323120117,502.1099853515625,91.60874938964844,112.6255111694336,131.4814910888672,71.9162368774414,73.68049621582031,4.446470737457275,249.1199951171875,30.271360397338867
2020-08-06,24.02843475341797,66.08363342285156,466.66094970703125,146.62586975097656,21.6299991607666,326.76129150390625,161.45721435546875,346.18292236328125,35.72652816772461,100.3682632446289,8342.48828125,764.1502075195312,41.52752685546875,99.7635726928711,245.18511962890625,91.69185638427734,304.3780212402344,188.6927947998047,413.7957458496094,273.3399963378906,621.2100219726562,389.7799987792969,212.5,129.85877990722656,33.02461624145508,4.230000019073486,9.044620513916016,62.34039306640625,30.190885543823242,268.94281005859375,29.353485107421875,13.450037956237793,509.0799865722656,91.77041625976562,113.1119613647461,130.50755310058594,72.03535461425781,75.00499725341797,4.373577117919922,265.2799987792969,30.441171646118164
2020-08-07,24.26198959350586,66.82637023925781,468.8829345703125,148.16787719726562,20.979999542236328,324.6629638671875,161.42086791992188,340.9789123535156,35.98004913330078,99.19237518310547,8383.3359375,763.8028564453125,42.668392181396484,99.9443130493164,247.2002716064453,94.83894348144531,307.2565002441406,192.0138397216797,412.4022216796875,272.989990234375,620.2100219726562,381.760009765625,193.72000122070312,127.84688568115234,32.87126541137695,4.130000114440918,8.973790168762207,62.30119323730469,30.48943519592285,267.70733642578125,30.429519653320312,13.812798500061035,494.7300109863281,92.95901489257812,111.75486755371094,131.4814910888672,66.72476959228516,74.72450256347656,4.30979585647583,268.44000244140625,30.366256713867188
2020-08-10,24.056461334228516,68.11637878417969,465.7431640625,149.07948303222656,21.780000686645508,319.57562255859375,163.58331298828125,337.83685302734375,36.08730697631836,101.12690734863281,8241.34375,755.1585693359375,44.792152404785156,98.669677734375,243.16998291015625,95.1517333984375,309.2627258300781,186.3163604736328,408.25164794921875,268.7300109863281,608.239990234375,377.19000244140625,193.74000549316406,130.00596618652344,33.304256439208984,4.349999904632568,9.037355422973633,63.9378662109375,30.890615463256836,267.2796325683594,29.954511642456055,13.794194221496582,483.3800048828125,94.86080169677734,111.41061401367188,132.45541381835938,64.41193389892578,74.80500030517578,4.273349761962891,263.0,30.880685806274414
2020-08-11,24.047117233276367,67.64120483398438,477.867431640625,149.22496032714844,22.479999542236328,325.1776428222656,167.70834350585938,337.4834289550781,34.127418518066406,105.98221588134766,8311.3671875,731.454345703125,44.335819244384766,95.60675048828125,236.25132751464844,95.47402954101562,305.8221435546875,185.07347106933594,405.34521484375,261.8599853515625,598.8599853515625,374.0299987792969,183.75,129.14234924316406,33.82745361328125,4.619999885559082,9.030091285705566,63.17342758178711,31.291790008544922,267.6217956542969,30.051450729370117,13.947669982910156,466.92999267578125,97.16195678710938,108.26736450195312,131.4814910888672,65.46411895751953,74.01599884033203,4.455582141876221,256.1300048828125,30.7358455657959
2020-08-12,24.58897590637207,69.81622314453125,486.6103515625,151.90164184570312,21.81999969482422,324.2769775390625,169.21661376953125,342.8641662597656,35.453514099121094,105.73565673828125,8630.3623046875,745.7521362304688,44.29193115234375,97.86113739013672,241.14524841308594,96.77267456054688,312.3349609375,187.03228759765625,414.2336730957031,270.8500061035156,612.3499755859375,384.8299865722656,185.08999633789062,129.67227172851562,34.28750991821289,4.570000171661377,9.05551815032959,65.17272186279297,31.89821434020996,271.23321533203125,30.75911521911621,14.082542419433594,475.4700012207031,97.5137939453125,114.1572036743164,131.4814910888672,67.49901580810547,75.33100128173828,4.437358379364014,259.8900146484375,30.880685806274414
2020-08-13,24.411470413208008,70.03177642822266,489.5085754394531,150.9997100830078,21.969999313354492,322.8517150878906,166.92694091796875,349.678466796875,35.4632568359375,102.49246215820312,8536.9990234375,742.9833984375,42.18571472167969,97.63284301757812,240.59829711914062,96.01435852050781,311.60809326171875,189.50814819335938,414.66168212890625,267.1499938964844,610.8900146484375,385.25,192.0800018310547,128.23944091796875,34.27848815917969,4.400000095367432,9.099106788635254,63.771270751953125,31.422407150268555,273.9987487792969,31.056140899658203,14.212763786315918,481.3299865722656,97.1402816772461,114.18466186523438,134.40330505371094,64.83876037597656,75.92250061035156,4.300683975219727,261.29998779296875,29.746946334838867
2020-08-14,24.25265121459961,69.94359588623047,479.7512512207031,149.6807861328125,22.6200008392334,323.4554443359375,165.3278350830078,345.88836669921875,35.849853515625,103.5545654296875,8398.8974609375,735.1589965820312,41.5801887512207,97.32846069335938,240.01292419433594,95.46455383300781,313.720947265625,188.76239013671875,411.83489990234375,267.2900085449219,612.5700073242188,379.3999938964844,187.5,131.9294891357422,34.03492736816406,4.400000095367432,9.075495719909668,66.27037048339844,31.049217224121094,275.4337463378906,31.17300033569336,14.203462600708008,482.67999267578125,96.62312316894531,115.39205169677734,133.4293670654297,64.39208221435547,75.3864974975586,4.264237403869629,261.239990234375,29.921751022338867
2020-08-17,24.430152893066406,71.84429168701172,482.2146911621094,153.6279296875,22.09000015258789,326.8503723144531,164.4737548828125,350.670166015625,35.262630462646484,102.35970306396484,8492.2607421875,744.8743286132812,41.141395568847656,99.12625885009766,240.77099609375,96.55464935302734,310.6292419433594,186.69419860839844,414.86077880859375,273.8399963378906,620.72998046875,384.3900146484375,205.02000427246094,131.80194091796875,34.26947021484375,4.389999866485596,9.108187675476074,65.60391998291016,31.45039176940918,275.1866760253906,31.825485229492188,14.119749069213867,482.3500061035156,96.63269805908203,123.1054916381836,133.4293670654297,65.60308837890625,75.89900207519531,4.446470737457275,261.1600036621094,29.811874389648438
2020-08-18,24.44883918762207,72.05004119873047,482.8426818847656,153.14300537109375,22.059999465942383,327.6124572753906,164.67364501953125,353.5961608886719,34.96901321411133,102.53040313720703,8439.7431640625,761.7481689453125,41.176483154296875,98.59358978271484,242.34475708007812,96.27027893066406,307.0433349609375,185.4612579345703,415.3584289550781,271.30999755859375,618.5900268554688,386.6499938964844,217.27999877929688,131.419189453125,34.34163284301758,4.320000171661377,9.099106788635254,65.10411834716797,31.114524841308594,272.1360168457031,32.1078987121582,13.970924377441406,491.8699951171875,96.45072174072266,122.34461975097656,132.45541381835938,65.58323669433594,77.93000030517578,4.628702640533447,262.3399963378906,29.976688385009766
2020-08-19,24.532922744750977,72.53011322021484,482.8426818847656,153.5018310546875,22.219999313354492,328.99810791015625,166.09104919433594,351.62255859375,35.00816345214844,104.50286102294922,8605.076171875,753.8678588867188,40.29011917114258,96.7767562866211,235.32054138183594,95.56881713867188,305.6767578125,181.67288208007812,418.6629333496094,270.07000732421875,629.6300048828125,381.5,216.50999450683594,130.5653533935547,34.34163284301758,4.239999771118164,9.162672996520996,64.76979064941406,31.170501708984375,272.7062683105469,32.458492279052734,14.063939094543457,484.5299987792969,96.23046875,121.1247329711914,131.4814910888672,64.42185974121094,77.37650299072266,4.592256546020508,262.5899963378906,29.89178466796875
2020-08-20,24.402128219604492,73.08854675292969,477.38433837890625,153.7927703857422,22.1299991607666,333.8677673339844,164.12847900390625,354.6761779785156,33.598838806152344,102.01831817626953,8616.0947265625,759.8701171875,41.448543548583984,97.680419921875,237.67153930664062,95.05693817138672,303.67059326171875,180.64871215820312,420.14605712890625,271.42999267578125,616.8900146484375,383.3299865722656,218.41000366210938,128.7105255126953,34.440860748291016,4.519999980926514,8.970157623291016,62.72452926635742,30.592065811157227,271.8699645996094,32.1078987121582,13.9104642868042,497.8999938964844,95.26318359375,121.14967346191406,130.50755310058594,65.77184295654297,79.0875015258789,4.519362926483154,269.010009765625,29.796890258789062
2020-08-21,24.44883918762207,75.4105453491211,478.68853759765625,156.83799743652344,21.989999771118164,333.6500549316406,162.9109649658203,355.451904296875,34.07840347290039,102.4166030883789,8654.51953125,757.217529296875,41.39589309692383,98.01334381103516,239.2644500732422,93.58769226074219,304.45562744140625,179.5947265625,426.57598876953125,271.2799987792969,605.489990234375,383.4599914550781,223.41000366210938,130.0452423095703,34.43183898925781,4.630000114440918,8.915670394897461,61.22992706298828,30.76932716369629,272.2215270996094,32.64352798461914,13.859304428100586,492.30999755859375,96.33580780029297,126.56305694580078,129.5336151123047,69.03760528564453,79.02100372314453,4.437358379364014,267.010009765625,30.19644546508789
2020-08-24,24.58897590637207,74.62676239013672,488.44586181640625,160.62994384765625,22.809999465942383,340.12310791015625,166.27276611328125,353.47833251953125,34.049041748046875,104.69253540039062,8683.84765625,747.8269653320312,43.73904800415039,97.0240707397461,235.5220489501953,94.9147720336914,299.3190002441406,178.0535430908203,417.8070068359375,267.42999267578125,594.77001953125,380.6199951171875,210.6300048828125,131.88046264648438,35.03622055053711,4.789999961853027,9.167213439941406,62.67536926269531,31.366426467895508,273.3714904785156,32.458492279052734,14.07789134979248,488.80999755859375,98.5289535522461,126.92974853515625,129.5336151123047,69.44457244873047,79.41000366210938,4.419135093688965,271.3900146484375,30.745834350585938
2020-08-25,24.31804847717285,73.95074462890625,492.793212890625,160.91119384765625,22.860000610351562,344.1019592285156,168.198974609375,352.661865234375,33.98052978515625,103.49766540527344,8701.447265625,754.8359375,43.449440002441406,97.00505828857422,236.452880859375,97.24662780761719,302.5948486328125,178.5507049560547,420.3251953125,272.3500061035156,610.5,383.92999267578125,212.00999450683594,131.61544799804688,35.406070709228516,5.119999885559082,9.244401931762695,62.980194091796875,30.321502685546875,275.0536193847656,31.80600357055664,14.11044692993164,490.5799865722656,98.47149658203125,127.22663116455078,133.4293670654297,70.64566040039062,80.41100311279297,4.501140117645264,280.82000732421875,30.286344528198242
2020-08-26,24.59831428527832,72.56929016113281,503.5166015625,165.2462615966797,22.770000457763672,347.4275817871094,167.76284790039062,358.4755859375,34.244773864746094,104.69253540039062,8717.0908203125,757.052978515625,41.35200119018555,96.10139465332031,236.990234375,98.65904235839844,299.29962158203125,178.27227783203125,423.6695556640625,271.2900085449219,612.0,386.0199890136719,214.57000732421875,129.18161010742188,36.10968017578125,4.869999885559082,9.112728118896484,62.695030212402344,30.80664825439453,279.3683166503906,31.932605743408203,14.091843605041504,547.530029296875,98.06926727294922,127.45613861083984,133.4293670654297,70.68536376953125,82.61900329589844,4.555809497833252,303.9100036621094,31.030517578125
2020-08-27,24.27133560180664,71.03111267089844,503.4200439453125,161.28941345214844,22.860000610351562,352.3566589355469,166.4544677734375,358.05267333984375,34.07840347290039,104.82528686523438,8705.357421875,764.4588623046875,42.58063888549805,96.92894744873047,237.9498291015625,101.29422760009766,302.0617980957031,173.2708282470703,418.5734558105469,274.3399963378906,614.969970703125,386.2799987792969,215.77000427246094,131.91970825195312,35.5413818359375,4.71999979019165,9.07367992401123,60.993927001953125,30.01361846923828,278.2183532714844,32.127384185791016,14.045336723327637,526.27001953125,97.77237701416016,126.01175689697266,133.4293670654297,70.58610534667969,81.71649932861328,4.555809497833252,293.2200012207031,31.18035316467285
2020-08-28,23.944355010986328,70.38449096679688,498.7828674316406,160.51356506347656,22.8799991607666,362.3730773925781,168.744140625,360.8561706542969,34.18605041503906,106.171875,8603.6787109375,761.912841796875,43.185462951660156,97.49016571044922,239.50436401367188,102.24214172363281,304.67852783203125,176.40296936035156,422.5050354003906,269.9599914550781,602.6099853515625,383.9800109863281,208.57000732421875,133.4604949951172,35.606422424316406,4.730000019073486,9.002847671508789,62.01655578613281,29.743061065673828,282.029296875,33.00384521484375,13.96162223815918,523.8900146484375,99.13230895996094,131.1956024169922,133.4293670654297,69.80192565917969,82.22049713134766,4.738041400909424,293.6600036621094,33.06825256347656
2020-08-31,23.56131935119629,69.92399597167969,497.1404724121094,159.71832275390625,22.06999969482422,354.524169921875,166.0183563232422,360.452880859375,35.057098388671875,,,764.584716796875,41.28709411621094,96.89089965820312,239.08213806152344,101.87246704101562,302.91461181640625,174.75238037109375,426.984130859375,279.1199951171875,619.9299926757812,391.05999755859375,215.69000244140625,133.19552612304688,35.49492263793945,4.760000228881836,9.037355422973633,60.571109771728516,28.922048568725586,277.7526550292969,32.07868194580078,13.822098731994629,529.5599975585938,97.78195190429688,133.458251953125,132.45541381835938,67.83650970458984,81.70899963378906,4.719819068908691,293.20001220703125,33.003326416015625
2020-09-01,23.542634963989258,71.8736801147461,507.1877136230469,162.53077697753906,21.420000076293945,353.2474365234375,164.43739318847656,362.3907775878906,35.487728118896484,100.4251708984375,8535.240234375,764.6041259765625,41.65794372558594,96.54847717285156,238.0073699951172,101.91986083984375,303.18603515625,173.12168884277344,431.7120056152344,275.489990234375,592.6799926757812,398.489990234375,224.1999969482422,131.7038116455078,35.7086296081543,4.789999961853027,9.001031875610352,60.85626983642578,29.50048828125,287.70294189453125,32.62403869628906,13.640718460083008,556.5499877929688,99.05570983886719,137.9549560546875,132.45541381835938,69.99052429199219,83.0354995727539,4.67426061630249,295.44000244140625,33.14816665649414
2020-09-02,23.748165130615234,71.4132080078125,534.2377319335938,165.34326171875,21.809999465942383,357.0085144042969,166.63619995117188,372.24761962890625,35.99665069580078,98.14924621582031,8699.4921875,774.10107421875,42.8057861328125,99.47821807861328,246.1351318359375,103.11422729492188,310.3675537109375,175.91574096679688,439.00787353515625,281.8900146484375,610.1500244140625,406.30999755859375,223.14999389648438,135.59996032714844,35.76438522338867,4.829999923706055,9.135430335998535,63.99298858642578,29.416522979736328,294.90667724609375,32.799339294433594,14.319731712341309,552.8400268554688,101.10518646240234,143.20022583007812,135.37722778320312,69.61331939697266,86.41400146484375,4.747154235839844,302.5,34.196998596191406
2020-09-03,23.505264282226562,69.13040924072266,536.4596557617188,156.64402770996094,21.639999389648438,340.32110595703125,165.43685913085938,347.9302062988281,34.91029739379883,100.10273742675781,8451.158203125,738.1265869140625,42.585052490234375,96.6530990600586,242.12403869628906,100.62120819091797,306.4811706542969,173.7282257080078,417.71746826171875,267.4200134277344,577.4000244140625,381.2799987792969,203.02000427246094,134.05917358398438,35.43916702270508,4.610000133514404,9.185375213623047,60.43344497680664,28.702482223510742,282.428466796875,31.01719093322754,14.222064971923828,525.75,97.829833984375,129.914794921875,135.37722778320312,66.72476959228516,82.09200286865234,4.756265163421631,291.1199951171875,32.73362731933594
2020-09-04,23.22499656677246,66.84762573242188,536.1697998046875,151.6688995361328,22.809999465942383,331.5814514160156,163.7105255126953,339.5587158203125,34.939659118652344,101.35449981689453,8298.6396484375,728.1842651367188,43.43268966674805,95.84455871582031,239.87860107421875,100.2325668334961,302.381591796875,174.72254943847656,408.072509765625,266.5,580.3599853515625,370.6600036621094,198.2899932861328,134.5007781982422,35.24403762817383,4.46999979019165,9.017377853393555,59.941802978515625,28.693090438842773,283.61639404296875,30.812681198120117,13.998828887939453,516.0499877929688,98.24164581298828,125.99203491210938,125.63786315917969,66.55601501464844,79.552001953125,4.747154235839844,282.7300109863281,32.28912353515625
2020-09-07,23.346445083618164,,541.9662475585938,,,,165.41868591308594,,,101.4113998413086,8529.3740234375,,,,,,,,,,,,,,34.937408447265625,,9.04643726348877,,29.12527084350586,,,14.119749069213867,,,,131.4814910888672,,,4.646925449371338,,
2020-09-08,23.33710479736328,66.632080078125,536.1697998046875,149.098876953125,22.5,326.50390625,164.34654235839844,335.1123352050781,33.530330657958984,98.88892364501953,8562.615234375,717.4093017578125,41.54316329956055,93.98017883300781,236.83670043945312,99.13300323486328,297.7779846191406,172.7438507080078,403.41424560546875,258.6099853515625,561.8900146484375,364.19000244140625,192.85000610351562,130.0648651123047,35.467041015625,4.079999923706055,8.961075782775879,54.700828552246094,29.134666442871094,279.9004821777344,29.984905242919922,13.980224609375,507.0199890136719,96.23046875,118.91014099121094,131.4814910888672,64.26303100585938,76.61949920654297,4.537586688995361,271.1600036621094,32.039398193359375
2020-09-09,23.897642135620117,68.65033721923828,533.851318359375,154.714111328125,23.059999465942383,336.1640625,167.12684631347656,346.05126953125,34.215415954589844,99.45789337158203,8728.8232421875,729.3847045898438,41.79039001464844,96.0538330078125,242.21998596191406,101.10464477539062,302.40093994140625,174.72254943847656,416.3736572265625,263.0400085449219,571.1500244140625,374.1600036621094,200.77000427246094,131.32106018066406,36.17322540283203,4.079999923706055,9.139969825744629,54.278011322021484,29.642005920410156,288.21612548828125,31.241174697875977,14.347637176513672,500.19000244140625,98.22249603271484,126.91534423828125,131.4814910888672,65.84132385253906,77.8479995727539,4.610479354858398,273.7200012207031,33.38290023803711
2020-09-10,23.869613647460938,68.31722259521484,540.4205322265625,153.55032348632812,23.450000762939453,329.47320556640625,165.7457733154297,338.8701171875,33.94137954711914,99.609619140625,8691.669921875,719.1712036132812,39.77724075317383,95.13115692138672,238.34326171875,99.32256317138672,295.2096862792969,180.55921936035156,417.7771301269531,255.64999389648438,550.0999755859375,367.760009765625,198.13999938964844,132.16505432128906,36.052433013916016,4.0,9.094566345214844,54.1993408203125,29.529266357421875,280.57525634765625,30.802940368652344,14.259271621704102,480.6700134277344,96.72846221923828,122.89028930664062,131.4814910888672,64.50126647949219,76.60099792480469,4.701595306396484,268.0899963378906,32.68368148803711
2020-09-11,24.327390670776367,69.94359588623047,551.2405395507812,157.0028533935547,22.829999923706055,326.7711486816406,165.36416625976562,343.1099853515625,33.91202163696289,97.31473541259766,8828.546875,723.9342651367188,39.512359619140625,95.32139587402344,239.69625854492188,99.31309509277344,293.389892578125,180.43991088867188,429.12408447265625,257.9599914550781,544.75,364.82000732421875,189.91000366210938,131.5075225830078,35.81084442138672,3.9200000762939453,9.028275489807129,54.08134841918945,29.839309692382812,285.4125671386719,30.578954696655273,14.245319366455078,482.0299987792969,98.18418884277344,121.42049407958984,129.5336151123047,65.70235443115234,76.03600311279297,4.701595306396484,266.6099853515625,33.15815353393555
2020-09-14,24.037776947021484,71.24665832519531,557.4234008789062,160.20323181152344,23.770000457763672,335.13470458984375,166.18190002441406,347.33990478515625,34.44051742553711,98.26303100585938,8760.109375,731.921142578125,42.00230026245117,96.97650146484375,243.6401824951172,101.39849853515625,300.2896728515625,182.0904998779297,432.3008728027344,264.79998779296875,564.2000122070312,365.55999755859375,193.36000061035156,133.19552612304688,35.62500762939453,4.059999942779541,8.92293643951416,55.516963958740234,29.93326187133789,288.8813781738281,32.06894302368164,14.189510345458984,476.260009765625,98.8162841796875,128.4849395751953,129.5336151123047,67.95562744140625,75.96399688720703,4.747154235839844,266.1499938964844,33.38789749145508
2020-09-15,24.308704376220703,70.3158950805664,569.2095336914062,163.92730712890625,23.81999969482422,335.66912841796875,165.87298583984375,351.38299560546875,35.262630462646484,97.33370208740234,8945.8701171875,743.9352416992188,44.05959701538086,97.71847534179688,253.0921630859375,101.96725463867188,298.9856262207031,184.86465454101562,433.2967224121094,266.8500061035156,579.9000244140625,369.239990234375,194.7100067138672,133.2740478515625,35.88517379760742,4.0,8.910223007202148,56.244606018066406,30.891576766967773,288.9479064941406,31.7573184967041,14.198811531066895,495.989990234375,98.5289535522461,129.67022705078125,129.5336151123047,68.4718017578125,77.0719985961914,4.847382068634033,272.4200134277344,33.51276397705078
2020-09-16,24.07514762878418,72.86322784423828,579.6431274414062,161.6773681640625,24.270000457763672,338.3514404296875,165.0915985107422,351.7174987792969,35.37028884887695,97.63715362548828,8773.796875,742.8606567382812,45.24274826049805,97.61323547363281,252.65078735351562,101.89141845703125,298.29461669921875,184.2581024169922,432.081787109375,267.54998779296875,569.1500244140625,362.3599853515625,193.52000427246094,135.44293212890625,36.517024993896484,4.159999847412109,8.92293643951416,55.526798248291016,31.201618194580078,287.4462890625,31.153528213500977,14.156954765319824,483.8599853515625,99.97509765625,124.9140396118164,130.50755310058594,67.81665802001953,76.04499816894531,5.029613971710205,263.5199890136719,33.64760971069336
2020-09-17,23.729480743408203,71.8344955444336,576.2617797851562,158.83580017089844,24.200000762939453,335.9561767578125,163.12901306152344,346.0021057128906,34.64604949951172,95.3422622680664,8644.7412109375,731.5435791015625,45.00434494018555,96.7140121459961,240.59829711914062,102.19475555419922,296.79595947265625,182.02088928222656,431.1356506347656,271.4599914550781,565.0,354.20001220703125,199.27999877929688,134.58909606933594,36.66569137573242,4.159999847412109,8.902957916259766,55.39896774291992,30.750646591186523,286.99017333984375,31.007448196411133,14.138351440429688,470.20001220703125,100.56887817382812,124.40498352050781,133.4293670654297,66.16889953613281,74.77649688720703,5.03872537612915,254.82000732421875,33.24306106567383
2020-09-18,23.963037490844727,71.21724700927734,567.7603759765625,155.2668914794922,23.8799991607666,331.8288879394531,161.9114990234375,345.2938232421875,34.29371643066406,92.3835678100586,8760.109375,728.0777587890625,43.63576126098633,95.20255279541016,235.5796356201172,101.99568176269531,299.7543640136719,182.35894775390625,427.27178955078125,265.3900146484375,555.239990234375,354.760009765625,205.42999267578125,129.79006958007812,36.52631759643555,4.239999771118164,8.799434661865234,55.2121467590332,30.008424758911133,281.1264343261719,30.31601333618164,13.95232105255127,469.9599914550781,99.02696990966797,121.66753387451172,130.50755310058594,66.52623748779297,72.99949645996094,4.929385662078857,252.52999877929688,33.14816665649414
2020-09-21,23.878957748413086,70.6588134765625,557.2301635742188,154.78199768066406,22.420000076293945,324.4947509765625,154.46104431152344,345.17578125,33.79457473754883,87.39550018310547,8543.060546875,721.7656860351562,40.97806167602539,92.36141204833984,231.23268127441406,99.3415298461914,291.161376953125,183.28369140625,423.70660400390625,264.0,555.7000122070312,364.70001220703125,202.66000366210938,123.11654663085938,34.937408447265625,3.940000057220459,8.503396987915039,56.36259460449219,28.12937355041504,276.3461608886719,29.020790100097656,13.557004928588867,487.3500061035156,93.26155853271484,124.94149017333984,131.4814910888672,66.07955169677734,71.55799865722656,4.765377044677734,248.14999389648438,32.713645935058594
2020-09-22,24.093830108642578,73.98013305664062,549.0185546875,156.67311096191406,22.329999923706055,331.87835693359375,151.13558959960938,344.4674987792969,33.91202163696289,87.21532440185547,8529.3740234375,726.0737915039062,40.28935241699219,94.88687896728516,232.16348266601562,98.91496276855469,286.3636474609375,183.85043334960938,428.4568786621094,267.5799865722656,571.510009765625,368.32000732421875,215.27999877929688,118.40583038330078,35.25333023071289,3.8399999141693115,8.525190353393555,56.92307662963867,28.514577865600586,278.883544921875,29.673269271850586,13.501195907592773,491.1700134277344,95.10994720458984,126.14427185058594,127.58574676513672,65.89095306396484,73.27300262451172,4.683372497558594,254.75,33.11819839477539
2020-09-23,24.103174209594727,69.72805786132812,558.0996704101562,153.82188415527344,21.1200008392334,321.2087097167969,148.44615173339844,337.4732360839844,33.37373733520508,88.09724426269531,8691.669921875,707.3604125976562,38.70003128051758,91.16564178466797,226.1852264404297,97.61632537841797,284.300537109375,177.66574096679688,419.01617431640625,263.82000732421875,565.1900024414062,363.8699951171875,209.22000122070312,114.16619873046875,35.87588882446289,3.7799999713897705,8.521557807922363,56.29376983642578,28.655508041381836,271.26165771484375,28.660465240478516,13.436084747314453,470.6099853515625,94.60237121582031,121.01375579833984,126.61180114746094,65.0174331665039,70.760498046875,4.820046901702881,249.02000427246094,32.768585205078125
2020-09-24,23.991065979003906,70.5412368774414,550.2744750976562,153.73458862304688,21.31999969482422,324.8510437011719,151.11741638183594,340.2375183105469,32.35588073730469,88.06879425048828,8591.9462890625,710.32275390625,39.494693756103516,91.22303009033203,226.63621520996094,96.53910064697266,284.80657958984375,176.8404541015625,416.40704345703125,263.1300048828125,557.4600219726562,365.4700012207031,203.9499969482422,114.77465057373047,35.64358901977539,3.859999895095825,8.497947692871094,56.82475280761719,28.533369064331055,275.5953369140625,28.97209930419922,13.450037956237793,473.0799865722656,95.4355697631836,123.25211334228516,126.61180114746094,65.13655090332031,71.41449737548828,4.738041400909424,249.52999877929688,32.64872360229492
2020-09-25,23.869613647460938,70.37467956542969,546.796630859375,154.73348999023438,21.329999923706055,328.3844909667969,148.02818298339844,347.10382080078125,33.187782287597656,86.81703186035156,8531.330078125,727.351806640625,40.986900329589844,93.43280029296875,231.23568725585938,98.34081268310547,294.38250732421875,179.962646484375,420.539794921875,268.17999267578125,574.0599975585938,377.8299865722656,219.0,118.30769348144531,35.35553741455078,3.9800000190734863,8.472521781921387,57.25740051269531,28.78704261779785,276.27960205078125,29.00131607055664,13.282608985900879,482.8800048828125,95.73245239257812,128.49990844726562,127.58574676513672,64.8288345336914,72.24800109863281,4.555809497833252,254.82000732421875,32.82352828979492
2020-09-28,24.093830108642578,72.98078155517578,554.9116821289062,157.6817169189453,21.950000762939453,334.92681884765625,152.11685180664062,349.75982666015625,34.205631256103516,92.93357849121094,8646.697265625,740.4113159179688,42.620365142822266,95.6904296875,231.4188690185547,98.78885650634766,295.09295654296875,183.02516174316406,426.614501953125,267.7300109863281,571.9199829101562,386.3699951171875,215.08999633789062,119.1026382446289,36.29402160644531,4.139999866485596,8.53972053527832,58.36852264404297,29.726566314697266,278.14227294921875,30.452354431152344,13.343069076538086,490.6499938964844,98.01178741455078,130.10943603515625,128.55967712402344,65.15640258789062,73.22599792480469,4.510251522064209,256.82000732421875,33.61764144897461
2020-09-29,23.850933074951172,72.52030944824219,557.0369873046875,157.36167907714844,21.75,332.7889404296875,149.51828002929688,351.1666259765625,33.461814880371094,92.22235107421875,8691.669921875,739.1043701171875,41.33664321899414,95.28865051269531,231.5345916748047,97.89276885986328,295.98822021484375,185.41152954101562,432.5398864746094,270.30999755859375,573.6099853515625,385.05999755859375,217.33999633789062,117.94457244873047,36.461273193359375,3.930000066757202,8.532455444335938,58.6536865234375,29.378942489624023,279.273193359375,29.468761444091797,13.287260055541992,493.4800109863281,96.90086364746094,132.01341247558594,129.5336151123047,65.06707000732422,73.46649932861328,4.519362926483154,261.7900085449219,34.16204071044922
2020-09-30,23.589345932006836,74.09768676757812,548.34228515625,160.85299682617188,21.770000457763672,334.7090759277344,149.50010681152344,354.7276306152344,33.60862350463867,92.56375122070312,8677.982421875,735.880615234375,41.19450378417969,96.25483703613281,233.0870361328125,99.06531524658203,303.40374755859375,187.20130920410156,439.69012451171875,272.1199951171875,559.780029296875,393.1099853515625,219.24000549316406,122.36085510253906,36.284725189208984,3.9100000858306885,8.594204902648926,58.45701599121094,29.00313377380371,284.37139892578125,28.738374710083008,13.394227981567383,500.0299987792969,97.71490478515625,135.05528259277344,128.55967712402344,67.15159606933594,73.4800033569336,4.656037330627441,261.8999938964844,33.80743408203125
2020-10-01,23.58000373840332,75.96900177001953,562.8333740234375,162.1234588623047,21.510000228881836,339.8558654785156,147.64657592773438,357.8066711425781,33.951168060302734,92.93357849121094,8904.8076171875,743.83837890625,42.01182556152344,97.72802734375,233.49203491210938,97.52099609375,304.66888427734375,185.8490447998047,436.3838806152344,273.510009765625,568.1400146484375,394.7799987792969,220.67999267578125,122.24309539794922,36.56348419189453,4.010000228881836,8.67230224609375,59.63697814941406,28.89038848876953,281.3258361816406,29.050004959106445,13.515148162841797,527.510009765625,96.33580780029297,135.89373779296875,127.58574676513672,68.01518249511719,74.50450134277344,,266.6300048828125,33.73251724243164
2020-10-02,23.533292770385742,76.31190490722656,558.1962280273438,161.4639892578125,21.5,335.3622741699219,148.264404296875,357.0688781738281,34.36222457885742,92.6585693359375,8992.7998046875,753.1804809570312,43.85078430175781,99.69866180419922,234.6009063720703,97.1968765258789,303.608154296875,186.9228973388672,433.2568664550781,260.79998779296875,564.7999877929688,383.8500061035156,221.60000610351562,124.68678283691406,36.31260299682617,3.9700000286102295,8.79035472869873,57.23773193359375,28.965551376342773,282.6338195800781,28.79680824279785,13.543052673339844,503.05999755859375,98.30868530273438,130.38140869140625,125.63786315917969,66.73469543457031,72.9209976196289,,259.94000244140625,33.542728424072266
2020-10-05,23.6267147064209,74.1662826538086,563.5096435546875,163.45208740234375,21.90999984741211,339.737060546875,151.33546447753906,359.0264892578125,35.2919921875,94.3086166381836,9010.3994140625,763.11328125,43.753055572509766,100.6265869140625,234.6298370361328,98.86512756347656,309.612548828125,191.96412658691406,448.80224609375,268.9800109863281,605.0800170898438,392.3699951171875,225.2100067138672,127.74877166748047,36.59136199951172,4.03000020980835,8.835758209228516,59.58781433105469,29.632614135742188,286.72003173828125,29.497982025146484,13.687227249145508,520.6500244140625,100.6454849243164,136.1732177734375,127.58574676513672,67.88614654541016,74.3010025024414,4.555809497833252,264.6499938964844,34.067142486572266
2020-10-06,23.309080123901367,73.5882339477539,561.6741333007812,160.00927734375,21.520000457763672,333.9766540527344,153.46157836914062,348.5400390625,34.205631256103516,98.79408264160156,8787.4833984375,765.6012573242188,44.34827423095703,99.94738006591797,232.39276123046875,98.550537109375,306.0118103027344,190.0251922607422,444.0420227050781,260.9800109863281,581.6400146484375,384.30999755859375,217.72000122070312,125.98221588134766,36.777198791503906,3.930000066757202,8.879347801208496,59.39115905761719,30.318464279174805,282.78662109375,28.923404693603516,13.696528434753418,505.8699951171875,100.02297973632812,137.11148071289062,126.61180114746094,68.30304718017578,72.6719970703125,4.646925449371338,258.6600036621094,33.702545166015625
2020-10-07,23.09420394897461,74.22506713867188,563.2198486328125,163.3842315673828,22.190000534057617,340.3804016113281,151.626220703125,349.1204528808594,34.499244689941406,99.09754180908203,8670.16015625,777.634765625,45.067867279052734,101.17185974121094,233.12562561035156,100.72403717041016,314.4978942871094,191.417236328125,450.48516845703125,265.82000732421875,591.6900024414062,386.2300109863281,222.85000610351562,126.66921997070312,38.24531173706055,3.9600000381469727,8.799434661865234,60.09912872314453,31.286176681518555,288.428955078125,30.812681198120117,13.459339141845703,534.6599731445312,102.42682647705078,139.3822784423828,126.61180114746094,68.80928802490234,73.0145034790039,4.665149211883545,258.1199951171875,33.6675910949707
2020-10-08,22.898014068603516,76.13554382324219,556.9403686523438,165.7117462158203,22.770000457763672,342.01544189453125,152.3894500732422,351.38299560546875,35.282203674316406,101.5631332397461,8646.697265625,798.1002807617188,47.07562255859375,102.20499420166016,234.85159301757812,102.76405334472656,313.7582702636719,193.15731811523438,451.6602783203125,268.5299987792969,599.8800048828125,393.510009765625,221.47999572753906,129.3778839111328,37.966556549072266,4.150000095367432,8.86300277709961,61.554405212402344,31.793519973754883,286.0899658203125,31.065879821777344,13.52910041809082,531.7899780273438,102.93441772460938,138.13211059570312,127.58574676513672,69.04752349853516,74.29650115966797,4.756265163421631,263.760009765625,34.291893005371094
2020-10-09,23.103544235229492,76.50784301757812,562.0604858398438,168.00050354003906,22.239999771118164,349.1897277832031,152.7892303466797,350.9501647949219,35.066890716552734,101.73383331298828,8681.8935546875,802.8923950195312,45.698631286621094,102.27196502685547,235.93154907226562,103.60295867919922,319.0425109863281,194.64878845214844,462.7740173339844,269.95001220703125,602.0700073242188,400.6499938964844,218.11000061035156,131.46824645996094,38.28247833251953,4.059999942779541,8.853920936584473,62.232887268066406,31.483476638793945,286.9873352050781,30.861370086669922,13.408180236816406,539.4400024414062,102.9822998046875,137.37350463867188,128.55967712402344,70.41736602783203,75.76100158691406,4.665149211883545,264.45001220703125,34.15704345703125
2020-10-12,22.991437911987305,76.76258850097656,569.4027709960938,167.51559448242188,22.34000015258789,348.8428649902344,154.60641479492188,354.2259521484375,35.49751663208008,100.3682632446289,8703.4033203125,808.3621826171875,45.03234100341797,103.59208679199219,237.57078552246094,103.96519470214844,321.1153564453125,192.55076599121094,464.7856750488281,274.6000061035156,601.5499877929688,419.3900146484375,218.0,127.80762481689453,38.4404411315918,3.9200000762939453,8.899325370788574,63.599674224853516,31.577430725097656,289.16412353515625,30.997711181640625,13.487242698669434,539.8099975585938,103.63353729248047,141.99742126464844,128.55967712402344,72.54159545898438,78.4574966430664,4.710707664489746,275.75,34.58656692504883
2020-10-13,23.15960121154785,76.27272033691406,569.2095336914062,170.03713989257812,21.56999969482422,342.6991882324219,151.42633056640625,348.2350769042969,35.52687454223633,96.82161712646484,8679.9375,799.7556762695312,42.27833938598633,102.00410461425781,233.7427215576172,101.94422912597656,322.5264587402344,193.14736938476562,465.59234619140625,276.0899963378906,607.97998046875,421.4200134277344,231.8000030517578,130.4672393798828,38.551944732666016,3.9700000286102295,8.779457092285156,63.60950469970703,31.01371192932129,287.4646911621094,30.111507415771484,13.501195907592773,554.0900268554688,103.04933166503906,142.2195281982422,128.55967712402344,73.49452209472656,78.58399963378906,,276.1400146484375,35.21586608886719
2020-10-14,23.14091682434082,76.68421173095703,560.3216552734375,168.36903381347656,20.93000030517578,339.58770751953125,151.2627716064453,345.78564453125,35.63454055786133,96.29057312011719,8578.2578125,791.3236694335938,41.98516845703125,99.51690673828125,229.9725341796875,102.53526306152344,313.2132263183594,191.77520751953125,465.074462890625,271.4599914550781,600.8200073242188,420.510009765625,230.4499969482422,132.15524291992188,38.75636291503906,3.940000057220459,8.819413185119629,62.91136169433594,30.741252899169922,284.419189453125,30.32575035095215,13.468640327453613,541.4500122070312,103.61438751220703,140.6923828125,128.55967712402344,72.4621810913086,78.40399932861328,4.92027473449707,271.82000732421875,35.285789489746094
2020-10-15,23.075519561767578,77.22306060791016,547.472900390625,170.83236694335938,20.969999313354492,335.4952087402344,147.7919464111328,341.79180908203125,36.300045013427734,94.94398498535156,8457.025390625,788.8356323242188,42.05624008178711,100.4256820678711,231.033203125,102.49713897705078,315.8602600097656,191.64593505859375,462.6346130371094,215.27999877929688,585.1799926757812,422.7200012207031,224.35000610351562,135.22703552246094,37.76213073730469,3.950000047683716,8.679566383361816,62.4492073059082,30.10237693786621,282.55743408203125,29.965429306030273,13.082625389099121,541.9400024414062,104.0357666015625,139.44216918945312,125.63786315917969,71.41991424560547,77.95649719238281,4.792712211608887,266.7200012207031,34.98113250732422
2020-10-16,23.589345932006836,75.52810668945312,569.4027709960938,172.33555603027344,20.959999084472656,336.3176574707031,148.79139709472656,342.5000915527344,36.15324783325195,96.5371322631836,8638.8759765625,791.6044311523438,42.02070617675781,99.73693084716797,234.04165649414062,104.9852066040039,321.0472717285156,197.9598846435547,466.6479187011719,218.0800018310547,599.739990234375,423.75,221.2899932861328,132.60667419433594,38.431148529052734,3.890000104904175,8.835758209228516,61.947731018066406,30.788227081298828,284.6387634277344,29.90699577331543,13.059371948242188,530.7899780273438,104.63912963867188,137.86012268066406,127.58574676513672,72.18424224853516,78.65049743652344,4.628702640533447,265.92999267578125,35.036067962646484
2020-10-19,23.458553314208984,74.25444030761719,566.1180419921875,169.84317016601562,20.200000762939453,328.65789794921875,148.75506591796875,335.5943908691406,36.016231536865234,98.01647186279297,8611.5,784.1596069335938,40.51932907104492,98.55071258544922,231.033203125,103.41229248046875,315.5196838378906,198.77525329589844,459.3782043457031,220.50999450683594,583.1400146484375,419.2699890136719,223.69000244140625,131.83139038085938,38.39398193359375,3.859999895095825,8.783089637756348,61.01359558105469,30.47818374633789,280.8389587402344,29.93621253967285,12.98030948638916,530.719970703125,103.32707977294922,134.72837829589844,126.61180114746094,71.59859466552734,76.73049926757812,4.555809497833252,261.3999938964844,34.711429595947266
2020-10-20,23.29973602294922,74.96965789794922,569.0162353515625,172.33441162109375,20.25,328.7074279785156,149.33656311035156,334.6106872558594,36.67196273803711,98.92684936523438,8562.615234375,779.2611694335938,41.28335189819336,99.03858947753906,235.08303833007812,104.05098724365234,314.7314147949219,204.045166015625,463.33172607421875,214.5399932861328,576.6300048828125,420.0899963378906,222.22999572753906,133.88250732421875,38.4404411315918,3.950000047683716,8.679566383361816,61.22008514404297,30.10237693786621,281.1540222167969,30.617910385131836,12.826833724975586,525.4199829101562,104.14112091064453,136.2031707763672,123.68999481201172,72.21402740478516,77.79650115966797,4.601367473602295,267.55999755859375,34.66647720336914
2020-10-21,23.103544235229492,71.62875366210938,558.2929077148438,169.81396484375,20.719999313354492,330.3919677734375,147.4830322265625,332.40716552734375,36.35877227783203,97.4095687866211,8372.943359375,777.5377807617188,40.9368782043457,98.19676971435547,233.09671020507812,104.12725067138672,314.1280212402344,202.0067901611328,466.8171691894531,211.3800048828125,572.4000244140625,419.7300109863281,216.77000427246094,133.45066833496094,38.17097854614258,3.990000009536743,8.58694076538086,61.07258987426758,29.688982009887695,279.979736328125,30.617910385131836,12.51523208618164,489.04998779296875,103.70057678222656,134.99789428710938,120.76818084716797,72.35299682617188,79.66549682617188,4.637814521789551,278.7300109863281,34.876243591308594
2020-10-22,22.71116828918457,69.15980529785156,554.621826171875,166.6512451171875,21.18000030517578,330.57037353515625,147.24679565429688,331.7579040527344,36.45664596557617,98.88892364501953,8326.0146484375,752.744873046875,41.50543975830078,98.34026336669922,227.34011840820312,106.61532592773438,316.9891662597656,204.09486389160156,479.9923400878906,210.0800018310547,575.72998046875,423.5899963378906,214.8000030517578,132.69500732421875,37.66921615600586,3.950000047683716,8.574228286743164,60.66944122314453,29.162851333618164,279.0154724121094,30.247846603393555,12.547786712646484,485.2300109863281,105.23290252685547,133.36343383789062,122.71604919433594,71.66807556152344,80.7665023803711,4.610479354858398,278.1199951171875,34.351829528808594
2020-10-23,22.71116828918457,71.57976531982422,537.1359252929688,167.517333984375,21.100000381469727,326.6165466308594,148.48248291015625,331.9349060058594,36.60344696044922,105.77359008789062,8249.75390625,752.2415161132812,42.10066223144531,98.76117706298828,229.2204132080078,106.21495056152344,321.7284851074219,206.31222534179688,478.1799011230469,211.5800018310547,579.8099975585938,429.6600036621094,216.32000732421875,134.04934692382812,37.5670051574707,3.940000057220459,8.626897811889648,59.931968688964844,29.39773178100586,280.6861877441406,30.35496711730957,12.48267650604248,488.2799987792969,105.16586303710938,135.6516571044922,119.79424285888672,72.49195861816406,82.05000305175781,4.537586688995361,284.7900085449219,34.052162170410156
2020-10-26,22.673799514770508,69.40473175048828,530.7598266601562,163.61505126953125,20.520000457763672,315.1714782714844,145.37509155273438,328.1181640625,35.722618103027344,104.80631256103516,8234.111328125,745.900390625,40.75031280517578,96.11134338378906,228.64186096191406,102.88798522949219,314.3907775878906,200.81361389160156,480.4305419921875,207.14999389648438,585.739990234375,428.9599914550781,212.14999389648438,132.910888671875,36.47056198120117,3.890000104904175,8.58694076538086,58.51601791381836,28.777645111083984,273.43035888671875,28.913665771484375,12.278042793273926,488.239990234375,102.876953125,131.16995239257812,93.98491668701172,72.0551986694336,79.52249908447266,,277.1099853515625,32.33407211303711
2020-10-27,22.430898666381836,67.70000457763672,527.0886840820312,160.70530700683594,20.100000381469727,314.2300720214844,141.97694396972656,325.4621276855469,35.04731369018555,101.08897399902344,8355.3447265625,748.64013671875,38.60929870605469,94.83902740478516,227.71620178222656,100.29505157470703,311.90924072265625,205.31790161132812,487.2720642089844,212.19000244140625,582.52001953125,443.1600036621094,223.05999755859375,128.13148498535156,36.49843978881836,3.8499999046325684,8.43982982635498,57.84738540649414,28.18574333190918,270.6617431640625,27.891122817993164,12.129217147827148,488.92999267578125,100.96154022216797,133.72027587890625,94.47188568115234,76.18455505371094,80.21299743652344,4.5649213790893555,283.2900085449219,31.74972152709961
2020-10-28,22.3094482421875,67.48443603515625,503.9030456542969,157.085205078125,19.270000457763672,288.7337951660156,137.43397521972656,321.3796691894531,34.02946090698242,98.4337387084961,8142.208984375,731.9501342773438,37.32113265991211,93.27975463867188,221.90179443359375,97.79743957519531,299.7348937988281,202.84202575683594,474.7342529296875,208.33999633789062,567.0399780273438,422.8900146484375,226.94000244140625,124.19609069824219,35.411293029785156,3.809999942779541,8.105650901794434,56.36259460449219,27.218032836914062,260.6181335449219,27.17047119140625,11.92923355102539,486.239990234375,97.98307037353516,126.03694915771484,90.08916473388672,75.39044189453125,75.83100128173828,4.492028713226318,267.6700134277344,30.31631088256836
2020-10-29,22.35616111755371,66.65167236328125,502.5505676269531,156.43319702148438,19.739999771118164,290.5174255371094,138.19720458984375,320.4352722167969,34.049041748046875,99.24927520751953,8206.7353515625,717.0511474609375,37.26298904418945,95.83393859863281,223.36744689941406,96.63443756103516,295.53082275390625,198.38746643066406,469.9242858886719,207.00999450683594,555.7899780273438,441.79998779296875,217.88999938964844,123.13753509521484,36.015262603759766,3.8299999237060547,8.07114315032959,58.50618362426758,27.800539016723633,264.2364501953125,27.540536880493164,12.343153953552246,504.2099914550781,99.8122787475586,129.9996337890625,91.5500717163086,77.9514389038086,78.36199951171875,4.537586688995361,280.8299865722656,30.226411819458008
2020-10-30,22.03852081298828,65.4563980102539,500.908203125,153.85438537597656,20.239999771118164,286.0186767578125,137.1795654296875,317.4743957519531,33.42266845703125,101.0510482788086,8093.32373046875,707.9122314453125,38.30079650878906,94.89643859863281,221.43894958496094,95.871826171875,296.9516906738281,198.6360321044922,471.1591491699219,208.36000061035156,543.5599975585938,424.82000732421875,196.4600067138672,121.7038803100586,35.448463439941406,3.7200000286102295,8.138341903686523,58.24069595336914,28.439416885375977,263.7304992675781,27.83268928527832,12.185027122497559,475.739990234375,99.40046691894531,125.1086654663086,89.60220336914062,75.77757263183594,81.05049896240234,4.419135093688965,263.1099853515625,30.096555709838867
2020-11-02,22.841960906982422,67.77838134765625,509.1198425292969,155.92715454101562,21.1200008392334,287.33660888671875,140.54136657714844,322.5798645019531,34.303504943847656,101.50623321533203,8017.064453125,714.7664184570312,40.52852249145508,97.45062255859375,225.14166259765625,97.6449203491211,303.72491455078125,206.05368041992188,478.5583190917969,207.4199981689453,548.5800170898438,431.04998779296875,190.39999389648438,128.2437286376953,36.182518005371094,3.740000009536743,8.18011474609375,59.322330474853516,29.40712547302246,273.7072448730469,29.088964462280273,12.40826416015625,484.1199951171875,102.80032348632812,125.57532501220703,88.62825775146484,76.9091796875,81.30149841308594,4.492028713226318,261.3599853515625,30.111539840698242
2020-11-03,23.000782012939453,68.05268859863281,524.8668212890625,160.2284698486328,21.1200008392334,292.70733642578125,146.828857421875,329.298583984375,34.14691162109375,107.49950408935547,8148.07470703125,728.2811279296875,42.79203796386719,99.86127471923828,225.85519409179688,98.31221771240234,312.7267150878906,209.29518127441406,489.46295166015625,211.13999938964844,557.1900024414062,444.1000061035156,195.24000549316406,133.63467407226562,36.870113372802734,3.859999895095825,8.227335929870605,60.797271728515625,30.994924545288086,275.95086669921875,31.134050369262695,12.622199058532715,487.2200012207031,106.54496765136719,129.95472717285156,92.52400970458984,74.41766357421875,82.510498046875,4.473804473876953,265.29998779296875,30.840728759765625
2020-11-04,22.552349090576172,73.23551940917969,534.4309692382812,163.70262145996094,20.530000686645508,304.41015625,149.62730407714844,345.3823547363281,36.35877227783203,104.6735610961914,8515.6865234375,752.4931030273438,40.286964416503906,101.21968841552734,228.59365844726562,97.67351531982422,345.0455017089844,210.5082550048828,508.8522033691406,215.08999633789062,587.1400146484375,469.3599853515625,198.74000549316406,129.4220733642578,37.40904235839844,3.8299999237060547,8.438013076782227,63.77666091918945,29.378942489624023,276.1895446777344,30.578954696655273,12.757072448730469,496.95001220703125,101.42123413085938,137.6879425048828,94.47188568115234,78.13011169433594,87.45649719238281,4.847382068634033,287.3800048828125,31.080463409423828
2020-11-05,22.318790435791016,71.43281555175781,545.9271240234375,164.70497131347656,21.43000030517578,313.6553955078125,151.4990234375,350.19268798828125,37.376625061035156,104.46493530273438,8615.4111328125,756.1332397460938,40.609046936035156,101.28663635253906,231.3417510986328,99.15111541748047,344.8897705078125,213.202880859375,512.6265869140625,219.47999572753906,588.8099975585938,467.9700012207031,208.50999450683594,135.07814025878906,38.36610794067383,4.050000190734863,8.510661125183105,68.78164672851562,29.7453556060791,289.6032409667969,30.501047134399414,12.938451766967773,513.760009765625,105.89584350585938,141.33865356445312,94.95884704589844,80.2344970703125,88.16850280761719,4.874716281890869,294.67999267578125,32.21919631958008
2020-11-06,22.234708786010742,69.17940521240234,548.2457275390625,163.9945526123047,20.93000030517578,310.7916259765625,153.4979248046875,348.5892333984375,37.415771484375,105.2046127319336,8644.7412109375,769.0476684570312,39.20441436767578,100.339599609375,233.49203491210938,98.72213745117188,338.1360168457031,212.7156524658203,525.4730834960938,220.27999877929688,578.030029296875,478.1000061035156,206.13999938964844,136.0011749267578,38.63557052612305,4.010000228881836,8.363550186157227,69.3519515991211,30.083585739135742,292.8301696777344,29.303205490112305,13.240752220153809,514.72998046875,106.04048919677734,145.3512420654297,95.93279266357422,79.17237854003906,88.0875015258789,4.911162853240967,293.4100036621094,32.2591552734375
2020-11-09,21.767593383789062,63.63408279418945,581.2853393554688,149.32923889160156,22.1200008392334,341.4308166503906,168.3443603515625,340.76873779296875,37.2004508972168,121.89471435546875,8372.943359375,719.50048828125,53.68017578125,95.28865051269531,229.47113037109375,107.93086242675781,340.6078186035156,197.42295837402344,482.9799499511719,222.85000610351562,567.5499877929688,436.45001220703125,177.97999572753906,144.66207885742188,37.95726013183594,4.71999979019165,8.566963195800781,70.1091079711914,30.30906867980957,298.5107727050781,28.056676864624023,13.715131759643555,470.5,109.45430755615234,136.05593872070312,96.41976165771484,77.98121643066406,88.1500015258789,4.929385662078857,278.7699890136719,32.0843505859375
2020-11-10,21.42193031311035,69.44393157958984,590.2698974609375,151.52854919433594,22.920000076293945,331.7396240234375,174.1593475341797,329.6429443359375,37.56258010864258,127.4517822265625,8077.68017578125,703.5848388671875,51.112464904785156,95.60433959960938,224.07135009765625,109.208251953125,344.1988220214844,200.0181427001953,466.6479187011719,215.35000610351562,559.219970703125,441.2300109863281,172.44000244140625,149.36563110351562,36.21968460083008,4.730000019073486,8.536087036132812,68.23100280761719,31.887470245361328,295.93304443359375,29.390853881835938,13.761638641357422,480.239990234375,110.76583099365234,127.46431732177734,97.39369201660156,73.25628662109375,87.01950073242188,4.765377044677734,272.42999267578125,32.26914596557617
2020-11-11,21.73956871032715,71.37401580810547,602.2491455078125,153.75704956054688,22.440000534057617,329.371337890625,170.9247589111328,338.3684387207031,35.93793869018555,128.5138702392578,8284.951171875,736.57763671875,49.78835678100586,97.59410095214844,229.92431640625,105.0900650024414,342.2622375488281,202.34486389160156,481.99407958984375,216.72000122070312,567.72998046875,455.05999755859375,182.5500030517578,142.84544372558594,36.27543640136719,4.610000133514404,8.645059585571289,69.971435546875,32.159934997558594,268.12213134765625,30.1309814453125,13.91976547241211,490.760009765625,110.00399780273438,133.932373046875,99.34156799316406,72.89894104003906,87.635498046875,4.692483901977539,276.4800109863281,32.403995513916016
2020-11-12,21.730224609375,69.97299194335938,588.0478515625,153.73760986328125,21.799999237060547,325.3086242675781,169.9434814453125,336.1551208496094,35.9575080871582,125.5172348022461,8384.67578125,736.0548706054688,46.63911819458008,98.16807556152344,229.50006103515625,104.47997283935547,344.8995361328125,200.39598083496094,484.5434875488281,218.30999755859375,556.780029296875,449.2200012207031,186.99000549316406,141.98130798339844,36.052433013916016,4.230000019073486,8.399873733520508,68.6341552734375,31.596223831176758,253.29544067382812,29.128084182739258,13.9104642868042,486.7699890136719,109.28072357177734,134.31915283203125,97.39369201660156,72.75997161865234,87.49199676513672,4.719819068908691,275.0799865722656,32.174251556396484
2020-11-13,21.664831161499023,71.78550720214844,588.3377685546875,154.95399475097656,23.1200008392334,331.9873352050781,173.159912109375,336.35186767578125,36.84649658203125,127.22417449951172,8206.7353515625,736.5389404296875,49.03683090209961,99.03858947753906,234.39840698242188,107.24449920654297,346.125732421875,198.45704650878906,486.5650329589844,225.52000427246094,566.4299926757812,453.6400146484375,183.07000732421875,147.0482177734375,36.16393280029297,4.400000095367432,8.48705005645752,71.5938720703125,31.3895263671875,251.920654296875,30.47832489013672,13.891860961914062,482.8399963378906,110.37043762207031,132.72459411621094,99.34156799316406,75.89669036865234,88.85099792480469,4.637814521789551,276.95001220703125,33.018306732177734
2020-11-16,21.627460479736328,72.6280746459961,598.094970703125,157.5522918701172,24.06999969482422,332.4035949707031,175.2496795654297,334.0892639160156,37.07243347167969,131.60531616210938,8079.6357421875,731.00146484375,50.72775650024414,98.78030395507812,230.54144287109375,106.40560150146484,347.244873046875,203.3391876220703,478.99652099609375,224.27000427246094,559.2899780273438,455.3699951171875,177.0,149.08087158203125,35.9409294128418,4.909999847412109,8.468889236450195,73.2359848022461,32.10356140136719,254.37425231933594,31.691585540771484,13.812798500061035,479.1000061035156,113.3117446899414,134.90309143066406,98.36763000488281,75.27133178710938,89.06900024414062,4.710707664489746,278.9599914550781,33.63762283325195
2020-11-17,21.898386001586914,71.98146057128906,599.0610961914062,155.56710815429688,24.299999237060547,333.4440002441406,179.41104125976562,331.17755126953125,37.29836654663086,131.24496459960938,7758.95361328125,729.7869873046875,53.91277313232422,99.67952728271484,230.6282196044922,104.99474334716797,342.6515197753906,203.60765075683594,477.0147705078125,222.9600067138672,538.1500244140625,455.8500061035156,179.33999633789062,150.26901245117188,36.089595794677734,5.019999980926514,8.325409889221191,73.12781524658203,31.690170288085938,254.23104858398438,32.777652740478516,13.905813217163086,480.6300048828125,111.93270874023438,133.97482299804688,95.93279266357422,74.46730041503906,88.50749969482422,4.965832233428955,275.0,33.892337799072266
2020-11-18,21.795621871948242,73.02977752685547,602.345703125,142.7994384765625,24.5,332.88909912109375,179.84716796875,331.0003662109375,37.38676834106445,134.279541015625,7913.42919921875,713.4071044921875,51.192989349365234,97.00100708007812,229.2011260986328,104.35604858398438,335.26519775390625,197.90023803710938,452.297607421875,216.35000610351562,519.0399780273438,444.05999755859375,181.8699951171875,148.51133728027344,36.16393280029297,4.989999771118164,8.305432319641113,74.66631317138672,32.019004821777344,255.5772247314453,32.59175491333008,13.8639554977417,481.7900085449219,112.58845520019531,134.03968811035156,95.93279266357422,74.91398620605469,87.33899688720703,4.95672082901001,271.9700012207031,33.762481689453125
2020-11-19,21.973125457763672,73.57842254638672,591.2359008789062,145.58261108398438,25.030000686645508,330.84783935546875,176.6852569580078,333.11541748046875,37.78951644897461,131.75706481933594,7911.47412109375,709.7833862304688,51.846099853515625,95.65216064453125,229.905029296875,105.8145751953125,327.95672607421875,197.64170837402344,451.2220764160156,211.97000122070312,514.7100219726562,457.19000244140625,191.19000244140625,148.12840270996094,36.30331039428711,4.960000038146973,8.283637046813965,76.1850814819336,31.201618194580078,258.1167297363281,33.981136322021484,13.794194221496582,484.6700134277344,113.90963745117188,134.15444946289062,98.36763000488281,74.6261215209961,88.19599914550781,4.929385662078857,272.94000244140625,34.21198272705078
2020-11-20,21.945098876953125,73.48045349121094,592.8782348632812,145.90374755859375,25.489999771118164,320.066650390625,177.50299072265625,332.7711181640625,37.51446533203125,130.6380615234375,7952.53662109375,707.3836669921875,52.6334114074707,95.92002868652344,224.34132385253906,105.0138168334961,325.71844482421875,201.5792236328125,449.170654296875,215.2100067138672,518.739990234375,464.2900085449219,200.0,144.68170166015625,36.972328186035156,4.920000076293945,8.283637046813965,75.66239166259766,31.521059036254883,258.2313232421875,33.22773361206055,13.845353126525879,488.239990234375,113.21529388427734,130.6359405517578,95.44581604003906,75.8371353149414,87.1094970703125,4.993167400360107,269.70001220703125,34.13207244873047
2020-11-23,21.75825309753418,75.71426391601562,589.3037719726562,149.54331970214844,26.5,329.0245361328125,178.8295440673828,331.6299743652344,37.927040100097656,132.951904296875,7708.11376953125,691.1981811523438,54.2617073059082,95.2408218383789,220.72543334960938,105.78596496582031,326.06878662109375,197.2439727783203,444.1814270019531,217.8699951171875,523.6099853515625,459.7900085449219,194.00999450683594,146.7045135498047,36.517024993896484,5.019999980926514,8.200092315673828,79.39028930664062,31.521059036254883,262.7948303222656,34.529056549072266,13.784892082214355,476.6199951171875,115.97335052490234,131.15750122070312,96.41976165771484,74.119873046875,86.74299621582031,5.257404327392578,268.42999267578125,34.651493072509766
2020-11-24,21.804964065551758,72.78485107421875,583.8937377929688,150.7987060546875,27.200000762939453,339.2805480957031,181.70068359375,329.4220886230469,37.51446533203125,142.4349365234375,7446.0927734375,672.66162109375,55.54108428955078,94.52335357666016,219.90579223632812,108.73162078857422,326.9933166503906,197.6317596435547,437.73822021484375,216.5,506.1000061035156,446.8299865722656,186.4199981689453,152.2624053955078,37.093116760253906,5.409999847412109,8.183747291564941,81.80650329589844,32.78002166748047,271.15814208984375,34.24530792236328,13.836050987243652,482.8800048828125,118.85677337646484,129.33836364746094,95.44581604003906,75.23162078857422,88.44400024414062,5.220958232879639,276.9200134277344,35.12596893310547
2020-11-25,21.851673126220703,74.51897430419922,583.50732421875,150.72085571289062,27.299999237060547,338.2202453613281,180.44683837890625,333.1972351074219,38.18244171142578,135.9864959716797,7553.638671875,673.7884521484375,54.288551330566406,94.71468353271484,224.66917419433594,108.01664733886719,324.2489318847656,195.34483337402344,446.59136962890625,218.10000610351562,508.30999755859375,446.4800109863281,190.58999633789062,150.84837341308594,37.650630950927734,6.0,8.28908634185791,80.0214614868164,33.48466491699219,265.5253601074219,34.20616912841797,14.06859016418457,485.0,117.83456420898438,132.10324096679688,97.39369201660156,74.19928741455078,88.57150268554688,5.18961763381958,275.5899963378906,34.63650894165039
2020-11-26,22.0291805267334,,582.25146484375,,,,180.17425537109375,,,133.80540466308594,7672.91748046875,,,,,,,,,,,,,,37.650630950927734,,8.327226638793945,,32.59211349487305,,,14.03603458404541,,,,98.36763000488281,,,5.355537414550781,,
2020-11-27,22.244054794311523,74.44060516357422,585.6327514648438,150.5164794921875,27.479999542236328,335.99066162109375,179.82899475097656,336.67669677734375,38.0252685546875,132.28811645507812,7743.31103515625,680.5697631835938,54.436885833740234,96.23570251464844,225.72019958496094,109.23685455322266,328.8714599609375,198.86471557617188,451.5208740234375,226.7100067138672,514.0499877929688,454.2300109863281,196.4499969482422,150.28866577148438,37.64133834838867,5.789999961853027,8.323594093322754,81.5205078125,32.084774017333984,265.24847412109375,33.11032485961914,14.091843605041504,491.3599853515625,117.5549087524414,132.3677520751953,95.93279266357422,75.39044189453125,89.65950012207031,5.33710241317749,277.80999755859375,34.87125015258789
2020-11-30,22.412216186523438,72.9906005859375,584.4734497070312,151.63560485839844,26.90999984741211,333.45391845703125,179.68360900878906,346.7403564453125,37.25906753540039,127.60350036621094,7925.1611328125,677.9174194335938,52.0544319152832,95.7095718383789,222.93353271484375,108.388427734375,327.3144836425781,198.7056427001953,463.0528869628906,227.75,516.030029296875,460.9800109863281,198.77000427246094,147.40171813964844,37.85505676269531,5.21999979019165,8.27273941040039,81.3429946899414,30.835203170776367,267.453857421875,33.49191665649414,14.138351440429688,490.70001220703125,116.79305267333984,133.7676544189453,99.34156799316406,72.4621810913086,88.03700256347656,5.097439289093018,276.9700012207031,34.476688385009766
2020-12-01,22.187997817993164,70.6294174194336,587.2750244140625,149.2805938720703,27.68000030517578,335.8023681640625,181.46446228027344,329.5305480957031,38.2315559387207,135.83474731445312,7811.7490234375,692.2862548828125,52.665767669677734,95.85304260253906,227.39801025390625,106.90131378173828,332.0342712402344,200.3164520263672,469.1474914550781,230.3000030517578,514.0700073242188,467.8599853515625,195.19000244140625,149.16925048828125,38.03160095214844,5.239999771118164,8.205541610717773,83.10830688476562,31.464689254760742,270.35614013671875,33.61910629272461,14.133700370788574,504.5799865722656,116.39766693115234,133.65286254882812,99.34156799316406,74.0503921508789,89.90499877929688,5.143527984619141,286.54998779296875,35.22085952758789
2020-12-02,21.973125457763672,67.86654663085938,584.5699462890625,147.73329162597656,28.3700008392334,337.1302490234375,180.68307495117188,328.50543212890625,38.52625274658203,139.34347534179688,8558.705078125,670.9517822265625,53.8974609375,93.28931427001953,220.71575927734375,108.2931137084961,338.2332763671875,197.71131896972656,476.9052429199219,226.6999969482422,505.1300048828125,462.5899963378906,195.02999877929688,149.84681701660156,37.70638656616211,5.349999904632568,8.274557113647461,84.11425018310547,31.586824417114258,261.477294921875,33.47233963012695,14.11044692993164,503.3800048828125,114.68110656738281,135.19503784179688,97.39369201660156,73.95113372802734,91.39749908447266,5.106657028198242,287.5199890136719,35.22085952758789
2020-12-03,21.870361328125,71.07957458496094,584.4734497070312,147.88900756835938,28.239999771118164,332.0964050292969,180.06521606445312,321.9309387207031,38.52625274658203,140.8797149658203,8478.53515625,672.9238891601562,55.91130828857422,92.88753509521484,218.13160705566406,107.21590423583984,339.32330322265625,195.5238037109375,475.2221984863281,226.8699951171875,498.8399963378906,460.07000732421875,197.2100067138672,149.99407958984375,37.6599235534668,5.25,8.183747291564941,84.91307067871094,31.87807846069336,255.14756774902344,35.448795318603516,13.998828887939453,497.5199890136719,112.56918334960938,133.75230407714844,99.34156799316406,75.88676452636719,91.3385009765625,5.217270374298096,281.8500061035156,35.4156494140625
2020-12-04,21.403244018554688,70.02821350097656,581.4785766601562,145.97190856933594,28.479999542236328,341.2227478027344,179.95619201660156,334.5870361328125,38.87005615234375,140.93661499023438,8441.3818359375,688.1573486328125,57.448673248291016,94.37986755371094,220.49400329589844,108.53141784667969,341.72589111328125,197.7212677001953,472.6529235839844,228.32000732421875,492.45001220703125,457.1499938964844,203.66000366210938,154.83514404296875,36.963035583496094,5.869999885559082,8.203725814819336,87.61530303955078,32.413604736328125,261.36279296875,35.957576751708984,14.115097999572754,498.30999755859375,114.58467864990234,135.3722381591797,97.39369201660156,75.17206573486328,91.39949798583984,5.263359546661377,279.70001220703125,36.00998306274414
2020-12-07,21.664831161499023,72.5141372680664,569.4027709960938,147.908447265625,28.799999237060547,337.8634948730469,178.70233154296875,331.4229736328125,39.164756774902344,138.69863891601562,8521.5517578125,677.6842651367188,56.12709045410156,93.29888916015625,216.25131225585938,107.34934997558594,339.7432556152344,196.20989990234375,470.9300842285156,227.05999755859375,495.4100036621094,459.3599853515625,197.3000030517578,152.56680297851562,36.52631759643555,6.150000095367432,8.152872085571289,87.91117095947266,31.84989356994629,256.9901428222656,36.27067565917969,14.119749069213867,515.780029296875,113.21529388427734,135.8564910888672,99.34156799316406,75.27133178710938,90.9739990234375,5.291012763977051,285.5799865722656,35.15093994140625
2020-12-08,21.68351173400879,69.59588623046875,565.055419921875,147.17860412597656,28.09000015258789,337.695068359375,177.3576202392578,328.9194030761719,39.03705596923828,138.79345703125,8527.4189453125,675.47900390625,55.47077178955078,92.7057876586914,215.6149139404297,105.98616790771484,339.7432556152344,200.95281982421875,472.0155944824219,229.8300018310547,497.1400146484375,460.69000244140625,198.25999450683594,156.3179168701172,36.91657638549805,6.53000020980835,8.223702430725098,88.51276397705078,32.10356140136719,256.083251953125,36.75990295410156,14.073241233825684,512.6599731445312,113.65889739990234,133.29298400878906,100.31550598144531,75.27133178710938,90.92749786376953,5.291012763977051,283.3999938964844,35.895111083984375
2020-12-09,22.04786491394043,68.6919174194336,554.8150024414062,155.82986450195312,28.5,333.79083251953125,179.22930908203125,322.59136962890625,38.457489013671875,138.3572235107422,8464.8466796875,659.0797119140625,55.77646255493164,92.24661254882812,211.59400939941406,107.67347717285156,336.373779296875,201.2212677001953,459.46783447265625,224.3800048828125,488.6400146484375,449.8800048828125,192.27999877929688,157.0445098876953,36.56348419189453,6.679999828338623,8.34538745880127,86.60936737060547,31.333154678344727,258.3172607421875,37.71876525878906,14.00813102722168,493.6000061035156,113.68782806396484,129.10696411132812,99.34156799316406,74.04046630859375,89.20649719238281,5.272577285766602,277.9200134277344,35.725303649902344
2020-12-10,21.93575668334961,68.7508773803711,553.8489379882812,155.91744995117188,28.790000915527344,328.50921630859375,178.48426818847656,321.162109375,38.3199577331543,134.4312744140625,8484.400390625,667.4251098632812,55.69554138183594,92.96408081054688,211.56507873535156,107.41607666015625,331.72479248046875,206.41163635253906,466.7973327636719,224.0399932861328,478.9800109863281,454.2699890136719,199.00999450683594,158.8709716796875,36.386940002441406,6.809999942779541,8.301799774169922,86.67841339111328,30.94794464111328,256.6465148925781,38.07100296020508,13.956971168518066,501.0899963378906,111.04550170898438,129.52134704589844,98.36763000488281,75.28125762939453,88.7665023803711,5.364755153656006,277.1199951171875,36.03995132446289
2020-12-11,21.664831161499023,68.6919174194336,554.0421142578125,153.5819091796875,28.93000030517578,324.44647216796875,172.56024169921875,320.16656494140625,38.91917037963867,129.02593994140625,8335.791015625,669.2417602539062,54.88640594482422,93.14583587646484,211.96044921875,107.13008117675781,329.2050476074219,203.00111389160156,469.4363098144531,224.1699981689453,479.7699890136719,456.2300109863281,199.5800018310547,154.72714233398438,36.191810607910156,6.889999866485596,8.082039833068848,87.082763671875,30.47818374633789,255.25259399414062,38.902671813964844,13.650020599365234,503.2200012207031,111.47945404052734,129.9307098388672,97.39369201660156,74.58641815185547,89.0885009765625,5.429279327392578,273.54998779296875,35.780242919921875
2020-12-14,21.88904571533203,69.17337036132812,544.9610595703125,155.7909393310547,28.649999618530273,328.142578125,175.013427734375,319.04296875,38.52625274658203,135.00025939941406,8515.6865234375,670.3784790039062,54.23576736450195,92.66753387451172,208.97128295898438,106.73926544189453,328.2869873046875,202.95140075683594,465.41119384765625,228.1300048828125,500.3800048828125,458.1700134277344,194.6300048828125,157.95779418945312,36.62852478027344,7.150000095367432,8.083857536315918,87.27999877929688,30.750646591186523,253.38137817382812,38.57978820800781,13.798845291137695,522.4199829101562,109.78219604492188,132.88111877441406,96.41976165771484,72.62100219726562,88.00299835205078,5.908604621887207,274.19000244140625,36.1748046875
2020-12-15,21.879703521728516,69.71379089355469,550.37109375,158.9439239501953,28.719999313354492,330.6199035644531,176.32180786132812,319.2006530761719,38.92900085449219,137.21926879882812,8644.7412109375,675.8287353515625,56.55949020385742,95.23125457763672,209.48233032226562,109.52284240722656,331.7443542480469,204.60198974609375,469.24700927734375,228.80999755859375,491.7900085449219,464.9599914550781,196.11000061035156,158.04611206054688,36.730735778808594,7.25,8.109284400939941,87.25041198730469,30.929157257080078,257.7826232910156,37.54264450073242,13.877908706665039,519.780029296875,112.38594818115234,133.3978271484375,96.90672302246094,72.581298828125,88.38849639892578,6.21279239654541,275.54998779296875,36.82907485961914
2020-12-16,22.0291805267334,69.93978881835938,537.4256591796875,158.81741333007812,28.790000915527344,329.083984375,180.44683837890625,316.273193359375,39.49873733520508,136.74513244628906,8625.1875,670.533935546875,55.7043571472168,95.51823425292969,211.76754760742188,109.59910583496094,331.42205810546875,200.82354736328125,456.1055603027344,232.11000061035156,486.57000732421875,467.5799865722656,187.07000732421875,158.64515686035156,37.76213073730469,7.369999885559082,8.19827651977539,87.32931518554688,31.45528793334961,256.722900390625,37.11213684082031,13.96627426147461,524.8300170898438,111.2576675415039,132.21966552734375,100.31550598144531,73.51437377929688,88.1500015258789,6.3510589599609375,275.6700134277344,36.89400100708008
2020-12-17,21.75825309753418,72.18988800048828,552.6896362304688,159.1482696533203,28.739999771118164,333.8403625488281,182.4003143310547,316.46044921875,39.70501708984375,138.01585388183594,8681.8935546875,692.4417724609375,55.92742919921875,96.77874755859375,214.74708557128906,109.9518051147461,333.69769287109375,201.5394744873047,463.229248046875,236.9199981689453,496.2099914550781,477.79998779296875,196.80999755859375,161.77760314941406,38.46831512451172,7.320000171661377,8.254579544067383,86.29379272460938,31.896865844726562,256.43646240234375,37.99272918701172,14.0267333984375,532.9000244140625,111.18051147460938,133.2056427001953,100.31550598144531,74.72538757324219,87.3949966430664,6.258881568908691,274.4800109863281,37.313541412353516
2020-12-18,21.879703521728516,71.95407104492188,539.068115234375,158.81741333007812,27.799999237060547,337.2392272949219,182.21859741210938,317.8798522949219,39.33174514770508,137.50376892089844,8722.95703125,689.5173950195312,54.01267623901367,94.36358642578125,213.59963989257812,111.25782012939453,330.48443603515625,203.9457244873047,464.96282958984375,236.72000122070312,498.8900146484375,485.5199890136719,196.33999633789062,161.37496948242188,38.29176712036133,7.539999961853027,8.22188663482666,84.90321350097656,32.64848709106445,257.3433837890625,37.36652374267578,14.054637908935547,534.4500122070312,111.94234466552734,132.51419067382812,99.34156799316406,74.75515747070312,86.55049896240234,6.461672782897949,276.3999938964844,36.41952896118164
2020-12-21,21.506010055541992,71.24662017822266,527.1853637695312,159.9170684814453,27.3700008392334,331.3333740234375,177.17588806152344,315.0016784667969,38.99776077270508,133.9571075439453,8633.009765625,684.33935546875,51.82837677001953,93.5745849609375,211.92185974121094,109.64830017089844,328.23809814453125,203.75680541992188,461.17681884765625,234.5500030517578,496.739990234375,489.67999267578125,199.75,160.14752197265625,37.52054977416992,7.389999866485596,8.01484203338623,85.21881866455078,31.708959579467773,252.5125732421875,37.38609313964844,13.756988525390625,528.9099731445312,112.8102798461914,133.11573791503906,100.31550598144531,73.34562683105469,86.96849822998047,6.452455043792725,272.7900085449219,36.48945236206055
2020-12-22,21.46864128112793,71.05992889404297,538.00537109375,160.18955993652344,27.209999084472656,329.2227478027344,176.9941864013672,314.36102294921875,38.791473388671875,138.43309020996094,8732.734375,693.1217651367188,52.00498580932617,93.95947265625,212.60647583007812,109.82074737548828,327.1930847167969,202.23548889160156,463.48828125,234.89999389648438,490.05999755859375,499.1499938964844,206.0399932861328,160.32427978515625,37.05595397949219,7.829999923706055,7.998495578765869,84.45941925048828,32.39481735229492,252.05435180664062,36.75990295410156,13.626766204833984,527.3300170898438,112.45345306396484,132.57659912109375,99.34156799316406,72.75004577636719,86.17500305175781,6.452455043792725,267.0899963378906,36.32463073730469
2020-12-23,21.63680076599121,69.51728820800781,535.30029296875,158.06808471679688,28.260000228881836,326.24005126953125,181.70068359375,309.1369323730469,38.948646545410156,143.97119140625,8701.447265625,683.056884765625,52.71139144897461,92.55464172363281,209.62696838378906,109.15969848632812,329.7128601074219,202.90167236328125,456.65350341796875,235.83999633789062,492.19000244140625,493.67999267578125,209.4199981689453,162.8675537109375,37.21391296386719,7.820000171661377,8.161952018737793,82.87161254882812,32.44179153442383,254.19287109375,37.444801330566406,13.770940780639648,514.47998046875,112.84883880615234,129.89076232910156,98.36763000488281,73.10739135742188,86.61900329589844,6.452455043792725,268.1099853515625,36.659263610839844
2020-12-24,21.917072296142578,70.59810638427734,533.9478149414062,158.3989715576172,28.56999969482422,332.94854736328125,,312.044677734375,39.13528823852539,146.6074676513672,8679.9375,685.83544921875,52.739288330078125,93.56495666503906,212.0122528076172,109.24592590332031,332.8382263183594,202.71275329589844,456.4044189453125,234.4600067138672,488.92999267578125,497.1400146484375,207.9499969482422,161.5377960205078,,7.650000095367432,,84.15370178222656,32.79880905151367,256.1977844238281,37.924232482910156,,513.969970703125,113.86141204833984,129.7360076904297,,69.23612213134766,86.94249725341797,6.3049702644348145,267.3999938964844,36.45449447631836
2020-12-28,22.04786491394043,69.17337036132812,552.013427734375,157.6885528564453,29.450000762939453,341.34161376953125,183.80862426757812,313.4837341308594,38.78165054321289,,,689.6632080078125,54.21717071533203,94.5079345703125,214.35879516601562,110.29977416992188,337.8778381347656,201.3704376220703,459.0346984863281,232.47000122070312,482.9599914550781,494.70001220703125,197.8300018310547,161.30174255371094,38.1152229309082,7.599999904632568,8.294534683227539,83.70003509521484,,256.43646240234375,36.642478942871094,14.00347900390625,519.1199951171875,113.52389526367188,128.79995727539062,105.18518829345703,66.7843246459961,88.80449676513672,6.664464473724365,277.0,36.38456726074219
2020-12-29,22.04786491394043,68.77051544189453,557.9063720703125,156.22885131835938,29.690000534057617,343.51177978515625,183.17262268066406,316.88427734375,38.732540130615234,141.56248474121094,8898.9404296875,688.594482421875,53.631591796875,94.02682495117188,213.78671264648438,110.72132110595703,339.24517822265625,201.05224609375,461.1568603515625,233.49000549316406,484.2200012207031,494.07000732421875,198.97999572753906,161.1345672607422,37.67850875854492,7.53000020980835,8.256394386291504,83.10830688476562,32.60151290893555,256.560546875,35.859737396240234,14.0267333984375,530.8699951171875,112.98385620117188,129.23179626464844,105.18518829345703,69.3453140258789,87.93599700927734,6.636810302734375,276.7799987792969,35.710323333740234
2020-12-30,21.832992553710938,68.89826965332031,568.0502319335938,156.24830627441406,29.809999465942383,352.3209533691406,183.85406494140625,318.99365234375,38.987937927246094,141.18319702148438,8895.0302734375,680.4532470703125,53.9476203918457,95.08525085449219,213.6509552001953,110.78838348388672,336.9402160644531,200.36614990234375,460.0310363769531,232.67999267578125,478.29998779296875,496.9599914550781,203.57000732421875,159.67889404296875,37.771427154541016,7.599999904632568,8.243681907653809,85.78094482421875,32.72365188598633,258.8232421875,36.73054504394531,13.989526748657227,524.5900268554688,115.04756927490234,131.25364685058594,106.15912628173828,71.19161224365234,86.97599792480469,6.59072208404541,271.8699951171875,36.20976257324219
2020-12-31,21.590089797973633,67.71916198730469,574.2330932617188,156.1996612548828,30.09000015258789,353.6983642578125,,324.0205993652344,39.77378845214844,139.096923828125,8807.037109375,693.8406982421875,55.3790397644043,95.89350128173828,217.64588928222656,112.2254638671875,342.4974365234375,202.3945770263672,464.066162109375,236.33999633789062,483.1099853515625,499.8699951171875,199.9600067138672,161.75421142578125,,7.760000228881836,,85.1103286743164,31.962635040283203,262.1429748535156,36.36851501464844,,540.72998046875,115.85762786865234,130.3475799560547,,71.3603515625,87.59400177001953,6.738206386566162,273.1600036621094,36.60432434082031
2021-01-04,22.225370407104492,66.16669464111328,560.9978637695312,156.07318115234375,30.6299991607666,348.2978820800781,181.06468200683594,328.475830078125,38.948646545410156,136.1002960205078,9055.3720703125,672.83642578125,53.24120330810547,92.41030883789062,212.93344116210938,111.15243530273438,341.3450012207031,203.717041015625,470.08392333984375,229.42999267578125,482.8599853515625,491.7699890136719,200.6300048828125,160.94764709472656,37.715675354003906,7.130000114440918,8.256394386291504,85.67247009277344,33.0149040222168,257.3265075683594,36.13369369506836,14.063939094543457,522.8599853515625,114.51718139648438,130.93165588378906,101.28944396972656,72.31328582763672,86.41200256347656,7.023958206176758,268.94000244140625,36.20477294921875
2021-01-05,22.122604370117188,65.25289916992188,552.1099853515625,156.59864807128906,31.520000457763672,344.2648620605469,178.4115753173828,323.74462890625,38.57536315917969,135.79681396484375,8834.4130859375,671.845458984375,52.49761199951172,92.55464172363281,214.00973510742188,112.04341888427734,336.754638671875,207.5948944091797,475.9621887207031,228.5800018310547,483.45001220703125,497.260009765625,200.97000122070312,162.2951202392578,37.436920166015625,7.460000038146973,8.118364334106445,88.36483001708984,32.498165130615234,270.941162109375,37.0142936706543,13.947669982910156,520.7999877929688,115.73226928710938,133.8396453857422,100.31550598144531,76.09522247314453,87.0459976196289,7.033175945281982,270.9700012207031,36.68922805786133
2021-01-06,22.197341918945312,64.70265197753906,555.6845092773438,158.69090270996094,34.25,344.39361572265625,187.5792999267578,324.14874267578125,38.653953552246094,147.02471923828125,8930.2275390625,649.9085693359375,55.016536712646484,90.36080932617188,208.3664093017578,113.87327575683594,350.88702392578125,215.91737365722656,483.4246520996094,226.64999389648438,470.0899963378906,483.6000061035156,204.14999389648438,167.75381469726562,37.38116455078125,7.949999809265137,8.23096752166748,89.577880859375,35.05366897583008,278.2138977050781,39.0494384765625,14.091843605041504,500.489990234375,121.94270324707031,125.94938659667969,101.28944396972656,73.0776138305664,86.7645034790039,6.894908905029297,263.30999755859375,36.993892669677734
2021-01-07,22.159971237182617,67.49317169189453,557.8098754882812,159.313720703125,34.400001525878906,347.1221008300781,186.57984924316406,324.355712890625,39.459442138671875,148.04888916015625,8816.8154296875,659.6334228515625,55.30467224121094,91.71752166748047,210.8971710205078,113.7199935913086,356.5125732421875,217.0509033203125,498.4889831542969,232.89999389648438,481.20001220703125,495.19000244140625,228.77999877929688,170.74380493164062,38.2731819152832,8.100000381469727,8.301799774169922,93.2564468383789,36.39719009399414,273.7236328125,39.4995231628418,14.296477317810059,508.8900146484375,124.48860168457031,133.23306274414062,101.28944396972656,72.31328582763672,89.36250305175781,6.968651294708252,268.739990234375,38.12763595581055
2021-01-08,22.094573974609375,65.79331970214844,566.4078369140625,160.61776733398438,34.630001068115234,351.0809631347656,186.35269165039062,322.16748046875,39.77378845214844,145.0143280029297,9000.6220703125,672.7393798828125,55.99249267578125,92.94913482666016,215.45449829101562,114.68763732910156,354.910888671875,212.3378143310547,510.41497802734375,237.0,498.7300109863281,513.2000122070312,227.77999877929688,169.4455108642578,38.46831512451172,8.050000190734863,8.312697410583496,94.24267578125,35.607994079589844,274.1553649902344,37.60135269165039,14.133700370788574,510.3999938964844,122.35738372802734,132.56161499023438,102.26337432861328,76.37315368652344,90.3604965209961,7.291274070739746,267.57000732421875,38.567142486572266
2021-01-11,21.945098876953125,66.87413787841797,563.31640625,161.8536376953125,35.130001068115234,345.47515869140625,184.5355224609375,314.6271667480469,39.8621940612793,143.3832550048828,8998.666015625,662.9561157226562,55.52775192260742,91.08246612548828,208.3955078125,113.52839660644531,352.3324890136719,215.7682342529297,511.46112060546875,234.63999938964844,502.9200134277344,506.54998779296875,220.86000061035156,168.5504913330078,38.10593032836914,8.489999771118164,8.227335929870605,96.60958099365234,35.2603645324707,271.65118408203125,37.72854995727539,14.143001556396484,499.1000061035156,122.43453216552734,136.00376892089844,102.26337432861328,75.1919174194336,88.33599853515625,6.811948776245117,256.8399963378906,37.77302932739258
2021-01-12,22.27208137512207,67.2376937866211,555.9742431640625,164.45193481445312,35.29999923706055,340.2364807128906,183.8994903564453,311.33489990234375,39.70501708984375,146.26608276367188,8775.7509765625,657.2630004882812,56.3364143371582,91.13057708740234,208.3858184814453,112.36915588378906,349.03131103515625,218.95005798339844,496.9347229003906,229.3800048828125,505.75,496.7300109863281,230.08999633789062,169.4061737060547,38.69131851196289,9.25,8.063879013061523,98.63133239746094,34.98790740966797,271.5840148925781,36.82838439941406,14.059288024902344,494.25,123.76533508300781,134.63839721679688,102.26337432861328,75.65846252441406,87.32749938964844,7.420322895050049,251.08999633789062,38.33240509033203
2021-01-13,22.683141708374023,67.52265930175781,551.4337158203125,165.2693634033203,36.689998626708984,343.6197509765625,182.94546508789062,307.5795593261719,40.471229553222656,144.48326110839844,8938.0478515625,670.4658813476562,57.73993682861328,91.80412292480469,209.8887481689453,113.7391586303711,346.7557373046875,218.81085205078125,499.8639221191406,227.10000610351562,511.8999938964844,497.5799865722656,231.7899932861328,167.66531372070312,39.47183609008789,8.6899995803833,8.120180130004883,96.6983642578125,34.405399322509766,278.8855285644531,37.200191497802734,14.115097999572754,507.7900085449219,120.93978881835938,135.107666015625,101.28944396972656,77.8521728515625,87.72000122070312,8.139309883117676,251.63999938964844,35.575469970703125
2021-01-14,22.879331588745117,67.8272476196289,550.2744750976562,165.81434631347656,37.25,324.37158203125,183.7177734375,301.7936096191406,40.25511932373047,144.95742797851562,9115.9892578125,670.0287475585938,57.7027587890625,91.8907241821289,208.46339416503906,112.82901763916016,342.3509521484375,218.95005798339844,495.08160400390625,226.1199951171875,517.9099731445312,488.8999938964844,225.5399932861328,165.50149536132812,40.57756805419922,8.710000038146973,8.109284400939941,104.34152221679688,34.536930084228516,274.6446838378906,37.581783294677734,14.161605834960938,500.8599853515625,120.17794799804688,131.7978057861328,102.26337432861328,80.20471954345703,87.00900268554688,8.13009262084961,245.63999938964844,36.5843505859375
2021-01-15,23.22499656677246,68.15150451660156,542.7391357421875,166.7388153076172,36.7599983215332,320.73028564453125,183.4451904296875,301.56695556640625,39.99971389770508,141.10733032226562,8930.2275390625,687.6035766601562,57.77711868286133,93.98833465576172,213.21461486816406,111.90929412841797,343.10296630859375,222.4401397705078,501.2886962890625,225.5500030517578,517.9299926757812,489.4599914550781,225.25,165.99327087402344,39.648380279541016,8.289999961853027,8.034819602966309,101.71818542480469,34.480560302734375,275.2779846191406,37.1414909362793,14.01278018951416,497.9800109863281,118.77962493896484,128.3955841064453,100.31550598144531,81.64403533935547,86.80950164794922,8.111658096313477,251.36000061035156,37.08878707885742
2021-01-18,22.374845504760742,,546.3135375976562,,,,182.94546508789062,,,143.49703979492188,9006.4873046875,,,,,,,,,,,,,,40.04793167114258,,7.960355281829834,,34.32084274291992,,,13.947669982910156,,,,102.26337432861328,,,8.461934089660645,,
2021-01-19,22.3094482421875,70.06752014160156,531.6611938476562,166.7583465576172,36.150001525878906,323.3893127441406,182.71832275390625,308.65399169921875,40.24530029296875,139.2676239013672,8932.1826171875,695.9197998046875,56.8011474609375,94.30585479736328,210.29600524902344,113.34635162353516,343.97222900390625,224.45863342285156,505.5130920410156,231.91000366210938,533.8900146484375,484.92999267578125,232.72000122070312,163.36721801757812,39.97359848022461,8.630000114440918,7.9694366455078125,107.71435546875,34.56511688232422,274.07861328125,37.37631607055664,14.054637908935547,501.7699890136719,121.02657318115234,130.05052185058594,100.31550598144531,85.26714324951172,89.54299926757812,8.581765174865723,261.1000061035156,37.38845443725586
2021-01-20,21.991811752319336,73.80132293701172,540.2003173828125,168.35015869140625,36.439998626708984,332.2891540527344,182.08230590820312,317.3279113769531,40.726627349853516,138.7555389404297,8926.31640625,707.0145263671875,57.7027587890625,96.54779815673828,216.0168914794922,114.28524780273438,342.6537170410156,228.60494995117188,513.9420166015625,236.6999969482422,542.27001953125,495.0400085449219,246.74000549316406,165.18675231933594,40.12226486206055,8.3100004196167,7.951274394989014,106.35338592529297,34.687255859375,274.9421081542969,38.00251007080078,14.091843605041504,586.3400268554688,121.48946380615234,133.45025634765625,103.23731994628906,87.42115783691406,94.34500122070312,8.34210205078125,267.4800109863281,38.482234954833984
2021-01-21,22.159971237182617,75.2358627319336,533.8929443359375,168.30133056640625,36.880001068115234,331.8228454589844,180.7012481689453,313.1683349609375,40.41228485107422,137.31410217285156,8967.3798828125,699.3978271484375,56.877769470214844,96.6343994140625,215.45449829101562,112.96315002441406,346.7166442871094,227.15322875976562,510.47479248046875,238.63999938964844,535.47998046875,496.44000244140625,245.5,164.64581298828125,40.233768463134766,8.220000267028809,7.967620372772217,106.48159790039062,34.508750915527344,271.15228271484375,38.6678466796875,14.06859016418457,579.8400268554688,120.66976928710938,138.4599609375,101.28944396972656,87.7884292602539,94.5625,8.498805046081543,272.8699951171875,38.40732192993164
2021-01-22,22.085233688354492,76.35601806640625,527.876708984375,168.35992431640625,37.4900016784668,326.4154968261719,178.72048950195312,310.62530517578125,39.48891830444336,135.6640625,8916.5390625,700.6219482421875,56.72434616088867,97.39454650878906,217.12228393554688,111.6889419555664,339.4404602050781,227.60067749023438,512.7064819335938,237.58999633789062,537.780029296875,492.8599853515625,263.0,164.22288513183594,39.70413589477539,8.489999771118164,7.900421142578125,104.86419677734375,33.935638427734375,272.10211181640625,39.16685485839844,14.0267333984375,565.1699829101562,119.99471282958984,136.912353515625,100.31550598144531,89.68435668945312,95.05249786376953,8.544894218444824,274.5,37.927852630615234
2021-01-25,22.51498031616211,77.59405517578125,517.2027587890625,170.02011108398438,39.0,326.6139221191406,175.0316162109375,310.4183044433594,38.85041046142578,130.0311279296875,8830.5029296875,702.56494140625,57.067298889160156,98.81859588623047,220.60328674316406,111.99551391601562,339.6944580078125,224.1603240966797,516.9209594726562,241.30999755859375,548.2000122070312,489.2099914550781,287.0899963378906,165.65884399414062,39.41608428955078,8.319999694824219,7.971252918243408,106.62953186035156,32.958534240722656,267.7077941894531,39.73434829711914,13.882558822631836,556.780029296875,117.47774505615234,136.32080078125,101.28944396972656,95.29273223876953,94.97000122070312,8.987348556518555,278.010009765625,37.797996520996094
2021-01-26,22.45892906188965,76.43461608886719,529.5263671875,169.62945556640625,40.720001220703125,325.13555908203125,176.0128936767578,314.4398193359375,38.457489013671875,132.231201171875,8846.1455078125,714.3008422851562,59.05287170410156,102.04199981689453,225.23817443847656,111.851806640625,335.10406494140625,220.71002197265625,505.9613952636719,237.63999938964844,544.0999755859375,478.1000061035156,286.2300109863281,161.4296417236328,39.87138748168945,7.380000114440918,8.060246467590332,104.07523345947266,33.22159957885742,266.71954345703125,39.72455978393555,13.956971168518066,561.9299926757812,116.43624877929688,134.14414978027344,105.18518829345703,91.67955017089844,95.86199951171875,9.125615119934082,282.04998779296875,37.97779846191406
2021-01-27,22.860645294189453,73.35914611816406,525.5477905273438,163.77984619140625,43.869998931884766,313.0210876464844,173.4688262939453,301.9118957519531,36.89561462402344,127.37590789794922,8476.5791015625,710.8616943359375,60.018585205078125,99.3766860961914,222.10621643066406,106.82206726074219,325.2201843261719,213.59066772460938,480.7047424316406,225.25,515.5599975585938,465.17999267578125,273.94000244140625,154.43661499023438,38.747074127197266,6.929999828338623,7.991231441497803,97.2210464477539,32.37602233886719,259.03436279296875,37.425235748291016,14.07789134979248,523.280029296875,110.76583099365234,128.97720336914062,108.10700225830078,87.56012725830078,91.53949737548828,9.024218559265137,272.1400146484375,36.88901138305664
2021-01-28,22.524322509765625,75.46186065673828,539.424072265625,168.30133056640625,41.02000045776367,321.7423095703125,175.2133331298828,314.40045166015625,38.25120544433594,129.51905822753906,8427.693359375,717.205810546875,61.154624938964844,99.49214935302734,221.37899780273438,109.95487976074219,330.2597961425781,218.54238891601562,494.6531677246094,230.0399932861328,506.2699890136719,482.2699890136719,262.8399963378906,161.1050262451172,39.035118103027344,7.260000228881836,8.092937469482422,99.75562286376953,32.902156829833984,264.67596435546875,38.26668930053711,13.947669982910156,538.5999755859375,114.07357788085938,130.3076171875,107.13306427001953,89.14833068847656,93.15550231933594,8.701595306396484,265.0,36.918975830078125
2021-01-29,22.03852081298828,75.46186065673828,525.5477905273438,162.9399871826172,41.41999816894531,313.8148498535156,170.216064453125,312.4586181640625,38.26103210449219,126.63621520996094,8492.22265625,718.8865356445312,61.18183898925781,99.29972076416016,220.45785522460938,106.65921020507812,325.79644775390625,227.61062622070312,507.8245544433594,229.0800018310547,503.8399963378906,478.67999267578125,263.8299865722656,159.80674743652344,37.85505676269531,6.909999847412109,7.951274394989014,95.34722900390625,32.300865173339844,255.9448699951172,37.19041061401367,13.710480690002441,532.3900146484375,113.50460052490234,129.69610595703125,102.26337432861328,88.65201568603516,91.78700256347656,8.415844917297363,258.3299865722656,36.40454864501953
2021-02-01,22.206684112548828,75.74681854248047,526.9063720703125,159.54156494140625,42.119998931884766,319.04364013671875,171.81520080566406,317.2292785644531,39.724666595458984,127.86901092529297,8896.9853515625,735.1691284179688,59.758384704589844,101.90730285644531,228.41860961914062,106.51548767089844,326.2066345214844,233.07940673828125,513.5731811523438,231.77000427246094,508.0799865722656,492.4200134277344,264.1000061035156,164.18350219726562,38.28247833251953,7.079999923706055,8.05298137664795,99.81478881835938,32.71425247192383,258.0461120605469,39.27448272705078,13.836050987243652,539.0399780273438,117.20771789550781,132.16473388671875,103.23731994628906,93.21813201904297,95.06749725341797,8.922822952270508,262.010009765625,36.9339599609375
2021-02-02,21.991811752319336,76.07106018066406,532.9225463867188,162.75442504882812,40.08000183105469,331.7533874511719,175.64947509765625,325.3709411621094,41.56159591674805,132.93295288085938,9190.29296875,746.6818237304688,58.135440826416016,102.84062957763672,228.9810028076172,109.16929626464844,330.8164978027344,232.06520080566406,516.6220092773438,217.3300018310547,499.9800109863281,506.6499938964844,266.8599853515625,163.12132263183594,38.72848892211914,7.349999904632568,8.051165580749512,102.16197204589844,33.5880126953125,262.8433532714844,39.2451286315918,13.929067611694336,548.1599731445312,116.14694213867188,135.35726928710938,106.15912628173828,93.90304565429688,96.37550354003906,8.95047664642334,267.0799865722656,38.542171478271484
2021-02-03,22.04786491394043,75.21623229980469,527.1004638671875,165.8989715576172,40.810001373291016,330.2154846191406,176.06741333007812,319.604736328125,41.35530471801758,134.46920776367188,9043.638671875,733.3912963867188,57.727439880371094,102.03237915039062,225.25758361816406,107.9046630859375,330.005859375,226.6958465576172,498.37939453125,211.0,491.17999267578125,485.3599853515625,271.4100036621094,170.2716827392578,38.42185592651367,7.420000076293945,8.058429718017578,98.49327087402344,33.71015167236328,265.385986328125,40.184425354003906,14.166255950927734,539.4500122070312,115.27901458740234,135.09518432617188,103.23731994628906,93.3074722290039,103.50350189208984,9.365276336669922,266.6499938964844,38.83184814453125
2021-02-04,21.917072296142578,75.73698425292969,526.0330200195312,168.9751739501953,41.11000061035156,338.16278076171875,177.83009338378906,323.74462890625,43.08417510986328,138.24343872070312,9188.3369140625,725.6386108398438,57.21064376831055,102.38839721679688,225.1509246826172,112.09132385253906,321.6358642578125,222.50975036621094,487.1608581542969,213.7100067138672,498.8399963378906,494.0,276.8399963378906,176.3500213623047,38.3568115234375,7.75,8.04753303527832,101.81680297851562,33.73833465576172,246.29273986816406,40.46817398071289,14.203462600708008,552.1599731445312,116.24337005615234,136.43063354492188,105.18518829345703,94.68722534179688,103.11849975585938,9.070308685302734,266.489990234375,39.610984802246094
2021-02-05,21.814306259155273,78.6257553100586,532.728515625,170.9282989501953,42.66999816894531,336.09906005859375,178.1571807861328,319.3780517578125,43.86020278930664,139.6090087890625,9239.177734375,732.8084106445312,57.799983978271484,102.66742706298828,225.91693115234375,113.43258666992188,316.9380798339844,225.26402282714844,490.74761962890625,215.25999450683594,498.9800109863281,502.6400146484375,285.0299987792969,173.88131713867188,39.24883270263672,7.610000133514404,8.02937126159668,99.3216781616211,33.36252212524414,242.88665771484375,40.83019256591797,14.045336723327637,550.7899780273438,117.59347534179688,135.6992645263672,106.15912628173828,94.69715118408203,104.9000015258789,9.088743209838867,268.1000061035156,39.76081848144531
2021-02-08,21.767593383789062,81.51454162597656,530.7877807617188,174.97128295898438,43.25,334.3925476074219,177.6483612060547,320.7777404785156,44.469234466552734,139.8555450439453,9422.9833984375,726.1243286132812,58.44371032714844,103.03307342529297,225.72299194335938,113.11642456054688,316.77203369140625,224.68731689453125,493.93585205078125,214.3699951171875,494.8999938964844,495.760009765625,294.5400085449219,175.99594116210938,39.26741409301758,8.119999885559082,7.993046760559082,104.72614288330078,33.5880126953125,243.35678100585938,41.24114227294922,14.045336723327637,547.9199829101562,115.93477630615234,144.16358947753906,106.15912628173828,94.39936065673828,104.64550018310547,8.987348556518555,266.5799865722656,39.925636291503906
2021-02-09,21.702198028564453,80.37474822998047,539.035888671875,173.6138458251953,43.5,330.83062744140625,177.81192016601562,327.628173828125,45.726593017578125,140.06417846679688,9440.58203125,729.0971069335938,58.61597442626953,103.36022186279297,224.6273193359375,112.93439483642578,321.9385986328125,225.49270629882812,487.49957275390625,213.82000732421875,490.67999267578125,505.04998779296875,288.5,172.5338592529297,39.40679168701172,8.3100004196167,7.918583393096924,103.92729187011719,33.916847229003906,244.12435913085938,40.83019256591797,13.915114402770996,559.0700073242188,115.55867767333984,142.4113311767578,105.18518829345703,97.06954193115234,104.17549896240234,9.383712768554688,269.45001220703125,39.75082778930664
2021-02-10,21.655488967895508,81.12150573730469,534.6692504882812,173.0865020751953,45.06999969482422,331.5946044921875,178.5933074951172,328.22943115234375,47.7010383605957,140.0452117919922,9364.3212890625,729.612060546875,59.49544143676758,103.4564437866211,224.6273193359375,112.51287078857422,325.62066650390625,227.89898681640625,483.0958557128906,212.52999877929688,491.2200012207031,516.5399780273438,290.42999267578125,171.9142303466797,38.91432571411133,7.980000019073486,7.956723690032959,104.42040252685547,33.82289505004883,243.29920959472656,41.24114227294922,13.845353126525879,563.5900268554688,117.41989135742188,147.41355895996094,104.21125030517578,97.02983856201172,104.76899719238281,9.273099899291992,271.8699951171875,39.74583053588867
2021-02-11,21.61811637878418,81.9959945678711,531.6611938476562,171.6118621826172,45.54999923706055,340.18682861328125,178.48426818847656,334.5279235839844,47.35722732543945,138.41415405273438,9434.7158203125,697.260498046875,58.606910705566406,103.6873779296875,220.90390014648438,113.7391586303711,325.29840087890625,235.86351013183594,492.2320861816406,210.5,490.5400085449219,528.469970703125,283.69000244140625,172.66172790527344,39.425376892089844,8.0600004196167,7.913135051727295,111.4422607421875,34.24567794799805,247.24256896972656,41.44660949707031,13.850004196166992,557.5900268554688,119.12679290771484,152.27101135253906,107.13306427001953,97.9629135131836,104.79450225830078,9.217793464660645,270.3900146484375,39.70587921142578
2021-02-12,21.96378517150879,80.74812316894531,531.6611938476562,173.00836181640625,47.79999923706055,338.3314514160156,178.06631469726562,334.5870361328125,47.35722732543945,138.3572235107422,9581.3701171875,689.5951538085938,58.92422866821289,103.60076904296875,220.29299926757812,114.71636962890625,320.58099365234375,236.9075469970703,505.9613952636719,213.97999572753906,485.6199951171875,544.0800170898438,293.6600036621094,170.65525817871094,39.9085578918457,7.920000076293945,7.958539962768555,115.09125518798828,34.555721282958984,249.9866180419922,42.58159637451172,13.770940780639648,556.52001953125,119.5607681274414,149.38050842285156,105.18518829345703,98.3698959350586,105.20549774169922,,270.5,39.98057174682617
2021-02-15,22.187997817993164,,549.224609375,,,,180.5922088623047,,,146.0005645751953,9655.673828125,,,,,,,,,,,,,,39.72271728515625,,8.033003807067871,,35.250972747802734,,,13.91976547241211,,,,106.15912628173828,,,,,
2021-02-16,22.262737274169922,77.77350616455078,548.5453491210938,169.98101806640625,47.349998474121094,338.5398254394531,180.44683837890625,333.4830627441406,47.10182189941406,147.51783752441406,9688.9150390625,668.4937744140625,56.74824142456055,102.55197143554688,218.15008544921875,114.65888214111328,317.0455322265625,235.0282745361328,498.2398986816406,210.27000427246094,480.7099914550781,538.1599731445312,291.2099914550781,171.13722229003906,40.00147247314453,7.909999847412109,7.9095025062561035,116.71849822998047,34.884559631347656,250.1593475341797,42.89469909667969,13.822098731994629,557.280029296875,120.54439544677734,153.0647735595703,104.21125030517578,95.3919906616211,106.09500122070312,9.4943265914917,273.9700012207031,39.6759147644043
2021-02-17,21.524696350097656,77.21207427978516,509.34283447265625,172.9790802001953,49.36000061035156,334.6901550292969,179.26565551757812,334.0744323730469,46.70890426635742,146.3798828125,9591.146484375,674.6531372070312,55.77811050415039,101.83031463623047,219.4397430419922,113.20265197753906,319.23321533203125,241.5709228515625,496.6258544921875,214.85000610351562,481.67999267578125,540.3499755859375,287.8599853515625,173.53709411621094,39.3789176940918,7.849999904632568,7.967620372772217,114.11489868164062,34.24567794799805,249.46856689453125,44.36235427856445,13.733735084533691,551.3400268554688,120.57332611083984,148.82884216308594,101.28944396972656,96.59307861328125,106.41549682617188,9.826166152954102,273.57000732421875,39.58601379394531
2021-02-18,20.982839584350586,77.06431579589844,517.0086669921875,173.00836181640625,49.709999084472656,335.81134033203125,177.83009338378906,333.6111755371094,46.25703811645508,139.87451171875,9632.208984375,666.0358276367188,54.454368591308594,101.7822036743164,221.3305206298828,110.54886627197266,320.7470703125,241.44168090820312,487.00140380859375,209.8300018310547,477.0299987792969,551.7899780273438,283.1000061035156,171.73719787597656,39.25812530517578,7.599999904632568,7.945826530456543,111.8663330078125,33.67256546020508,252.00149536132812,43.96120071411133,13.724432945251465,548.219970703125,120.72762298583984,148.06002807617188,102.26337432861328,95.0346450805664,105.86000061035156,9.844602584838867,269.3900146484375,39.80077362060547
2021-02-19,20.908100128173828,78.01974487304688,512.3508911132812,173.3794708251953,50.790000915527344,330.562744140625,178.53878784179688,334.3800354003906,46.07478713989258,145.6970977783203,9505.109375,660.8478393554688,56.35837936401367,101.32035064697266,219.49790954589844,108.57530212402344,317.0064392089844,244.98147583007812,477.0979919433594,207.02000427246094,470.3699951171875,544.1300048828125,292.510009765625,174.4517822265625,39.425376892089844,7.710000038146973,7.916767597198486,117.81320190429688,33.97321701049805,253.18162536621094,46.435672760009766,13.780241966247559,540.219970703125,123.24459075927734,149.03355407714844,103.23731994628906,94.79641723632812,105.05699920654297,9.881474494934082,261.55999755859375,40.340171813964844
2021-02-22,20.739940643310547,76.29603576660156,506.81988525390625,168.36968994140625,55.290000915527344,337.994140625,178.35707092285156,328.5152587890625,44.67589569091797,146.2850341796875,9422.9833984375,648.3347778320312,60.47464370727539,100.76226806640625,218.23736572265625,110.89376831054688,319.9950256347656,242.4757537841797,461.5753173828125,214.9600067138672,460.5799865722656,536.9099731445312,268.760009765625,171.94374084472656,39.955013275146484,8.329999923706055,7.791450023651123,113.64152526855469,34.208099365234375,254.7167205810547,46.48476791381836,13.780241966247559,533.780029296875,126.1858901977539,143.33489990234375,101.28944396972656,89.62480163574219,103.24400329589844,9.254663467407227,260.3299865722656,40.340171813964844
2021-02-23,20.674541473388672,76.72943115234375,507.4021301269531,164.63919067382812,52.95000076293945,347.677734375,180.33779907226562,321.263671875,44.449317932128906,150.95068359375,9299.794921875,642.8218994140625,62.06131362915039,100.59869384765625,216.39505004882812,113.04936218261719,321.8214416503906,245.7470703125,457.1217346191406,216.44000244140625,468.0299987792969,525.219970703125,256.0,172.1896209716797,38.49618911743164,7.730000019073486,7.853200435638428,114.5389633178711,34.16112518310547,252.65390014648438,44.40306854248047,13.696528434753418,546.1500244140625,126.19551086425781,141.20069885253906,100.31550598144531,90.06156158447266,103.54299926757812,9.383712768554688,265.8599853515625,40.23529052734375
2021-02-24,20.665203094482422,78.84712219238281,510.7013244628906,158.50636291503906,51.86000061035156,364.4455261230469,182.62745666503906,327.7940673828125,44.764556884765625,156.07151794433594,9366.2763671875,623.4832153320312,64.60904693603516,99.33821105957031,217.95616149902344,113.75831604003906,324.4583740234375,243.1121368408203,454.9797058105469,217.0399932861328,458.6000061035156,532.8800048828125,254.52999877929688,172.54368591308594,38.92361831665039,8.039999961853027,7.793266296386719,121.34688568115234,34.86576461791992,252.5867919921875,46.916812896728516,13.789544105529785,553.4099731445312,127.95064544677734,144.76516723632812,101.28944396972656,88.5428237915039,104.75849914550781,9.254663467407227,264.30999755859375,40.79966354370117
2021-02-25,20.814678192138672,73.41007232666016,511.67169189453125,154.80519104003906,51.31999969482422,351.7953186035156,182.94546508789062,326.56903076171875,44.29169845581055,155.0792694091797,9493.376953125,622.8684692382812,61.42488479614258,97.55811309814453,217.9270782470703,112.93439483642578,321.1963195800781,235.18736267089844,449.80877685546875,212.97999572753906,453.19000244140625,518.280029296875,219.5500030517578,172.1502685546875,38.431148529052734,7.880000114440918,7.729700565338135,112.57268524169922,34.72483444213867,249.82354736328125,46.33747100830078,13.891860961914062,546.7000122070312,125.52047729492188,132.86863708496094,99.34156799316406,86.13072967529297,101.56800079345703,9.4574556350708,254.69000244140625,39.7957763671875
2021-02-26,20.40361785888672,75.71491241455078,509.34283447265625,156.00636291503906,53.029998779296875,351.0809631347656,181.991455078125,325.393310546875,44.882774353027344,152.27420043945312,9403.4296875,632.596435546875,62.89084243774414,95.32579803466797,209.5687713623047,112.06257629394531,324.4681396484375,238.54818725585938,448.4238586425781,212.5500030517578,450.57000732421875,520.1699829101562,221.08999633789062,169.1996307373047,38.3568115234375,7.960000038146973,7.713354110717773,116.78192901611328,33.634986877441406,245.2565155029297,46.74988555908203,13.98487663269043,538.8499755859375,125.54940032958984,136.93235778808594,98.36763000488281,86.55756378173828,101.84300231933594,9.042654991149902,257.6199951171875,40.49000930786133
2021-03-01,20.431644439697266,76.47334289550781,530.98193359375,158.1450653076172,58.18000030517578,360.0600891113281,184.26292419433594,333.4649353027344,45.611778259277344,153.93434143066406,9497.2880859375,632.518310546875,65.05792999267578,95.67220306396484,207.28041076660156,112.91524505615234,326.8414611816406,240.129150390625,457.8689880371094,210.3800048828125,463.04998779296875,538.1699829101562,223.38999938964844,172.57321166992188,39.39750289916992,8.619999885559082,7.7460455894470215,120.79357147216797,34.4429817199707,250.60072326660156,48.13441467285156,14.00347900390625,550.6400146484375,129.4550323486328,138.20286560058594,99.34156799316406,90.62736511230469,104.07550048828125,9.47589111328125,264.9100036621094,41.49888610839844
2021-03-02,20.338218688964844,77.59619903564453,541.3648071289062,159.2290496826172,59.2400016784668,359.980712890625,187.71559143066406,328.93017578125,45.75954818725586,154.77395629882812,9497.2880859375,624.5076293945312,64.2020263671875,95.34504699707031,202.47097778320312,112.92481994628906,326.8316955566406,242.26695251464844,460.4096374511719,212.05999755859375,454.8599853515625,529.469970703125,217.9199981689453,175.24844360351562,39.36033630371094,8.720000267028809,7.7188029289245605,116.10015869140625,34.90334701538086,255.21568298339844,46.70079040527344,13.947669982910156,547.8200073242188,129.19467163085938,133.85458374023438,100.31550598144531,89.24760437011719,103.79199981689453,9.4943265914917,259.0,41.30909729003906
2021-03-03,20.291507720947266,74.89737701416016,537.5803833007812,154.58058166503906,61.45000076293945,357.4308776855469,189.03305053710938,322.597412109375,46.311222076416016,162.52122497558594,9348.6796875,596.494873046875,66.15968322753906,92.47766876220703,196.75010681152344,113.00145721435547,325.1029968261719,238.55813598632812,449.3006896972656,208.44000244140625,446.7300109863281,498.0199890136719,203.19000244140625,172.6912384033203,39.51829528808594,9.039999961853027,7.569875717163086,114.06470489501953,35.852264404296875,251.70408630371094,46.357112884521484,13.887210845947266,520.7000122070312,130.69903564453125,127.84893798828125,101.28944396972656,89.67443084716797,101.33550262451172,9.604940414428711,255.41000366210938,41.75360107421875
2021-03-04,20.73059844970703,73.68585968017578,530.3995971679688,150.16650390625,62.599998474121094,346.76495361328125,189.75991821289062,323.59527587890625,45.99597930908203,159.01014709472656,9276.3291015625,588.9134521484375,65.03062438964844,92.02543640136719,195.0823211669922,110.43390655517578,326.02105712890625,233.56661987304688,439.8356018066406,207.7899932861328,449.3800048828125,485.8500061035156,195.97999572753906,173.43873596191406,38.79353332519531,9.050000190734863,7.618912696838379,106.95047760009766,36.82937240600586,246.03366088867188,45.33589553833008,13.873257637023926,511.2900085449219,129.65756225585938,123.51067352294922,99.34156799316406,86.25978088378906,102.45449829101562,9.18092155456543,257.6400146484375,41.35404586791992
2021-03-05,21.010866165161133,77.82276153564453,523.02490234375,154.86378479003906,64.25,358.0559387207031,189.1239013671875,330.49114990234375,46.20286178588867,163.70431518554688,7942.75927734375,595.7338256835938,66.05043029785156,93.69004821777344,193.92845153808594,113.2984619140625,339.0009765625,236.45016479492188,445.2257385253906,211.97999572753906,461.57000732421875,499.70001220703125,189.69000244140625,180.6874542236328,38.15239334106445,9.720000267028809,7.669765949249268,112.09839630126953,35.918033599853516,253.1240692138672,47.555076599121094,13.980224609375,516.3900146484375,132.4927520751953,124.4217529296875,100.31550598144531,86.60719299316406,105.427001953125,9.199357032775879,264.2799987792969,42.627628326416016
2021-03-08,21.020212173461914,79.30022430419922,537.0951538085938,159.1020965576172,67.25,368.4241027832031,194.484619140625,338.5924072265625,46.38018035888672,169.7532958984375,7436.31591796875,580.4735717773438,68.99146270751953,92.3237075805664,192.62913513183594,111.7751693725586,341.9993591308594,239.20443725585938,438.2315368652344,213.5800018310547,463.19000244140625,482.6000061035156,176.64999389648438,186.09698486328125,40.22447967529297,9.880000114440918,7.771472454071045,104.42096710205078,37.355506896972656,256.0600280761719,48.80213165283203,14.212763786315918,493.3299865722656,134.4696807861328,115.75273132324219,101.28944396972656,81.59439849853516,101.20850372314453,9.005784034729004,255.30999755859375,42.50776672363281
2021-03-09,21.11363410949707,78.54178619384766,545.9254150390625,162.1001434326172,63.0099983215332,373.573486328125,194.0303192138672,337.9996337890625,46.370330810546875,167.71153259277344,7674.87255859375,607.5887451171875,68.27214050292969,94.6041488647461,196.5464630126953,112.13922119140625,343.7671813964844,237.86209106445312,446.46112060546875,214.0399932861328,470.6300048828125,493.57000732421875,193.0399932861328,181.29727172851562,41.674007415771484,9.8100004196167,7.9658050537109375,112.85923767089844,37.38369369506836,256.6644287109375,49.03779220581055,14.329033851623535,506.44000244140625,131.39340209960938,125.05149841308594,103.23731994628906,85.23736572265625,102.63500213623047,8.885952949523926,265.739990234375,43.196998596191406
2021-03-10,21.543378829956055,80.8564682006836,560.286865234375,164.51226806640625,65.81999969482422,378.7130126953125,193.89402770996094,340.2027893066406,47.0599250793457,166.0132293701172,7473.4677734375,623.1903686523438,67.77133178710938,94.02682495117188,198.21424865722656,113.68168640136719,341.4426574707031,231.299560546875,439.4670104980469,214.2899932861328,467.95001220703125,488.7799987792969,184.4499969482422,182.3201446533203,40.791282653808594,10.0,8.043900489807129,111.33757019042969,37.39308166503906,260.6078186035156,49.58768081665039,15.026650428771973,504.5400085449219,134.2864532470703,124.53213500976562,103.23731994628906,83.96678924560547,102.75150299072266,9.190139770507812,264.8999938964844,43.79133605957031
2021-03-11,21.496667861938477,82.05813598632812,569.7963256835938,166.74859619140625,66.97000122070312,381.37200927734375,194.3029022216797,340.9833068847656,47.493385314941406,166.26129150390625,7551.68359375,638.6946411132812,68.69097137451172,95.79727935791016,207.4064483642578,113.14517974853516,344.8609924316406,235.94305419921875,458.8254699707031,215.14999389648438,469.9599914550781,502.94000244140625,198.77000427246094,182.1824493408203,41.320919036865234,10.350000381469727,8.054797172546387,115.7938461303711,38.05075454711914,261.63446044921875,50.903472900390625,15.068507194519043,523.0599975585938,134.2478790283203,129.77828979492188,102.26337432861328,88.62223815917969,105.7385025024414,9.531198501586914,273.8800048828125,44.26081466674805
2021-03-12,21.449954986572266,79.47750854492188,578.7236938476562,167.5298614501953,71.0999984741211,379.7150573730469,194.25747680664062,341.4476013183594,47.710113525390625,172.31028747558594,7434.36083984375,651.7789306640625,70.80342864990234,97.46189880371094,208.66700744628906,113.82538604736328,348.9481506347656,237.35499572753906,448.8323669433594,214.3300018310547,471.4599914550781,497.75,197.9499969482422,186.31333923339844,41.7855110168457,10.739999771118164,8.016657829284668,112.92839050292969,37.96619415283203,262.18133544921875,51.482810974121094,15.338251113891602,518.02001953125,135.75228881835938,128.4049530029297,100.31550598144531,81.96167755126953,103.09600067138672,9.042654991149902,268.3999938964844,44.3607063293457
2021-03-15,21.543378829956055,82.46198272705078,585.3221435546875,170.11776733398438,73.66999816894531,378.77252197265625,193.93946838378906,347.2568054199219,48.61643981933594,172.0049591064453,7391.341796875,653.2913208007812,69.62884521484375,98.89558410644531,211.8571319580078,114.151123046875,346.8506774902344,238.5680694580078,451.41436767578125,219.64999389648438,483.94000244140625,512.760009765625,201.24000549316406,188.66403198242188,41.813385009765625,10.720000267028809,8.0384521484375,113.51136779785156,37.59978485107422,261.89349365234375,53.50559616088867,15.496377944946289,520.25,135.30628967285156,131.75341796875,99.34156799316406,82.01131439208984,103.32450103759766,8.40662670135498,273.75,44.600440979003906
2021-03-16,21.608776092529297,82.0088882446289,584.8369140625,171.22128295898438,75.80999755859375,379.3876647949219,192.44027709960938,344.4114685058594,48.20268249511719,174.61920166015625,7344.41259765625,655.0281372070312,67.388916015625,100.29078674316406,216.0750732421875,113.9499282836914,347.5563659667969,237.3748779296875,445.044189453125,218.99000549316406,482.1700134277344,506.9200134277344,198.75999450683594,182.92543029785156,42.27798080444336,10.399999618530273,8.040268898010254,117.08822631835938,37.02667236328125,263.38067626953125,53.00480651855469,15.366156578063965,524.030029296875,132.6689910888672,132.752197265625,99.34156799316406,81.04845428466797,104.6259994506836,8.369754791259766,279.2799987792969,44.49055862426758
2021-03-17,21.356534957885742,85.68283081054688,586.3895263671875,170.3521270751953,74.06999969482422,375.71661376953125,191.84970092773438,345.97247314453125,48.2519416809082,172.9972381591797,7105.85595703125,640.509521484375,68.73650360107422,98.24128723144531,216.39505004882812,113.58586883544922,345.1844177246094,237.4047088623047,441.23602294921875,217.0800018310547,496.010009765625,504.8999938964844,190.10000610351562,182.9056854248047,42.147891998291016,11.779999732971191,7.978518009185791,118.47156524658203,36.82937240600586,259.6963806152344,54.01620101928711,15.542884826660156,524.4400024414062,133.80340576171875,133.25160217285156,99.34156799316406,80.50250244140625,104.55400085449219,8.213052749633789,284.010009765625,45.58934020996094
2021-03-18,21.365875244140625,81.43760681152344,588.4273681640625,170.7720489501953,75.94999694824219,364.12799072265625,195.7566375732422,344.26324462890625,47.099334716796875,175.3634033203125,7193.84814453125,631.1229858398438,68.39049530029297,98.86090850830078,215.7550811767578,113.84454345703125,354.8583679199219,238.5680694580078,444.3663024902344,213.36000061035156,474.67999267578125,484.4700012207031,185.42999267578125,185.40032958984375,42.62178039550781,10.899999618530273,7.89678955078125,112.91851043701172,37.40678405761719,258.1228332519531,52.93606948852539,15.575441360473633,504.7900085449219,132.7950439453125,127.0715560913086,101.28944396972656,80.40324401855469,101.81099700927734,8.55411148071289,278.6199951171875,44.006099700927734
2021-03-19,21.95444107055664,82.37332916259766,576.006591796875,175.28379821777344,77.2699966430664,353.7200927734375,196.16551208496094,343.1864013671875,47.4835319519043,174.21849060058594,7056.9716796875,637.2017211914062,67.3433837890625,97.18596649169922,215.1248016357422,111.72725677490234,358.3182373046875,238.85643005371094,443.6285705566406,216.11000061035156,473.70001220703125,484.8800048828125,190.97999572753906,185.96237182617188,41.89701461791992,11.399999618530273,8.016657829284668,113.4916000366211,36.82937240600586,264.23455810546875,52.91643524169922,15.310345649719238,512.1799926757812,129.20755004882812,128.3025665283203,101.28944396972656,82.03115844726562,102.16000366210938,8.544894218444824,290.1099853515625,43.76636505126953
2021-03-22,21.58074951171875,83.22040557861328,559.510498046875,177.62753295898438,74.6500015258789,355.5953369140625,193.07630920410156,341.37847900390625,48.03520965576172,172.6537628173828,7088.2578125,650.500732421875,65.74994659423828,100.35192108154297,218.9742889404297,111.93803405761719,359.57281494140625,241.7200927734375,453.2486267089844,218.82000732421875,483.2200012207031,491.3699951171875,197.27999877929688,185.54820251464844,42.12930679321289,11.0600004196167,8.018473625183105,117.90835571289062,36.05949401855469,267.51593017578125,53.56451416015625,15.310345649719238,523.1099853515625,130.75888061523438,131.70346069335938,99.34156799316406,82.16019439697266,101.92949676513672,8.710813522338867,293.5400085449219,43.626522064208984
2021-03-23,21.748912811279297,82.1861801147461,558.7341918945312,176.17245483398438,71.68000030517578,352.4897766113281,192.84915161132812,342.65289306640625,47.15843963623047,172.7682647705078,7098.03466796875,659.3603515625,64.71192932128906,101.85259246826172,222.87225341796875,110.20397186279297,361.1802673339844,237.42459106445312,450.60687255859375,213.58999633789062,469.760009765625,487.6600036621094,193.74000549316406,181.0914306640625,41.850555419921875,10.34000015258789,8.225519180297852,114.99349975585938,35.93437957763672,263.5533447265625,50.66780471801758,15.589393615722656,535.0900268554688,128.88755798339844,130.54986572265625,100.31550598144531,80.3337631225586,102.64800262451172,8.941258430480957,290.6300048828125,42.82740783691406
2021-03-24,21.61811637878418,82.30437469482422,554.2705688476562,176.44589233398438,61.939998626708984,356.8355407714844,193.2580108642578,347.5531921386719,47.266807556152344,175.76412963867188,6922.05029296875,646.2564086914062,63.75586700439453,100.51651000976562,220.10877990722656,111.09495544433594,363.23858642578125,248.99851989746094,443.9874572753906,211.5399932861328,460.32000732421875,472.9700012207031,181.99000549316406,182.0084228515625,41.53463363647461,10.470000267028809,8.332674026489258,119.65726470947266,36.49254608154297,266.7388000488281,49.50912857055664,15.52893352508545,520.8099975585938,130.36135864257812,126.27751922607422,99.34156799316406,76.24411010742188,102.25299835205078,8.959694862365723,282.1400146484375,43.1270751953125
2021-03-25,21.861019134521484,84.7569580078125,549.0305786132812,180.83067321777344,57.75,355.55560302734375,193.07630920410156,347.0690612792969,47.20769119262695,173.68418884277344,6904.4521484375,651.8961181640625,64.42053985595703,101.10710906982422,220.3220977783203,112.2503890991211,363.71881103515625,247.0695343017578,440.91705322265625,212.36000061035156,463.4800109863281,472.1099853515625,176.16000366210938,184.72982788085938,41.9434700012207,10.800000190734863,8.645059585571289,118.29370880126953,36.79087829589844,266.02874755859375,52.739688873291016,15.58009147644043,502.8599853515625,131.68971252441406,125.2013168334961,98.36763000488281,76.849609375,102.21800231933594,8.913605690002441,278.739990234375,42.9472770690918
2021-03-26,22.010494232177734,88.49986267089844,548.1572265625,187.1197509765625,41.900001525878906,363.2747497558594,193.348876953125,355.2196960449219,47.74952697753906,174.56198120117188,6949.42578125,667.0294799804688,65.84099578857422,103.38230895996094,231.56996154785156,114.15684509277344,369.0018005371094,251.4147491455078,458.6318664550781,214.63999938964844,476.9100036621094,480.2200012207031,176.88999938964844,188.39779663085938,42.315147399902344,10.989999771118164,8.701360702514648,127.10743713378906,37.32017517089844,275.57537841796875,55.037410736083984,15.71961498260498,508.04998779296875,134.47242736816406,128.23764038085938,99.34156799316406,80.38339233398438,101.77749633789062,9.254663467407227,283.0199890136719,44.445613861083984
2021-03-29,22.244054794311523,86.54962158203125,557.0845947265625,184.19979858398438,41.22999954223633,360.07000732421875,195.2569122314453,357.38336181640625,47.818477630615234,172.10040283203125,6820.37060546875,671.13720703125,64.9850845336914,103.37263488769531,234.4885711669922,114.73456573486328,371.530517578125,250.15194702148438,457.14654541015625,216.7100067138672,481.5199890136719,479.17999267578125,171.3000030517578,184.57208251953125,42.50098419189453,10.75,8.884796142578125,124.21234130859375,37.695491790771484,272.4571533203125,52.9066162109375,15.994009971618652,513.9500122070312,134.336669921875,129.3263397216797,102.26337432861328,78.11026000976562,102.79750061035156,9.254663467407227,290.82000732421875,44.0560417175293
2021-03-30,22.374845504760742,87.8990249633789,572.9015502929688,185.56703186035156,43.439998626708984,355.3969421386719,198.1644287109375,348.5312805175781,48.45881652832031,180.45828247070312,6759.75390625,658.452880859375,66.01197814941406,103.36296081542969,229.9506378173828,114.41682434082031,366.1397399902344,252.10081481933594,450.0685119628906,212.99000549316406,470.6700134277344,475.95001220703125,174.74000549316406,185.90318298339844,43.11425018310547,11.210000038146973,8.817597389221191,125.24983215332031,38.09968185424805,271.15228271484375,53.50559616088867,15.919598579406738,513.3900146484375,135.4129180908203,128.56227111816406,100.31550598144531,78.24922943115234,102.7770004272461,10.397668838500977,288.0,44.24583435058594
2021-03-31,22.187997817993164,87.78083801269531,571.15478515625,185.72325134277344,43.459999084472656,353.263671875,198.52786254882812,348.6201477050781,48.123870849609375,177.38609313964844,6785.173828125,663.0875854492188,64.00025939941406,102.62714385986328,231.80267333984375,113.74281311035156,364.6793518066406,253.58236694335938,454.9632873535156,214.88999938964844,473.1400146484375,489.30999755859375,181.75,185.7059783935547,43.60671615600586,11.40999984741211,8.981054306030273,132.00836181640625,38.46538162231445,271.3741149902344,54.45806884765625,15.984708786010742,521.6599731445312,134.07489013671875,133.32151794433594,100.31550598144531,79.21208953857422,103.43150329589844,10.194878578186035,294.5299987792969,44.02607727050781
2021-04-01,22.220699310302734,89.68184661865234,581.634765625,186.83656311035156,43.310001373291016,360.4569091796875,196.9378204345703,358.2823791503906,49.6015739440918,175.55422973632812,7072.61474609375,661.5361328125,66.24058532714844,105.0475845336914,232.77230834960938,113.80059814453125,359.7786865234375,251.2655792236328,454.8835754394531,213.0399932861328,474.92999267578125,486.3599853515625,182.7899932861328,183.54660034179688,43.18858337402344,11.699999809265137,9.034631729125977,139.83399963378906,37.830223083496094,274.8079528808594,55.80331802368164,16.039587020874023,539.4199829101562,135.24810791015625,137.95091247558594,102.75035095214844,83.2223129272461,106.88749694824219,9.955216407775879,298.6600036621094,44.49055862426758
2021-04-05,,91.24794006347656,,189.19004821777344,41.63999938964844,365.43768310546875,,362.74798583984375,50.399539947509766,,,673.4789428710938,65.9113998413086,104.92173767089844,237.31993103027344,115.7840805053711,362.82684326171875,251.23574829101562,463.9453430175781,215.32000732421875,484.55999755859375,491.30999755859375,181.25,185.37074279785156,,11.819999694824219,,141.34573364257812,,279.2547302246094,58.552738189697266,,540.6699829101562,138.0308074951172,139.70631408691406,,82.74585723876953,111.27749633789062,,308.9100036621094,44.630409240722656
2021-04-06,22.46359634399414,91.97682189941406,578.3355712890625,189.6490478515625,43.380001068115234,366.6778564453125,198.6187286376953,361.44384765625,50.41923904418945,177.06170654296875,7205.5810546875,671.986083984375,66.9081039428711,105.84149932861328,236.18545532226562,116.65066528320312,357.1322937011719,250.44029235839844,467.28497314453125,215.3000030517578,478.67999267578125,492.8999938964844,181.86000061035156,183.77340698242188,43.69034194946289,11.819999694824219,8.930200576782227,137.87757873535156,38.263282775878906,277.8175048828125,59.220455169677734,16.00682258605957,544.530029296875,136.82850646972656,138.4478302001953,107.62003326416016,84.02635192871094,111.23750305175781,,306.260009765625,44.69034194946289
2021-04-07,22.580379486083984,90.78499603271484,575.4244384765625,189.13148498535156,43.38999938964844,368.17608642578125,200.0724639892578,356.849853515625,50.291168212890625,178.75999450683594,7115.63330078125,667.8295288085938,66.16744995117188,106.1416244506836,237.28114318847656,116.14997100830078,358.3770751953125,250.86785888671875,464.9322814941406,212.72000122070312,481.7900085449219,489.2699890136719,178.0,184.15794372558594,43.406944274902344,11.489999771118164,8.919302940368652,137.48233032226562,38.754085540771484,272.4833679199219,58.98479461669922,16.010677337646484,546.989990234375,136.11102294921875,141.2644500732422,104.21125030517578,77.69335174560547,112.48400115966797,9.549633026123047,313.0899963378906,45.7042121887207
2021-04-08,22.547677993774414,90.09552001953125,587.0687866210938,189.65882873535156,41.880001068115234,375.2288513183594,199.52731323242188,361.2067565917969,50.84284210205078,179.35153198242188,7225.134765625,670.9908447265625,65.31703186035156,104.989501953125,233.79042053222656,116.16924285888672,357.6419677734375,250.58944702148438,470.0463562011719,210.27999877929688,476.3599853515625,499.6600036621094,182.30999755859375,185.41017150878906,43.783260345458984,11.079999923706055,9.080036163330078,137.68983459472656,38.77333450317383,273.0814208984375,60.50679016113281,15.995257377624512,554.5800170898438,135.64559936523438,142.99734497070312,107.62003326416016,79.83744812011719,113.27200317382812,9.4574556350708,313.0199890136719,46.23862075805664
2021-04-09,22.258066177368164,92.5185546875,593.7642211914062,193.8580322265625,42.0,377.5533142089844,199.4818878173828,364.6546936035156,50.56700897216797,177.17620849609375,7311.17138671875,670.766357421875,66.0211181640625,106.02546691894531,233.09228515625,117.4690933227539,368.8253173828125,253.303955078125,477.3934631347656,213.35000610351562,475.1700134277344,502.8800048828125,181.25999450683594,188.21046447753906,44.82859802246094,11.199999809265137,9.018285751342773,137.25509643554688,39.312252044677734,274.2871398925781,60.487144470214844,15.819867134094238,555.3099975585938,136.17889404296875,143.82632446289062,110.05487823486328,78.83488464355469,114.29399871826172,9.199357032775879,312.4599914550781,46.88789749145508
2021-04-12,22.075891494750977,92.34126281738281,598.1309814453125,195.94790649414062,40.380001068115234,377.3149108886719,199.2093048095703,366.6404724121094,51.23689651489258,179.4469451904297,7332.6806640625,674.6399536132812,65.81995391845703,106.3449478149414,235.38275146484375,117.26689147949219,368.8056945800781,254.2087860107422,474.5024719238281,213.60000610351562,472.79998779296875,506.42999267578125,182.00999450683594,188.97955322265625,45.12593460083008,11.470000267028809,9.122715950012207,133.39166259765625,39.013919830322266,272.8595886230469,61.79312515258789,15.659894943237305,552.780029296875,136.9933624267578,151.90658569335938,107.13306427001953,78.66613006591797,112.739501953125,9.171703338623047,311.5400085449219,46.67314147949219
2021-04-13,21.674171447753906,91.74043273925781,608.22265625,195.03970336914062,40.380001068115234,375.6163024902344,198.70957946777344,368.47808837890625,51.25660705566406,178.2447967529297,7451.958984375,688.6317749023438,65.25302124023438,107.25505065917969,236.85450744628906,119.03855895996094,367.06109619140625,252.60792541503906,483.3449401855469,215.94000244140625,477.0400085449219,516.9400024414062,189.25,185.942626953125,45.74849319458008,11.229999542236328,9.06913948059082,133.490478515625,38.8406982421875,275.01055908203125,62.244808197021484,15.434393882751465,553.72998046875,135.5486602783203,156.60589599609375,110.05487823486328,79.3510513305664,113.3635025024414,9.273099899291992,309.760009765625,46.213645935058594
2021-04-14,21.646142959594727,91.43508911132812,614.141845703125,196.79751586914062,38.380001068115234,375.8050231933594,197.6192626953125,367.5494079589844,52.320552825927734,178.96990966796875,7581.01416015625,677.4500732421875,63.570491790771484,106.17068481445312,235.55819702148438,119.29854583740234,368.1686706542969,251.6831817626953,476.55609130859375,217.1300048828125,481.1600036621094,514.1599731445312,188.11000061035156,188.27947998046875,44.89363479614258,11.40999984741211,8.891153335571289,132.5419158935547,38.677093505859375,272.8595886230469,63.256202697753906,15.509560585021973,540.02001953125,135.9752960205078,152.58575439453125,111.51577758789062,78.76539611816406,112.74199676513672,9.383712768554688,302.82000732421875,46.29854965209961
2021-04-15,21.37521743774414,91.65177917480469,611.3278198242188,199.7760467529297,37.81999969482422,383.92071533203125,196.39266967773438,370.5528259277344,52.13337326049805,176.1648406982422,7723.7568359375,701.3942260742188,64.59463500976562,108.78477478027344,240.89939880371094,121.17611694335938,382.26300048828125,257.9375,492.8453674316406,221.10000610351562,494.6400146484375,528.4600219726562,192.3800048828125,190.78399658203125,44.875057220458984,11.470000267028809,8.908406257629395,132.80870056152344,38.63860321044922,276.97833251953125,64.18903350830078,15.430537223815918,549.219970703125,136.51824951171875,161.17787170410156,111.02880859375,79.39076232910156,114.83300018310547,9.568069458007812,307.82000732421875,49.40510177612305
2021-04-16,21.479812622070312,94.9218978881836,616.1796264648438,203.3697967529297,37.34000015258789,383.6028137207031,198.80044555664062,373.51666259765625,52.517581939697266,180.4964599609375,7528.21875,690.9443359375,65.10670471191406,108.97840118408203,242.32240295410156,121.23389434814453,383.2431335449219,260.711669921875,491.389892578125,219.38999938964844,502.6000061035156,535.0,190.10000610351562,194.17584228515625,45.228145599365234,11.270000457763672,8.948363304138184,132.13677978515625,38.93693161010742,277.2966003417969,65.50483703613281,15.532689094543457,546.5399780273438,136.8575897216797,158.93307495117188,113.46365356445312,80.40324401855469,114.88800048828125,9.973650932312012,306.17999267578125,50.65371322631836
2021-04-19,21.921960830688477,94.28166961669922,621.2255249023438,199.2291717529297,36.369998931884766,379.6195068359375,199.66360473632812,371.9062805175781,52.517581939697266,179.0653076171875,7557.5498046875,699.8720703125,65.4358901977539,108.67826080322266,242.2444305419922,121.44570922851562,382.09637451171875,259.03125,486.1263122558594,219.17999267578125,499.69000244140625,528.5800170898438,184.08999633789062,192.1643829345703,44.79607391357422,10.989999771118164,9.124533653259277,129.33062744140625,38.859947204589844,274.3257141113281,66.2707290649414,15.567380905151367,554.4400024414062,136.4988555908203,153.43222045898438,111.51577758789062,79.02348327636719,115.12000274658203,9.936779975891113,302.239990234375,51.65260314941406
2021-04-20,21.631948471069336,90.54861450195312,607.5433959960938,198.60232543945312,35.470001220703125,374.1262512207031,196.6197967529297,374.4947509765625,51.81813430786133,173.45521545410156,7524.3076171875,708.585205078125,64.1374282836914,111.09871673583984,246.2698516845703,123.515869140625,388.65350341796875,258.5241394042969,480.8626403808594,220.16000366210938,504.4200134277344,532.27001953125,180.91000366210938,190.24163818359375,44.624176025390625,10.479999542236328,9.0972900390625,127.05803680419922,37.84947204589844,274.4608154296875,63.756996154785156,15.469085693359375,549.5700073242188,134.24942016601562,151.52952575683594,111.51577758789062,78.02092742919922,114.68150329589844,9.91834545135498,302.6499938964844,50.68368148803711
2021-04-21,21.950483322143555,91.89802551269531,632.869873046875,199.71890258789062,38.47999954223633,380.5532531738281,197.39210510253906,378.15020751953125,52.310699462890625,172.44387817382812,7494.9775390625,708.4974365234375,65.3078842163086,111.05998992919922,245.79222106933594,125.4126968383789,390.88818359375,259.87640380859375,478.918701171875,219.75999450683594,506.4800109863281,541.0800170898438,182.8300018310547,194.7674560546875,45.051605224609375,10.800000190734863,9.048253059387207,133.44107055664062,38.195919036865234,278.4059143066406,62.35282516479492,15.465230941772461,508.8999938964844,137.20664978027344,153.41973876953125,114.924560546875,79.20215606689453,114.66449737548828,9.992087364196777,301.4700012207031,50.64871597290039
2021-04-22,21.750804901123047,93.49368286132812,626.2714233398438,197.16253662109375,38.209999084472656,380.8115234375,195.57493591308594,378.6935729980469,52.921485900878906,173.9513397216797,7536.0400390625,700.5354614257812,63.59790802001953,111.03094482421875,245.16845703125,125.02757263183594,388.6632995605469,263.34661865234375,482.7069396972656,215.97999572753906,490.42999267578125,546.260009765625,181.4199981689453,198.69178771972656,45.06553649902344,10.510000228881836,9.184468269348145,130.18038940429688,38.01306915283203,274.6536865234375,63.00090789794922,15.509560585021973,508.7799987792969,137.10000610351562,148.3234100341797,115.4115219116211,80.29405212402344,113.39600372314453,9.936779975891113,296.5199890136719,50.18922805786133
2021-04-23,21.57965087890625,96.73423767089844,629.5706176757812,196.8001251220703,38.400001525878906,384.4869079589844,197.98269653320312,383.4654235839844,54.28097152709961,173.62693786621094,7553.638671875,700.6721801757812,65.15242767333984,111.21489715576172,247.60511779785156,126.3274154663086,392.3583679199219,262.45172119140625,486.57489013671875,217.89999389648438,488.6400146484375,559.0999755859375,182.4499969482422,199.66795349121094,45.321067810058594,11.050000190734863,9.18265151977539,133.25332641601562,37.96495056152344,280.0166931152344,66.37875366210938,15.486432075500488,505.54998779296875,138.6222686767578,152.4683837890625,116.38546752929688,81.19734954833984,115.76499938964844,10.287055969238281,301.1300048828125,50.64871597290039
2021-04-26,21.54161834716797,98.90119171142578,627.2417602539062,195.0959014892578,38.849998474121094,384.8941955566406,198.0735626220703,379.3060607910156,54.74398422241211,177.5387420654297,7436.31591796875,699.5598754882812,66.3045883178711,111.55376434326172,246.58172607421875,125.28752899169922,387.9967956542969,263.14776611328125,492.5063781738281,216.97000122070312,501.1700134277344,558.4199829101562,190.05999755859375,197.7550811767578,45.098060607910156,10.890000343322754,9.146327018737793,135.6642608642578,38.04193878173828,279.9009704589844,66.85008239746094,15.4806489944458,510.29998779296875,139.01010131835938,154.5933380126953,113.95062255859375,79.70840454101562,116.33699798583984,9.881474494934082,303.0400085449219,50.13429260253906
2021-04-27,21.489320755004883,99.06864166259766,629.279541015625,194.95877075195312,39.0099983215332,386.48358154296875,196.756103515625,379.5135803222656,55.79807662963867,177.93946838378906,7311.17138671875,696.5448608398438,67.67622375488281,111.19552612304688,246.09439086914062,125.1430892944336,386.6637878417969,262.6605224609375,488.69830322265625,215.52999877929688,491.80999755859375,557.5399780273438,189.9499969482422,196.17745971679688,45.51154708862305,10.760000228881836,9.1499605178833,135.15045166015625,37.887962341308594,279.5247802734375,69.27546691894531,15.428610801696777,505.54998779296875,140.1929931640625,153.63201904296875,115.89849090576172,79.87715148925781,115.35600280761719,9.568069458007812,303.57000732421875,50.29910659790039
2021-04-28,21.27537727355957,98.3102035522461,631.7053833007812,192.03024291992188,37.4900016784668,393.0198059082031,199.07301330566406,375.5024108886719,55.86703872680664,180.28656005859375,7385.47607421875,690.20263671875,68.05113983154297,111.43757629394531,245.5680694580078,126.3274154663086,386.7520446777344,261.21875,484.2919921875,213.47999572753906,487.7699890136719,557.8099975585938,186.30999755859375,195.7140350341797,45.43256759643555,10.920000076293945,9.115452766418457,134.0734405517578,38.34989547729492,279.3319091796875,67.73383331298828,15.420902252197266,506.5199890136719,140.1348114013672,152.58326721191406,113.95062255859375,80.66132354736328,118.99549865722656,9.604940414428711,307.1000061035156,49.654823303222656
2021-04-29,21.265869140625,99.94525909423828,637.139404296875,194.361328125,37.95000076293945,386.3643493652344,197.71014404296875,387.9704895019531,55.965553283691406,180.0575714111328,7351.7099609375,688.9342651367188,68.87105560302734,112.57035827636719,244.06707763671875,126.61628723144531,393.5737609863281,265.48443603515625,462.94842529296875,211.86000061035156,485.0,552.6300048828125,170.86000061035156,199.1157684326172,45.25137710571289,10.869999885559082,9.126348495483398,133.77700805664062,38.272911071777344,281.94586181640625,67.0268325805664,15.378499031066895,509.0,140.60992431640625,153.0626678466797,115.89849090576172,80.50250244140625,121.49449920654297,9.733989715576172,329.510009765625,49.94449996948242
2021-04-30,21.289640426635742,96.81304168701172,646.7459716796875,192.21632385253906,37.65999984741211,379.5201416015625,197.4375457763672,385.6883239746094,55.73897171020508,167.44436645507812,7284.76904296875,703.2578125,67.95289611816406,112.82208251953125,248.31661987304688,126.05782318115234,390.87835693359375,264.3608093261719,468.77032470703125,218.1999969482422,481.29998779296875,548.989990234375,172.35000610351562,198.24807739257812,45.604469299316406,11.130000114440918,9.137246131896973,131.12896728515625,37.75323486328125,278.2611999511719,64.6898193359375,15.444028854370117,513.469970703125,138.58348083496094,149.91400146484375,115.4115219116211,79.0731201171875,120.50599670410156,9.844602584838867,325.0799865722656,49.11042785644531
2021-05-03,21.379972457885742,99.33456420898438,655.28515625,195.105712890625,36.119998931884766,376.87786865234375,200.11790466308594,389.1559753417969,55.43357849121094,,,693.7835693359375,66.97964477539062,112.31863403320312,246.02618408203125,126.3274154663086,397.8373718261719,265.8125305175781,465.9291687011719,217.9499969482422,488.6199951171875,549.8800048828125,163.2100067138672,201.6498260498047,46.124813079833984,12.069999694824219,9.200813293457031,131.2672882080078,,279.9106140136719,65.86814880371094,15.523052215576172,509.1099853515625,139.97000122070312,148.18856811523438,115.4115219116211,79.5396499633789,119.75849914550781,9.881474494934082,322.5799865722656,48.835731506347656
2021-05-04,21.294395446777344,100.13240051269531,659.0028686523438,196.18310546875,36.52000045776367,373.4110412597656,198.89129638671875,392.3471374511719,54.8030891418457,163.05551147460938,7050.474609375,692.7883911132812,68.3201675415039,111.92167663574219,242.5758056640625,123.72769165039062,403.1692810058594,272.0270690917969,463.8356628417969,214.85000610351562,485.17999267578125,526.8800048828125,158.3699951171875,203.4542694091797,45.32571029663086,11.869999885559082,9.209894180297852,127.18647766113281,37.887962341308594,279.9878234863281,70.79745483398438,15.505705833435059,503.17999267578125,140.27056884765625,143.3394012451172,109.0809326171875,78.12018585205078,117.7125015258789,9.863037109375,318.3599853515625,48.2064323425293
2021-05-05,21.631948471069336,100.18165588378906,671.1341552734375,195.88926696777344,36.65999984741211,366.68609619140625,200.9356231689453,387.3381652832031,57.24623107910156,168.64654541015625,7119.384765625,676.1719360351562,65.56568908691406,109.4140853881836,242.3029327392578,122.28340911865234,404.3062438964844,274.6421203613281,466.3179016113281,213.8699951171875,482.4200134277344,529.9199829101562,156.99000549316406,204.93328857421875,47.07258224487305,11.739999771118164,9.487771034240723,128.73776245117188,40.380470275878906,282.2256164550781,68.49972534179688,15.789030075073242,496.0799865722656,141.05593872070312,144.41062927246094,112.00274658203125,78.12018585205078,117.83699798583984,9.586503982543945,315.0199890136719,49.145389556884766
2021-05-06,21.717525482177734,99.97480773925781,675.3410034179688,201.7071533203125,36.25,372.9839172363281,202.7403106689453,384.8781433105469,56.8226203918457,168.97096252441406,6989.4404296875,682.104248046875,66.7225570678711,111.0696792602539,237.8389434814453,122.572265625,406.7272033691406,276.5014953613281,468.68060302734375,213.16000366210938,498.67999267578125,533.1799926757812,151.89999389648438,206.40243530273438,47.843807220458984,11.399999618530273,9.50593376159668,130.16061401367188,40.13987731933594,283.2480773925781,67.9891357421875,15.950928688049316,499.54998779296875,141.9867401123047,145.0548553466797,111.51577758789062,77.78269958496094,119.06749725341797,9.549633026123047,320.0199890136719,49.82962417602539
2021-05-07,21.921960830688477,102.51119232177734,680.0369873046875,204.11660766601562,37.560001373291016,372.9044189453125,204.26004028320312,386.00445556640625,57.84716033935547,173.20713806152344,7058.35009765625,696.1253051757812,66.95210266113281,112.32830810546875,241.2210235595703,121.99454498291016,409.3539733886719,276.5611877441406,466.995849609375,215.00999450683594,496.75,544.260009765625,151.0399932861328,207.5758056640625,48.52128982543945,10.850000381469727,9.596741676330566,131.3660888671875,40.3612174987793,280.25787353515625,71.41608428955078,15.922017097473145,503.8399963378906,143.03392028808594,147.94383239746094,114.43759155273438,77.60401916503906,119.93450164794922,9.789295196533203,319.0799865722656,50.47391128540039
2021-05-10,22.107376098632812,103.08360290527344,689.1354370117188,206.966796875,37.2599983215332,363.9046630859375,204.30752563476562,385.6586608886719,56.24138641357422,176.9472198486328,6965.81396484375,702.5162353515625,66.53892517089844,112.50257873535156,242.32240295410156,122.1871337890625,412.5296325683594,275.5071716308594,462.0312805175781,212.89999389648438,502.3399963378906,525.260009765625,141.0500030517578,208.92662048339844,49.14152145385742,10.09000015258789,9.663941383361816,123.20449829101562,40.707664489746094,283.13232421875,72.22126007080078,15.993330955505371,486.69000244140625,142.93692016601562,142.48545837402344,110.54183959960938,74.34819030761719,117.08300018310547,9.402148246765137,305.9700012207031,49.7846794128418
2021-05-11,21.722278594970703,98.29704284667969,678.5694580078125,201.1195068359375,36.779998779296875,365.1661682128906,200.08079528808594,375.0974426269531,55.43357849121094,171.7378387451172,6969.75146484375,700.6038208007812,66.62156677246094,111.2052230834961,241.0553436279297,120.56950378417969,403.5221862792969,274.5327453613281,462.55963134765625,213.0,501.19000244140625,528.1900024414062,145.7899932861328,203.8683624267578,47.89151382446289,10.109999656677246,9.64577865600586,122.07808685302734,39.649078369140625,290.0869140625,68.92196655273438,15.785173416137695,495.0799865722656,141.32740783691406,142.88995361328125,108.59396362304688,75.93639373779297,115.43800354003906,9.365276336669922,306.5299987792969,48.855712890625
2021-05-12,22.38312339782715,91.14189147949219,678.4716186523438,191.52090454101562,35.7599983215332,354.2492370605469,202.07542419433594,365.23760986328125,53.29582977294922,173.13082885742188,6863.43310546875,688.2317504882812,64.8036117553711,108.7944564819336,235.8311004638672,118.54750061035156,397.31787109375,270.3665466308594,453.3682861328125,212.67999267578125,507.1400146484375,512.3099975585938,140.0800018310547,201.2554168701172,47.27605056762695,9.510000228881836,9.544073104858398,113.51136779785156,39.81267547607422,282.77545166015625,62.99108123779297,16.012603759765625,484.9800109863281,139.32037353515625,137.4190673828125,108.59396362304688,75.27133178710938,111.9540023803711,9.005784034729004,302.54998779296875,46.9927864074707
2021-05-13,22.31180763244629,93.72762298583984,680.9174194335938,196.2222442626953,35.22999954223633,357.626708984375,203.5001678466797,375.1270751953125,54.3006706237793,170.02044677734375,6973.689453125,698.0571899414062,65.04232788085938,109.88848876953125,237.8194580078125,119.5777587890625,400.4445495605469,275.0000915527344,455.50164794921875,214.35000610351562,517.1699829101562,518.0700073242188,132.7100067138672,204.56845092773438,47.96785354614258,10.229999542236328,9.653043746948242,118.49131774902344,39.466224670410156,289.1609191894531,64.60144805908203,16.001039505004883,486.6600036621094,142.11790466308594,136.48768615722656,107.36119079589844,73.335693359375,113.09850311279297,8.231489181518555,305.260009765625,48.14649963378906
2021-05-14,22.307056427001953,95.03034973144531,691.5812377929688,194.8216552734375,35.650001525878906,361.4908142089844,205.87474060058594,374.5935363769531,55.451377868652344,172.40570068359375,7078.03857421875,704.4871826171875,66.35530090332031,111.00190734863281,240.509521484375,120.61764526367188,401.6598815917969,272.94183349609375,457.6449279785156,217.08999633789062,516.6199951171875,530.0700073242188,139.67999267578125,208.54208374023438,48.6739616394043,10.579999923706055,9.660307884216309,123.34283447265625,40.30348205566406,290.3859558105469,64.81800842285156,16.189922332763672,493.3699951171875,144.41827392578125,142.2582244873047,111.3375244140625,76.0058822631836,115.80799865722656,8.378973960876465,315.94000244140625,49.16037368774414
2021-05-17,22.791988372802734,94.39871978759766,691.5812377929688,190.13990783691406,33.849998474121094,360.88482666015625,205.6847686767578,370.4342346191406,54.75996780395508,170.99363708496094,7066.22607421875,697.6669311523438,67.3193588256836,110.55653381347656,239.66156005859375,120.86799621582031,400.5131530761719,265.8125305175781,451.5140686035156,216.35000610351562,523.72998046875,523.6199951171875,137.36000061035156,206.57005310058594,48.7312126159668,10.40999984741211,9.618535995483398,122.09782409667969,40.380470275878906,290.9646911621094,63.59743881225586,16.604307174682617,488.94000244140625,143.7067108154297,141.484130859375,111.8345718383789,77.5047607421875,116.07050323486328,8.57254695892334,315.4599914550781,49.14039611816406
2021-05-18,22.853796005249023,91.03333282470703,694.5162963867188,188.78826904296875,33.310001373291016,360.6564025878906,206.064697265625,365.6624450683594,54.315494537353516,171.98590087890625,7137.1044921875,700.7724609375,68.28343200683594,111.32140350341797,240.10992431640625,121.17611694335938,402.2283630371094,265.5142517089844,453.19879150390625,214.64999389648438,516.219970703125,524.8599853515625,139.38999938964844,202.57667541503906,49.43732833862305,10.350000381469727,9.625801086425781,120.35879516601562,40.53444290161133,289.0162658691406,63.58759307861328,16.430843353271484,486.2799987792969,140.68499755859375,139.98846435546875,111.8345718383789,78.46761322021484,115.17150115966797,8.775339126586914,309.9599914550781,49.02052688598633
2021-05-19,22.72067642211914,90.11548614501953,689.5267333984375,186.8000030517578,33.11000061035156,358.580322265625,203.69012451171875,366.205810546875,54.12782669067383,169.9059600830078,7198.13916015625,700.8018188476562,68.23753356933594,111.67962646484375,239.80775451660156,121.0027847290039,401.3658142089844,265.5242004394531,455.53155517578125,214.0500030517578,510.2699890136719,528.1400146484375,136.91000366210938,200.82159423828125,48.912513732910156,10.460000038146973,9.50593376159668,123.31318664550781,39.4854736328125,287.7044372558594,64.30615997314453,16.07427978515625,487.70001220703125,139.15464782714844,140.48785400390625,110.34344482421875,78.1598892211914,115.43550109863281,,313.5899963378906,48.34627914428711
2021-05-20,22.782482147216797,90.31288146972656,697.842529296875,189.4346923828125,31.850000381469727,365.255615234375,203.83261108398438,370.019287109375,54.7105827331543,170.6692352294922,7387.1494140625,713.3021240234375,69.64231872558594,113.62567901611328,244.46670532226562,121.99454498291016,400.52294921875,268.07958984375,463.8456726074219,216.61000061035156,513.2100219726562,539.239990234375,141.2899932861328,203.3260955810547,49.26557159423828,10.279999732971191,9.637140274047852,128.75755310058594,39.7260627746582,286.53729248046875,64.96565246582031,16.355676651000977,501.6700134277344,140.002685546875,145.94876098632812,112.33161163330078,76.63123321533203,117.80449676513672,8.86751651763916,318.6099853515625,49.25027084350586
2021-05-21,22.91084861755371,89.345703125,704.2017211914062,188.51400756835938,31.469999313354492,365.15631103515625,205.3998260498047,372.9535217285156,54.56242370605469,170.8028106689453,7391.0869140625,710.4610595703125,70.15647888183594,113.79025268554688,243.6187286376953,122.56263732910156,403.4535217285156,267.4830322265625,460.90484619140625,213.42999267578125,506.7200012207031,539.3400268554688,140.52000427246094,203.4936981201172,49.857173919677734,10.1899995803833,9.692286491394043,127.12718963623047,40.20724105834961,287.6272277832031,64.12897491455078,16.515649795532227,497.8900146484375,139.8077392578125,149.73667907714844,116.30795288085938,74.2485122680664,117.25499725341797,8.922822952270508,316.2300109863281,49.18035125732422
2021-05-24,22.830026626586914,89.90824127197266,706.060546875,186.74124145507812,31.280000686645508,369.9045104980469,,374.4848937988281,54.641441345214844,171.43251037597656,7422.58837890625,708.5802612304688,72.13969421386719,114.39053344726562,246.37704467773438,123.3425521850586,402.7870788574219,269.73016357421875,461.0244140625,211.22000122070312,500.4700012207031,549.7100219726562,142.3300018310547,203.23731994628906,,10.329999923706055,,132.9766845703125,40.476707458496094,288.9583740234375,63.98133087158203,,502.8999938964844,140.01243591308594,155.93170166015625,,75.38314056396484,120.33350372314453,8.600199699401855,324.6300048828125,50.01442337036133
2021-05-25,22.682641983032227,91.98076629638672,708.7998657226562,189.05271911621094,30.65999984741211,364.77880859375,204.78244018554688,374.7917785644531,54.89825439453125,171.39434814453125,7454.0908203125,720.2968139648438,70.66146850585938,114.4195785522461,246.95208740234375,123.63140106201172,404.8453369140625,272.8921203613281,462.5795593261719,208.75999450683594,498.0299987792969,555.1900024414062,144.4600067138672,207.2701416015625,51.04039001464844,9.989999771118164,9.553472518920898,135.86187744140625,40.3612174987793,290.3859558105469,63.725399017333984,16.598526000976562,501.3399963378906,139.20339965820312,156.2887725830078,116.30795288085938,77.88131713867188,120.45349884033203,8.655508041381836,327.7900085449219,49.699771881103516
2021-05-26,22.568540573120117,93.05651092529297,719.85498046875,189.6208038330078,31.81999969482422,360.2391662597656,202.45535278320312,374.8709716796875,54.84886169433594,171.0317840576172,7422.58837890625,720.4242553710938,71.43269348144531,113.77090454101562,248.01449584960938,121.58052062988281,405.0021667480469,273.5881652832031,458.2630310058594,206.8000030517578,497.1600036621094,557.3300170898438,148.32000732421875,208.86746215820312,51.90871810913086,10.039999961853027,9.572487831115723,135.50552368164062,40.592185974121094,286.8652038574219,65.74327850341797,16.523357391357422,502.3599853515625,139.36907958984375,156.81065368652344,113.82273864746094,78.35906219482422,121.67649841308594,8.922822952270508,327.6600036621094,49.774688720703125
2021-05-27,22.82051658630371,94.32963562011719,720.6376342773438,189.78732299804688,32.52000045776367,359.5934753417969,205.0198974609375,376.72222900390625,55.016780853271484,175.2679901123047,7239.4853515625,720.13037109375,72.32034301757812,113.1415786743164,247.67335510253906,120.50211334228516,404.50225830078125,273.85662841796875,471.0133056640625,207.30999755859375,495.3399963378906,554.0399780273438,149.0,210.70147705078125,53.05376052856445,10.069999694824219,9.421313285827637,136.4161834716797,41.50642776489258,287.7140808105469,66.98352813720703,16.507938385009766,503.8599853515625,140.9384307861328,154.69320678710938,111.8345718383789,78.0505142211914,120.12550354003906,9.01500129699707,332.75,49.79467010498047
2021-05-28,22.663625717163086,94.04342651367188,732.5732421875,190.8255157470703,32.11000061035156,358.1829833984375,206.20718383789062,375.66290283203125,55.006900787353516,174.69554138183594,7456.05908203125,721.7271118164062,73.02086639404297,114.09039306640625,248.98916625976562,121.88862609863281,403.73779296875,272.9219665527344,468.0426330566406,208.6300048828125,502.42999267578125,558.1099853515625,150.5800018310547,211.78607177734375,52.93925476074219,10.40999984741211,9.505932807922363,136.72305297851562,41.33320236206055,289.0451965332031,66.15668487548828,16.440481185913086,502.80999755859375,141.581787109375,162.2490997314453,112.82865905761719,78.01070404052734,120.5780029296875,8.618636131286621,328.7300109863281,49.265254974365234
2021-05-31,22.463945388793945,,732.0841064453125,,,,204.59246826171875,,,,,,,,,,,,,,,,,,53.416358947753906,,9.355709075927734,,40.96750259399414,,,16.430843353271484,,,,112.82865905761719,,,8.57254695892334,,
2021-06-01,22.520998001098633,93.80657958984375,725.920654296875,187.90676879882812,32.0,357.398193359375,206.11219787597656,369.7132263183594,55.04641342163086,177.06170654296875,7365.4921875,724.3720703125,75.90596008300781,116.01707458496094,252.02037048339844,120.15547180175781,398.6410827636719,262.2428894042969,445.6224060058594,209.6699981689453,503.2300109863281,550.5900268554688,152.36000061035156,212.85098266601562,53.40681838989258,10.489999771118164,9.452689170837402,136.8022003173828,41.50642776489258,291.82318115234375,67.81036376953125,16.55805015563965,499.0799865722656,142.59552001953125,162.4488525390625,112.82865905761719,80.8273696899414,121.4905014038086,8.710813522338867,329.1300048828125,51.367919921875
2021-06-02,22.520998001098633,91.74391174316406,730.6165771484375,186.84896850585938,32.150001525878906,364.41131591796875,205.16236877441406,376.019287109375,54.32536315917969,177.88223266601562,7381.24267578125,742.7014770507812,75.65708923339844,117.8663101196289,256.2699279785156,119.20225524902344,397.788330078125,262.0241394042969,447.8155822753906,210.3800048828125,505.3599853515625,547.5599975585938,152.74000549316406,207.68423461914062,53.29230880737305,10.239999771118164,9.434624671936035,137.59405517578125,41.67002487182617,294.8326416015625,64.44395446777344,16.63321876525879,499.239990234375,142.28359985351562,167.5801544189453,112.33161163330078,80.8074722290039,121.06400299072266,8.563329696655273,329.1499938964844,50.33906555175781
2021-06-03,22.863304138183594,90.1352310180664,725.1380004882812,186.3886260986328,31.6299991607666,359.4147033691406,207.20448303222656,377.5240783691406,54.90813446044922,177.7868194580078,7322.17724609375,761.2265625,74.20072937011719,117.99217987060547,256.6792907714844,118.49935150146484,399.8564453125,263.6747131347656,443.9476013183594,211.14999389648438,505.6600036621094,550.2999877929688,146.58999633789062,210.2774658203125,53.6549072265625,10.729999542236328,9.489768981933594,134.99082946777344,41.78550338745117,293.3375244140625,63.92227554321289,16.650564193725586,489.42999267578125,142.72222900390625,169.49281311035156,111.3375244140625,77.98085021972656,120.23049926757812,8.480368614196777,326.0400085449219,50.773582458496094
2021-06-04,22.91084861755371,91.36888885498047,719.7571411132812,186.0066375732422,31.549999237060547,363.5867919921875,207.29946899414062,380.72161865234375,54.72046661376953,175.5160675048828,7459.9970703125,769.4066772460938,73.23287963867188,118.49561309814453,258.5604553222656,119.25039672851562,397.5825500488281,264.8381042480469,447.3669738769531,209.92999267578125,511.8900146484375,558.3599853515625,146.57000732421875,210.78036499023438,54.1129264831543,10.670000076293945,9.54776668548584,138.42550659179688,41.42943572998047,293.9645080566406,64.18802642822266,16.675621032714844,494.739990234375,144.7594451904297,175.5705108642578,111.8345718383789,79.17520141601562,122.58799743652344,8.434280395507812,330.3500061035156,51.707542419433594
2021-06-07,23.158071517944336,91.12216186523438,717.1156005859375,186.33966064453125,31.239999771118164,361.65966796875,207.29946899414062,377.4052734375,53.46603775024414,178.39744567871094,7420.61962890625,778.8798828125,74.92891693115234,118.77639770507812,261.8255310058594,119.3563003540039,392.299560546875,262.56109619140625,443.07037353515625,209.16000366210938,514.989990234375,560.3499755859375,151.9499969482422,208.90689086914062,54.66636657714844,11.1899995803833,9.52114486694336,137.55445861816406,41.910614013671875,291.1190185546875,61.20552062988281,16.810537338256836,494.6600036621094,143.14137268066406,175.97750854492188,113.82273864746094,77.63249969482422,123.30449676513672,8.434280395507812,336.5799865722656,51.3629264831543
2021-06-08,23.357751846313477,91.6748275756836,725.920654296875,187.4659881591797,30.040000915527344,362.83184814453125,207.6793975830078,380.5335998535156,54.62168884277344,176.66099548339844,7428.4951171875,800.040283203125,74.97500610351562,119.72521209716797,259.28167724609375,117.27652740478516,393.760009765625,258.93182373046875,439.63104248046875,211.1300048828125,506.4200134277344,561.3099975585938,152.92999267578125,206.90530395507812,54.294227600097656,11.59000015258789,9.568684577941895,134.4761505126953,41.97797775268555,289.006591796875,62.494991302490234,16.74114990234375,492.3900146484375,143.404541015625,174.35946655273438,114.31978607177734,77.22442626953125,124.14250183105469,8.3605375289917,333.67999267578125,51.89733123779297
2021-06-09,23.31971549987793,89.49373626708984,728.4642333984375,186.6824493408203,30.559999465942383,360.9146423339844,206.4921112060547,380.7513732910156,54.6019287109375,172.21487426757812,7379.27392578125,793.525634765625,76.5788345336914,119.67680358886719,260.2466125488281,118.53787231445312,393.1327209472656,257.71875,446.81866455078125,213.55999755859375,521.8499755859375,566.6599731445312,150.42999267578125,205.39671325683594,53.98888397216797,11.510000228881836,9.591503143310547,133.27845764160156,41.10223388671875,286.8170166015625,62.51467514038086,16.78740882873535,485.80999755859375,142.71249389648438,173.4128875732422,113.32569885253906,76.96565246582031,124.56999969482422,8.40662670135498,330.25,51.922306060791016
2021-06-10,23.457590103149414,86.69087982177734,723.1812744140625,184.89987182617188,30.139999389648438,361.87823486328125,207.53692626953125,382.8501281738281,55.332855224609375,170.84097290039062,7450.15283203125,806.241455078125,78.50530242919922,122.2618408203125,263.9600830078125,120.10733795166016,393.5149841308594,259.5284118652344,463.46685791015625,216.77000427246094,532.0399780273438,580.530029296875,154.2899932861328,207.1616668701172,53.740787506103516,11.09000015258789,9.519244194030762,135.76290893554688,41.41019058227539,288.022705078125,58.97109603881836,17.055313110351562,487.2699890136719,143.11212158203125,174.07974243164062,113.82273864746094,78.0306167602539,126.08000183105469,8.526457786560059,332.4599914550781,51.83740234375
2021-06-11,23.486116409301758,87.56925964355469,726.8011474609375,186.88815307617188,30.790000915527344,363.0702209472656,206.82455444335938,388.55230712890625,55.806968688964844,172.1194610595703,7603.72412109375,799.4329223632812,76.18247985839844,120.7417984008789,261.55267333984375,119.18299102783203,389.9864807128906,257.0823669433594,463.7060852050781,193.02000427246094,525.5499877929688,584.469970703125,154.82000732421875,208.72943115234375,54.408729553222656,11.300000190734863,9.536357879638672,135.42637634277344,41.708518981933594,289.80718994140625,57.69146728515625,17.15938949584961,488.7699890136719,142.92691040039062,178.07830810546875,115.3138656616211,76.83626556396484,125.69650268554688,8.415844917297363,331.260009765625,51.932289123535156
2021-06-14,23.576448440551758,86.82906341552734,727.8772583007812,185.76177978515625,30.81999969482422,364.0834655761719,206.9195556640625,392.3934020996094,54.611812591552734,171.16537475585938,7649.00732421875,807.2211303710938,76.8000717163086,122.14566802978516,264.0770568847656,119.53925323486328,391.2312316894531,258.3551025390625,468.8728942871094,194.8000030517578,528.75,592.3599853515625,157.47999572753906,204.95298767089844,54.18926239013672,10.859999656677246,9.699892044067383,137.6138458251953,41.14072799682617,288.5243225097656,57.54381561279297,17.142044067382812,499.8900146484375,142.3128204345703,180.01144409179688,117.30204010009766,76.79645538330078,126.35199737548828,,336.7699890136719,51.312984466552734
2021-06-15,23.5954647064209,87.50016784667969,732.964599609375,184.0183563232422,30.06999969482422,365.67279052734375,207.48944091796875,392.0469055175781,55.006900787353516,170.99363708496094,7717.9169921875,792.5361328125,74.80908966064453,119.82009887695312,263.6189270019531,120.5213623046875,392.3290100097656,258.95172119140625,468.88287353515625,188.97000122070312,527.489990234375,592.260009765625,152.42999267578125,207.10748291015625,54.380104064941406,11.100000381469727,9.707498550415039,137.2278289794922,41.00600051879883,290.4148864746094,57.848960876464844,17.203720092773438,491.8999938964844,144.11611938476562,177.71116638183594,118.29612731933594,76.30876159667969,126.03299713134766,8.286795616149902,336.75,51.37290954589844
2021-06-16,23.39103126525879,86.18756866455078,733.5515747070312,182.37289428710938,30.459999084472656,361.4013671875,208.72421264648438,388.819580078125,56.330467224121094,168.99000549316406,7790.7646484375,793.4863891601562,74.34822082519531,118.14647674560547,259.77874755859375,120.3769302368164,389.35919189453125,257.61932373046875,467.22711181640625,187.49000549316406,523.5800170898438,593.52001953125,151.72999572753906,204.34024047851562,54.48506546020508,10.90999984741211,9.705597877502441,135.58473205566406,40.986751556396484,289.4117126464844,57.199302673339844,17.201793670654297,492.4100036621094,142.67349243164062,177.92845153808594,119.7872543334961,76.21919250488281,125.69650268554688,8.231489181518555,331.0799865722656,51.31797409057617
2021-06-17,23.609725952148438,87.7074203491211,742.2587890625,182.99972534179688,29.40999984741211,364.848388671875,211.09877014160156,396.14532470703125,56.43912124633789,170.61199951171875,7859.67529296875,798.8646850585938,73.09464263916016,119.30438995361328,263.9409484863281,120.55989074707031,389.45721435546875,258.7030944824219,484.8420715332031,188.36000061035156,536.010009765625,604.2000122070312,155.8000030517578,204.7849884033203,54.25605773925781,10.380000114440918,9.580094337463379,135.9212646484375,40.7750358581543,288.495361328125,55.860618591308594,17.059167861938477,498.3399963378906,139.01820373535156,186.3901824951172,115.8109130859375,77.93108367919922,126.37100219726562,8.471150398254395,336.510009765625,49.76969528198242
2021-06-18,23.305452346801758,88.76343536376953,733.7472534179688,183.03892517089844,29.079999923706055,364.97747802734375,206.96702575683594,386.7901306152344,55.69831466674805,163.97146606445312,7841.95556640625,806.0260009765625,71.04833984375,116.34635162353516,260.4447021484375,118.65341186523438,383.033447265625,258.71307373046875,481.2413330078125,187.85000610351562,537.9199829101562,601.0499877929688,156.30999755859375,199.00344848632812,53.78849792480469,10.069999694824219,9.519244194030762,129.893310546875,39.966651916503906,282.33172607421875,54.88613510131836,16.976289749145508,500.7699890136719,135.7430419921875,186.2053680419922,116.30795288085938,77.01541900634766,125.56749725341797,8.268360137939453,329.6600036621094,49.23029708862305
2021-06-21,23.576448440551758,89.36544036865234,742.7478637695312,184.99781799316406,29.690000534057617,370.6097717285156,206.96702575683594,395.5117492675781,57.18980407714844,165.00189208984375,7997.49462890625,805.761474609375,73.74907684326172,119.28491973876953,262.2074890136719,120.87763214111328,391.5918884277344,263.8238830566406,482.32855224609375,187.6999969482422,534.27001953125,606.6300048828125,155.38999938964844,205.65467834472656,54.532779693603516,10.520000457763672,9.496424674987793,131.6947784423828,40.9482536315918,286.054931640625,56.63823699951172,17.1574649810791,497.0,139.4275665283203,184.09243774414062,116.80499267578125,75.63196563720703,126.45500183105469,8.04713249206543,332.2900085449219,49.94449996948242
2021-06-22,23.657268524169922,89.78981018066406,745.389404296875,187.7794189453125,29.489999771118164,375.5268859863281,205.0198974609375,399.8082275390625,57.84170150756836,164.6202392578125,8091.99951171875,805.830078125,73.27899169921875,118.6913833618164,261.100830078125,122.02342987060547,392.2018127441406,265.8025817871094,490.95648193359375,188.8699951171875,534.02001953125,611.6400146484375,157.6300048828125,207.3842010498047,54.82857894897461,10.449999809265137,9.472655296325684,132.08079528808594,41.40056610107422,287.4536437988281,57.12055587768555,17.25190544128418,508.82000732421875,139.22288513183594,188.6829376220703,115.3138656616211,73.81059265136719,126.99949645996094,8.296012878417969,339.0299987792969,49.82463836669922
2021-06-23,23.433818817138672,88.48707580566406,723.376953125,187.21136474609375,29.510000228881836,372.6461486816406,203.64263916015625,396.8086242675781,58.63188934326172,164.86831665039062,7971.89990234375,787.2068481445312,73.98873901367188,117.85456085205078,258.76025390625,120.82948303222656,389.12274169921875,262.352294921875,492.7619323730469,187.52000427246094,529.7999877929688,615.8800048828125,160.5,203.7373809814453,54.561405181884766,10.5,9.359512329101562,134.11981201171875,40.81352996826172,280.5279541015625,57.26820755004883,17.095787048339844,512.739990234375,140.7629852294922,190.3862762451172,115.3138656616211,74.56700897216797,126.46150207519531,8.296012878417969,340.5899963378906,49.554931640625
2021-06-24,23.438573837280273,88.15152740478516,734.6278076171875,187.80880737304688,30.31999969482422,372.2587585449219,204.0225830078125,407.05474853515625,59.3924446105957,166.39486694335938,8054.591796875,763.460205078125,74.80908966064453,118.00050354003906,258.6916809082031,121.05204772949219,392.37884521484375,263.48583984375,494.0984802246094,191.94000244140625,544.4500122070312,614.9299926757812,163.27000427246094,202.03750610351562,55.563316345214844,10.460000038146973,9.451738357543945,136.8516845703125,41.27545928955078,279.6598205566406,58.19347381591797,17.246122360229492,518.0599975585938,141.97166442871094,191.86734008789062,116.30795288085938,75.14427947998047,127.28199768066406,8.351320266723633,343.17999267578125,49.48501205444336
2021-06-25,23.462345123291016,87.68767547607422,742.7478637695312,188.7001190185547,30.860000610351562,377.08642578125,204.1650390625,408.2229309082031,60.014713287353516,166.81468200683594,8153.0341796875,767.4571533203125,76.04421997070312,118.71083068847656,261.0323181152344,120.89722442626953,398.35992431640625,265.7230529785156,491.6148376464844,194.33999633789062,550.5499877929688,620.6400146484375,165.10000610351562,205.19017028808594,55.286598205566406,10.260000228881836,9.373773574829102,134.8027801513672,42.19932174682617,278.319091796875,57.15993118286133,17.19601058959961,527.0700073242188,142.9853973388672,190.12403869628906,115.3138656616211,77.41353607177734,126.99500274658203,8.369754791259766,341.3699951171875,49.69477844238281
2021-06-28,23.467098236083984,88.40812683105469,731.4971313476562,189.2388153076172,30.56999969482422,365.2357482910156,203.167724609375,406.6785888671875,59.77766036987305,163.64706420898438,8021.12109375,782.2694702148438,75.36213684082031,118.34107208251953,266.1737976074219,119.74563598632812,394.9267272949219,268.52703857421875,503.813720703125,197.82000732421875,542.7000122070312,631.9000244140625,170.4199981689453,204.49838256835938,55.181636810302734,9.729999542236328,9.432722091674805,139.5538787841797,41.092613220214844,278.8110046386719,56.982749938964844,17.290451049804688,533.030029296875,142.80020141601562,199.65472412109375,119.29020690917969,76.73674011230469,126.81950378417969,8.314449310302734,355.6400146484375,49.81964111328125
2021-06-29,23.6049747467041,89.32596588134766,738.0519409179688,190.2084503173828,30.34000015258789,365.5536193847656,202.1229248046875,406.4608154296875,59.639373779296875,165.24993896484375,8040.8095703125,786.001953125,74.4952392578125,118.1756591796875,267.15313720703125,120.51981353759766,391.6213684082031,274.4333190917969,506.9456787109375,196.77999877929688,545.97998046875,637.0800170898438,171.36000061035156,203.47055053710938,55.63965606689453,9.739999771118164,9.431771278381348,140.4744110107422,41.525672912597656,278.0779113769531,56.894168853759766,17.369474411010742,533.5,142.7904815673828,200.0718231201172,117.79907989501953,76.23908996582031,126.01850128173828,8.378973960876465,351.8900146484375,51.04328155517578
2021-06-30,23.837932586669922,89.18778991699219,721.0289916992188,189.98318481445312,30.68000030517578,362.6629943847656,200.41323852539062,406.3321228027344,58.51335906982422,163.2654266357422,7845.892578125,786.2664184570312,74.01415252685547,116.30742645263672,264.5579528808594,120.123046875,393.9233093261719,274.2841796875,503.185302734375,201.6300048828125,558.5399780273438,631.5499877929688,166.2899932861328,204.3204803466797,54.84766387939453,9.829999923706055,9.311022758483887,140.94952392578125,40.90013885498047,278.94085693359375,59.34513854980469,17.190227508544922,528.2100219726562,144.43775939941406,199.8295440673828,119.7872543334961,74.94522094726562,125.31600189208984,8.231489181518555,347.7099914550781,49.779685974121094
2021-07-01,23.966297149658203,91.59587097167969,723.1812744140625,191.795166015625,31.200000762939453,368.2456359863281,201.50552368164062,408.0645446777344,59.0171012878418,167.25357055664062,7755.32568359375,781.4073486328125,75.60545349121094,116.74529266357422,264.74395751953125,122.05848693847656,398.3009033203125,276.4120178222656,508.2323913574219,202.2100067138672,574.6199951171875,638.9500122070312,164.63999938964844,209.35092163085938,55.267513275146484,10.0,9.335742950439453,136.5448455810547,41.25621032714844,280.0268859863281,59.551849365234375,17.226848602294922,533.5399780273438,146.3775177001953,201.92250061035156,115.8109130859375,74.40776824951172,126.36849975585938,,354.3900146484375,49.29022979736328
2021-07-02,24.018592834472656,91.1517562866211,718.4853515625,191.68743896484375,31.139999389648438,372.5368957519531,202.31288146972656,410.4701843261719,59.05661392211914,164.44851684570312,7773.04541015625,784.2091674804688,74.77279663085938,117.76698303222656,267.2314758300781,122.73588562011719,402.6981506347656,276.3722839355469,512.0127563476562,200.5399932861328,583.6400146484375,648.2000122070312,164.25999450683594,212.33558654785156,55.62057113647461,9.8100004196167,9.369970321655273,136.7527313232422,41.14072799682617,281.9369812011719,59.45341873168945,17.2943058013916,533.97998046875,147.5764617919922,204.66981506347656,116.80499267578125,73.8404541015625,128.718994140625,8.139309883117676,354.70001220703125,49.62984848022461
2021-07-05,24.108924865722656,,721.8116455078125,,,,203.35769653320312,,,169.54339599609375,7753.3564453125,,,,,,,,,,,,,,55.76369857788086,,9.411805152893066,,41.20809555053711,,,17.29816246032715,,,,116.30795288085938,,,8.010260581970215,,
2021-07-06,23.956787109375,89.71086120605469,712.1261596679688,190.7471466064453,30.34000015258789,373.61962890625,201.5530242919922,411.499755859375,59.19489669799805,163.64706420898438,7845.892578125,802.4404296875,73.64409637451172,119.23628234863281,270.0323791503906,122.87137603759766,403.58349609375,276.9887390136719,515.7432861328125,200.0500030517578,582.25,658.989990234375,163.52999877929688,212.32568359375,55.63965606689453,9.449999809265137,9.450786590576172,135.3867645263672,40.370845794677734,278.01007080078125,55.525943756103516,17.17673683166504,541.6400146484375,145.9193878173828,206.78274536132812,120.28429412841797,71.29251098632812,129.77099609375,8.102439880371094,352.7799987792969,49.13040542602539
2021-07-07,24.360902786254883,91.77350616455078,721.8116455078125,191.85394287109375,29.559999465942383,371.43426513671875,200.98313903808594,414.9547424316406,58.64176559448242,164.58209228515625,7934.49169921875,810.9633178710938,72.39508056640625,119.96605682373047,272.4219665527344,123.61651611328125,404.96075439453125,279.6733703613281,521.3887939453125,198.99000549316406,585.9000244140625,665.3099975585938,158.25999450683594,214.39122009277344,56.193092346191406,9.550000190734863,9.658058166503906,133.4962158203125,41.015625,281.9564514160156,57.34695816040039,17.27117919921875,535.9600219726562,148.33676147460938,203.51844787597656,122.2724609375,69.59056854248047,130.07749938964844,8.13009262084961,350.489990234375,49.689781188964844
2021-07-08,24.089906692504883,87.92453002929688,697.4512329101562,188.83724975585938,28.780000686645508,368.1622619628906,197.99118041992188,412.8758239746094,57.318199157714844,159.94517517089844,7741.54345703125,811.335693359375,71.33113098144531,119.79090881347656,272.1771545410156,123.32620239257812,403.278564453125,275.5569152832031,517.2892456054688,197.74000549316406,574.9199829101562,659.9400024414062,157.94000244140625,211.54493713378906,55.181636810302734,9.529999732971191,9.627633094787598,131.18006896972656,39.937782287597656,278.6306457519531,57.09103012084961,17.199865341186523,530.760009765625,146.76742553710938,198.83302307128906,120.28429412841797,67.39097595214844,129.177001953125,8.194618225097656,345.6499938964844,49.4450569152832
2021-07-09,24.094663619995117,88.39825439453125,715.3546752929688,191.31524658203125,29.299999237060547,370.897216796875,201.173095703125,410.5196533203125,58.37507629394531,165.40261840820312,7749.4189453125,803.6257934570312,72.89469909667969,122.00942993164062,272.69622802734375,124.03262329101562,405.4034118652344,279.43475341796875,515.9426879882812,198.16000366210938,580.4000244140625,667.030029296875,158.60000610351562,216.22946166992188,55.75415802001953,9.84000015258789,9.591503143310547,133.52590942382812,40.80390548706055,282.8096923828125,58.95140838623047,17.321290969848633,535.97998046875,149.68191528320312,200.3065643310547,124.26063537597656,70.43656158447266,129.57449340820312,8.231489181518555,350.4200134277344,50.06936264038086
2021-07-12,24.2230281829834,87.86532592773438,719.2680053710938,191.55030822753906,29.649999618530273,373.5028381347656,202.07542419433594,407.6191101074219,59.7183952331543,164.7919921875,7818.3291015625,812.66796875,74.35645294189453,123.97498321533203,274.204345703125,124.0616683959961,409.2694396972656,279.87225341796875,513.3792724609375,198.33999633789062,574.030029296875,659.5399780273438,155.99000549316406,217.76132202148438,55.935455322265625,9.899999618530273,9.6865816116333,135.4065704345703,40.61143112182617,282.2085266113281,58.73485565185547,17.63352394104004,537.3099975585938,151.15379333496094,204.924560546875,124.75767517089844,68.0677719116211,130.56399536132812,8.148529052734375,353.1600036621094,48.5110969543457
2021-07-13,24.261062622070312,85.37828063964844,727.4859008789062,190.28680419921875,29.100000381469727,381.60821533203125,202.1229248046875,404.84716796875,58.681270599365234,162.19683837890625,7678.53955078125,806.2904052734375,71.53467559814453,122.22350311279297,272.7745361328125,123.28749084472656,411.7287902832031,278.12225341796875,512.9902954101562,198.3300018310547,577.010009765625,662.5800170898438,154.2100067138672,216.66429138183594,55.88774490356445,9.65999984741211,9.663762092590332,134.90176391601562,40.553688049316406,280.08502197265625,56.4315299987793,17.73181915283203,540.6799926757812,150.1497802734375,202.3021240234375,124.26063537597656,70.62566375732422,130.9945068359375,8.037915229797363,352.0899963378906,46.827964782714844
2021-07-14,24.289588928222656,85.63488006591797,734.334228515625,188.7784881591797,28.739999771118164,388.6593933105469,201.50552368164062,406.4608154296875,58.187408447265625,162.86471557617188,7540.72021484375,814.911376953125,71.9695053100586,122.82679748535156,275.55584716796875,123.61651611328125,407.9906005859375,275.666259765625,509.4792175292969,197.88999938964844,581.0599975585938,659.8499755859375,148.85000610351562,216.18994140625,55.94499969482422,9.539999961853027,9.654254913330078,134.26828002929688,40.428585052490234,279.38690185546875,56.077171325683594,17.63545036315918,547.9500122070312,149.52593994140625,198.2211151123047,124.26063537597656,71.49156951904297,132.08250427246094,7.650768280029297,347.6300048828125,46.648162841796875
2021-07-15,24.080400466918945,85.90135192871094,723.7682495117188,191.72662353515625,28.459999084472656,388.092529296875,199.5583953857422,407.3913269042969,58.0985107421875,161.3572235107422,7450.15283203125,817.066650390625,71.53467559814453,123.50792694091797,275.46771240234375,121.3133544921875,413.2141418457031,275.3779602050781,513.1697998046875,200.08999633789062,589.3200073242188,657.4199829101562,146.2100067138672,217.71189880371094,55.6873664855957,9.800000190734863,9.774053573608398,131.84323120117188,39.99552536010742,279.34814453125,54.453025817871094,17.5583553314209,542.9500122070312,149.9840850830078,189.4771728515625,124.26063537597656,72.28779602050781,131.26649475097656,7.76138162612915,344.4599914550781,46.768028259277344
2021-07-16,24.34663963317871,85.17103576660156,715.941650390625,192.10858154296875,28.18000030517578,384.99951171875,198.37110900878906,410.26226806640625,57.525630950927734,157.8270721435547,7481.65478515625,814.5489501953125,70.10063934326172,123.84848022460938,276.6233215332031,121.7391357421875,412.869873046875,274.8807678222656,518.46630859375,202.27999877929688,583.239990234375,667.760009765625,146.77999877929688,216.63465881347656,55.51560592651367,9.720000267028809,9.86532974243164,126.87435913085938,40.101383209228516,276.86590576171875,51.903621673583984,17.683635711669922,530.3099975585938,148.88262939453125,181.43255615234375,122.7695083618164,71.13326263427734,131.8455047607422,7.447976589202881,341.1600036621094,46.09377670288086
2021-07-19,23.904489517211914,85.65461730957031,696.375,188.93519592285156,27.81999969482422,363.4482727050781,190.9624786376953,405.045166015625,56.66629409790039,152.00706481933594,7481.65478515625,817.3212890625,67.47314453125,123.3619613647461,275.0857849121094,118.78759002685547,402.4030456542969,273.2600402832031,520.2916259765625,199.24000549316406,585.22998046875,669.4000244140625,151.3699951171875,215.0830535888672,54.55186080932617,9.15999984741211,9.65995979309082,127.30989074707031,38.34027099609375,273.5303955078125,50.505882263183594,16.982072830200195,532.280029296875,145.4222869873047,187.61398315429688,123.26654815673828,69.64033508300781,129.25399780273438,7.355798244476318,336.95001220703125,46.388450622558594
2021-07-20,23.913999557495117,87.89492797851562,703.6146850585938,190.91207885742188,28.1299991607666,372.3392639160156,194.0019073486328,412.2026062011719,57.84170150756836,154.23965454101562,7383.21142578125,815.7049560546875,71.38664245605469,124.53934478759766,277.1521911621094,121.45850372314453,406.2493896484375,275.2088928222656,521.2492065429688,196.5500030517578,587.239990234375,669.3900146484375,154.8300018310547,245.987060546875,55.15300750732422,9.949999809265137,9.694188117980957,130.62576293945312,39.05241775512695,277.26348876953125,51.6181640625,16.908832550048828,531.0499877929688,150.1985321044922,185.9381103515625,119.7872543334961,69.5208969116211,131.10150146484375,7.291274070739746,341.6600036621094,47.63207244873047
2021-07-21,24.299097061157227,90.27340698242188,711.1478881835938,191.915283203125,28.790000915527344,377.9782409667969,197.6112518310547,412.8758239746094,58.65164566040039,159.52536010742188,7442.27734375,803.0772705078125,72.26556396484375,123.47872924804688,274.4688415527344,122.94879913330078,407.8922424316406,275.91485595703125,512.9503784179688,196.27000427246094,583.719970703125,670.510009765625,153.32000732421875,246.33297729492188,55.582401275634766,10.5,9.842510223388672,136.59432983398438,39.572086334228516,278.01007080078125,53.40964126586914,17.25383186340332,513.6300048828125,151.6996307373047,193.91033935546875,118.29612731933594,69.56070709228516,132.60049438476562,7.263620853424072,346.2300109863281,48.051605224609375
2021-07-22,24.36565589904785,88.46733856201172,712.0283203125,193.5282440185547,28.479999542236328,380.0667724609375,198.6085662841797,414.4003601074219,59.965328216552734,157.73165893554688,7432.43310546875,804.1156616210938,69.45303344726562,123.74144744873047,275.7810974121094,123.00685119628906,409.0038146972656,279.50439453125,523.164306640625,196.02000427246094,586.8800048828125,683.030029296875,152.8699951171875,243.90176391601562,55.849578857421875,10.109999656677246,9.747431755065918,135.78268432617188,39.466224670410156,279.69720458984375,52.681236267089844,17.055313110351562,511.7699890136719,152.10902404785156,195.74855041503906,115.3138656616211,69.31188201904297,133.32850646972656,7.4571943283081055,351.19000244140625,47.91675567626953
2021-07-23,24.57959747314453,92.3261947631836,731.3992919921875,197.5311737060547,28.469999313354492,391.10589599609375,199.46340942382812,414.3013610839844,60.6666145324707,159.4490203857422,7505.28076171875,816.5180053710938,68.55560302734375,124.4420394897461,279.365478515625,124.39069366455078,410.9024658203125,282.1592102050781,530.9044799804688,200.5,586.3499755859375,693.739990234375,151.58999633789062,245.55224609375,56.57477569580078,10.079999923706055,9.880541801452637,137.01995849609375,39.88966751098633,281.47161865234375,52.90763473510742,17.26346778869629,515.4099731445312,152.77183532714844,195.38890075683594,119.29020690917969,66.57484436035156,137.8159942626953,7.263620853424072,369.7900085449219,48.22141647338867
2021-07-26,24.593862533569336,91.3096694946289,731.1057739257812,194.48228454589844,29.34000015258789,390.6484069824219,200.31825256347656,409.25250244140625,61.07159423828125,161.6625518798828,7308.39501953125,812.6288452148438,69.48078918457031,124.52960968017578,278.7288818359375,123.93586730957031,406.8101501464844,279.50439453125,527.7725219726562,198.92999267578125,577.780029296875,685.6699829101562,149.75,242.8838348388672,56.29805374145508,10.329999923706055,9.831100463867188,137.0694580078125,40.11100769042969,280.3371276855469,53.2127799987793,17.240339279174805,516.489990234375,152.08953857421875,192.75148010253906,115.8109130859375,59.89645767211914,139.64450073242188,6.940370559692383,372.4599914550781,48.17646408081055
2021-07-27,24.489267349243164,91.92155456542969,715.3546752929688,190.32196044921875,28.829999923706055,388.1322937011719,198.8935089111328,408.64862060546875,61.56545639038086,161.60528564453125,7223.734375,824.6980590820312,70.4892349243164,125.70698547363281,280.9520263671875,126.0164566040039,408.3447265625,281.5228576660156,528.9295043945312,202.85000610351562,581.010009765625,686.9500122070312,151.00999450683594,244.79124450683594,55.78278350830078,10.239999771118164,9.869132041931152,133.52590942382812,39.928165435791016,280.12384033203125,53.43917465209961,17.17673683166504,518.9099731445312,152.19674682617188,191.89231872558594,117.30204010009766,58.62248992919922,136.79649353027344,6.655149936676025,367.80999755859375,47.996665954589844
2021-07-28,24.484514236450195,90.09575653076172,741.3782348632812,189.2204132080078,29.389999389648438,381.3397216796875,199.93832397460938,407.4606628417969,61.68398666381836,164.83013916015625,7200.10791015625,819.2904663085938,70.58173370361328,124.18904113769531,279.09124755859375,126.3067855834961,402.51123046875,281.58251953125,526.9247436523438,202.24000549316406,586.4099731445312,695.5800170898438,151.80999755859375,243.05181884765625,56.10721206665039,10.600000381469727,9.928080558776855,135.81239318847656,40.072509765625,279.08636474609375,53.9707145690918,17.20564842224121,519.2999877929688,151.533935546875,194.83941650390625,118.29612731933594,61.43915557861328,136.38150024414062,6.968892574310303,373.2799987792969,47.89178466796875
2021-07-29,24.75550651550293,94.26055908203125,743.6283569335938,190.4301300048828,30.18000030517578,386.6803283691406,201.173095703125,419.32049560546875,63.027305603027344,168.13133239746094,7204.0458984375,770.3765869140625,70.2594223022461,124.4420394897461,277.1521911621094,126.46159362792969,405.3738708496094,292.9873962402344,532.41064453125,200.3800048828125,583.1300048828125,704.1599731445312,156.02999877929688,244.998779296875,55.75415802001953,10.470000267028809,9.9204740524292,136.09942626953125,40.707664489746094,280.8704528808594,55.29955291748047,17.088077545166016,514.25,153.72711181640625,196.42787170410156,118.29612731933594,61.67802429199219,136.54049682617188,6.978399753570557,358.32000732421875,48.34128189086914
2021-07-30,24.907642364501953,94.18161010742188,739.8129272460938,189.51547241210938,29.010000228881836,383.8260498046875,199.8908233642578,424.4188232421875,62.9779167175293,166.4902801513672,7373.3671875,803.7139282226562,69.16336059570312,124.5879898071289,276.9562683105469,127.07127380371094,405.5115661621094,294.46893310546875,538.634765625,201.5800018310547,574.6099853515625,678.530029296875,148.4499969482422,245.29527282714844,54.79995346069336,10.5,9.8463134765625,138.50466918945312,40.659549713134766,282.1891174316406,54.57114791870117,16.864501953125,517.5700073242188,154.05850219726562,194.79946899414062,118.79316711425781,60.911651611328125,135.2209930419922,6.883326053619385,356.29998779296875,48.256378173828125
2021-08-02,24.88862419128418,95.22772979736328,757.7163696289062,187.81398010253906,29.09000015258789,373.20452880859375,183.9812469482422,429.8933410644531,62.760616302490234,167.82601928710938,7383.21142578125,802.3228759765625,68.05801391601562,124.9966812133789,277.7593688964844,127.02289581298828,408.8070983886719,295.920654296875,532.3209228515625,198.32000732421875,577.1300048828125,678.719970703125,150.05999755859375,248.0625,54.761783599853516,10.319999694824219,9.912867546081543,140.56349182128906,40.75578308105469,279.9590148925781,53.153717041015625,16.77777099609375,515.1500244140625,152.5379180908203,197.30702209472656,119.29020690917969,61.03108596801758,135.989501953125,7.206576347351074,351.95001220703125,48.09156036376953
2021-08-03,25.25470542907715,96.27388000488281,760.1621704101562,190.75469970703125,27.8700008392334,365.58648681640625,183.01242065429688,431.6752624511719,64.00515747070312,168.264892578125,7300.51953125,803.6160278320312,66.93408203125,126.1740493774414,278.4742736816406,127.21643829345703,415.0340576171875,298.3766174316406,535.6224975585938,200.0500030517578,586.510009765625,695.6699829101562,151.41000366210938,250.54312133789062,55.238887786865234,10.579999923706055,9.933785438537598,140.7119598388672,40.97713088989258,281.8206481933594,54.453025817871094,16.94738006591797,510.82000732421875,158.69830322265625,197.9563751220703,119.7872543334961,56.5622444152832,136.27999877929688,7.111502647399902,351.239990234375,49.16037368774414
2021-08-04,25.107324600219727,94.59610748291016,762.8037109375,186.7714385986328,28.34000015258789,365.99420166015625,180.78982543945312,435.0906677246094,65.22007751464844,170.6310577392578,7343.8349609375,811.4826049804688,65.76371002197266,125.4248046875,278.9835205078125,124.2358627319336,414.6799011230469,298.3766174316406,537.5076904296875,199.58999633789062,580.9500122070312,698.47998046875,149.72999572753906,245.3545379638672,54.8953742980957,10.390000343322754,9.899557113647461,141.30584716796875,41.179222106933594,278.9311828613281,54.472721099853516,16.95894432067871,517.3499755859375,157.7430419921875,202.54188537597656,120.78133392333984,58.861358642578125,136.02850341796875,7.082980632781982,358.9200134277344,48.64094924926758
2021-08-05,25.02650260925293,95.0796890258789,761.8253784179688,187.53857421875,29.200000762939453,369.9027099609375,186.7167510986328,437.28839111328125,66.41522216796875,171.47068786621094,7351.7099609375,813.7161865234375,67.24991607666016,126.93302154541016,276.9171142578125,123.88748931884766,404.4983825683594,297.2132873535156,540.9688720703125,202.99000549316406,602.469970703125,705.760009765625,153.02999877929688,246.14520263671875,55.13392639160156,10.130000114440918,9.93949031829834,140.8208465576172,41.121482849121094,279.9493103027344,54.52193069458008,16.91268539428711,524.8900146484375,157.83078002929688,206.1683349609375,123.26654815673828,57.12955856323242,136.94000244140625,6.892833709716797,362.9700012207031,49.11542510986328
2021-08-06,25.16437530517578,93.46114349365234,765.54296875,187.02716064453125,29.040000915527344,372.478515625,188.4264373779297,437.1497802734375,66.75106048583984,174.27572631835938,7721.85498046875,803.4592895507812,67.00838470458984,126.21297454833984,276.29034423828125,124.48747253417969,408.3644104003906,296.5570373535156,536.8294067382812,200.6699981689453,610.8599853515625,685.2000122070312,149.25999450683594,247.1927947998047,55.14346694946289,10.329999923706055,9.933785438537598,141.19696044921875,41.50642776489258,281.98553466796875,56.04764175415039,16.972434997558594,520.5499877929688,158.77627563476562,203.4610137939453,123.26654815673828,57.43809509277344,137.03599548339844,6.978399753570557,363.510009765625,49.215309143066406
2021-08-09,25.449630737304688,93.17433166503906,767.2061767578125,184.89291381835938,29.229999542236328,368.64959716796875,190.34507751464844,431.7346496582031,66.0201416015625,175.91677856445312,7684.44677734375,798.404296875,67.4635238647461,126.5048828125,274.2729187011719,122.82299041748047,404.18353271484375,299.4405822753906,539.7818603515625,200.39999389648438,613.9400024414062,686.4099731445312,150.47999572753906,245.73013305664062,54.9049186706543,10.220000267028809,10.021257400512695,140.5535888671875,41.573787689208984,267.3732604980469,55.26755905151367,17.186372756958008,519.969970703125,159.16616821289062,202.75169372558594,122.2724609375,60.264713287353516,138.0019989013672,6.959384918212891,361.6099853515625,49.19533157348633
2021-08-10,25.525699615478516,94.65784454345703,772.7826538085938,186.60423278808594,29.440000534057617,365.8251647949219,191.29490661621094,430.13092041015625,64.99290466308594,176.87088012695312,7727.76123046875,781.7305908203125,67.1198501586914,125.86268615722656,269.6112976074219,121.25528717041016,405.0787353515625,299.9377136230469,538.993896484375,196.4600067138672,614.97998046875,671.530029296875,146.7899932861328,237.843505859375,54.389644622802734,10.640000343322754,10.009847640991211,136.6537322998047,42.20894241333008,269.4289245605469,57.094337463378906,17.246122360229492,515.8400268554688,163.1236572265625,199.16517639160156,123.26654815673828,61.5984001159668,138.09649658203125,7.092487812042236,361.1300048828125,49.15538024902344
2021-08-11,26.376712799072266,97.36772155761719,771.1194458007812,191.31532287597656,29.450000762939453,362.2448425292969,191.86480712890625,429.2498474121094,65.00277709960938,177.93946838378906,7971.89990234375,790.4593505859375,68.1137466430664,125.4248046875,271.4916076660156,121.97139739990234,401.1045227050781,298.2871398925781,535.8917846679688,195.25,608.4500122070312,665.3200073242188,144.44000244140625,238.33766174316406,54.77132797241211,10.489999771118164,10.095418930053711,133.44674682617188,43.306034088134766,270.2627868652344,58.21015548706055,17.23648452758789,512.4000244140625,162.6947479248047,196.7975311279297,122.2724609375,62.02637481689453,137.6894989013672,7.624900817871094,359.9599914550781,50.129295349121094
2021-08-12,26.91394805908203,96.30948638916016,774.9348754882812,188.8368377685547,28.899999618530273,359.99725341796875,191.43739318847656,432.3682556152344,65.28922271728516,177.7080078125,7849.83056640625,795.2008056640625,67.38922119140625,126.56327819824219,274.26312255859375,123.40361022949219,399.3534851074219,298.8141174316406,540.6297607421875,194.80999755859375,608.0,675.6699829101562,145.3000030517578,239.7014923095703,55.66828155517578,10.0,10.200004577636719,127.90377044677734,43.57548904418945,269.1767578125,59.67158126831055,17.770368576049805,510.7200012207031,163.69354248046875,198.85549926757812,123.26654815673828,60.74245071411133,138.38949584960938,7.729480743408203,362.6499938964844,50.19921875
2021-08-13,26.84636116027832,96.70509338378906,771.8043212890625,187.3713836669922,28.420000076293945,360.7630615234375,191.8173065185547,437.3081970214844,65.37335968017578,178.51815795898438,7806.51611328125,797.5225830078125,67.9558334350586,128.42176818847656,277.0738525390625,124.1971435546875,403.00311279296875,300.3255310058594,543.2531127929688,194.36000061035156,624.7899780273438,672.0999755859375,144.0,240.13636779785156,55.42972946166992,9.710000038146973,10.239937782287598,128.57684326171875,43.26753616333008,271.2420959472656,58.20028305053711,17.88022804260254,515.9199829101562,164.1342010498047,201.68272399902344,123.26654815673828,59.94622039794922,138.406005859375,7.529826641082764,363.17999267578125,49.95948791503906
2021-08-16,26.909120559692383,97.32816314697266,735.7039184570312,190.29244995117188,28.34000015258789,361.5685729980469,191.29490661621094,441.63433837890625,64.73982238769531,176.4156494140625,7867.55029296875,806.1925048828125,67.49140930175781,130.08566284179688,277.3480529785156,125.40679931640625,410.42041015625,304.58123779296875,553.0479736328125,190.97000122070312,628.5999755859375,675.47998046875,139.1699981689453,243.42739868164062,55.16255187988281,9.9399995803833,10.40917682647705,130.34861755371094,42.767112731933594,272.9971008300781,57.104209899902344,17.89757537841797,517.9199829101562,165.00567626953125,199.30506896972656,123.26654815673828,57.248992919921875,138.91600036621094,7.815047264099121,366.55999755859375,49.76969528198242
2021-08-17,27.4160213470459,93.54026794433594,728.2686157226562,179.2572784423828,28.610000610351562,361.24041748046875,188.88235473632812,439.72369384765625,62.8787956237793,175.7405548095703,7950.2421875,813.8014526367188,67.72361755371094,130.46514892578125,280.6092529296875,126.53903198242188,414.9160461425781,303.72607421875,554.893310546875,198.44000244140625,647.4400024414062,678.1199951171875,138.94000244140625,242.16236877441406,55.64919662475586,9.579999923706055,10.43960189819336,127.48806762695312,42.48802947998047,272.861328125,55.31692886352539,17.95924949645996,518.9099731445312,163.4291534423828,194.38986206054688,124.26063537597656,54.890159606933594,137.30050659179688,7.767510414123535,358.45001220703125,48.855712890625
2021-08-18,27.44015884399414,92.41280364990234,702.440673828125,196.43948364257812,28.450000762939453,358.9729309082031,189.30027770996094,425.68597412109375,62.5521240234375,175.9141387939453,7962.05517578125,800.4906616210938,66.41390991210938,128.92776489257812,277.5242919921875,125.15519714355469,410.5285949707031,298.7345886230469,543.2728881835938,194.77000427246094,635.5700073242188,676.9400024414062,138.22999572753906,239.63233947753906,56.97554016113281,9.350000381469727,10.639266014099121,126.07261657714844,42.53614807128906,263.88262939453125,56.67961120605469,18.26184844970703,521.8699951171875,162.97874450683594,190.2139434814453,124.75767517089844,56.93050003051758,136.57000732421875,7.919628143310547,355.45001220703125,48.42618942260742
2021-08-19,27.763607025146484,92.2149887084961,635.914306640625,199.2523651123047,27.739999771118164,355.35284423828125,188.90135192871094,429.58642578125,61.572120666503906,172.53860473632812,7895.89404296875,819.847412109375,65.49434661865234,129.56021118164062,283.1653137207031,124.76809692382812,420.9266357421875,301.0513610839844,550.4745483398438,195.0399932861328,655.6300048828125,681.7100219726562,135.60000610351562,243.61514282226562,56.92782974243164,9.380000114440918,10.690608978271484,127.88398742675781,41.90099334716797,263.145751953125,56.324127197265625,17.924556732177734,543.7100219726562,163.46832275390625,197.78652954101562,123.26654815673828,53.48680114746094,136.9134979248047,7.453767776489258,355.1199951171875,48.05659866333008
2021-08-20,28.0146427154541,93.85675048828125,638.360107421875,204.77978515625,28.06999969482422,353.0455017089844,189.18629455566406,433.1305236816406,62.67091369628906,172.9436798095703,7935.3935546875,821.4891357421875,65.46648406982422,130.6305694580078,284.810546875,125.70677947998047,422.71697998046875,304.52154541015625,553.586669921875,195.85000610351562,663.27001953125,682.1400146484375,140.17999267578125,246.4219207763672,56.71790313720703,9.6899995803833,10.722935676574707,125.90435791015625,42.131954193115234,259.3157653808594,57.70655822753906,18.159696578979492,546.8800048828125,163.97752380371094,207.95660400390625,123.76358795166016,55.79587173461914,138.43699645996094,7.5868706703186035,359.3699951171875,49.19533157348633
2021-08-23,28.053264617919922,93.58971405029297,657.2418823242188,202.66519165039062,28.440000534057617,359.0325622558594,189.75619506835938,434.6155090332031,63.76969909667969,174.17816162109375,7990.6923828125,821.4301147460938,66.41390991210938,129.79376220703125,282.54833984375,124.3326187133789,418.4377746582031,301.9860534667969,551.2026977539062,198.39999389648438,667.2899780273438,671.1099853515625,144.5500030517578,246.72830200195312,57.309513092041016,9.949999809265137,10.812309265136719,130.15065002441406,42.21856689453125,262.2730712890625,58.615013122558594,18.17704200744629,553.3300170898438,165.32882690429688,219.36544799804688,123.76358795166016,56.87078094482422,141.09950256347656,7.6914520263671875,363.3500061035156,50.004432678222656
2021-08-24,27.903608322143555,94.90509796142578,654.7960815429688,200.03916931152344,28.700000762939453,359.79833984375,190.8674774169922,433.2097473144531,63.79940414428711,175.3547821044922,8036.11669921875,806.359619140625,66.78546905517578,127.22493743896484,278.7191467285156,128.2906036376953,416.5195007324219,300.39508056640625,549.0880126953125,199.72999572753906,669.9500122070312,672.5399780273438,145.0800018310547,246.56028747558594,56.88011932373047,9.819999694824219,10.601234436035156,130.10116577148438,42.16082763671875,262.3021545410156,59.632083892822266,17.924556732177734,553.4099731445312,165.8673858642578,217.717041015625,125.75176239013672,62.2652473449707,142.39849853515625,7.6534223556518555,365.510009765625,50.314090728759766
2021-08-25,27.700849533081055,96.09190368652344,660.3724975585938,202.78323364257812,28.739999771118164,357.133056640625,191.0574493408203,434.2213134765625,63.86869430541992,178.5567169189453,7953.16748046875,793.8646850585938,66.08881378173828,127.0108642578125,277.0542297363281,130.20669555664062,412.9092102050781,302.53289794921875,546.6842651367188,201.3300018310547,669.1799926757812,676.4199829101562,144.66000366210938,249.13975524902344,56.58431625366211,9.680000305175781,10.591728210449219,131.7075958251953,42.29555892944336,260.9931640625,61.7353515625,17.895647048950195,547.5800170898438,166.67034912109375,221.91294860839844,123.26654815673828,60.603111267089844,142.9499969482422,7.643914699554443,368.3900146484375,50.973358154296875
2021-08-26,27.705677032470703,94.49960327148438,657.8289184570312,202.26194763183594,27.889999389648438,350.92718505859375,189.3382568359375,433.5370178222656,63.581626892089844,177.97804260253906,7878.119140625,811.0292358398438,65.08563995361328,127.09841918945312,277.3284606933594,129.0647735595703,410.0662841796875,299.9178466796875,551.3623046875,198.25,665.77001953125,673.3599853515625,141.5500030517578,248.10202026367188,56.431644439697266,9.489999771118164,10.563203811645508,131.38037109375,43.94118881225586,260.2659912109375,62.02171325683594,17.803133010864258,550.1199951171875,165.8380126953125,220.46434020996094,123.76358795166016,59.677494049072266,142.1230010986328,7.4822893142700195,364.3800048828125,50.71864318847656
2021-08-27,27.729814529418945,95.89411163330078,654.1112060546875,202.50782775878906,28.280000686645508,353.781494140625,189.2622833251953,434.6675109863281,63.55192947387695,179.19326782226562,7923.54345703125,810.8522338867188,65.86588287353516,127.76982116699219,279.60052490234375,129.4905548095703,411.9452209472656,298.8141174316406,547.1130981445312,199.9199981689453,663.2899780273438,668.27001953125,142.8300018310547,248.90255737304688,56.517520904541016,10.0,10.544188499450684,135.40635681152344,43.5369987487793,260.3435363769531,64.00648498535156,17.799278259277344,558.9199829101562,166.49407958984375,226.13880920410156,125.25472259521484,58.68220520019531,144.55050659179688,7.634407043457031,372.6300048828125,48.42119216918945
2021-08-30,27.807056427001953,95.03366088867188,657.0462036132812,201.6128387451172,27.850000381469727,351.1161804199219,188.99632263183594,440.3897399902344,63.66082000732422,,,825.814697265625,65.10375213623047,130.12457275390625,285.6528015136719,129.51962280273438,411.4926452636719,301.45904541015625,557.1076049804688,199.49000549316406,677.0800170898438,686.969970703125,144.3000030517578,250.5233612060547,56.8896598815918,10.279999732971191,10.55940055847168,134.91055297851562,43.48887634277344,261.991943359375,64.51995086669922,17.73181915283203,566.1799926757812,166.67034912109375,226.65830993652344,125.25472259521484,58.03527069091797,145.46949768066406,7.872091293334961,380.6600036621094,49.02052688598633
2021-08-31,27.584985733032227,94.56884002685547,659.3942260742188,200.53094482421875,28.84000015258789,344.3335266113281,188.6923828125,440.14178466796875,63.641021728515625,178.3252410888672,7856.39453125,829.1768188476562,65.374267578125,131.02951049804688,286.1327209472656,129.17123413085938,409.4956970214844,301.6579284667969,553.5367431640625,200.2899932861328,673.4000244140625,673.760009765625,144.4199981689453,250.01934814453125,56.965999603271484,10.609999656677246,10.608841896057129,133.99826049804688,43.34452438354492,261.3228454589844,62.64380645751953,17.379112243652344,569.1900024414062,164.8588104248047,223.67071533203125,124.75767517089844,61.369483947753906,145.46200561523438,8.195342063903809,379.3800048828125,48.67591094970703
2021-09-01,27.449813842773438,95.94355010986328,673.2864990234375,200.0785369873047,28.43000030517578,347.6552429199219,189.7751922607422,444.9020080566406,63.86869430541992,177.43797302246094,7961.0673828125,854.13720703125,66.69891357421875,134.0751190185547,291.8030090332031,129.8389434814453,410.5581359863281,303.2388916015625,560.2894897460938,197.13999938964844,680.9600219726562,676.9000244140625,145.67999267578125,249.70309448242188,56.317138671875,10.5600004196167,10.68870735168457,132.3422393798828,43.00769805908203,261.1579895019531,62.13032913208008,17.44271469116211,582.0700073242188,163.2822723388672,224.23025512695312,126.745849609375,64.25582122802734,145.8419952392578,8.100268363952637,382.04998779296875,48.32130432128906
2021-09-02,27.435331344604492,95.58750915527344,680.526123046875,202.75372314453125,28.940000534057617,339.41064453125,188.04649353027344,445.6755676269531,63.79940414428711,178.88462829589844,7982.79248046875,859.632568359375,66.42839813232422,134.73680114746094,294.6725158691406,130.38087463378906,416.8146057128906,306.5897521972656,564.0299682617188,199.22000122070312,675.75,685.4400024414062,145.44000244140625,250.31582641601562,56.66065216064453,10.180000305175781,10.587924003601074,133.3239288330078,42.97882843017578,261.7979736328125,62.59443283081055,17.30008888244629,588.5499877929688,164.6335906982422,223.78062438964844,123.76358795166016,63.07142639160156,144.218994140625,7.938642978668213,375.2799987792969,48.48112869262695
2021-09-03,27.31946563720703,93.91608428955078,668.49267578125,202.58651733398438,28.309999465942383,338.3664245605469,186.83071899414062,448.33331298828125,63.78950881958008,178.13235473632812,7966.99267578125,867.8904418945312,65.4862060546875,135.24278259277344,295.76934814453125,130.28411865234375,415.97845458984375,304.9093322753906,566.6631469726562,198.0500030517578,679.5700073242188,688.3300170898438,144.55999755859375,249.98968505859375,56.517520904541016,9.770000457763672,10.570810317993164,134.69236755371094,42.99807357788086,260.13018798828125,63.423892974853516,17.186372756958008,590.530029296875,162.91998291015625,228.2470245361328,123.26654815673828,62.812652587890625,144.77499389648438,7.891106128692627,376.260009765625,48.51608657836914
2021-09-06,27.382226943969727,,679.2542724609375,,,,188.38844299316406,,,179.0003662109375,8099.31494140625,,,,,,,,,,,,,,56.784698486328125,,10.574612617492676,,42.776737213134766,,,17.221067428588867,,,,128.23696899414062,,,7.900614261627197,,
2021-09-07,27.261537551879883,92.75894927978516,685.4177856445312,201.77017211914062,27.959999084472656,342.82183837890625,187.40061950683594,443.01776123046875,62.13636779785156,178.78817749023438,8097.33984375,866.8385620117188,65.75674438476562,133.93890380859375,293.0370178222656,130.2260284423828,414.3847961425781,301.7374267578125,567.7205200195312,192.1999969482422,668.8099975585938,681.6699829101562,142.97999572753906,249.1792755126953,56.81332778930664,9.510000228881836,10.468125343322754,135.34686279296875,42.44953155517578,258.986083984375,62.48581314086914,17.29816246032715,606.7100219726562,160.29571533203125,226.4384765625,125.75176239013672,66.77389526367188,145.5189971923828,7.938642978668213,382.17999267578125,47.951717376708984
2021-09-08,27.50774383544922,90.39522552490234,684.439453125,200.7276611328125,26.979999542236328,349.1171875,186.8117218017578,446.8755187988281,62.43333435058594,175.93344116210938,8095.365234375,867.3792114257812,66.03658294677734,134.80490112304688,297.3460998535156,130.80665588378906,408.6300354003906,305.32696533203125,571.121826171875,191.3699951171875,669.1900024414062,687.7000122070312,139.86000061035156,251.45236206054688,55.64919662475586,9.430000305175781,10.506156921386719,132.44137573242188,42.03572082519531,259.596923828125,62.64380645751953,17.382965087890625,606.0499877929688,159.9627685546875,223.21107482910156,124.26063537597656,64.80323028564453,144.8834991455078,7.786524295806885,377.57000732421875,47.392337799072266
2021-09-09,27.29532814025879,89.24797058105469,680.9174194335938,199.66543579101562,26.790000915527344,349.48516845703125,184.09523010253906,447.6490783691406,62.27494812011719,175.27761840820312,7990.6923828125,840.0988159179688,64.8425521850586,131.087890625,290.6866149902344,129.1228485107422,407.8036804199219,301.4391784667969,567.33154296875,188.08999633789062,646.1099853515625,676.5700073242188,142.4199981689453,255.237548828125,55.15300750732422,9.479999542236328,10.61264419555664,133.8693389892578,42.20986557006836,259.0054626464844,61.764976501464844,17.076513290405273,597.5399780273438,158.1708526611328,221.5923614501953,122.7695083618164,62.961944580078125,144.9134979248047,7.748495578765869,378.0,48.13650894165039
2021-09-10,26.923603057861328,88.60511016845703,681.3087768554688,200.9636993408203,26.149999618530273,345.4871826171875,183.86727905273438,446.5085754394531,62.12646484375,173.85025024414062,8024.2666015625,829.7174682617188,62.71564483642578,130.02728271484375,287.8073425292969,126.9067611694336,398.7315368652344,299.2417297363281,570.50341796875,188.57000732421875,650.489990234375,681.6099853515625,142.07000732421875,253.69580078125,55.60148620605469,9.15999984741211,10.451010704040527,135.6939239501953,41.590694427490234,259.85870361328125,62.17970657348633,16.75657081604004,598.719970703125,157.05453491210938,224.59996032714844,121.77542114257812,62.07613754272461,141.92100524902344,7.834062099456787,378.69000244140625,47.567142486572266
2021-09-13,,,,,,,,,,,,,,,,,,,,,,,,,,,,,,,,,,,,,,,7.520318984985352,,
