Date,AD.AS,HEIA.AS,LOW,TGT,PM,ALV.DE,BRK-B,SPGI,KKR,CME,LSEG.L,EQIX,AED.BR,AMT,MDT,BAYN.DE,UNH,LH,REGN,IDXX,NOVO-B.CO,HCA,DHL.DE,CMI,EOAN.DE,AMAT,CRG.IR,APD,LPX
2020-10-16,22.782073974609375,,,,,141.0135498046875,,,,,,,,,100.65821075439453,,,,,,,,41.27000045776367,,,,,,
2020-10-19,22.655757904052734,,,,,141.68544006347656,,,,,,,,,99.1501235961914,,,,,,,,41.34000015258789,,,,,,
2020-10-20,22.50237274169922,,,,,140.9446258544922,,,,,,,,,99.76248931884766,,,,,,,,41.369998931884766,,,,,,
2020-10-21,22.312896728515625,,,,,139.480224609375,,,,,,,,,99.83563232421875,,,,,,,,41.02000045776367,,,,,,
2020-10-22,21.93394660949707,,,,,138.96339416503906,,,,,,,,,102.22115325927734,,,,,,,,40.79999923706055,,,,,,
2020-10-23,21.93394660949707,,,,,140.77235412597656,,,,,,,,,101.8372573852539,,,,,,,,40.61000061035156,,,,,,
2020-10-26,21.897857666015625,,,,,138.29147338867188,,,,,,,,,98.64741516113281,,,,,,,,39.63999938964844,,,,,,
2020-10-27,21.66326904296875,,,,,134.94918823242188,,,,,,,,,96.16136169433594,,,,,,,,39.66999816894531,,,,,,
2020-10-28,21.545976638793945,,,,,130.84884643554688,,,,,,,,,93.76669311523438,,,,,,,,38.130001068115234,,,,,,
2020-10-29,21.591089248657227,,,,,129.60841369628906,,,,,,,,,92.65161895751953,,,,,,,,38.38999938964844,,,,,,
2020-10-30,21.284318923950195,,,,,130.12525939941406,,,,,,,,,91.92041778564453,,,,,,,,38.040000915527344,,,,,,
2020-11-02,22.060266494750977,,,,,133.5709228515625,,,,,,,,,93.62044525146484,,,,,,,,38.939998626708984,,,,,,
2020-11-03,22.21364974975586,,,,,139.2734832763672,,,,,,,,,94.26023864746094,,,,,,,,39.689998626708984,,,,,,
2020-11-04,21.780561447143555,,,,,141.37535095214844,,,,,,,,,93.64785766601562,,,,,,,,40.22999954223633,,,,,,
2020-11-05,21.554996490478516,,,,,143.80453491210938,,,,,,,,,95.06455993652344,,,,,,,,41.349998474121094,,,,,,
2020-11-06,21.47379493713379,,,,,144.76931762695312,,,,,,,,,94.65326690673828,,,,,,,,41.40999984741211,,,,,,
2020-11-09,21.022663116455078,,,,,160.22308349609375,,,,,,,,,103.4824447631836,,,,,,,,40.5,,,,,,
2020-11-10,20.68882942199707,,,,,165.83950805664062,,,,,,,,,104.70721435546875,,,,,,,,38.540000915527344,,,,,,
2020-11-11,20.995595932006836,,,,,164.06500244140625,,,,,,,,,100.75875854492188,,,,,,,,38.84000015258789,,,,,,
2020-11-12,20.986572265625,,,,,162.08375549316406,,,,,,,,,100.17379760742188,,,,,,,,38.91999816894531,,,,,,
2020-11-13,20.923416137695312,,,,,164.47848510742188,,,,,,,,,102.82437133789062,,,,,,,,38.869998931884766,,,,,,
2020-11-16,20.887325286865234,,,,,167.54510498046875,,,,,,,,,102.02008056640625,,,,,,,,38.709999084472656,,,,,,
2020-11-17,21.148983001708984,,,,,170.61175537109375,,,,,,,,,100.6673583984375,,,,,,,,38.849998474121094,,,,,,
2020-11-18,21.049732208251953,,,,,171.24920654296875,,,,,,,,,100.05497741699219,,,,,,,,38.939998626708984,,,,,,
2020-11-19,21.22116470336914,,,,,167.83799743652344,,,,,,,,,101.453369140625,,,,,,,,39.099998474121094,,,,,,
2020-11-20,21.194093704223633,,,,,168.32037353515625,,,,,,,,,100.68562316894531,,,,,,,,39.880001068115234,,,,,,
2020-11-23,21.013643264770508,,,,,169.3540802001953,,,,,,,,,101.42595672607422,,,,,,,,39.130001068115234,,,,,,
2020-11-24,21.058757781982422,,,,,171.78326416015625,,,,,,,,,104.25018310546875,,,,,,,,40.08000183105469,,,,,,
2020-11-25,21.103870391845703,,,,,171.59376525878906,,,,,,,,,103.56470489501953,,,,,,,,40.38999938964844,,,,,,
2020-11-26,21.275299072265625,,,,,171.47317504882812,,,,,,,,,,,,,,,,,40.439998626708984,,,,,,
2020-11-27,21.482816696166992,,,,,170.6806640625,,,,,,,,,104.734619140625,,,,,,,,40.58000183105469,,,,,,
2020-11-30,21.645225524902344,,,,,170.26719665527344,,,,,,661.4453735351562,,,103.92115783691406,,321.46875,,,,,,40.5,,,,,,
2020-12-01,21.42868423461914,,,,,172.26565551757812,,,,,,675.4652099609375,,,102.4953384399414,,326.1042785644531,,,,,,40.720001220703125,,,,,,
2020-12-02,21.22116470336914,,,,,171.52484130859375,,,,,,654.6488647460938,,,103.82975769042969,,332.19268798828125,,,,,,40.45000076293945,,,,,,
2020-12-03,21.121915817260742,,,,,171.0080108642578,,,,,,656.5731201171875,,,102.79695892333984,,333.26318359375,,,,,,40.47999954223633,,,,,,
2020-12-04,20.6707820892334,,,,,171.05967712402344,,,,,,671.4365844726562,,,104.05826568603516,,335.62286376953125,,,,,,39.650001525878906,,,,,,
2020-12-07,20.923416137695312,,,,,169.49191284179688,,,,,,661.2179565429688,,,102.9249267578125,,333.67559814453125,,,,,,39.349998474121094,,,,,,
2020-12-08,20.941457748413086,,,,,168.1653289794922,,,,,,659.066162109375,,,101.61790466308594,,333.67559814453125,,,,,,39.439998626708984,,,,,,
2020-12-09,21.29334259033203,,,,,169.922607421875,,,,,,643.0654907226562,,,103.23567199707031,,330.36627197265625,,,,,,39.31999969482422,,,,,,
2020-12-10,21.185070037841797,,,,,169.80201721191406,,,,,,651.2080078125,,,102.98888397216797,,325.80035400390625,,,,,,39.09000015258789,,,,,,
2020-12-11,20.923416137695312,,,,,164.66799926757812,,,,,,652.9805297851562,,,102.71468353271484,,323.3255920410156,,,,,,39.08000183105469,,,,,,
2020-12-14,21.139957427978516,,,,,165.3743438720703,,,,,,654.0896606445312,,,102.3399429321289,,322.42388916015625,,,,,,39.25,,,,,,
2020-12-15,21.130935668945312,,,,,166.97657775878906,,,,,,659.407470703125,,,105.00882720947266,,325.8195495605469,,,,,,39.43000030517578,,,,,,
2020-12-16,21.275299072265625,,,,,171.07691955566406,,,,,,654.2412109375,,,105.08194732666016,,325.50299072265625,,,,,,40.939998626708984,,,,,,
2020-12-17,21.013643264770508,,,,,173.0150909423828,,,,,,675.6167602539062,,,105.42012786865234,,327.7380676269531,,,,,,41.45000076293945,,,,,,
2020-12-18,21.130935668945312,,,,,172.26565551757812,,,,,,672.7636108398438,,,106.67228698730469,,324.5821838378906,,,,,,41.16999816894531,,,,,,
2020-12-21,20.77003288269043,,,,,166.80429077148438,,,,,,667.7113647460938,,,105.12911987304688,,322.37591552734375,,,,,,39.790000915527344,,,,,,
2020-12-22,20.73394203186035,,,,,168.1653289794922,,,,,,676.2803955078125,,,105.2944564819336,,321.349609375,,,,,,40.0,,,,,,
2020-12-23,20.896347045898438,,,,,172.1795196533203,,,,,,666.4598999023438,,,104.66064453125,,323.8243713378906,,,,,,40.0,,,,,,
2020-12-24,21.16702651977539,,,,,,,,,,,669.1710205078125,,,104.74331665039062,,326.8939514160156,,,,,,,,,,,,
2020-12-28,21.29334259033203,,,,,174.5225830078125,,,,,,672.9056396484375,,,105.75373077392578,,331.843505859375,,,,,,41.040000915527344,,,,,,
2020-12-29,21.29334259033203,,,,,173.962646484375,,,,,,671.8631591796875,,,106.15790557861328,,333.1864013671875,,,,,,40.72999954223633,,,,,,
2020-12-30,21.085824966430664,,,,,172.88587951660156,,,,,,663.9196166992188,,,106.22220611572266,,330.9226379394531,,,,,,40.5,,,,,,
2020-12-31,20.85123634338379,,,,,,,,,,,676.9817504882812,,,107.60002899169922,,336.3806457519531,,,,,,,,,,,,
2021-01-04,21.464773178100586,,,,,171.09413146972656,,,,,,656.4878540039062,,,106.57125091552734,,335.24871826171875,,,,,,40.689998626708984,,,,,,
2021-01-05,21.365524291992188,,,,,169.33685302734375,,,,,,655.5209350585938,,,107.4255142211914,,330.7403259277344,,,,,,40.220001220703125,,,,,,
2021-01-06,21.43770408630371,,,,,178.1405029296875,,,,,,634.1170654296875,,,109.1799545288086,,344.6203308105469,,,,,,40.119998931884766,,,,,,
2021-01-07,21.401613235473633,,,,,176.67611694335938,,,,,,643.605712890625,,,109.03298950195312,,350.1455078125,,,,,,41.34000015258789,,,,,,
2021-01-08,21.338455200195312,,,,,177.23602294921875,,,,,,656.39306640625,,,109.96073150634766,,348.5723571777344,,,,,,41.5099983215332,,,,,,
2021-01-11,21.194093704223633,,,,,175.12554931640625,,,,,,646.8475952148438,,,108.84928894042969,,346.0400085449219,,,,,,40.95000076293945,,,,,,
2021-01-12,21.509883880615234,,,,,174.996337890625,,,,,,641.2928466796875,,,107.73783874511719,,342.7978210449219,,,,,,41.83000183105469,,,,,,
2021-01-13,21.90688133239746,,,,,173.23045349121094,,,,,,654.1749877929688,,,109.0513687133789,,340.5628356933594,,,,,,42.220001220703125,,,,,,
2021-01-14,22.09635353088379,,,,,175.03941345214844,,,,,,653.7483520507812,,,108.1787338256836,,336.2366943359375,,,,,,43.599998474121094,,,,,,
2021-01-15,22.430194854736328,,,,,174.1349334716797,,,,,,670.8961791992188,,,107.29692077636719,,336.975341796875,,,,,,42.70000076293945,,,,,,
2021-01-18,21.609134674072266,,,,,173.2735137939453,,,,,,,,,,,,,,,,,43.310001373291016,,,,,,
2021-01-19,21.545976638793945,,,,,173.14430236816406,,,,,,679.0104370117188,,,108.67473602294922,,337.82904052734375,,,,,,42.90999984741211,,,,,,
2021-01-20,21.239208221435547,,,,,172.4982452392578,,,,,,689.83544921875,,,109.57494354248047,,336.5340576171875,,,,,,43.150001525878906,,,,,,
2021-01-21,21.401613235473633,,,,,170.76681518554688,,,,,,682.4039306640625,,,108.30732727050781,,340.5244140625,,,,,,43.310001373291016,,,,,,
2021-01-22,21.329431533813477,,,,,168.21701049804688,,,,,,683.5982666015625,,,107.08564758300781,,333.3782043457031,,,,,,42.81999969482422,,,,,,
2021-01-25,21.744474411010742,,,,,164.08221435546875,,,,,,685.4940795898438,,,107.37958526611328,,333.627685546875,,,,,,42.220001220703125,,,,,,
2021-01-26,21.69034194946289,,,,,166.27023315429688,,,,,,696.94482421875,,,107.24180603027344,,329.1192932128906,,,,,,42.959999084472656,,,,,,
2021-01-27,22.078311920166016,,,,,163.9271697998047,,,,,,693.5892333984375,,,102.41937255859375,,319.4119873046875,,,,,,41.560001373291016,,,,,,
2021-01-28,21.753498077392578,,,,,164.46124267578125,,,,,,699.7791137695312,,,105.42304992675781,,324.361572265625,,,,,,42.040000915527344,,,,,,
2021-01-29,21.284318923950195,,,,,160.6710205078125,,,,,,701.4190063476562,,,102.2632064819336,,319.9779052734375,,,,,,40.810001373291016,,,,,,
2021-02-01,21.44672966003418,,,,,162.16989135742188,,,,,,717.3060913085938,,,102.12542724609375,,320.3807678222656,,,,,,41.099998474121094,,,,,,
2021-02-02,21.239208221435547,,,,,166.0117950439453,,,,,,728.5388793945312,,,104.66984558105469,,324.90826416015625,,,,,,41.560001373291016,,,,,,
2021-02-03,21.29334259033203,,,,,166.37359619140625,,,,,,715.5714721679688,,,103.45732879638672,,324.1121826171875,,,,,,41.290000915527344,,,,,,
2021-02-04,21.16702651977539,,,,,168.80279541015625,,,,,,708.007080078125,,,107.47144317626953,,315.8916015625,,,,,,41.16999816894531,,,,,,
2021-02-05,21.067779541015625,,,,,168.5788116455078,,,,,,715.002685546875,,,108.75743103027344,,311.27777099609375,,,,,,42.220001220703125,,,,,,
2021-02-08,21.022663116455078,,,,,168.47544860839844,,,,,,708.4808959960938,,,108.45428466796875,,311.1146240234375,,,,,,42.20000076293945,,,,,,
2021-02-09,20.95950698852539,,,,,167.83799743652344,,,,,,711.3815307617188,,,108.27977752685547,,316.1889953613281,,,,,,42.41999816894531,,,,,,
2021-02-10,20.91439437866211,,,,,169.0956573486328,,,,,,711.8839111328125,,,107.8756103515625,,319.80523681640625,,,,,,41.869998931884766,,,,,,
2021-02-11,20.8783016204834,,,,,169.30239868164062,,,,,,680.3184204101562,,,109.0513687133789,,319.4886779785156,,,,,,42.619998931884766,,,,,,
2021-02-12,21.212141036987305,,,,,168.44097900390625,,,,,,672.83935546875,,,109.98829650878906,,314.8556213378906,,,,,,43.029998779296875,,,,,,
2021-02-15,21.42868423461914,,,,,171.43870544433594,,,,,,,,,,,,,,,,,42.77000045776367,,,,,,
2021-02-16,21.500864028930664,,,,,171.4042510986328,,,,,,652.2506713867188,,,109.93317413330078,,311.38323974609375,,,,,,43.0,,,,,,
2021-02-17,20.788076400756836,,,,,170.43946838378906,,,,,,658.2603759765625,,,108.53697204589844,,313.53192138671875,,,,,,42.29999923706055,,,,,,
2021-02-18,20.26476287841797,,,,,167.855224609375,,,,,,649.8524169921875,,,105.99256134033203,,315.01873779296875,,,,,,42.15999984741211,,,,,,
2021-02-19,20.192584991455078,,,,,168.30316162109375,,,,,,644.7905883789062,,,104.1003189086914,,311.34490966796875,,,,,,42.40999984741211,,,,,,
2021-02-22,20.030179977416992,,,,,167.9069061279297,,,,,,632.58154296875,,,106.32324981689453,,314.28009033203125,,,,,,42.88999938964844,,,,,,
2021-02-23,19.96702003479004,,,,,170.78402709960938,,,,,,627.20263671875,,,108.38999938964844,,316.07391357421875,,,,,,41.439998626708984,,7.521605014801025,,,,
2021-02-24,19.957998275756836,,,,,172.67051696777344,,,,,,608.3338623046875,,,109.06973266601562,,318.66375732421875,,,,,,41.81999969482422,,7.441606521606445,,,,
2021-02-25,20.10236167907715,,,,,174.00572204589844,,,,,,607.7340087890625,,,108.27977752685547,,315.45989990234375,,,,,,41.31999969482422,,7.384215831756592,,,,
2021-02-26,19.705364227294922,,,,,172.11061096191406,,,,,,617.2255859375,,,107.4438705444336,,318.6733703613281,,,,,,41.060001373291016,,7.347694396972656,,,,
2021-03-01,19.732433319091797,,,,,174.8671417236328,,,,,,617.1494140625,,,108.26141357421875,,321.0042419433594,,,,,,42.439998626708984,,7.391172409057617,,,,
2021-03-02,19.642210006713867,,,,,178.1405029296875,,,,,,609.33349609375,,,108.27056884765625,,320.99468994140625,,,,,,42.36000061035156,,7.391172409057617,,,,
2021-03-03,19.597095489501953,,,,,179.51876831054688,,,,,,582.0012817382812,,,108.34407043457031,,319.29681396484375,,,,,,42.47999954223633,,7.212044715881348,,,,
2021-03-04,20.021156311035156,,,,,180.8970489501953,,,,,,574.6041870117188,,,105.88232421875,,320.198486328125,,,,,,41.63999938964844,,7.2868266105651855,,,,
2021-03-05,20.291833877563477,,,,,178.87271118164062,,,,,,581.2587280273438,,,108.62882232666016,,332.9466247558594,199.4329071044922,,,,,40.720001220703125,,7.335521697998047,,,,
2021-03-08,20.30085563659668,,,,,185.41946411132812,,,,,,566.3692016601562,,,107.1683120727539,,335.89141845703125,201.75599670410156,,,,,43.36000061035156,,7.432911396026611,,,,
2021-03-09,20.391082763671875,,,,,183.73971557617188,,,,,,592.8255004882812,,,107.51736450195312,,337.62762451171875,200.62380981445312,,,,,44.650001525878906,,7.598125457763672,,,,
2021-03-10,20.806123733520508,,,,,183.86891174316406,,,,,,608.0482788085938,,,108.99626159667969,,335.3446350097656,195.08865356445312,,,,,43.650001525878906,,7.6798624992370605,,,,
2021-03-11,20.761011123657227,,,,,184.17041015625,,,,,,623.1755981445312,,,108.48187255859375,,338.70196533203125,199.00521850585938,,,,,44.54999923706055,,7.702470779418945,,,,
2021-03-12,20.715896606445312,,,,,184.2565460205078,,,,,,635.9420776367188,,,109.13404083251953,,342.71612548828125,200.19607543945312,,,,,45.060001373291016,,7.662472724914551,,,,
2021-03-15,20.806123733520508,,,,,183.78277587890625,,,,,,637.4176635742188,,,109.44632720947266,,340.6560974121094,201.21926879882812,,,,,44.91999816894531,,7.6798624992370605,,,,
2021-03-16,20.869279861450195,,,,,182.14608764648438,,,,,,639.1123046875,,,109.25345611572266,,341.3492126464844,200.21286010742188,,,,,45.58000183105469,,7.67464542388916,,,,
2021-03-17,20.62567138671875,,,,,180.9832000732422,,,,,,624.9464111328125,,,108.90438079833984,,339.01959228515625,200.23802185058594,,,,,45.41999816894531,,7.5894293785095215,,,,
2021-03-18,20.63469123840332,,,,,186.19473266601562,,,,,,615.7880859375,,,109.15241241455078,,348.5207824707031,201.21926879882812,,,,,46.08000183105469,,7.5616044998168945,,,,
2021-03-19,21.203115463256836,,,,,184.98876953125,,,,,,621.718994140625,,,107.12239837646484,,351.9188537597656,201.4624786376953,,,,,44.810001373291016,,7.66942834854126,,,,
2021-03-22,20.842212677001953,,,,,182.61985778808594,,,,,,634.6950073242188,,,107.32447814941406,,353.1510314941406,203.8778076171875,,,,,45.119998931884766,,7.67464542388916,,,,
2021-03-23,21.004621505737305,,,,,182.14608764648438,,,,,,643.339111328125,,,105.66188049316406,,354.7297668457031,200.2548065185547,,,,,44.86000061035156,,7.898989200592041,,,,
2021-03-24,20.8783016204834,,,,,183.09364318847656,,,,,,630.5537109375,,,106.51612091064453,,356.7513427734375,210.01678466796875,,,,,44.619998931884766,,7.9563798904418945,,,,
2021-03-25,21.112892150878906,,,,,182.92137145996094,,,,,,636.0562133789062,,,107.62395477294922,,357.2229309082031,208.3897705078125,,,,,44.97999954223633,,8.298982620239258,,,,
2021-03-26,21.257251739501953,,,,,183.69664001464844,,,,,,650.8218994140625,,,109.45185089111328,,362.4115905761719,212.0547332763672,,,,,45.560001373291016,,8.316373825073242,,,,
2021-03-29,21.482816696166992,,,,,184.85955810546875,,,,,,654.8298950195312,,,110.00575256347656,,364.8951416015625,210.98963928222656,,,,,45.790000915527344,,8.516369819641113,,,,
2021-03-30,21.609134674072266,,,,,188.69284057617188,,,,,,642.453857421875,,,109.70109558105469,,359.6006774902344,212.63339233398438,,,,,46.599998474121094,,8.485066413879395,,,,
2021-03-31,21.42868423461914,,,,,186.9700164794922,,,,,,646.9758911132812,,,109.05487823486328,,358.1663513183594,213.88299560546875,,,,,46.720001220703125,,8.629411697387695,,,,
2021-04-01,21.460262298583984,,,,,187.09921264648438,,,,,,645.4620971679688,,,109.11026763916016,,353.3531799316406,211.92892456054688,,,,,46.52000045776367,,8.6528902053833,,,,
2021-04-05,,,,,,,,,,,,657.1145629882812,,,111.01201629638672,,356.3470153808594,211.90377807617188,,,,,,,,,,,
2021-04-06,21.694847106933594,,,,,188.08985900878906,,,,,,655.658203125,,,111.84288024902344,,350.75408935546875,211.23284912109375,,,,,47.154998779296875,,8.552021980285645,,,,
2021-04-07,21.807632446289062,,,,,189.5111846923828,,,,,,651.6025390625,,,111.3628158569336,,351.9766845703125,211.59347534179688,,,,,46.7599983215332,,8.517239570617676,,,,
2021-04-08,21.776050567626953,,,,,188.4774932861328,,,,,,654.6871337890625,,,111.38127899169922,,351.2546691894531,211.35862731933594,,,,,47.165000915527344,,8.651151657104492,,,,
2021-04-09,21.49635124206543,,,,,188.43441772460938,,,,,,654.4680786132812,,,112.6275863647461,,362.23828125,213.648193359375,,,,,48.04999923706055,,8.60941219329834,,,,
2021-04-12,21.320409774780273,,,,,188.7789764404297,,,,,,658.2476806640625,,,112.43370056152344,,362.21905517578125,214.41134643554688,,,,,48.48500061035156,,8.723321914672852,,,,
2021-04-13,20.93243980407715,,,,,188.30520629882812,,,,,,671.8994140625,,,114.13233184814453,,360.5055847167969,213.0611114501953,,,,,49.16999816894531,,8.645933151245117,,,,
2021-04-14,20.905372619628906,,,,,187.14230346679688,,,,,,660.9893798828125,,,114.38160705566406,,361.5933532714844,212.28114318847656,,,,,48.11000061035156,,8.511153221130371,,,,
2021-04-15,20.64371681213379,,,,,185.5917510986328,,,,,,684.3516235351562,,,116.18180084228516,,375.4360046386719,217.5563201904297,,,,,48.09000015258789,,8.509413719177246,,,,
2021-04-16,20.744731903076172,,,,,188.43441772460938,,,,,,674.1557006835938,,,116.23719787597656,,376.3985900878906,219.8961944580078,,,,,48.584999084472656,,8.557239532470703,,,,
2021-04-19,21.17174530029297,,,,,188.73590087890625,,,,,,682.8665161132812,,,116.44027709960938,,375.2723388671875,218.47885131835938,,,,,48.1349983215332,,8.726801872253418,,,,
2021-04-20,20.891660690307617,,,,,185.6779022216797,,,,,,691.3680419921875,,,118.42511749267578,,381.7123718261719,218.05108642578125,,,,,47.935001373291016,,8.742453575134277,,,,
2021-04-21,21.199296951293945,,,,,186.23779296875,,,,,,691.2823486328125,,,120.24378967285156,,383.90716552734375,219.19168090820312,,,,,48.33000183105469,,8.643324851989746,,,,
2021-04-22,21.006450653076172,,,,,186.10858154296875,,,,,,683.5138549804688,,,119.87451934814453,,381.72198486328125,222.1186065673828,,,,,48.58000183105469,,8.791147232055664,,,,
2021-04-23,20.84115219116211,,,,,186.4100799560547,,,,,,683.6471557617188,,,121.12081146240234,,385.3511047363281,221.36383056640625,,,,,48.7400016784668,,8.759844779968262,,,,
2021-04-26,20.80442237854004,,,,,187.18536376953125,270.8599853515625,374.7790222167969,,,,682.5619506835938,,,120.123779296875,,381.06732177734375,221.95091247558594,,,,,48.34000015258789,,8.719843864440918,,,,
2021-04-27,20.75391387939453,,,,,186.3670196533203,273.6499938964844,374.9840393066406,,,,679.6203002929688,,,119.98528289794922,,379.7581787109375,221.53993225097656,,,,,48.89500045776367,,8.742453575134277,,,,
2021-04-28,20.547290802001953,,,,,187.83143615722656,272.95001220703125,371.0207824707031,,,,673.4322509765625,,,121.12081146240234,,379.8448486328125,220.32391357421875,,,,,48.79499816894531,,8.711149215698242,,,,
2021-04-29,20.538108825683594,,,,,186.45315551757812,277.6000061035156,383.3400573730469,,,,672.194580078125,,,121.39775848388672,,386.54473876953125,223.92172241210938,,,,,48.59000015258789,,8.728540420532227,,,,
2021-04-30,20.561065673828125,,,,,186.4100799560547,274.95001220703125,381.0850524902344,,,,686.1700439453125,,,120.86231231689453,,383.8975524902344,222.97406005859375,,,,,48.95500183105469,,8.71810531616211,,,,
2021-05-03,20.64830780029297,,,,,189.42503356933594,279.17999267578125,384.51141357421875,,,,676.9259643554688,,,121.12081146240234,,390.7322082519531,224.19847106933594,,,,,49.70000076293945,,8.82071304321289,,,,
2021-05-04,20.56566047668457,,,,,186.49623107910156,280.260009765625,387.6644287109375,,,,675.9551391601562,,,118.62821197509766,,395.96893310546875,229.44009399414062,,,,,48.64500045776367,,8.792887687683105,,,,
2021-05-05,20.891660690307617,,,,,190.8032989501953,282.760009765625,382.7152099609375,,,,659.7423095703125,,,117.24345397949219,,397.0856018066406,231.64576721191406,,,,,50.880001068115234,,9.022448539733887,,,,
2021-05-06,20.97430992126465,,,,,191.52366638183594,289.7099914550781,380.2846374511719,,,,665.5304565429688,,,117.52041625976562,,399.4632263183594,233.2140655517578,,,,,51.5,,9.08679485321045,,,,
2021-05-07,21.17174530029297,,,,,193.00938415527344,290.92999267578125,381.39739990234375,,,,679.2108154296875,,,116.96651458740234,,402.0430603027344,233.26438903808594,,,,,51.0,,9.191140174865723,,,,
2021-05-10,21.35081672668457,,,,,193.77474975585938,292.3299865722656,381.05572509765625,,,,685.446533203125,,,117.15113830566406,,405.1620788574219,232.3754119873047,,,,,51.45000076293945,,9.269399642944336,,,,
2021-05-11,20.978900909423828,,,,,189.90286254882812,285.6300048828125,370.62054443359375,,,,683.58056640625,,,115.60020446777344,,396.3154296875,231.5535430908203,,,,,50.33000183105469,,9.218965530395508,,,,
2021-05-12,21.617130279541016,,,,,192.2440185546875,282.9100036621094,360.87841796875,,,,671.509033203125,,,113.66152954101562,,390.22198486328125,228.03953552246094,,,,,50.08000183105469,,9.130271911621094,,37.87953186035156,,
2021-05-13,21.548255920410156,,,,,193.77474975585938,286.8999938964844,370.64990234375,,,,681.0958251953125,,,114.64933013916016,,393.2927551269531,231.94769287109375,,,,,50.36000061035156,,9.20157527923584,,37.54991149902344,,
2021-05-14,21.543664932250977,,,,,195.66567993164062,290.67999267578125,370.12274169921875,,,,687.3695678710938,,,115.6463623046875,,394.4864196777344,230.21163940429688,,,,,51.130001068115234,,9.210270881652832,,38.34650421142578,,
2021-05-17,22.01200294494629,,,,,195.9808349609375,289.2200012207031,366.0130615234375,,,,680.715087890625,,,115.88639068603516,,393.360107421875,224.19847106933594,,,,,50.959999084472656,,9.173749923706055,,38.41975784301758,,
2021-05-18,22.07169532775879,,,,,195.75572204589844,287.5899963378906,361.2982177734375,,,,683.7451171875,,,116.18180084228516,,395.0447998046875,223.94686889648438,,,,,51.880001068115234,,9.182445526123047,,38.56625747680664,,
2021-05-19,21.943132400512695,,,,,192.4691162109375,286.2200012207031,361.8351135253906,,,,683.7738037109375,,,116.015625,,394.1976623535156,223.9552764892578,,,,,51.0099983215332,,9.116358757019043,,37.56822204589844,,
2021-05-20,22.002819061279297,,,,,193.54965209960938,286.7300109863281,365.60308837890625,,,,695.9703369140625,,,116.96651458740234,,393.3697814941406,226.11061096191406,,,,,51.70000076293945,,9.243810653686523,,37.7971305847168,,
2021-05-21,22.126792907714844,,,,,194.94534301757812,287.739990234375,368.5023193359375,,,,693.1983642578125,,,117.51116943359375,,396.248046875,225.607421875,,,,,52.11000061035156,,9.27112102508545,,38.254947662353516,,
2021-05-24,22.048736572265625,,,,,,289.7300109863281,370.0153503417969,,,,691.3632202148438,,,118.25895690917969,,395.593505859375,227.50279235839844,,,,,,,,,38.511322021484375,,
2021-05-25,21.90639877319336,,,,,193.9098358154297,287.20001220703125,370.3185729980469,,,,702.795166015625,,,118.535888671875,,397.6150207519531,230.1697235107422,,,,,53.599998474121094,,9.158236503601074,,38.40144348144531,,
2021-05-26,21.796201705932617,,,,,192.78428649902344,287.3299865722656,370.3968811035156,,,,702.9193725585938,,,116.56952667236328,,397.7690124511719,230.75677490234375,,,,,54.189998626708984,,9.192829132080078,,38.62120056152344,,
2021-05-27,22.039554595947266,,,,,193.9098358154297,289.29998779296875,372.2259826660156,,,,702.6326293945312,,,115.53558349609375,,397.27813720703125,230.98324584960938,,,,,56.47999954223633,,9.01803970336914,,39.49104309082031,,
2021-05-28,21.888032913208008,,,,,196.0708770751953,289.44000244140625,371.1793212890625,,,,704.1904907226562,,,116.86494445800781,,396.52728271484375,230.1949005126953,,,,,55.75,,9.085406303405762,,39.32623291015625,,
2021-05-31,21.6951847076416,,,,,193.99986267089844,,,,,,,,,,,,,,,,,55.79999923706055,,9.000743865966797,,38.97829055786133,,
2021-06-01,21.75028419494629,,,,,195.3955535888672,289.8399963378906,365.3006591796875,,,,706.7713623046875,,,115.2032241821289,,391.5215148925781,221.1876983642578,,,,,55.77000045776367,,9.068110466003418,,39.49104309082031,,
2021-06-02,21.75028419494629,,,,,195.53062438964844,290.0199890136719,371.53143310546875,,,,724.6552734375,,,114.28929138183594,,390.6839904785156,221.00318908691406,,,,,55.90999984741211,,9.042619705200195,,39.64670181274414,,
2021-06-03,22.08087730407715,,,,,196.7462158203125,291.9700012207031,373.018310546875,,,,742.730224609375,,,113.6153564453125,,392.7151794433594,222.39535522460938,,,,,56.25,,9.094510078430176,,39.75657272338867,,
2021-06-04,22.126792907714844,,,,,196.8812713623047,292.5199890136719,376.1777038574219,,,,750.7117309570312,,,114.33543395996094,,390.48193359375,223.37661743164062,,,,,56.650001525878906,,9.160056114196777,,39.41779327392578,,
2021-06-07,22.365556716918945,,,,,196.56613159179688,289.4599914550781,372.9009094238281,,,,759.9546508789062,,,114.43699645996094,,385.2933349609375,221.45608520507812,,,,,57.16999816894531,,9.102703094482422,135.9601593017578,39.87560272216797,,
2021-06-08,22.558401107788086,,,,,196.65615844726562,289.19000244140625,375.99188232421875,,,,780.6008911132812,,,112.44293975830078,,386.7276611328125,218.39498901367188,,,,,56.7599983215332,,9.174622535705566,132.91751098632812,39.939701080322266,,
2021-06-09,22.521669387817383,,,,,195.93582153320312,288.5799865722656,376.20703125,,,,774.2445678710938,,,113.65229797363281,,386.111572265625,217.37179565429688,,,,,56.66999816894531,,9.194650650024414,131.7337188720703,39.10647964477539,,
2021-06-10,22.65482521057129,,,,,196.47607421875,284.9100036621094,378.2807312011719,,,,786.6514282226562,,,115.15707397460938,,386.4869079589844,218.89817810058594,,,,,56.33000183105469,,9.130924224853516,134.18939208984375,39.399478912353516,,
2021-06-11,22.682374954223633,,,,,195.75572204589844,286.82000732421875,383.9149169921875,,,,780.00830078125,,,114.27082061767578,,383.02154541015625,216.83509826660156,,,,,57.119998931884766,,9.174622535705566,133.8567352294922,39.68332290649414,,
2021-06-14,22.769615173339844,,,,,195.08038330078125,283.5299987792969,387.7100830078125,,,,787.6072998046875,,,114.6124038696289,,384.2440490722656,217.90855407714844,,,,,56.900001525878906,,9.25655460357666,136.0188751220703,39.143104553222656,,
2021-06-15,22.787981033325195,,,,,196.65615844726562,283.94000244140625,387.3677673339844,,,,773.2791748046875,,,115.55404663085938,,385.3221740722656,218.41172790527344,,,,,57.0099983215332,,9.287507057189941,135.63731384277344,39.01491928100586,,
2021-06-16,22.590543746948242,,,,,197.9167938232422,283.1099853515625,384.178955078125,,,,774.2062377929688,,,115.4155502319336,,382.4053955078125,217.28793334960938,,,,,57.209999084472656,,9.289328575134277,134.0132598876953,38.99660110473633,,
2021-06-17,22.801753997802734,,,,,200.4830322265625,278.69000244140625,391.4173278808594,,,,779.453857421875,,,115.59097290039062,,382.5017395019531,218.20208740234375,,,,,57.0,,9.196471214294434,134.3459014892578,38.795166015625,,
2021-06-18,22.50789451599121,,,,,195.66567993164062,274.0400085449219,382.1737365722656,,,,786.4412231445312,,,113.7630844116211,,376.19268798828125,218.21047973632812,,,,,56.279998779296875,,9.094510078430176,128.38780212402344,38.026039123535156,,
2021-06-21,22.769615173339844,,,,,195.5756378173828,277.1000061035156,390.791259765625,,,,786.1829833984375,,,115.89561462402344,,384.5982360839844,222.5211639404297,,,,,57.25,,9.08813762664795,130.16839599609375,38.95997619628906,,
2021-06-22,22.84766960144043,,,,,194.2249755859375,276.9200134277344,395.0364990234375,,,,786.2498779296875,,,116.99420166015625,,385.1972961425781,224.19009399414062,,,,,57.47999954223633,,9.042619705200195,130.5499267578125,39.390323638916016,,
2021-06-23,22.631868362426758,,,,,191.92884826660156,274.6600036621094,392.0726623535156,,,,768.079345703125,,,115.84944915771484,,382.1732177734375,221.27996826171875,,,,,57.119998931884766,,8.9697904586792,132.56532287597656,38.83179473876953,,
2021-06-24,22.636459350585938,,,,,193.45960998535156,275.489990234375,402.1965637207031,,,,744.90966796875,,,116.06285095214844,,385.3711853027344,222.23602294921875,,,,,58.310001373291016,,9.059005737304688,135.26553344726562,39.27129364013672,,
2021-06-25,22.65941619873047,,,,,193.27951049804688,278.3800048828125,403.35076904296875,,,,748.8095092773438,,,115.9144058227539,,391.24542236328125,224.1230010986328,,,,,57.810001373291016,,8.957045555114746,133.24034118652344,40.15028762817383,,
2021-06-28,22.66400909423828,,,,,192.2440185546875,276.6099853515625,401.8247985839844,,,,763.2619018554688,,,114.8102798461914,,387.87353515625,226.488037109375,,,,,57.689998626708984,,9.044441223144531,137.9364013671875,39.097320556640625,,
2021-06-29,22.797164916992188,,,,,191.61370849609375,276.2099914550781,401.609619140625,,,,766.9036254882812,,,115.55255126953125,,384.6271667480469,231.4696502685547,,,,,58.529998779296875,,9.006205558776855,138.84628295898438,39.50935745239258,,
2021-06-30,23.02215003967285,,,,,189.36260986328125,277.9200134277344,401.48248291015625,,,,767.1616821289062,,,115.17213439941406,,386.8880310058594,231.34388732910156,,,,,57.36000061035156,,8.879664421081543,139.31585693359375,38.9141960144043,,
2021-07-01,23.146121978759766,,,,,190.93838500976562,280.1700134277344,403.1942443847656,,,,762.4208374023438,,,117.02779388427734,,391.1874694824219,233.1385955810547,,,,,57.65999984741211,,8.941569328308105,134.9622344970703,39.25297927856445,,
2021-07-02,23.196630477905273,,,,,191.65872192382812,279.1199951171875,405.5711975097656,,,,765.1544799804688,,,117.67729187011719,,395.5061340332031,233.10504150390625,,,,,58.20000076293945,,8.988907814025879,135.16770935058594,39.143104553222656,,
2021-07-05,23.283872604370117,,,,,192.64920043945312,,,,,,,,,,,,,,,,,58.349998474121094,,9.03078556060791,,39.20719528198242,,
2021-07-06,23.136940002441406,,,,,190.26304626464844,277.32000732421875,406.5884704589844,,,,782.9427490234375,,,117.80719757080078,,396.3757019042969,233.62503051757812,,,,,58.34000015258789,,9.048081398010254,133.81761169433594,38.410606384277344,,
2021-07-07,23.527225494384766,,,,,190.9833984375,279.239990234375,410.0021667480469,,,,791.2586059570312,,,118.52163696289062,,397.72833251953125,235.88937377929688,,,,,58.65999984741211,,9.278404235839844,131.94894409179688,39.024070739746094,,
2021-07-08,23.265504837036133,,,,,187.06646728515625,274.1000061035156,407.94805908203125,,,,791.6217651367188,,,118.24327087402344,,396.0762023925781,232.41732788085938,,,,,57.560001373291016,,9.181904792785645,129.65963745117188,37.99856948852539,,
2021-07-09,23.270097732543945,,,,,190.9833984375,280.489990234375,405.6200866699219,,,,784.0993041992188,,,118.92058563232422,,398.1630859375,235.6881103515625,,,,,58.27000045776367,,9.22014045715332,131.97833251953125,38.822635650634766,,
2021-07-12,23.39406967163086,,,,,190.9833984375,280.1099853515625,402.7541198730469,,,,792.9216918945312,,,118.94842529296875,,401.96014404296875,236.05709838867188,,,,,58.77000045776367,,9.294790267944336,133.83717346191406,38.63951110839844,,
2021-07-13,23.430801391601562,,,,,191.07342529296875,279.2099914550781,400.0152893066406,,,,786.6991577148438,,,118.20616149902344,,404.3754577636719,234.5810546875,,,,,58.43000030517578,,9.27112102508545,133.3382110595703,38.584571838378906,,
2021-07-14,23.458349227905273,,,,,190.17300415039062,278.30999755859375,401.609619140625,,,,795.1106567382812,,,118.52163696289062,,400.70404052734375,232.50958251953125,,,,,58.619998931884766,,9.272941589355469,132.71206665039062,38.46554183959961,,
2021-07-15,23.256319046020508,,,,,189.99290466308594,279.7200012207031,402.5290832519531,,,,797.2135620117188,,,116.3133773803711,,405.8343811035156,232.266357421875,,,,,58.2400016784668,,9.371259689331055,130.31512451171875,38.053504943847656,,
2021-07-16,23.513450622558594,,,,,188.14700317382812,277.8999938964844,405.36578369140625,,,,794.7568969726562,,,116.72161865234375,,405.4962463378906,231.8470458984375,,,,,58.09000015258789,,9.48050308227539,125.40384674072266,38.15422439575195,,
2021-07-19,23.0864315032959,,,,,181.07855224609375,272.6600036621094,400.2109375,,,,797.4620971679688,,,113.89173126220703,,395.21630859375,230.48004150390625,,,,,57.130001068115234,,9.27112102508545,125.83432006835938,36.4786262512207,,
2021-07-20,23.095617294311523,,,,,183.1045379638672,276.8900146484375,407.282958984375,,,,795.8849487304688,,,116.45255279541016,,398.9940185546875,232.1238250732422,,,,,57.560001373291016,,9.252912521362305,129.11178588867188,37.156192779541016,,
2021-07-21,23.4675350189209,,,,,186.93142700195312,279.8800048828125,407.94805908203125,,,,783.5640869140625,,,117.88141632080078,,400.6075134277344,232.71926879882812,,,,,58.209999084472656,,9.404033660888672,135.01116943359375,37.65062713623047,,
2021-07-22,23.531816482543945,,,,,188.05697631835938,277.70001220703125,409.45440673828125,,,,784.5772705078125,,,117.93707275390625,,401.69921875,235.74679565429688,,,,,58.56999969482422,,9.349411964416504,134.20892333984375,37.54991149902344,,
2021-07-23,23.73843765258789,,,,,189.54269409179688,278.489990234375,409.3566589355469,,,,796.6781616210938,,,119.26387786865234,,403.5639343261719,237.98602294921875,,,,,59.369998931884766,,9.436806678771973,135.4318389892578,37.952789306640625,,
2021-07-26,23.752212524414062,,,,,190.1279754638672,278.79998779296875,404.3680419921875,,,,792.883544921875,,,118.82781982421875,,399.5447082519531,235.74679565429688,,,,,59.09000015258789,,9.422240257263184,135.48077392578125,38.16338348388672,,
2021-07-27,23.651195526123047,,,,,189.27255249023438,280.7799987792969,403.7713623046875,,,,804.65966796875,,,120.82263946533203,,401.0519714355469,237.44927978515625,,,,,58.29999923706055,,9.442268371582031,131.97833251953125,37.98941421508789,,
2021-07-28,23.6466064453125,,,,,189.36260986328125,278.1000061035156,402.59759521484375,,,,799.3833618164062,,,121.10102081298828,,395.3226013183594,237.49960327148438,,,,,58.88999938964844,,9.489607810974121,134.23828125,38.12675476074219,,
2021-07-29,23.9083251953125,,,,,190.44313049316406,279.760009765625,414.3158264160156,,,,751.6578979492188,,,121.24944305419922,,398.13409423828125,247.1190185546875,,,,,58.34000015258789,,9.516919136047363,134.52200317382812,38.73107147216797,,
2021-07-30,24.055252075195312,,,,,189.09246826171875,278.2900085449219,419.35333251953125,,,,784.185302734375,,,121.833984375,,398.2694091796875,248.36862182617188,,,,,57.11000061035156,,9.442268371582031,136.89935302734375,38.68528747558594,,
2021-08-02,24.036888122558594,,,,,174.415283203125,278.1400146484375,424.76251220703125,,,,782.8280639648438,,,121.78759765625,,401.5059814453125,249.59304809570312,,,,,57.349998474121094,,9.509634971618652,138.93434143066406,38.776851654052734,,
2021-08-03,24.390438079833984,,,,,173.01060485839844,281.79998779296875,426.5232238769531,,,,784.0897827148438,,,121.97317504882812,,407.62176513671875,251.66453552246094,,,,,57.599998474121094,,9.56425666809082,139.08108520507812,38.987449645996094,,
2021-08-04,24.24810028076172,,,,,171.5338897705078,278.7799987792969,429.8977966308594,,,,791.7653198242188,,,119.11544036865234,,407.2739562988281,251.66453552246094,,,,,57.79999923706055,,9.449551582336426,139.66807556152344,39.17972946166992,,
2021-08-05,24.1700439453125,,,,,173.6769256591797,280.2099914550781,432.0693054199219,,,,793.9445190429688,,,118.78141021728516,,397.2742919921875,250.6833038330078,,,,,57.869998931884766,,9.49324893951416,139.18870544433594,39.12479019165039,,
2021-08-06,24.30320167541504,,,,,178.03506469726562,285.6300048828125,431.932373046875,,,,783.9368286132812,,,119.35667419433594,,401.0711975097656,250.1298065185547,,,,,57.68000030517578,,9.504172325134277,139.56045532226562,39.49104309082031,,
2021-08-09,24.578693389892578,,,,,179.72789001464844,287.2300109863281,426.5818786621094,,,,779.0045776367188,,,117.76078796386719,,396.965087890625,252.5619354248047,,,,,57.439998626708984,,9.586105346679688,138.92449951171875,39.55513381958008,,
2021-08-10,24.652158737182617,,,,,181.25863647460938,288.94000244140625,424.99725341796875,,,,762.7361450195312,,,116.25769805908203,,397.84423828125,252.98121643066406,,,,,57.15999984741211,,9.68260383605957,135.0698699951172,40.15945053100586,,
2021-08-11,25.47405242919922,,,,,181.6188201904297,291.2799987792969,424.126708984375,,,,771.2528076171875,,,116.94430541992188,,393.9409484863281,251.58905029296875,,,,,57.40999984741211,,9.728121757507324,131.90003967285156,41.203269958496094,,
2021-08-12,25.992900848388672,,,,,181.6188201904297,290.239990234375,427.2079162597656,,,,775.8790283203125,,,118.31748962402344,,392.22119140625,252.03353881835938,,,,,58.33000183105469,,9.76817798614502,126.42134094238281,41.45963668823242,,
2021-08-13,25.92762565612793,,,,,181.57379150390625,287.8900146484375,432.0888671875,,,,778.1444091796875,,,119.07831573486328,,395.8056335449219,253.30833435058594,,,,,58.099998474121094,,9.828261375427246,127.08660125732422,41.16664123535156,,
2021-08-16,25.988237380981445,,,,,181.16859436035156,289.45001220703125,436.3633728027344,,,,786.6036376953125,,,120.23809814453125,,403.0904541015625,256.89776611328125,,,,,57.689998626708984,,9.968457221984863,128.83782958984375,40.690513610839844,,
2021-08-17,26.47779083251953,,,,,178.91749572753906,289.1000061035156,434.47552490234375,,,,794.0277099609375,,,121.32366943359375,,407.5058288574219,256.1765441894531,,,,,58.5099983215332,,10.057672500610352,126.01042938232422,40.42498779296875,,
2021-08-18,26.501100540161133,,,,,179.79991149902344,286.3599853515625,420.6053466796875,,,,781.0404052734375,,,119.99687957763672,,403.19683837890625,251.96644592285156,,,,,59.93000030517578,,10.194226264953613,124.61140441894531,40.47076416015625,,
2021-08-19,26.8134822845459,,,,,178.30519104003906,285.1300048828125,424.4593200683594,,,,799.9267578125,,,119.62574005126953,,413.40911865234375,253.9205322265625,,,,,59.70000076293945,,10.261594772338867,126.40177917480469,39.866451263427734,,
2021-08-20,27.055925369262695,,,,,178.9355010986328,285.2699890136719,427.9610595703125,,,,801.528564453125,,,120.52574157714844,,415.16748046875,256.847412109375,,,,,59.40999984741211,,10.283442497253418,124.44507598876953,40.08620071411133,,
2021-08-23,27.09322738647461,,,,,179.42173767089844,285.6199951171875,429.4283447265625,,,,801.4710693359375,,,119.20822143554688,,410.9646911621094,254.7088623046875,,,,,60.04999923706055,,10.359912872314453,128.64218139648438,40.16860580444336,,
2021-08-24,26.948692321777344,,,,,180.76339721679688,286.0199890136719,428.0393371582031,,,,786.7666015625,,,123.00306701660156,,409.0806579589844,253.36700439453125,,,,,59.540000915527344,,10.168737411499023,128.59324645996094,40.113670349121094,,
2021-08-25,26.752870559692383,,,,,180.85345458984375,287.29998779296875,429.038818359375,,,,774.5753784179688,,,124.84017181396484,,405.5348205566406,255.17010498046875,,,,,59.29999923706055,,10.14870834350586,130.18104553222656,40.241859436035156,,
2021-08-26,26.75753402709961,,,,,179.07957458496094,285.2699890136719,428.36273193359375,,,,791.3228149414062,,,123.74533081054688,,402.74267578125,252.9644317626953,,,,,59.119998931884766,,10.094087600708008,129.8576202392578,41.807579040527344,,
2021-08-27,26.780845642089844,,,,,179.1876220703125,286.6000061035156,429.479736328125,,,,791.1502075195312,,,124.15357971191406,,404.5880432128906,252.03353881835938,,,,,59.2400016784668,,10.07223892211914,133.8369598388672,41.42301559448242,,
2021-08-30,26.855443954467773,,,,,178.57533264160156,285.6600036621094,435.13360595703125,,,,805.7490844726562,,,124.18141174316406,,404.1435546875,254.26437377929688,,,,,59.66999816894531,,10.117756843566895,133.34689331054688,41.37723159790039,,
2021-08-31,26.640972137451172,,,,,179.16961669921875,285.7699890136719,434.888671875,,,,809.029541015625,,,123.84738159179688,,402.1822814941406,254.4320831298828,,,,,59.58000183105469,,10.176020622253418,132.4451904296875,41.23989486694336,,
2021-09-01,26.510427474975586,,,,,179.457763671875,285.260009765625,439.592041015625,,,,833.3833618164062,,,124.48759460449219,,403.22576904296875,255.7655487060547,,,,,58.970001220703125,,10.203330993652344,130.808349609375,40.91941833496094,,
2021-09-02,26.49643898010254,,,,,178.03506469726562,285.04998779296875,440.3563537597656,,,,838.7452392578125,,,125.00717163085938,,409.3705139160156,258.5918273925781,,,,,59.47999954223633,,10.14506721496582,131.77867126464844,40.8919563293457,,
2021-09-03,26.384540557861328,,,,,177.09860229492188,281.8900146484375,442.982421875,,,,846.8024291992188,,,124.91439819335938,,408.54925537109375,257.174560546875,,,,,59.189998626708984,,10.125040054321289,133.13125610351562,40.9102668762207,,
2021-09-06,26.445152282714844,,,,,178.68338012695312,,,,,,,,,,,,,,,,,59.599998474121094,,10.103190422058105,,40.69967269897461,,
2021-09-07,26.328594207763672,,,,,178.0170440673828,278.8999938964844,437.7303161621094,,,,845.7760620117188,,,124.8587417602539,,406.9841613769531,254.49920654296875,,,,,59.540000915527344,,10.021259307861328,133.77816772460938,40.38835906982422,,
2021-09-08,26.566373825073242,,,,,177.00856018066406,279.3399963378906,441.5419921875,,,,846.3037109375,,,125.41542053222656,,401.3321228027344,257.5267639160156,,,,,58.290000915527344,,10.094087600708008,130.9063720703125,39.994632720947266,,
2021-09-09,26.361230850219727,,,,,174.8474884033203,278.6099853515625,442.30633544921875,,,,819.6860961914062,,,123.80099487304688,,400.5205078125,254.24761962890625,,,,,58.06999969482422,,10.11229419708252,132.3177490234375,40.16032409667969,,
2021-09-10,26.002225875854492,,,,,174.0190887451172,277.6000061035156,441.179443359375,,,,809.5570678710938,,,121.67625427246094,,391.6103515625,252.39418029785156,,,,,58.22999954223633,,9.995767593383789,134.12118530273438,39.57122039794922,,
2021-09-13,26.090810775756836,,,,,175.3517608642578,279.9200134277344,440.3759765625,,,,805.2789916992188,,,120.65564727783203,,401.89727783203125,249.46725463867188,,,,,58.130001068115234,,10.130502700805664,136.66954040527344,40.372032165527344,,
2021-09-14,26.249332427978516,,,,,173.64089965820312,277.20001220703125,442.5022888183594,,,,800.8189086914062,,,121.15666961669922,,399.97760009765625,248.91375732421875,,,,,59.41999816894531,,10.216075897216797,137.3556365966797,40.27077865600586,,
2021-09-15,26.407854080200195,,,,,173.11865234375,278.17999267578125,443.0509948730469,,,,809.0198364257812,,,122.14944458007812,,404.8059387207031,251.34584045410156,,,,,59.90999984741211,,10.055851936340332,138.4239501953125,40.224761962890625,,
2021-09-16,26.384540557861328,,,,,173.2447052001953,277.510009765625,444.91278076171875,,,,818.4295043945312,,,121.47212982177734,,404.14666748046875,248.9388885498047,,,,,60.869998931884766,,9.984844207763672,141.22714233398438,40.372032165527344,,
2021-09-17,26.398527145385742,,,,,171.7860107421875,276.760009765625,437.4363708496094,,,,836.970703125,,,120.34017181396484,,407.3655700683594,248.18411254882812,,,,,58.95000076293945,,9.879241943359375,138.0025177001953,39.20302963256836,,
2021-09-20,26.277305603027344,,,,,165.60897827148438,274.20001220703125,435.91754150390625,,,,815.5328979492188,,,119.44017028808594,,400.1327209472656,246.49000549316406,,,,,57.81999969482422,,9.850110054016113,132.83721923828125,38.41141891479492,,
2021-09-21,26.594348907470703,,,,,168.94061279296875,273.17999267578125,436.2409362792969,,,,813.585693359375,,,118.6144027709961,,399.78363037109375,246.69967651367188,,,,,58.2599983215332,,9.948429107666016,132.49417114257812,38.43903350830078,,
2021-09-22,26.75753402709961,,,,88.00299072265625,172.00210571289062,274.07000732421875,436.6720275878906,61.961238861083984,,,825.0192260742188,,,119.60719299316406,,396.2545166015625,244.435302734375,,,,,57.400001525878906,,9.986664772033691,135.35617065429688,39.27666473388672,,
2021-09-23,26.84145736694336,,,,88.82601165771484,172.4163055419922,278.1199951171875,442.5806579589844,62.00996017456055,,,813.4034423828125,,,121.80763244628906,,395.6048889160156,248.86341857910156,,,,,57.86000061035156,,10.032183647155762,138.30633544921875,39.57122039794922,,
2021-09-24,26.897403717041016,,,,89.14997863769531,173.19068908691406,277.8699951171875,443.96221923828125,60.43169021606445,,,800.6172485351562,,,121.22954559326172,,394.68377685546875,248.55311584472656,,,,,57.209999084472656,,9.948429107666016,139.10028076171875,39.23985290527344,,
2021-09-27,26.706247329711914,,,,89.75409698486328,176.18016052246094,279.7200012207031,436.3682556152344,59.944580078125,,,774.5753784179688,,,120.04541015625,,392.928955078125,243.8230743408203,,,,,56.16999816894531,,9.92293930053711,139.9039764404297,38.862457275390625,,
2021-09-28,26.63631248474121,,,,87.23680877685547,174.36126708984375,276.7900085449219,417.5350036621094,58.47348403930664,,,766.3359375,,,117.48133850097656,,386.4814758300781,237.34866333007812,,,,,54.70000076293945,,9.848289489746094,130.24966430664062,37.84992980957031,,
2021-09-29,27.10721206665039,,,,88.18521118164062,176.3782501220703,277.2900085449219,418.03485107421875,59.27235794067383,,,768.8682250976562,,,118.02212524414062,,388.2169494628906,240.61940002441406,,,,,55.52000045776367,,9.75361156463623,125.72147369384766,37.58299255371094,,
2021-09-30,26.79483413696289,,,,84.0192642211914,175.44178771972656,272.94000244140625,416.339599609375,59.31133270263672,,,757.885498046875,,,116.87527465820312,,378.8414001464844,236.03196716308594,,,,,54.47999954223633,,9.620699882507324,126.17230987548828,37.33446502685547,,
2021-10-01,26.692258834838867,,,,85.16270446777344,175.8560028076172,275.7099914550781,419.7397155761719,60.09071350097656,,,757.1085205078125,,,118.7027587890625,,380.47991943359375,234.38816833496094,,,,,54.130001068115234,,9.804593086242676,126.56438446044922,36.99388885498047,,
2021-10-04,26.874094009399414,,,,85.26020812988281,175.44178771972656,273.6400146484375,407.4815368652344,58.717044830322266,,,753.5498657226562,,,116.59555053710938,,375.2249755859375,230.66455078125,,,,,53.58000183105469,,9.877421379089355,122.71245574951172,36.80979537963867,,
2021-10-05,27.447568893432617,,,,85.4374771118164,177.7469024658203,278.04998779296875,416.57476806640625,60.285560607910156,,,729.0521850585938,,,117.29485321044922,,381.4494934082031,231.5535430908203,,,,,54.31999969482422,,10.0777006149292,125.52545166015625,36.52444839477539,,
2021-10-06,26.99065399169922,,,,85.65907287597656,176.2882080078125,280.2200012207031,419.15185546875,60.266075134277344,,,731.2103271484375,,,117.56524658203125,,382.2445068359375,230.974853515625,,,,,53.18000030517578,,10.066776275634766,124.00621795654297,36.450809478759766,,
2021-10-07,27.25174903869629,,,,84.78156280517578,178.91749572753906,282.95001220703125,424.09039306640625,61.74691390991211,,,735.2101440429688,,,118.25521850585938,,392.3763427734375,234.23721313476562,,,,,53.849998474121094,,10.03764533996582,125.33920288085938,37.546173095703125,,
2021-10-08,27.139850616455078,,,,84.5156478881836,178.80943298339844,284.1400146484375,421.0724182128906,63.822025299072266,,,720.31396484375,,,116.80068969726562,,396.0218200683594,233.43212890625,,,,,52.91999816894531,,9.839186668395996,123.71219635009766,37.444923400878906,,
2021-10-11,26.92538070678711,,,,84.3117904663086,179.13360595703125,280.92999267578125,419.86712646484375,63.74410629272461,,,719.4027099609375,,,115.18765258789062,,392.6574401855469,229.97682189941406,,,,,52.189998626708984,,9.422240257263184,124.96675872802734,36.911048889160156,,
2021-10-12,26.379880905151367,,,,84.71951293945312,178.1071014404297,278.6199951171875,422.00335693359375,63.607704162597656,,,728.438232421875,,,114.618896484375,,390.9607238769531,229.7755584716797,,,,,52.400001525878906,,9.48050308227539,124.24146270751953,36.59808349609375,,
2021-10-13,25.792415618896484,,,,86.3947525024414,175.65789794921875,277.8999938964844,421.76812744140625,64.07530975341797,,,732.294189453125,,,114.28323364257812,,391.2613525390625,229.34786987304688,,,,,52.79999923706055,,9.518739700317383,125.66265869140625,36.487632751464844,,
2021-10-14,26.002225875854492,,,,87.61795043945312,176.8464813232422,281.6400146484375,432.88970947265625,65.08851623535156,,,738.2412719726562,,,116.36246490478516,,407.5594482421875,231.2264404296875,,,,,52.779998779296875,,9.465937614440918,129.4459686279297,36.911048889160156,,
2021-10-15,26.062837600708008,,,,87.19248962402344,178.82745361328125,284.2099914550781,434.98663330078125,64.50397491455078,,,749.5020751953125,,,119.1130142211914,,415.03472900390625,227.77957153320312,,,,,52.7599983215332,,9.655293464660645,128.97549438476562,37.43571472167969,,
2021-10-18,25.92762565612793,,,,86.37702941894531,178.77342224121094,282.5899963378906,438.84735107421875,65.40027618408203,,,736.43798828125,,,112.55830383300781,,411.6897277832031,230.03555297851562,,,,,52.90999984741211,,9.60977554321289,130.63189697265625,37.29764938354492,,
2021-10-19,25.74112892150879,,,,84.90565490722656,179.25965881347656,284.8299865722656,442.0123291015625,66.7447280883789,,,747.8523559570312,,,113.9382553100586,,411.45703125,231.51158142089844,,,,,53.7400016784668,,9.72994327545166,131.92568969726562,37.813114166259766,,
2021-10-20,25.894989013671875,,,,85.99588775634766,179.29568481445312,287.489990234375,431.69427490234375,68.76139831542969,,,761.4440307617188,,,113.55596160888672,,421.84088134765625,233.6837158203125,,,,,52.849998474121094,,9.831903457641602,131.31800842285156,38.061641693115234,,
2021-10-21,26.09547233581543,,,,85.55270385742188,178.80943298339844,286.82000732421875,436.47607421875,71.2359390258789,,,777.0980224609375,,,113.42543029785156,,428.81195068359375,234.66493225097656,,,,,52.959999084472656,,9.879241943359375,130.6907196044922,37.41731262207031,,
2021-10-22,26.165407180786133,,,,85.87178802490234,178.9715118408203,289.239990234375,441.4244384765625,71.6451187133789,,,787.5148315429688,,,114.76807403564453,,435.4824523925781,236.6273956298828,,,,,53.599998474121094,,9.924760818481445,133.22926330566406,37.546173095703125,,
2021-10-25,26.44049072265625,,,,85.5704345703125,178.70138549804688,290.260009765625,438.3672180175781,72.93111419677734,,,789.2030029296875,,,115.206298828125,,435.8023681640625,235.72164916992188,576.2000122070312,,,,53.20000076293945,,9.822799682617188,133.06265258789062,38.09845733642578,,
2021-10-26,26.412517547607422,,,,85.2690658569336,181.25863647460938,290.8500061035156,455.27008056640625,74.57756042480469,,,797.9029541015625,,,115.66316986083984,,440.7956237792969,237.80990600585938,592.1500244140625,,,,54.540000915527344,,9.946608543395996,129.3773651123047,38.2917594909668,,
2021-10-27,26.421838760375977,,,,84.09020233154297,181.16859436035156,287.7799987792969,453.29071044921875,74.37297821044922,,,791.1597290039062,,,114.21795654296875,,439.6709289550781,235.2352294921875,589.5999755859375,,,,53.91999816894531,,10.084983825683594,129.53421020507812,38.09845733642578,,
2021-10-28,26.188720703125,,,,85.06520080566406,180.9434814453125,289.7200012207031,460.0616760253906,77.20800018310547,,,812.7223510742188,,,113.07112121582031,,441.57122802734375,239.21047973632812,625.1900024414062,,,,54.040000915527344,,10.185123443603516,133.31748962402344,38.07085037231445,,
2021-10-29,26.230680465698242,,,,83.79767608642578,181.12356567382812,287.010009765625,464.6180725097656,77.61717987060547,,,802.9097900390625,,,111.75643920898438,,446.44805908203125,240.711669921875,639.9400024414062,,,,53.52000045776367,,9.983022689819336,133.9349365234375,38.181304931640625,,
2021-11-01,26.575700759887695,,,,82.8049545288086,182.06903076171875,286.239990234375,453.85906982421875,75.64922332763672,,,796.5696411132812,,,112.10142517089844,,440.28167724609375,242.18771362304688,639.1500244140625,,,,54.41999816894531,,10.128681182861328,136.73814392089844,38.55869674682617,,
2021-11-02,26.56171417236328,,,,83.33677673339844,182.65432739257812,287.92999267578125,451.8992919921875,78.67908477783203,,,802.7564086914062,,,113.0990982055664,,438.2747802734375,240.05752563476562,638.77001953125,,,,55.08000183105469,,10.185123443603516,138.40438842773438,39.12018585205078,,
2021-11-03,27.079240798950195,,,,83.96609497070312,182.8794403076172,288.7200012207031,445.89263916015625,81.25106048583984,,,803.686767578125,,,112.9872055053711,,443.40362548828125,241.10585021972656,652.0999755859375,,,,55.79999923706055,,10.155991554260254,139.91375732421875,39.68168258666992,,
2021-11-04,26.985992431640625,,,,83.07086181640625,181.48374938964844,287.69000244140625,453.4377136230469,78.99083709716797,,,770.7962036132812,,,112.53034210205078,,442.85101318359375,238.38021850585938,647.6300048828125,,,,57.45000076293945,,10.239745140075684,147.1471405029297,39.423946380615234,,
2021-11-05,26.668949127197266,,,,83.58495330810547,183.23960876464844,287.8800048828125,451.0271911621094,78.2114486694336,,,750.010498046875,,,114.66551971435547,,441.9299011230469,230.49681091308594,611.5399780273438,,,,55.65999984741211,,10.07223892211914,150.2443389892578,39.515987396240234,,
2021-11-08,26.267982482910156,,,,82.33516693115234,182.92445373535156,288.79998779296875,452.3695983886719,76.89623260498047,,,754.7872314453125,,,114.70280456542969,,448.5325622558594,235.33587646484375,622.780029296875,,,,55.59000015258789,,10.050390243530273,149.9208984375,40.344417572021484,,
2021-11-09,26.603673934936523,,,,83.02653503417969,183.05950927734375,286.3500061035156,452.6831970214844,77.59769439697266,,,765.2327880859375,,,114.02215576171875,,450.20989990234375,231.93093872070312,616.3099975585938,,,,56.310001373291016,,10.02854061126709,153.18475341796875,40.298397064208984,,
2021-11-10,27.657377243041992,,,,83.65585327148438,184.8153839111328,285.32000732421875,445.069580078125,74.10992431640625,,,749.5213623046875,,,114.13404846191406,,445.8953857421875,238.04473876953125,622.2000122070312,,,,55.439998626708984,,10.163274765014648,147.41175842285156,40.55612564086914,,
2021-11-11,27.20046043395996,,,,84.20541381835938,184.72532653808594,284.6499938964844,442.4337158203125,76.08763122558594,,,743.0563354492188,,,111.4953842163086,,443.4618835449219,240.59426879882812,626.6400146484375,,,,56.38999938964844,,10.059494018554688,150.84222412109375,40.52851486206055,,
2021-11-12,27.773937225341797,,,,83.99268341064453,184.86041259765625,285.989990234375,444.2366943359375,76.89285278320312,,,743.7469482421875,,,111.24362182617188,,445.0131530761719,249.2743682861328,631.2000122070312,,,,56.09000015258789,,10.044928550720215,153.7042236328125,40.95193862915039,,
2021-11-15,28.753042221069336,,,,84.52450561523438,185.26559448242188,284.6700134277344,450.0375061035156,75.90704345703125,,,765.28076171875,,,109.63059997558594,,437.0725402832031,239.27757263183594,647.72998046875,,,,56.380001068115234,,10.061314582824707,153.1651611328125,40.72182083129883,,
2021-11-16,27.825225830078125,,,,82.49471282958984,185.3106231689453,283.3599853515625,460.90435791015625,76.26818084716797,,,765.4059448242188,,,110.01287841796875,,435.928466796875,241.8438720703125,642.75,,,,56.25,,10.07223892211914,154.72357177734375,40.88749694824219,,
2021-11-17,27.704002380371094,,,,82.95561981201172,184.8153839111328,281.5899963378906,456.13238525390625,76.61956024169922,,,768.1976318359375,,,109.86370849609375,,435.27886962890625,242.98443603515625,641.8300170898438,,,,56.11000061035156,,10.092267036437988,152.8809051513672,40.85068130493164,,
2021-11-18,28.044357299804688,,,,81.14743041992188,184.3651580810547,280.6300048828125,454.5939636230469,76.53173065185547,,,763.2302856445312,,,109.71450805664062,,435.7829895019531,241.10585021972656,648.510009765625,,,,55.970001220703125,,10.106832504272461,155.58607482910156,40.32601547241211,,
2021-11-19,28.0350341796875,,,,80.12808990478516,182.56427001953125,279.989990234375,452.0266418457031,76.43411254882812,,,759.081298828125,,,109.29492950439453,,426.6014099121094,237.60862731933594,652.6799926757812,,,,57.13999938964844,,10.041285514831543,147.04913330078125,40.151119232177734,,
2021-11-22,28.692432403564453,,,,79.57855987548828,182.83441162109375,284.9700012207031,448.9107360839844,76.42436981201172,,6509.03662109375,748.1841430664062,,,108.98724365234375,,424.21630859375,237.97764587402344,643.6400146484375,,,,57.619998931884766,,10.105011940002441,144.61842346191406,40.05907440185547,,
2021-11-23,28.77635383605957,,,,79.46331787109375,183.01451110839844,288.55999755859375,449.1164245605469,74.8431625366211,,6557.7275390625,750.2537231445312,,,105.71454620361328,,433.51422119140625,239.78077697753906,649.3200073242188,,,,55.83000183105469,,9.677142143249512,145.96119689941406,41.4213752746582,,
2021-11-24,28.46863555908203,,,,79.80014038085938,182.8794403076172,287.2799987792969,454.96630859375,74.8724365234375,,6631.73828125,767.8030395507812,,,106.702880859375,,436.4519958496094,237.95248413085938,648.1799926757812,,,,56.06999969482422,,9.822799682617188,146.28514099121094,42.01968765258789,,
2021-11-25,28.519920349121094,,,,,182.47422790527344,,,,,6645.3720703125,,,,,,,,,,,,55.33000183105469,,10.066776275634766,,41.90922546386719,,
2021-11-26,28.27747917175293,,,,78.6035385131836,172.3802947998047,283.0899963378906,446.13262939453125,72.56898498535156,,6670.69091796875,764.1929931640625,,,103.54208374023438,,426.5141296386719,242.62380981445312,643.3499755859375,,,,53.939998626708984,,9.833724021911621,140.66973876953125,40.224761962890625,,
2021-11-29,28.212202072143555,,,,77.4246597290039,172.95657348632812,282.1199951171875,456.3404541015625,74.48202514648438,,6690.16796875,789.3760375976562,,,102.82413482666016,,438.2359924316406,244.8210906982422,654.4000244140625,,,225.0725555419922,53.58000183105469,,10.006691932678223,148.45472717285156,39.94861602783203,275.74871826171875,
2021-11-30,27.648052215576172,,,,76.17488098144531,173.28074645996094,276.69000244140625,447.3104553222656,72.66658020019531,,6331.7998046875,781.867431640625,,,99.48616790771484,,430.69287109375,239.29432678222656,636.530029296875,,,220.8338165283203,52.16999816894531,,9.91747760772705,144.49844360351562,39.50678634643555,272.048095703125,
2021-12-01,27.755287170410156,,,,76.99921417236328,179.151611328125,275.0,440.7636413574219,72.22736358642578,,6575.25634765625,773.4440307617188,,,98.33934020996094,,430.8091735839844,239.39498901367188,630.5900268554688,,,220.85340881347656,53.54999923706055,,9.981202125549316,148.89649963378906,40.04066467285156,269.6819152832031,
2021-12-02,27.815898895263672,,,,77.8589859008789,177.65689086914062,279.0899963378906,452.4536437988281,73.67190551757812,,6409.70654296875,768.7847900390625,,,100.02696228027344,,432.43804931640625,244.27597045898438,634.0,,,227.16741943359375,51.880001068115234,,9.848289489746094,143.81124877929688,39.97623062133789,272.0386047363281,
2021-12-03,27.62940216064453,,,,79.2239990234375,178.62936401367188,277.42999267578125,447.3987731933594,71.85646057128906,,6353.224609375,764.3758544921875,,,99.64468383789062,,437.0584716796875,243.479248046875,635.1599731445312,,,225.1802215576172,51.97999954223633,,9.791847229003906,143.1632843017578,39.414737701416016,273.1648864746094,
2021-12-06,27.899822235107422,,,,81.00560760498047,182.74436950683594,281.3800048828125,448.0956726074219,72.6177749633789,,6417.49658203125,766.7247924804688,,,102.78684997558594,,447.553955078125,242.59027099609375,625.0,,,228.84136962890625,51.90999984741211,,10.050390243530273,144.68496704101562,40.88749694824219,277.2062683105469,
2021-12-07,28.361400604248047,,,,80.136962890625,182.74436950683594,284.9700012207031,461.768310546875,75.83872985839844,,6536.3037109375,782.502685546875,,,104.6795883178711,,452.0478820800781,248.3350830078125,635.0900268554688,,,233.56954956054688,54.93000030517578,,10.050390243530273,154.0210418701172,41.98286437988281,280.0834655761719,
2021-12-08,27.913808822631836,,,,79.6760482788086,184.4552001953125,283.7200012207031,464.26141357421875,75.13597869873047,,6581.099609375,784.04296875,,,104.81945037841797,,456.0651550292969,248.9388885498047,654.0399780273438,,,235.4392547607422,54.349998474121094,,10.130502700805664,154.41371154785156,41.3569450378418,279.83740234375,
2021-12-09,28.016382217407227,,,,79.33035278320312,183.55477905273438,284.5199890136719,459.02001953125,73.94520568847656,,6468.1357421875,768.9677124023438,,,105.1830825805664,,460.4035339355469,236.4764404296875,665.719970703125,,,236.34967041015625,53.5099983215332,,10.294366836547852,149.85858154296875,41.007164001464844,277.4806823730469,
2021-12-10,28.291465759277344,,,,79.80900573730469,182.56427001953125,288.2300109863281,464.9189758300781,73.5352554321289,,6565.51806640625,768.0916748046875,,,104.82877349853516,,465.1794738769531,241.8606414794922,669.52001953125,,,238.4151611328125,53.31999969482422,,10.350809097290039,149.9371337890625,40.81386184692383,279.5345458984375,
2021-12-13,28.40336036682129,,,,81.25379180908203,181.7088623046875,290.010009765625,470.0130615234375,70.65593719482422,,6510.98388671875,785.6890258789062,,,105.2297134399414,,465.0920104980469,245.25718688964844,660.1500244140625,,,239.42544555664062,53.5099983215332,,10.414534568786621,144.4100799560547,40.61135482788086,281.6261901855469,
2021-12-14,28.19821548461914,,,,81.47538757324219,181.16859436035156,295.0299987792969,461.6505126953125,71.29035949707031,,6592.78515625,775.7352905273438,,,104.13880920410156,,466.3759765625,247.1190185546875,670.969970703125,,,240.41610717773438,53.13999938964844,,10.390864372253418,145.02853393554688,41.15443801879883,282.2319030761719,
2021-12-15,27.95577049255371,,,,82.19334411621094,182.06903076171875,294.5799865722656,470.1210632324219,72.1688003540039,,6563.5703125,786.5746459960938,,,97.84516906738281,,480.8887939453125,257.6022033691406,657.9299926757812,,,248.96913146972656,53.540000915527344,,10.470976829528809,150.85012817382812,41.10841751098633,288.7434387207031,
2021-12-16,27.932458877563477,,,,83.65585327148438,184.90542602539062,300.1700134277344,468.0205993652344,69.3870620727539,,6553.83203125,792.167724609375,,,95.29974365234375,,479.41021728515625,260.0930480957031,631.739990234375,,,249.11622619628906,53.900001525878906,,10.714953422546387,144.0173797607422,41.24648666381836,286.9168395996094,
2021-12-17,27.983747482299805,,,,82.83153533935547,184.3201446533203,293.6600036621094,459.0004577636719,69.86534881591797,,6629.79052734375,791.5516357421875,,,93.82655334472656,,473.8268737792969,258.2396240234375,619.280029296875,,,248.9298858642578,53.70000076293945,,10.720416069030762,143.4774627685547,41.20045852661133,282.35491943359375,
2021-12-20,28.28213882446289,,,,82.30857849121094,180.9434814453125,289.6099853515625,451.83526611328125,68.88929748535156,,6569.4130859375,791.6382446289062,,,92.8009262084961,,470.5294189453125,259.4892578125,603.1400146484375,,,240.9163360595703,53.38999938964844,,10.769575119018555,142.35826110839844,40.252376556396484,279.2126770019531,
2021-12-21,28.212202072143555,,,,82.46812438964844,183.4647216796875,293.239990234375,461.79779052734375,70.43143463134766,,6625.8955078125,774.531982421875,,,95.38133239746094,,473.9144287109375,253.76954650878906,606.8099975585938,,,242.29933166503906,54.09000015258789,,10.969855308532715,148.65106201171875,41.117618560791016,279.9130554199219,
2021-12-22,27.88117218017578,,,,83.47438049316406,184.14004516601562,294.4100036621094,464.51654052734375,72.22736358642578,,6742.75439453125,788.1535034179688,,,95.09046173095703,,480.6455993652344,255.13661193847656,617.47998046875,,,247.24282836914062,54.52000045776367,,10.96257209777832,149.5346221923828,41.49501419067383,281.24755859375,
2021-12-23,27.95111083984375,,,,83.49234771728516,186.39114379882812,294.489990234375,464.9877014160156,73.9256820678711,,6836.2412109375,788.1822509765625,,,96.55425262451172,,481.8614807128906,253.1992645263672,625.3800048828125,,,247.22320556640625,55.02000045776367,,10.978959083557129,152.64663696289062,42.28662109375,283.443359375,
2021-12-24,27.89516258239746,,,,,,,,,,6801.18359375,,,,,,,,,,,,,,,,42.45230484008789,,
2021-12-27,27.974424362182617,,,,84.04039764404297,186.8863983154297,296.6700134277344,469.26715087890625,75.3995132446289,,,803.9217529296875,,,97.98990631103516,,485.86907958984375,257.3087463378906,634.77001953125,,,248.91026306152344,55.86000061035156,,10.969855308532715,159.7444305419922,,286.03662109375,
2021-12-28,28.291465759277344,,,,84.32791137695312,188.3271026611328,298.2900085449219,466.3226013183594,74.8919677734375,,,806.71337890625,,,98.08373260498047,,489.2152099609375,257.4680480957031,638.4600219726562,,,251.84300231933594,56.689998626708984,,11.088202476501465,156.72076416015625,,287.7118835449219,
2021-12-29,28.398700714111328,,,,84.72321319580078,187.3816375732422,299.4599914550781,465.7827453613281,72.71538543701172,,6882.98486328125,810.5543212890625,,,97.53950500488281,,491.78314208984375,258.86865234375,647.280029296875,,,253.5398406982422,56.2599983215332,,11.11551284790039,158.03622436523438,43.03220748901367,289.04638671875,
2021-12-30,28.426673889160156,,,,84.6872787475586,186.9764404296875,299.9800109863281,461.7879638671875,72.97891235351562,,6777.81201171875,813.9140014648438,,,98.02743530273438,,490.66448974609375,262.7851867675781,642.510009765625,,,253.1671142578125,56.540000915527344,,11.099126815795898,155.0911102294922,43.22550582885742,287.6172180175781,
2021-12-31,28.100305557250977,,,,85.35212707519531,,299.0,463.211181640625,72.71538543701172,,6748.5966796875,814.2509765625,,,97.07032775878906,,488.43701171875,263.5147705078125,631.52001953125,,,251.9999542236328,,,,154.4824676513672,42.82049560546875,289.3958435058594,
2022-01-03,28.46863555908203,,,,86.00798797607422,188.95741271972656,300.7900085449219,452.58123779296875,71.75886535644531,,,804.8843383789062,,,99.55691528320312,,488.57318115234375,250.07110595703125,627.0999755859375,,,249.21432495117188,56.060001373291016,,11.1974458694458,157.0054473876953,,281.3586730957031,
2022-01-04,28.408023834228516,,,,86.55604553222656,194.36004638671875,308.5299987792969,451.3248596191406,72.52993774414062,,6882.98486328125,784.2066040039062,,,99.82902526855469,,477.5037841796875,243.38697814941406,616.8200073242188,,,255.28578186035156,57.0,,11.111871719360352,155.46417236328125,44.210411071777344,284.7923278808594,
2022-01-05,28.71108055114746,,,,86.20564270019531,195.17044067382812,309.9200134277344,447.3398742675781,67.3276138305664,,6999.84375,759.6300659179688,,,99.47247314453125,,476.3267822265625,240.33425903320312,595.1199951171875,,,254.01065063476562,57.349998474121094,,10.942544937133789,150.92864990234375,44.1275749206543,289.37677001953125,
2022-01-06,28.55255889892578,,,,87.51738739013672,198.0968780517578,313.2200012207031,443.6100769042969,68.8990478515625,,6845.97900390625,746.1336059570312,,,98.4966049194336,,456.8336486816406,241.99484252929688,598.4400024414062,,,249.6361083984375,56.209999084472656,,10.829658508300781,153.48109436035156,43.400394439697266,283.460693359375,
2022-01-07,28.445323944091797,,,,89.0716781616211,200.3929901123047,319.7799987792969,438.496337890625,67.83515930175781,,6882.98486328125,745.998779296875,,,98.67488098144531,,446.085205078125,239.24400329589844,603.72998046875,,,247.38014221191406,55.7400016784668,,10.736802101135254,148.05221557617188,43.15187072753906,282.8804931640625,
2022-01-10,28.46863555908203,,,,90.09590148925781,201.15835571289062,318.92999267578125,427.34625244140625,67.64970397949219,,6984.26220703125,735.7850952148438,,,99.10650634765625,,452.3105163574219,244.56948852539062,621.27001953125,,,244.69261169433594,53.5099983215332,,10.76229190826416,146.85455322265625,42.57197189331055,280.6833801269531,
2022-01-11,28.990825653076172,,,,90.73379516601562,203.31942749023438,319.79998779296875,432.8721923828125,69.96292877197266,,7048.53466796875,738.2398681640625,,,101.23653411865234,,456.2013854980469,244.8378448486328,626.0900268554688,,,245.53614807128906,53.9900016784668,,10.909770965576172,149.66224670410156,42.9677734375,283.004150390625,
2022-01-12,28.944202423095703,,,,91.13810729980469,203.54454040527344,320.3900146484375,439.5662536621094,70.41191101074219,,7169.28857421875,735.9103393554688,,,102.23114776611328,,460.7926025390625,237.16412353515625,631.4400024414062,,,244.52584838867188,54.90999984741211,,10.833300590515137,156.6324005126953,43.28994369506836,285.106201171875,
2022-01-13,28.850954055786133,,,,91.7310791015625,204.7601318359375,321.260009765625,428.2099914550781,68.18653106689453,,7227.7177734375,720.180419921875,,,102.07164001464844,,454.6742248535156,232.9876251220703,616.1099853515625,,,249.5380096435547,54.83000183105469,,11.046324729919434,154.30575561523438,43.602901458740234,279.9129333496094,
2022-01-14,28.300790786743164,,,,92.8810806274414,204.3999481201172,324.1300048828125,424.3721923828125,67.73755645751953,,7229.66552734375,718.8712768554688,,,101.8558349609375,,455.89990234375,231.5367431640625,615.239990234375,,,252.07839965820312,54.130001068115234,,11.181058883666992,163.94615173339844,42.86652374267578,277.1165771484375,
2022-01-17,28.40336036682129,,,,,204.44497680664062,,,,,7237.45654296875,,,,,,,,,,,,54.20000076293945,,11.15192699432373,,43.4464225769043,,
2022-01-18,28.254165649414062,,,,91.39865112304688,203.45449829101562,320.2900085449219,416.3138427734375,66.33204650878906,,7229.66552734375,715.1939697265625,,,100.86119842529297,,448.409912109375,227.93052673339844,611.219970703125,,,243.96678161621094,53.720001220703125,,11.193803787231445,149.5738983154297,42.525943756103516,272.5986328125,
2022-01-19,27.89516258239746,,,,91.18302917480469,201.5185546875,314.75,415.1360778808594,65.27792358398438,,7245.2470703125,703.2088623046875,,,101.11454772949219,,449.898193359375,228.1317901611328,618.1099853515625,,,240.6318817138672,53.810001373291016,,11.009910583496094,140.45376586914062,42.314231872558594,271.6189270019531,
2022-01-20,27.68069076538086,,,,91.65919494628906,202.4189910888672,311.010009765625,410.2578430175781,65.47312927246094,,7346.5244140625,703.2281494140625,,,99.56629943847656,,450.3650817871094,227.16734313964844,614.3800048828125,,,236.1493682861328,54.060001373291016,,11.135540962219238,136.60543823242188,42.59958267211914,272.9600524902344,
2022-01-21,27.135189056396484,,,,92.4677963256836,199.62762451171875,305.2200012207031,409.2272644042969,64.24331665039062,,7334.83837890625,694.6316528320312,,,99.0877456665039,,448.5851135253906,227.75437927246094,621.4000244140625,,,233.37359619140625,52.470001220703125,,10.982600212097168,132.59022521972656,41.66069412231445,268.67034912109375,
2022-01-24,26.543062210083008,,,,90.36543273925781,195.03536987304688,303.7300109863281,410.2284240722656,63.84314727783203,,7169.28857421875,703.5458984375,,,97.78347778320312,,449.65509033203125,228.24082946777344,621.47998046875,,,238.93502807617188,50.4900016784668,,10.851507186889648,136.74288940429688,39.70928955078125,268.9937438964844,
2022-01-25,26.68293571472168,,,,91.76701354980469,198.14190673828125,307.19000244140625,392.14874267578125,63.20870590209961,,7216.0322265625,692.79296875,,,97.74593353271484,,444.3731994628906,224.8023223876953,603.1900024414062,,,234.531005859375,50.7599983215332,,10.876997947692871,130.55809020996094,39.58042526245117,265.77880859375,
2022-01-26,26.328594207763672,,,,91.08419036865234,202.4189910888672,309.260009765625,390.1954345703125,62.98421859741211,,7034.90087890625,669.8433227539062,,,97.6708755493164,,445.9198303222656,223.75399780273438,605.25,,,235.40396118164062,52.31999969482422,,10.918875694274902,133.10072326660156,40.16952896118164,262.9064025878906,
2022-01-27,26.67361068725586,,,,91.8658447265625,205.93069458007812,307.6700134277344,387.78094482421875,64.41899871826172,,6775.8642578125,657.5117797851562,,,96.81698608398438,,449.0032958984375,222.8566436767578,608.719970703125,,,224.46749877929688,52.95000076293945,,11.232039451599121,127.77000427246094,40.224761962890625,262.373779296875,
2022-01-28,26.808822631835938,,,,93.00686645507812,205.12030029296875,312.8999938964844,399.10772705078125,66.5565414428711,,6795.3408203125,681.1351928710938,,,96.77008056640625,,453.34161376953125,226.5048065185547,624.9199829101562,,,232.07888793945312,52.439998626708984,,11.141002655029297,130.02798461914062,41.007164001464844,264.06683349609375,
2022-01-31,26.8134822845459,,,,92.40489959716797,204.71511840820312,313.0199890136719,407.5488586425781,69.45540618896484,,7031.00634765625,697.82763671875,,,97.10786437988281,,459.6739501953125,227.57827758789062,608.5900268554688,,,235.45298767089844,52.9900016784668,,11.124616622924805,135.65318298339844,40.8782958984375,268.33746337890625,
2022-02-01,26.762197494506836,,,,92.7642822265625,204.53501892089844,313.9599914550781,409.7474670410156,70.7242660522461,,6956.9951171875,688.5764770507812,,,97.20170593261719,,455.62744140625,228.92015075683594,613.3599853515625,,,232.78509521484375,54.02000045776367,,11.23568058013916,136.07533264160156,41.91843032836914,270.7248229980469,
2022-02-02,27.25174903869629,,,,93.34828186035156,204.44497680664062,319.6000061035156,414.2723388671875,71.427001953125,,7062.16845703125,689.7894897460938,,,96.99526977539062,,466.68719482421875,229.10464477539062,622.8499755859375,,,236.17881774902344,54.65999984741211,,11.2720947265625,138.1859893798828,42.55356216430664,270.4585266113281,
2022-02-03,26.892744064331055,,,,93.26741027832031,203.00425720214844,315.2300109863281,405.5171203613281,69.21138763427734,,7005.68603515625,686.285400390625,,,95.86927032470703,,475.4318542480469,233.172119140625,620.6900024414062,,,236.2475128173828,53.4900016784668,,11.188342094421387,134.01373291015625,42.047298431396484,267.1580505371094,
2022-02-04,26.613000869750977,,,,93.06974792480469,200.12286376953125,314.989990234375,406.7342224121094,69.23090362548828,,6956.9951171875,675.9273071289062,,,96.39472961425781,,469.9847106933594,232.71087646484375,622.9600219726562,,,234.50157165527344,52.18000030517578,,11.066353797912598,133.09091186523438,40.94272994995117,250.2275848388672,
2022-02-07,26.650299072265625,,,,93.0607681274414,203.27439880371094,316.510009765625,397.7630920410156,69.03569793701172,,6999.84375,672.07666015625,,,95.70037078857422,,470.5002136230469,230.2620086669922,622.3599853515625,,,227.95928955078125,52.34000015258789,,11.133719444274902,133.64068603515625,40.86909103393555,241.95263671875,
2022-02-08,26.888080596923828,,,,93.30335235595703,206.96620178222656,321.44000244140625,392.3941345214844,64.7898941040039,,6793.39306640625,664.7316284179688,,,97.78347778320312,,479.9452209472656,233.30630493164062,617.9400024414062,,,234.8939208984375,52.36000061035156,,11.179237365722656,136.21278381347656,40.997955322265625,240.4593505859375,
2022-02-09,27.298370361328125,,,,93.52796936035156,208.8571319580078,322.3800048828125,400.53680419921875,67.18121337890625,,6997.89599609375,691.7725219726562,,,99.54753112792969,,484.5072937011719,236.2080841064453,619.77001953125,,,238.7584686279297,53.810001373291016,,11.137361526489258,141.56309509277344,41.697513580322266,246.68934631347656,
2022-02-10,27.205123901367188,,,,94.39945983886719,206.4259490966797,319.8500061035156,389.8766174316406,64.41899871826172,,6990.10498046875,662.0361328125,,,98.41214752197266,,473.43780517578125,236.66098022460938,618.219970703125,,,235.41375732421875,53.189998626708984,,11.04450511932373,137.214111328125,41.71592712402344,240.05035400390625,
2022-02-11,27.223773956298828,,,,96.9959487915039,206.69607543945312,319.1400146484375,381.2322998046875,61.256614685058594,,6853.76953125,646.4412231445312,,,96.63870239257812,,465.082275390625,231.68771362304688,638.4099731445312,,,233.02052307128906,52.72999954223633,,11.090023040771484,130.06724548339844,41.577857971191406,232.45071411132812,
2022-02-14,26.827470779418945,,,,98.14595794677734,200.88824462890625,314.2799987792969,374.39752197265625,59.119075775146484,,6694.0625,644.381103515625,,,96.00064086914062,,461.45404052734375,228.68533325195312,623.530029296875,,,230.9116668701172,51.209999084472656,,10.869714736938477,129.44874572753906,40.215553283691406,231.59466552734375,
2022-02-15,26.972003936767578,,,,98.53228759765625,203.3644561767578,316.20001220703125,378.9802551269531,61.00284194946289,,6748.5966796875,648.2317504882812,,,97.50196838378906,,465.1794738769531,221.9257354736328,630.1500244140625,,,237.7482147216797,52.209999084472656,,10.968034744262695,137.2828369140625,40.54692840576172,235.72264099121094,
2022-02-16,25.05109405517578,,,,100.23932647705078,202.95924377441406,315.6499938964844,380.14068603515625,60.71002960205078,,6703.80078125,648.4242553710938,,218.92530822753906,96.78884887695312,,466.9497985839844,226.11903381347656,630.9000244140625,,,247.1643524169922,50.93000030517578,,10.933440208435059,138.38235473632812,40.657379150390625,233.35430908203125,67.99855041503906
2022-02-17,24.915884017944336,,,,100.53582763671875,200.34796142578125,313.54998779296875,375.16461181640625,57.14402389526367,,6577.2041015625,665.7809448242188,,215.47647094726562,95.42826080322266,,457.5048522949219,219.66136169433594,626.719970703125,,,245.9971466064453,49.95500183105469,,11.051787376403809,133.9744415283203,40.224761962890625,228.8553466796875,65.9988784790039
2022-02-18,25.25623893737793,,,,100.2752685546875,192.78428649902344,314.79998779296875,372.3913879394531,57.85820770263672,,6446.7119140625,667.061279296875,,215.25973510742188,94.3773193359375,,455.04388427734375,221.7999267578125,615.1300048828125,,,239.42544555664062,49.150001525878906,,11.039043426513672,130.9114990234375,39.838157653808594,230.14892578125,67.10548400878906
2022-02-21,24.454307556152344,,,,,187.60675048828125,,,,,6322.06201171875,,,,,,,,,,,,47.69499969482422,,10.957110404968262,,39.52519607543945,,
2022-02-22,24.608163833618164,,,,97.56197357177734,186.03097534179688,314.1600036621094,373.9451904296875,56.77226638793945,,6349.32958984375,655.345703125,,215.1937713623047,97.32368469238281,,449.8885192871094,223.51918029785156,602.8900146484375,,,239.65106201171875,46.619998931884766,,10.927977561950684,128.10858154296875,39.08336639404297,226.47750854492188,66.0182876586914
2022-02-23,24.720062255859375,,,,97.56197357177734,185.8058624267578,309.989990234375,367.1792297363281,56.73312759399414,,6368.8056640625,648.9537353515625,,214.3268585205078,96.67623138427734,,447.0773620605469,225.16294860839844,608.97998046875,,,237.14987182617188,45.915000915527344,,10.884281158447266,125.74821472167969,38.21812438964844,223.20555114746094,61.03852462768555
2022-02-24,24.5335693359375,,,,92.35099029541016,180.26815795898438,308.2799987792969,375.3514404296875,57.48643493652344,,6214.94189453125,679.142578125,,218.37876892089844,96.95774841308594,,443.44915771484375,227.871826171875,609.780029296875,,,238.8957977294922,43.71500015258789,,10.461873054504395,131.2163848876953,35.50271987915039,223.64306640625,64.22247314453125
2022-02-25,25.088394165039062,,,,94.55218505859375,186.7963409423828,319.239990234375,374.57452392578125,59.68767547607422,,6306.4814453125,689.009765625,,220.17860412597656,99.31295013427734,,462.7671813964844,231.99801635742188,618.6599731445312,,,248.43942260742188,45.625,,10.758650779724121,133.4783935546875,36.81900405883789,228.63661193847656,67.75791931152344
2022-02-28,25.624568939208984,,,,90.80567932128906,183.05950927734375,321.45001220703125,369.4706115722656,58.81696319580078,,6401.916015625,683.2241821289062,,213.78033447265625,98.5153579711914,,462.8838806152344,227.49441528320312,618.3599853515625,,,245.51654052734375,45.15999984741211,,11.031759262084961,131.98350524902344,37.380489349365234,224.7559356689453,70.075927734375
2022-03-01,25.260902404785156,,,,91.13810729980469,176.2341766357422,316.8399963378906,384.1039123535156,56.49833679199219,,6205.20361328125,684.2542114257812,,215.36341857910156,97.26737976074219,,463.2535400390625,225.6409912109375,607.030029296875,,,247.5861358642578,43.55500030517578,,11.03722095489502,127.46932220458984,36.229896545410156,219.26779174804688,69.96879577636719
2022-03-02,25.10704231262207,,,,92.12638854980469,177.67489624023438,323.6400146484375,392.5022888183594,58.826751708984375,,6203.25537109375,682.96435546875,,217.67205810546875,99.81964874267578,,472.1343994140625,226.80673217773438,616.8699951171875,,,256.1293640136719,43.90999984741211,,10.137784004211426,130.9803466796875,36.61648941040039,221.93101501464844,71.1764907836914
2022-03-03,25.358814239501953,,,,92.07249450683594,176.5403289794922,327.739990234375,393.8594055175781,56.527679443359375,,6801.18359375,693.9000854492188,,221.66744995117188,101.0113296508789,,473.31134033203125,226.81512451171875,611.1500244140625,,,259.0522155761719,43.63999938964844,,10.083163261413574,128.4822998046875,36.39558410644531,220.53282165527344,69.83242797851562
2022-03-04,25.568622589111328,,,,89.66464233398438,169.7870330810547,325.3399963378906,400.7925109863281,54.67864227294922,,7064.11572265625,696.9937744140625,,224.53201293945312,101.630615234375,,485.0422668457031,225.71646118164062,620.4099731445312,,,260.3273620605469,41.150001525878906,,9.655293464660645,123.6632308959961,33.652565002441406,217.27040100097656,67.63131713867188
2022-03-07,25.797080993652344,,,,83.73492431640625,164.9786834716797,322.7200012207031,379.2458190917969,50.05116653442383,,7179.02734375,679.7362060546875,,218.6332244873047,100.06361389160156,,473.583740234375,223.7120819091797,618.5900268554688,,,254.8444061279297,39.435001373291016,,9.331204414367676,117.25092315673828,33.18312072753906,210.67897033691406,61.758365631103516
2022-03-08,24.906558990478516,,214.32696533203125,,84.42674255371094,169.228759765625,318.5199890136719,381.69451904296875,51.137107849121094,,6799.2353515625,658.8047485351562,,214.81686401367188,97.6708755493164,,460.5396423339844,217.90016174316406,614.739990234375,507.7799987792969,,253.0886993408203,39.77000045776367,,9.064468383789062,122.0994873046875,32.26264572143555,208.0823211669922,59.985774993896484
2022-03-09,26.156084060668945,,216.84214782714844,,84.2829818725586,181.52877807617188,325.3999938964844,385.01849365234375,53.77859115600586,,7081.64453125,680.8286743164062,,219.6603240966797,97.19232940673828,,472.3191833496094,222.77276611328125,623.4299926757812,529.9199829101562,,259.2974548339844,44.720001220703125,,9.722660064697266,126.49565887451172,34.60985565185547,215.91024780273438,62.55701446533203
2022-03-10,25.717817306518555,,215.2005615234375,,82.55796813964844,178.37722778320312,325.29998779296875,376.40374755859375,52.29153060913086,,7124.49267578125,683.0330200195312,,219.36819458007812,98.01805877685547,,478.0290222167969,223.26759338378906,630.3599853515625,524.4400024414062,,261.9850158691406,42.439998626708984,,9.367618560791016,122.90596008300781,33.79706954956055,216.48094177246094,63.764705657958984
2022-03-11,25.559295654296875,,213.3189697265625,,79.84467315673828,183.4647216796875,326.6000061035156,373.38458251953125,51.15666961669922,,7245.2470703125,670.5322265625,,221.29046630859375,97.41751861572266,,471.082763671875,222.6553497314453,642.5800170898438,498.0799865722656,,261.88690185546875,42.900001525878906,,9.354873657226562,121.59790802001953,35.56441879272461,208.6625213623047,64.62178802490234
2022-03-14,26.132770538330078,,217.44692993164062,,80.49154663085938,188.462158203125,329.9800109863281,370.7490539550781,49.74787902832031,,7515.9697265625,660.912353515625,,221.3752899169922,96.85453796386719,,476.00958251953125,222.7979278564453,656.4099731445312,486.3299865722656,,256.4235534667969,44.08000183105469,,9.713556289672852,118.1458969116211,36.4433708190918,207.60678100585938,63.17060089111328
2022-03-15,26.724895477294922,,221.824462890625,,83.24977111816406,188.1019744873047,332.54998779296875,380.966796875,50.95123291015625,,7463.38330078125,678.3536987304688,,222.58145141601562,98.90007781982422,,485.75567626953125,227.7208709716797,665.9299926757812,502.92999267578125,,262.0536804199219,44.41999816894531,,9.873779296875,122.3552017211914,36.86866760253906,211.75376892089844,66.6476058959961
2022-03-16,26.790170669555664,,222.07408142089844,,84.24703979492188,194.36004638671875,336.1099853515625,385.7265319824219,54.25796127319336,,7697.10107421875,680.693359375,,225.80413818359375,100.68290710449219,,486.0971374511719,229.80911254882812,677.97998046875,520.1900024414062,,261.7981262207031,46.529998779296875,,9.7991304397583,128.324951171875,37.766517639160156,213.6275177001953,68.23514556884766
2022-03-17,26.771520614624023,,225.00204467773438,,83.85172271728516,192.19898986816406,344.9700012207031,395.983642578125,56.41028594970703,,7605.56201171875,695.968994140625,,230.9962158203125,102.9724349975586,,494.64324951171875,230.06910705566406,685.22998046875,527.0900268554688,,262.40753173828125,46.42499923706055,,9.7991304397583,129.8100128173828,38.276885986328125,217.38455200195312,69.91034698486328
2022-03-18,26.314605712890625,,226.2404022216797,,84.36385345458984,190.8032989501953,342.4100036621094,403.1429138183594,58.181053161621094,,7751.63525390625,707.95751953125,,228.5368194580078,103.38530731201172,,493.7652587890625,230.82388305664062,685.9400024414062,542.4600219726562,,256.2249450683594,46.349998474121094,,9.748149871826172,132.907958984375,38.91010284423828,220.35211181640625,70.80638885498047
2022-03-21,26.286630630493164,,218.4933319091797,,84.57946014404297,191.20851135253906,349.6600036621094,398.048828125,57.134246826171875,,7704.89208984375,693.9290161132812,,227.6981658935547,102.04348754882812,,495.2676696777344,232.0231475830078,693.2000122070312,539.5900268554688,,257.08990478515625,45.85499954223633,,9.737225532531738,131.98350524902344,38.38084411621094,222.7584991455078,67.58261108398438
2022-03-22,26.258657455444336,,219.32852172851562,,84.13922882080078,193.5946807861328,349.92999267578125,407.4109191894531,58.84632110595703,,7706.8388671875,695.2342529296875,,225.84181213378906,102.24993133544922,,492.9847717285156,232.67730712890625,692.6400146484375,552.4600219726562,,255.90061950683594,45.90999984741211,,9.83736515045166,133.24237060546875,37.74761962890625,224.9842071533203,66.56968688964844
2022-03-23,26.253995895385742,,212.08058166503906,,83.092041015625,191.65872192382812,348.1600036621094,398.9830017089844,57.7016716003418,,7636.7236328125,684.3285522460938,,220.49896240234375,99.61321258544922,,490.9458312988281,227.8550567626953,669.219970703125,536.0599975585938,,256.15618896484375,44.970001220703125,,9.495070457458496,129.24942016601562,36.70800018310547,223.74769592285156,65.60547637939453
2022-03-24,26.566373825073242,,210.40061950683594,,84.30313873291016,191.4786376953125,352.3699951171875,400.9105529785156,57.965824127197266,,7619.19580078125,688.0121459960938,,221.9029998779297,100.38723754882812,,500.9261169433594,227.64537048339844,679.760009765625,540.3900146484375,,256.1463623046875,44.584999084472656,,9.436806678771973,136.30099487304688,36.31105422973633,230.5674285888672,63.803672790527344
2022-03-25,26.6456356048584,,204.4006805419922,,85.09535217285156,192.06393432617188,358.760009765625,406.6143493652344,57.388607025146484,,7623.09033203125,686.5715942382812,,226.802978515625,102.3789291381836,,500.506591796875,229.75880432128906,680.030029296875,538.9299926757812,,255.63528442382812,44.244998931884766,,9.52784252166748,134.7962646484375,35.58332443237305,234.51467895507812,62.829715728759766
2022-03-28,26.76685905456543,,205.2262725830078,,83.83872985839844,193.36956787109375,359.57000732421875,407.62725830078125,57.31034851074219,,7658.1484375,706.661865234375,,230.892578125,103.76651000976562,,500.67242431640625,231.8218994140625,693.4000244140625,539.5399780273438,,259.8912658691406,45.20000076293945,,9.575181007385254,135.38636779785156,35.441551208496094,236.17919921875,64.31011962890625
2022-03-29,26.906728744506836,,210.7846221923828,,85.2592544555664,196.79124450683594,355.1199951171875,410.5283508300781,60.44098663330078,,7662.04345703125,736.1110229492188,,236.09408569335938,106.07914733886719,,498.2627258300781,232.09864807128906,698.4299926757812,551.760009765625,,259.1442565917969,46.060001373291016,,9.80277156829834,139.1039276123047,36.112579345703125,240.01229858398438,66.2580337524414
2022-03-30,27.181812286376953,,201.1079559326172,,85.54154205322266,194.76524353027344,357.6099853515625,412.0035095214844,58.02452087402344,,7704.89208984375,728.792236328125,,236.39561462402344,105.30512237548828,,508.1064453125,225.5990447998047,692.3800048828125,548.6799926757812,,250.602783203125,44.290000915527344,,9.722660064697266,133.5570831298828,34.81778335571289,240.79225158691406,64.25169372558594
2022-03-31,27.1491756439209,,194.10003662109375,,85.54154205322266,194.9903564453125,352.9100036621094,403.37890625,57.202735900878906,,7757.47802734375,717.0067749023438,,236.7254180908203,104.72932434082031,,497.52130126953125,221.12060546875,698.4199829101562,547.0599975585938,,246.33689880371094,43.54999923706055,,9.597029685974121,129.62313842773438,34.354679107666016,239.2318878173828,60.5019645690918
2022-04-01,27.004638671875,,194.30160522460938,,88.12763977050781,196.29600524902344,351.8800048828125,401.1170959472656,58.484336853027344,,7872.38916015625,737.67724609375,,242.12481689453125,106.21129608154297,,500.07733154296875,220.7096710205078,694.8300170898438,553.4400024414062,,246.4647216796875,42.5,,9.476861953735352,125.30564880371094,34.241268157958984,238.3512420654297,60.112388610839844
2022-04-04,27.135189056396484,,195.95278930664062,,87.67234802246094,195.260498046875,345.42999267578125,407.4305725097656,58.64086151123047,,7926.92333984375,739.0888671875,,242.95404052734375,104.66325378417969,,497.570068359375,220.84385681152344,698.4099731445312,548.0800170898438,,241.39288330078125,42.334999084472656,,9.481414794921875,127.30213165283203,34.633487701416016,241.85482788085938,60.72597885131836
2022-04-05,27.153837203979492,,196.67279052734375,,87.10777282714844,194.5851593017578,344.79998779296875,405.0506896972656,56.234188079833984,,8141.16455078125,737.0972290039062,,247.75035095214844,104.30455780029297,,505.12115478515625,221.61541748046875,691.469970703125,545.0399780273438,,239.44671630859375,41.26499938964844,,9.399481773376465,119.69979095458984,33.89630889892578,240.92623901367188,59.91759490966797
2022-04-06,27.6527156829834,,192.6216278076172,,90.1673812866211,193.3245391845703,344.7099914550781,404.06732177734375,55.07976150512695,,8168.43212890625,741.1287841796875,,253.12149047851562,105.4561538696289,,518.7696533203125,222.14376831054688,708.3599853515625,534.9199829101562,,246.19932556152344,39.474998474121094,,9.322100639343262,117.3591079711914,33.017356872558594,239.4137725830078,56.36266326904297
2022-04-07,28.049020767211914,,194.53201293945312,,90.75926208496094,192.06393432617188,346.510009765625,408.1091613769531,54.600379943847656,,8213.2275390625,734.0324096679688,,250.3982391357422,106.03194427490234,,523.8427124023438,228.0227813720703,721.7999877929688,551.260009765625,,250.2783966064453,40.209999084472656,,9.22196102142334,120.3783950805664,32.86613845825195,240.6295166015625,56.01203918457031
2022-04-08,28.501272201538086,,198.39114379882812,,91.1235122680664,195.35052490234375,353.1000061035156,406.2406311035156,56.44940948486328,,8281.39453125,743.2654418945312,,251.03900146484375,106.16410064697266,,532.6328125,232.09864807128906,738.8400268554688,547.1199951171875,,254.2689666748047,40.525001525878906,,9.499621391296387,117.97869110107422,34.12785720825195,240.46676635742188,56.557456970214844
2022-04-11,28.734394073486328,,196.40399169921875,,92.18891906738281,197.46656799316406,352.0199890136719,398.8846435546875,55.04062271118164,,8189.85546875,726.6652221679688,,248.1178436279297,105.26737213134766,,524.3207397460938,228.46725463867188,722.3699951171875,514.47998046875,,253.76771545410156,40.16999816894531,,9.449551582336426,114.32014465332031,34.10422897338867,239.1553192138672,57.774906158447266
2022-04-12,27.727313995361328,,195.97201538085938,,91.5059585571289,197.37652587890625,349.739990234375,390.7223205566406,54.29710006713867,,7956.13818359375,717.0358276367188,,243.63693237304688,104.38008117675781,,520.6818237304688,225.3139190673828,715.7899780273438,497.239990234375,,256.4314270019531,40.42499923706055,,9.281134605407715,112.66788482666016,33.934112548828125,237.19290161132812,58.84624481201172
2022-04-13,26.785507202148438,,197.2871856689453,,92.1524887084961,195.84576416015625,346.2200012207031,389.7388610839844,55.265647888183594,,7903.5517578125,726.9746704101562,,243.6179962158203,104.26679992675781,,523.8914794921875,225.5403594970703,731.8900146484375,508.6099853515625,,254.21986389160156,40.540000915527344,,9.158236503601074,114.92990112304688,34.28379821777344,239.24147033691406,60.05394744873047
2022-04-14,26.49643898010254,,193.22640991210938,,92.67152404785156,197.28648376464844,344.3299865722656,381.1634826660156,54.05251693725586,,7936.66162109375,710.8385620117188,,242.08328247070312,102.90753173828125,,521.7647094726562,225.63258361816406,733.02001953125,496.7799987792969,,256.4805603027344,41.064998626708984,,9.231064796447754,111.48770141601562,34.458641052246094,236.29307556152344,59.109214782714844
2022-04-18,,,190.57684326171875,,92.01589965820312,,346.6499938964844,384.08416748046875,53.3676872253418,,,706.410400390625,,240.53915405273438,102.02024841308594,,521.042724609375,224.0223846435547,723.2000122070312,486.80999755859375,,255.46817016601562,,,,112.97277069091797,,235.4889678955078,59.52800750732422
2022-04-19,27.037860870361328,,195.7046356201172,,93.40911865234375,196.34100341796875,348.5,388.7947998046875,55.20694351196289,,7751.63525390625,729.1886596679688,,245.14320373535156,104.04025268554688,,524.5744018554688,227.39376831054688,716.219970703125,500.8500061035156,,257.483154296875,41.404998779296875,,9.194650650024414,115.12660217285156,34.491722106933594,238.90643310546875,61.15451431274414
2022-04-20,26.92387580871582,,201.19874572753906,,93.83710479736328,198.36700439453125,348.82000732421875,390.66326904296875,56.674434661865234,,7886.0234375,742.6755981445312,,253.4987335205078,106.66439819335938,,532.6815185546875,233.03794860839844,719.6199951171875,513.3900146484375,,270.45758056640625,41.94499969482422,,9.244719505310059,115.94287872314453,36.50480651855469,238.11187744140625,64.76787567138672
2022-04-21,26.757652282714844,,197.62278747558594,,95.66739654541016,198.36700439453125,343.6000061035156,384.3497619628906,52.702423095703125,,7800.32666015625,732.4853515625,,252.70297241210938,106.74933624267578,,524.3207397460938,231.72125244140625,706.1099853515625,492.5199890136719,,264.83526611328125,42.38999938964844,,9.244719505310059,113.77922058105469,37.05296325683594,240.40933227539062,63.219303131103516
2022-04-22,26.643667221069336,,189.94068908691406,,93.50927734375,197.37652587890625,335.55999755859375,373.3649597167969,50.64794158935547,,7806.169921875,720.6710205078125,,248.10838317871094,101.75594329833984,,508.2235412597656,225.19650268554688,688.0800170898438,473.6400146484375,,207.04019165039062,41.7400016784668,,9.235617637634277,110.93695068359375,36.26852798461914,232.54055786132812,62.07003402709961
2022-04-25,26.69590950012207,,193.14076232910156,,93.36358642578125,191.4786376953125,336.95001220703125,374.89910888671875,51.85128402709961,,7856.8076171875,727.5450439453125,,245.85369873046875,103.34174346923828,,511.4722595214844,221.4896240234375,690.3300170898438,472.2699890136719,,206.90255737304688,41.220001220703125,,9.34030818939209,112.57937622070312,35.50771713256836,232.3874053955078,63.44330978393555
2022-04-26,26.838388442993164,,192.37928771972656,,93.58210754394531,192.06393432617188,330.6499938964844,369.27392578125,49.77723693847656,,7872.38916015625,714.7445068359375,,241.40122985839844,100.79312896728516,,501.2383117675781,209.75682067871094,674.8200073242188,455.55999755859375,,211.26670837402344,40.29999923706055,,9.140028953552246,107.12103271484375,35.465187072753906,225.56204223632812,61.758365631103516
2022-04-27,27.04261016845703,,192.36004638671875,,92.59867858886719,192.06393432617188,329.5799865722656,374.3287048339844,50.55989074707031,,7751.63525390625,694.0740966796875,,239.53497314453125,100.65154266357422,,501.2675476074219,212.21405029296875,673.510009765625,447.17999267578125,,208.60299682617188,40.44499969482422,,9.140028953552246,107.01284790039062,35.63530731201172,228.07009887695312,62.040809631347656
2022-04-28,26.83363914489746,,197.72879028320312,,93.25431060791016,193.00938415527344,331.2699890136719,380.14068603515625,51.44038772583008,,7733.95068359375,731.3446655273438,,238.90023803710938,101.14237976074219,,511.6185607910156,201.83148193359375,675.5800170898438,448.3500061035156,,215.19833374023438,40.790000915527344,,9.185546875,112.73672485351562,35.56441879272461,230.20481872558594,64.80684661865234
2022-04-29,26.681663513183594,,190.5865020751953,,91.05976104736328,194.67520141601562,322.8299865722656,370.25732421875,49.86528015136719,,7777.1787109375,695.2149047851562,,228.32794189453125,98.50881958007812,,496.1359558105469,201.51278686523438,659.1099853515625,430.4800109863281,,210.88336181640625,40.91999816894531,,9.039888381958008,108.52741241455078,36.084224700927734,224.06869506835938,62.83945846557617
2022-05-02,26.724407196044922,,195.80104064941406,,89.75762176513672,193.5946807861328,318.19000244140625,361.2295227050781,51.79258346557617,,,679.078857421875,,224.47222900390625,97.35722351074219,,488.9165344238281,203.8023223876953,652.02001953125,432.4599914550781,,207.2170867919922,,,8.988907814025879,111.10414123535156,,225.3418731689453,64.33934020996094
2022-05-03,27.090103149414062,,194.3455810546875,,90.14006805419922,195.3955535888672,318.989990234375,353.6670837402344,53.11332702636719,,7655.35400390625,697.3804931640625,,228.31846618652344,97.32889556884766,,487.4239501953125,205.7312469482422,660.489990234375,435.9599914550781,,212.60345458984375,40.20000076293945,,8.943390846252441,111.92044067382812,36.25908279418945,228.8837890625,70.075927734375
2022-05-04,26.5866756439209,,199.6758270263672,,91.5697021484375,192.28904724121094,326.79998779296875,358.2793273925781,56.10700225830078,,7360.61474609375,707.8414306640625,,232.70465087890625,99.8963851928711,,495.2286376953125,212.76756286621094,660.8599853515625,411.30999755859375,,220.95819091796875,40.86000061035156,,8.906975746154785,116.84768676757812,35.73926544189453,236.91531372070312,75.87095642089844
2022-05-05,26.501188278198242,,188.84185791015625,,90.85032653808594,189.4532928466797,318.67999267578125,341.1481018066406,54.16012954711914,,7327.2109375,689.7137451171875,,228.76370239257812,98.68814849853516,,482.6435546875,211.2999267578125,639.3699951171875,385.1099853515625,,220.3585968017578,39.959999084472656,,8.87784481048584,111.59588623046875,35.309242248535156,225.89707946777344,75.49110412597656
2022-05-06,26.035755157470703,,185.34303283691406,,90.09454345703125,189.4532928466797,318.8800048828125,340.027099609375,52.38935470581055,,7168.05224609375,689.7620849609375,,231.21730041503906,97.64983367919922,,487.4239501953125,210.91416931152344,623.0499877929688,366.6400146484375,,223.464599609375,38.97999954223633,,8.87784481048584,110.64191436767578,34.95955276489258,225.7439422607422,72.16018676757812
2022-05-09,26.27322006225586,,188.98648071289062,,90.9413833618164,181.77122497558594,312.9599914550781,323.3187255859375,48.77934265136719,,6926.36572265625,632.4784545898438,,218.92083740234375,93.99681091308594,,474.5461730957031,202.3346710205078,599.77001953125,345.0199890136719,,220.27017211914062,36.2599983215332,,8.886948585510254,104.0033950805664,34.28379821777344,223.2550048828125,71.98487854003906
2022-05-10,26.296966552734375,,185.1887969970703,,90.03990173339844,183.72494506835938,312.5299987792969,322.5516662597656,50.05116653442383,,7124.82373046875,609.1396484375,,212.91468811035156,94.68588256835938,,476.097412109375,201.81471252441406,615.0900268554688,340.17999267578125,,220.6534881591797,37.334999084472656,,8.970701217651367,105.40977478027344,33.86322784423828,220.82354736328125,71.36154174804688
2022-05-11,24.933914184570312,,180.986328125,,94.35614013671875,194.56520080566406,311.5400085449219,320.4078063964844,49.06305694580078,,7093.38525390625,603.454833984375,,212.88626098632812,95.00682067871094,,474.2827453613281,200.095458984375,613.0499877929688,333.8999938964844,,205.94915771484375,37.814998626708984,,9.312996864318848,102.20362091064453,34.75162887573242,222.93910217285156,67.01439666748047
2022-05-12,25.4753360748291,,184.77435302734375,,94.12848663330078,188.1065673828125,308.05999755859375,324.1940002441406,47.253150939941406,,7093.38525390625,608.975341796875,,213.6251983642578,95.44103240966797,,467.11212158203125,205.16932678222656,633.9600219726562,347.95001220703125,,210.1461944580078,37.95000076293945,,9.054454803466797,104.99671173095703,34.6901969909668,221.52235412597656,66.9753189086914
2022-05-13,25.513328552246094,,186.99124145507812,,95.09371948242188,188.1065673828125,310.3599853515625,331.2647399902344,50.61470413208008,,7093.38525390625,637.9022827148438,,220.40817260742188,96.91355895996094,,473.551025390625,205.152587890625,645.52001953125,362.17999267578125,,211.24705505371094,38.959999084472656,,9.52364730834961,110.01248168945312,35.413204193115234,223.7240753173828,67.28792572021484
2022-05-16,25.9265193939209,,187.6948699951172,,96.44140625,188.5618133544922,309.2900085449219,329.79949951171875,49.996376037597656,,7020.6826171875,624.9664306640625,,218.09664916992188,97.98963928222656,,477.2778015136719,203.2739715576172,655.010009765625,360.20001220703125,,208.02310180664062,38.46500015258789,,9.508326530456543,108.65528106689453,34.893394470214844,222.9678497314453,66.43804168701172
2022-05-17,25.252117156982422,,187.02017211914062,,96.7965316772461,191.81483459472656,314.6000061035156,333.65447998046875,52.09673309326172,,7195.560546875,628.3568115234375,,220.73025512695312,100.30227661132812,,480.5069885253906,207.77755737304688,667.5599975585938,366.3599853515625,,212.2790985107422,39.34000015258789,,9.493005752563477,114.91020965576172,35.86685562133789,229.34327697753906,69.6031494140625
2022-05-18,24.834177017211914,,177.17906188964844,,96.68726348876953,190.48707580566406,306.6400146484375,324.6463317871094,49.819705963134766,,7099.279296875,619.254150390625,,218.4850616455078,97.76310729980469,,459.8733215332031,204.0228271484375,659.2000122070312,357.3299865722656,,203.26580810546875,38.70000076293945,,9.64716911315918,109.5010757446289,35.3612174987793,224.45164489746094,65.42208099365234
2022-05-19,23.822574615478516,,181.07305908203125,,91.51506805419922,184.7492218017578,304.1499938964844,326.56402587890625,49.5252685546875,,7040.33203125,616.97119140625,,220.9670867919922,96.98907470703125,,466.8682556152344,207.3720245361328,657.1500244140625,364.8299865722656,,199.65853881835938,37.47999954223633,,9.533222198486328,108.91097259521484,34.940650939941406,224.21229553222656,64.15211486816406
2022-05-20,23.703842163085938,,178.01759338378906,,92.1069564819336,185.4889678955078,304.04998779296875,336.742431640625,50.80118179321289,,7142.5078125,633.1947021484375,,231.41627502441406,96.78141784667969,,473.8729553222656,209.156005859375,661.1400146484375,372.2300109863281,,201.2803192138672,37.45500183105469,,9.618443489074707,104.70166015625,35.14857482910156,227.43829345703125,62.42303466796875
2022-05-23,24.02679443359375,,179.521240234375,,93.70960998535156,189.09291076660156,310.20001220703125,344.7080993652344,50.98766326904297,,7175.91162109375,644.599853515625,,236.28558349609375,98.41442108154297,,480.0680236816406,209.95542907714844,681.9099731445312,368.3299865722656,,201.535888671875,38.09000015258789,,9.675894737243652,108.1143569946289,35.42738342285156,227.78292846679688,63.38037872314453
2022-05-24,23.803573608398438,,177.9501190185547,,97.08793640136719,187.65133666992188,309.1700134277344,345.05230712890625,49.0639762878418,,7177.87646484375,652.6435546875,,244.90635681152344,99.66983795166016,,485.4141845703125,209.66090393066406,686.02001953125,362.1600036621094,,201.2606658935547,37.095001220703125,,9.36469554901123,104.82952880859375,35.09186935424805,226.70120239257812,62.09089279174805
2022-05-25,24.07428741455078,,181.73814392089844,,98.86359405517578,187.65133666992188,308.6400146484375,341.89556884765625,49.66267395019531,,7197.52587890625,666.9436645507812,,246.5831756591797,99.62265014648438,,485.9312744140625,208.18826293945312,690.8800048828125,367.8599853515625,,202.6367645263672,37.5099983215332,,9.36469554901123,106.99847412109375,35.85740280151367,226.31829833984375,64.7382583618164
2022-05-26,24.212017059326172,,188.46595764160156,,98.40829467773438,188.5428466796875,312.5,347.475341796875,53.43153762817383,,7260.40380859375,650.88525390625,,241.278076171875,93.86465454101562,,489.97021484375,210.50241088867188,683.4400024414062,384.9200134277344,,208.17051696777344,37.880001068115234,,9.460450172424316,113.4461898803711,36.25435256958008,232.12893676757812,68.00104522705078
2022-05-27,24.454235076904297,,192.4178466796875,,97.40663146972656,188.5428466796875,319.1099853515625,355.5295715332031,55.00190734863281,,7425.45703125,673.8896484375,,247.21786499023438,93.52484893798828,,494.7310485839844,216.9988250732422,692.7999877929688,398.6099853515625,,211.86627197265625,38.099998474121094,,9.460450172424316,117.79395294189453,36.61821365356445,239.94027709960938,68.99746704101562
2022-05-30,24.43523406982422,,,,,188.5428466796875,,,,,7454.93115234375,,,,,,,,,,,,38.94499969482422,,9.460450172424316,,36.797786712646484,,
2022-05-31,24.41623878479004,,188.24429321289062,,96.7509994506836,184.95787048339844,315.9800109863281,344.5277404785156,53.79468536376953,,7272.19287109375,667.4876708984375,,242.64222717285156,94.53484344482422,,484.65325927734375,207.61605834960938,664.739990234375,391.6199951171875,,206.8042755126953,38.505001068115234,,9.081265449523926,115.63485717773438,36.50480651855469,235.64215087890625,67.4637680053711
2022-06-01,24.183521270751953,,184.7936248779297,,96.30480194091797,183.89564514160156,312.2099914550781,327.3052978515625,53.451171875,,7018.71728515625,659.6283569335938,,239.26022338867188,92.29773712158203,,480.5264892578125,206.82501220703125,658.9199829101562,369.6300048828125,,203.41323852539062,37.279998779296875,,9.106162071228027,112.84479522705078,35.91411209106445,233.10536193847656,67.22930908203125
2022-06-02,24.34025001525879,,189.04429626464844,,96.7145767211914,183.89564514160156,314.95001220703125,338.1789855957031,55.30615997314453,,,674.822265625,,248.54417419433594,92.97735595703125,,480.24359130859375,209.3579559326172,630.7000122070312,386.3399963378906,,207.57093811035156,37.744998931884766,,9.106162071228027,115.67430114746094,35.91411209106445,242.04629516601562,70.18927764892578
2022-06-03,24.335500717163086,,188.3888397216797,,96.08627319335938,185.10960388183594,310.94000244140625,331.1697082519531,54.29523849487305,,,659.0844116210938,,252.6840057373047,90.12669372558594,,473.75592041015625,205.03262329101562,630.3499755859375,372.6300048828125,,204.04229736328125,37.7599983215332,,9.106162071228027,113.33773040771484,35.91411209106445,241.49107360839844,70.3651123046875
2022-06-06,24.62995719909668,,189.6611785888672,,96.86028289794922,188.06863403320312,312.1499938964844,333.8412780761719,55.46318817138672,,7199.49072265625,672.6072387695312,,253.2808380126953,90.13611602783203,,478.21435546875,203.62733459472656,609.030029296875,372.2200012207031,,201.3196258544922,38.70500183105469,,9.2363862991333,113.3771743774414,36.75998306274414,246.44973754882812,72.4849624633789
2022-06-07,24.411487579345703,,188.5816192626953,,96.77832794189453,186.03904724121094,313.6499938964844,339.5788269042969,55.895050048828125,,7001.033203125,671.8203735351562,,252.13455200195312,91.06117248535156,,484.9654541015625,206.58099365234375,613.97998046875,376.7900085449219,,203.97349548339844,38.30500030517578,,9.257452011108398,114.0377197265625,36.45281982421875,249.64700317382812,71.420166015625
2022-06-08,24.3592472076416,,185.49725341796875,,94.28328704833984,181.6953582763672,308.739990234375,333.890625,53.83394241333008,,6973.5244140625,649.5833740234375,,250.53358459472656,90.65528869628906,,481.4825744628906,199.73956298828125,607.760009765625,371.9700012207031,,202.21408081054688,36.900001525878906,,9.234471321105957,110.8730239868164,35.73926544189453,241.59637451171875,68.84117889404297
2022-06-09,24.083786010742188,,187.26112365722656,,92.59867858886719,179.60887145996094,300.79998779296875,331.66259765625,52.18506622314453,,6985.31396484375,639.6355590820312,,246.4979248046875,87.97453308105469,,477.482666015625,193.36936950683594,575.47998046875,359.70001220703125,,197.82046508789062,35.78499984741211,,9.167444229125977,105.72666931152344,35.521888732910156,242.7833709716797,66.45758056640625
2022-06-10,24.13128089904785,,179.59832763671875,,93.18147277832031,173.08384704589844,291.7099914550781,328.0446472167969,50.10433578491211,,6928.3310546875,630.6494140625,,237.79185485839844,87.54031372070312,,472.7998962402344,188.97674560546875,571.8099975585938,345.8900146484375,,193.35806274414062,34.814998626708984,,9.11765193939209,100.44231414794922,33.33869171142578,237.59495544433594,63.19477462768555
2022-06-13,24.079036712646484,,174.7115020751953,,89.6938705444336,172.64756774902344,281.55999755859375,317.7919921875,45.89380645751953,,6745.5927734375,598.6978149414062,,227.3900604248047,85.1144027709961,,458.23431396484375,182.16055297851562,549.2999877929688,336.20001220703125,,182.59521484375,34.23500061035156,,8.929975509643555,94.96076965332031,32.14312744140625,232.32041931152344,59.11138916015625
2022-06-14,23.936559677124023,,171.511474609375,,90.12186431884766,172.66653442382812,277.6400146484375,312.9318542480469,46.227508544921875,,6619.83740234375,600.8642578125,,222.1417999267578,83.51914978027344,,450.47833251953125,179.96420288085938,548.3499755859375,328.989990234375,,176.2161102294922,34.58000183105469,,8.703996658325195,95.25654602050781,32.1336784362793,228.9986572265625,59.121158599853516
2022-06-15,24.13128089904785,,172.54281616210938,,89.4298095703125,176.87745666503906,278.92999267578125,316.7864074707031,47.788055419921875,,6963.69970703125,622.9553833007812,,228.68792724609375,84.34038543701172,,452.995361328125,184.2559051513672,561.1900024414062,333.94000244140625,,179.14451599121094,35.32500076293945,,8.71357250213623,96.04524993896484,32.332149505615234,229.065673828125,58.40802764892578
2022-06-16,24.112281799316406,,165.41014099121094,,89.48443603515625,174.03224182128906,268.55999755859375,311.55169677734375,44.225303649902344,,7126.78857421875,600.7864379882812,,223.17010498046875,82.49971008300781,,446.5433044433594,183.56585693359375,556.75,327.3699951171875,,169.1564178466797,34.44499969482422,,8.135220527648926,88.32574462890625,32.081695556640625,225.0546875,52.79093933105469
2022-06-17,23.760831832885742,,166.23907470703125,,89.19304656982422,173.975341796875,268.0799865722656,315.39642333984375,44.34307098388672,,7004.96337890625,614.7561645507812,,225.06655883789062,83.27372741699219,,442.5976867675781,190.36520385742188,580.9500122070312,328.04998779296875,,170.67486572265625,35.224998474121094,,8.349708557128906,88.5623550415039,32.124229431152344,225.88751220703125,52.91792678833008
2022-06-20,23.89381217956543,,,,,176.51705932617188,,,,,6953.875,,,,,,,,,,,,34.875,,8.39758586883545,,31.10350799560547,,
2022-06-21,23.827322006225586,,166.15232849121094,,91.15082550048828,175.58763122558594,271.7699890136719,315.4851379394531,45.511024475097656,,7040.33203125,621.9158935546875,,235.24444580078125,83.73627471923828,,470.26617431640625,193.1590118408203,587.6699829101562,332.0299987792969,,171.4340362548828,35.244998931884766,,8.357368469238281,93.82699584960938,30.99481964111328,230.71217346191406,53.4063720703125
2022-06-22,23.2384090423584,,167.3282470703125,,90.31309509277344,174.35470581054688,269.7900085449219,320.56219482421875,44.97121810913086,,7209.3154296875,639.178955078125,,240.16184997558594,84.2459945678711,,479.43023681640625,196.28941345214844,586.8400268554688,333.1099853515625,,174.11595153808594,35.404998779296875,,8.474188804626465,92.61436462402344,30.493915557861328,230.70260620117188,52.234107971191406
2022-06-23,22.991443634033203,,169.95965576171875,,92.48941040039062,169.76441955566406,267.5199890136719,329.0107421875,45.53065872192383,,7333.10546875,658.093505859375,,246.1656494140625,84.34110260009766,,489.34820556640625,201.64137268066406,607.3900146484375,355.6199951171875,,174.95407104492188,35.0,,8.374605178833008,91.96368408203125,30.5789737701416,231.71731567382812,50.55386734008789
2022-06-24,23.665847778320312,,176.2344207763672,,94.15580749511719,171.8509063720703,278.2799987792969,336.8185119628906,47.67028045654297,,7466.720703125,669.50830078125,,249.34860229492188,85.81543731689453,,485.2655334472656,204.11538696289062,612.489990234375,361.4800109863281,,179.7755584716797,35.904998779296875,,8.236720085144043,95.98609924316406,31.216922760009766,241.30918884277344,51.354915618896484
2022-06-27,23.72758674621582,,177.5645751953125,,93.52749633789062,171.69915771484375,278.3999938964844,335.6453552246094,47.57213592529297,,7529.59814453125,666.0109252929688,,247.13766479492188,86.05323028564453,,495.07574462890625,203.06350708007812,602.4000244140625,359.0299987792969,,177.3007049560547,36.51499938964844,,8.152456283569336,96.23257446289062,31.29253387451172,235.66127014160156,51.63821029663086
2022-06-28,23.927059173583984,,168.40780639648438,,93.28162384033203,173.65289306640625,273.8599853515625,327.9855041503906,47.66047286987305,,7612.12548828125,650.0108642578125,,241.03860473632812,84.84523010253906,,497.7975769042969,198.56146240234375,594.4199829101562,349.2099914550781,,173.35675048828125,36.07500076293945,,8.244379043579102,93.67911529541016,30.999547958374023,232.14808654785156,50.06542205810547
2022-06-29,23.71333885192871,,169.73794555664062,,91.85198974609375,174.2408905029297,273.489990234375,330.0064392089844,46.47287368774414,,7564.96728515625,630.9700317382812,,241.25778198242188,86.00567626953125,,504.9153747558594,201.96115112304688,597.6199951171875,358.2200012207031,,173.20883178710938,35.88999938964844,,8.012656211853027,90.64258575439453,30.914487838745117,232.74160766601562,50.710166931152344
2022-06-30,23.613605499267578,,168.35958862304688,,91.04059600830078,172.72344970703125,273.0199890136719,332.28369140625,45.432518005371094,,7498.1591796875,638.275634765625,,243.57354736328125,85.36837005615234,,502.8789367675781,197.2150421142578,591.1300048828125,350.7300109863281,,165.7054443359375,35.7400016784668,,7.667943954467773,89.69612884521484,31.188568115234375,231.7489776611328,51.198612213134766
2022-07-01,23.89381217956543,,170.95240783691406,,91.94418334960938,172.60963439941406,277.5,338.46484375,45.86436462402344,,7425.45703125,653.8287963867188,,246.2514190673828,86.91879272460938,,506.570068359375,202.75218200683594,595.4000244140625,358.44000244140625,,172.60739135742188,35.849998474121094,,7.853704929351807,85.05259704589844,31.226375579833984,233.93655395507812,53.318458557128906
2022-07-04,24.045791625976562,,,,,173.57701110839844,,,,,7572.82666015625,,,,,,,,,,,,35.650001525878906,,7.82306432723999,,31.188568115234375,,
2022-07-05,23.870065689086914,,173.38136291503906,,90.43207550048828,166.17945861816406,275.69000244140625,339.4408264160156,46.76731872558594,,7299.7021484375,648.1262817382812,,243.90708923339844,86.07225036621094,,494.66455078125,201.95274353027344,596.5599975585938,366.8699951171875,,170.16212463378906,35.345001220703125,,7.579850196838379,84.7863998413086,30.28598976135254,231.2574920654297,53.123085021972656
2022-07-06,24.530221939086914,,172.59100341796875,,87.59223175048828,166.44500732421875,275.6499938964844,344.0741882324219,46.46306610107422,,7533.5283203125,643.6282958984375,,246.0894317626953,85.24473571777344,,504.504150390625,205.22618103027344,594.9000244140625,375.2200012207031,,163.6644744873047,35.334999084472656,,7.524312973022461,85.33850860595703,31.14131736755371,228.60733032226562,53.279380798339844
2022-07-07,24.515972137451172,,175.0102996826172,,87.58301544189453,169.25228881835938,279.2799987792969,346.8443908691406,47.788055419921875,,7449.03662109375,641.8894653320312,,245.08877563476562,85.13057708740234,,503.6131896972656,205.6553497314453,607.4500122070312,382.5199890136719,,172.21298217773438,36.31999969482422,,7.690923690795898,89.46937561035156,31.76508331298828,227.2581787109375,55.34061050415039
2022-07-08,25.066892623901367,,175.0681610107422,,86.56878662109375,170.97837829589844,280.8299865722656,347.4851989746094,46.66917419433594,,7478.51025390625,631.9609375,,243.0207977294922,85.11156463623047,,507.7742919921875,205.27667236328125,621.5700073242188,378.45001220703125,,170.18185424804688,36.35499954223633,,7.836469650268555,89.90316772460938,32.52589797973633,223.77923583984375,55.36014175415039
2022-07-11,24.948162078857422,,173.6030731201172,,85.96025848388672,169.08157348632812,278.510009765625,346.6274719238281,46.39435958862305,,7527.63330078125,628.8425903320312,,245.86070251464844,84.607421875,,506.1294250488281,204.17431640625,614.4600219726562,369.6600036621094,,167.01681518554688,35.775001525878906,,7.7675275802612305,87.36943817138672,32.30379867553711,225.5909881591797,55.594600677490234
2022-07-12,25.047897338867188,,174.4608917236328,,86.4858169555664,169.08157348632812,277.2799987792969,341.14630126953125,45.805477142333984,,7594.44091796875,610.3262939453125,,243.47825622558594,84.3601303100586,,503.65234375,201.88540649414062,610.0900268554688,362.4599914550781,,167.7267608642578,36.04999923706055,,7.7675275802612305,87.47789001464844,32.65348815917969,223.50941467285156,56.053733825683594
2022-07-13,24.62995719909668,,175.78140258789062,,83.58143615722656,166.90023803710938,277.4700012207031,337.1734313964844,45.314735412597656,,7539.4228515625,608.0336303710938,,243.88800048828125,83.61820983886719,,490.7482604980469,202.20518493652344,602.02001953125,363.3299865722656,,166.9379425048828,35.93000030517578,,7.7100749015808105,87.82294464111328,32.11004638671875,219.7124481201172,56.28818893432617
2022-07-14,24.34025001525879,,176.06094360351562,,82.63174438476562,161.171875,274.4100036621094,340.27880859375,44.98103332519531,,7492.26513671875,594.471923828125,,244.45028686523438,83.23773193359375,,491.913330078125,202.2725067138672,598.8599853515625,366.05999755859375,,165.14346313476562,35.57500076293945,,7.604745864868164,90.37638092041016,31.92575454711914,213.920654296875,55.64344024658203
2022-07-15,24.639455795288086,,178.31640625,,83.14807891845703,164.07400512695312,278.4800109863281,344.49810791015625,47.34638977050781,,7417.59765625,602.0687866210938,,245.10787963867188,84.76913452148438,,518.6614990234375,205.75633239746094,607.5399780273438,370.1400146484375,,169.20571899414062,36.31999969482422,,7.706244945526123,93.13687896728516,32.242366790771484,217.0237579345703,56.47380065917969
2022-07-18,24.758188247680664,,179.07785034179688,,82.53032684326172,164.71890258789062,276.260009765625,340.4660949707031,47.80768585205078,,7515.84423828125,597.4251708984375,,237.5316162109375,83.60869598388672,,508.4988098144531,202.70166015625,586.7000122070312,360.6000061035156,,169.2845916748047,36.685001373291016,,7.708159923553467,91.82564544677734,32.55897903442383,215.4432830810547,56.29795455932617
2022-07-19,24.85792350769043,,182.9940185546875,,84.30060577392578,166.65365600585938,283.54998779296875,352.0791320800781,49.84915542602539,,7553.17724609375,619.19580078125,,245.06973266601562,85.9200668334961,,522.2841186523438,206.9596710205078,595.72998046875,377.1000061035156,,175.6836700439453,37.584999084472656,,8.037551879882812,96.84382629394531,33.343414306640625,221.6494903564453,58.46664047241211
2022-07-20,24.81043243408203,,185.17507934570312,,82.82538604736328,166.10357666015625,286.0400085449219,353.51849365234375,50.65397262573242,,7659.283203125,619.19580078125,,237.9985809326172,84.8737564086914,,508.5966796875,206.40426635742188,594.5900268554688,383.80999755859375,,176.3048553466797,38.290000915527344,,8.070108413696289,100.78739166259766,32.88976287841797,223.22030639648438,59.775672912597656
2022-07-21,25.05739402770996,,187.62753295898438,,86.29217529296875,165.38279724121094,286.8500061035156,356.49566650390625,51.4784049987793,,7755.56494140625,631.640380859375,,243.39247131347656,85.85347747802734,,511.524169921875,209.6104278564453,592.4400024414062,398.3500061035156,,178.7698211669922,38.415000915527344,,7.771357536315918,102.3746566772461,33.003177642822266,226.0728302001953,60.16642761230469
2022-07-22,25.12863540649414,,189.58563232421875,,88.44971466064453,165.13619995117188,285.92999267578125,356.8111267089844,50.379154205322266,,7714.30126953125,635.1279907226562,,247.39503479003906,86.29102325439453,,510.49603271484375,207.29627990722656,586.1099853515625,393.510009765625,,199.1995391845703,37.974998474121094,,8.096920013427734,100.23527526855469,33.33869171142578,226.04391479492188,60.15666198730469
2022-07-25,25.35660171508789,,188.8295135498047,,88.36672973632812,165.4207305908203,287.989990234375,349.0132751464844,51.17415237426758,,7675.0029296875,630.9505004882812,,245.2412567138672,86.3195571899414,,518.38720703125,207.7591094970703,587.280029296875,375.55999755859375,,195.84719848632812,37.755001068115234,,8.072023391723633,99.57473754882812,33.32451248168945,226.6703338623047,59.89289855957031
2022-07-26,25.10013771057129,,182.81954956054688,,89.0029296875,164.68096923828125,285.30999755859375,351.07366943359375,50.153411865234375,,7692.6875,623.392578125,,246.80418395996094,87.41341400146484,,520.4630737304688,207.7843475341797,582.5599975585938,377.0,,201.08279418945312,36.970001220703125,,8.0413818359375,97.51422119140625,33.05988311767578,226.1113739013672,58.945316314697266
2022-07-27,25.047897338867188,,184.09909057617188,,89.39939880371094,164.85169982910156,290.29998779296875,355.80560302734375,51.65507507324219,,7730.02099609375,633.602783203125,,246.13706970214844,88.6689682006836,,523.4197387695312,209.93020629882812,587.9099731445312,385.9599914550781,,201.79269409179688,36.92499923706055,,8.13713550567627,102.0000228881836,33.76871871948242,229.25303649902344,60.137115478515625
2022-07-28,25.290111541748047,,184.95213317871094,,89.59303283691406,164.4344024658203,293.8999938964844,369.28192138671875,54.41301345825195,,7769.3193359375,691.0166625976562,,256.2577819824219,88.90676879882812,,530.15576171875,212.3789825439453,582.3699951171875,398.55999755859375,,206.84095764160156,37.68000030517578,,8.17160701751709,103.67604064941406,34.770530700683594,235.36282348632812,61.45591735839844
2022-07-29,25.537076950073242,,185.65975952148438,,89.57460021972656,168.17111206054688,300.6000061035156,371.5887451171875,54.432640075683594,,7857.7412109375,683.66259765625,,258.0970458984375,88.00314331054688,,530.9879760742188,220.63414001464844,581.6900024414062,399.17999267578125,,209.4439697265625,38.900001525878906,,8.39758586883545,104.48446655273438,35.37067413330078,239.21759033203125,62.15927505493164
2022-08-01,25.65580940246582,,188.1412811279297,,90.8008804321289,169.08157348632812,295.8599853515625,370.750732421875,54.50135040283203,,7847.91650390625,674.6182250976562,,255.99093627929688,88.53579711914062,,524.1736450195312,217.0577392578125,576.6799926757812,398.1300048828125,,207.95513916015625,39.380001068115234,,8.374605178833008,104.8985366821289,35.124942779541016,238.27317810058594,63.439002990722656
2022-08-02,25.750797271728516,,182.18948364257812,,90.95762634277344,167.14683532714844,292.1700134277344,364.5400695800781,51.272300720214844,,7863.6357421875,669.0614624023438,,254.0945281982422,88.65945434570312,,524.2520141601562,212.47152709960938,574.9600219726562,398.92999267578125,,208.5072784423828,38.849998474121094,,8.529725074768066,103.5084228515625,34.59568405151367,235.25680541992188,60.80140686035156
2022-08-03,25.4705867767334,,189.43052673339844,,91.10514831542969,169.9351348876953,294.9599914550781,362.9429931640625,52.30284881591797,,7977.6015625,676.298828125,,256.1910400390625,89.19212341308594,,529.3334350585938,212.71556091308594,608.77001953125,406.8699951171875,,213.43722534179688,39.529998779296875,,8.39758586883545,107.4717025756836,35.24781036376953,236.7891082763672,60.46926498413086
2022-08-04,25.24736976623535,,191.1171875,,90.3582992553711,170.20069885253906,292.9100036621094,372.54498291015625,52.25377655029297,,8001.18017578125,677.114990234375,,258.5163269042969,88.65945434570312,,522.5777587890625,212.38739013671875,614.9600219726562,405.0199890136719,,209.73977661132812,39.935001373291016,,8.41865062713623,109.49276733398438,35.91411209106445,248.37269592285156,60.36180114746094
2022-08-05,25.09539031982422,,192.97836303710938,,89.98949432373047,167.52618408203125,292.07000732421875,371.31268310546875,51.44895935058594,,8132.8310546875,677.6103515625,,259.3930969238281,88.72603607177734,,523.8603515625,214.30604553222656,613.6099853515625,407.7799987792969,,209.82852172851562,41.755001068115234,,8.422480583190918,108.0730972290039,35.6258544921875,253.1044464111328,59.961280822753906
2022-08-08,25.047897338867188,,195.6537628173828,,90.02637481689453,168.66427612304688,292.3399963378906,372.7618408203125,51.83174133300781,,8160.34033203125,677.1343383789062,,260.1650085449219,89.01139831542969,,525.3681030273438,215.2653350830078,630.6300048828125,407.0,,208.37908935546875,40.619998931884766,,8.650375366210938,106.30836486816406,35.88575744628906,252.26597595214844,61.18238830566406
2022-08-09,24.90066909790039,,189.21725463867188,,89.77743530273438,169.3471221923828,292.7699890136719,371.7464599609375,50.79137420654297,,8185.8837890625,677.8435668945312,,263.1955261230469,88.55482482910156,,526.0142822265625,212.77447509765625,622.1500244140625,388.6000061035156,,207.12692260742188,39.779998779296875,,8.774853706359863,98.25364685058594,35.60694885253906,249.36532592773438,56.21003723144531
2022-08-10,26.786148071289062,,195.2563018798828,,90.4781723022461,169.29022216796875,295.1099853515625,387.62823486328125,54.47190856933594,,8134.79541015625,689.2194213867188,,264.72979736328125,89.57259368896484,,526.4646606445312,218.04229736328125,641.489990234375,400.2900085449219,,213.68373107910156,40.494998931884766,,8.569941520690918,103.56758880615234,36.14093780517578,255.98587036132812,56.14165496826172
2022-08-11,26.515438079833984,,195.9833221435547,,91.71368408203125,169.76441955566406,296.4700012207031,380.69781494140625,55.61041259765625,,8156.40966796875,669.6443481445312,,261.07037353515625,89.44893646240234,,521.7064208984375,217.73094177246094,623.9000244140625,396.67999267578125,,213.4865264892578,40.56999969482422,,8.828476905822754,104.04080963134766,35.84795379638672,255.1956024169922,58.11497116088867
2022-08-12,26.177413940429688,,200.141845703125,,91.50161743164062,171.7371063232422,301.54998779296875,386.3663330078125,56.21567916870117,,8040.4794921875,684.4592895507812,,264.66314697265625,90.19085693359375,,532.3195190429688,218.30316162109375,628.7100219726562,396.42999267578125,,215.82333374023438,40.0099983215332,,9.008492469787598,108.82237243652344,36.150390625,261.0452575683594,59.6389045715332
2022-08-15,26.660303115844727,,201.66372680664062,,93.1243896484375,169.55577087402344,302.82000732421875,385.5480041503906,56.60934829711914,,8291.990234375,694.3973388671875,,268.284423828125,90.55229949951172,,533.2398071289062,218.91744995117188,643.2899780273438,390.8500061035156,,213.66400146484375,40.334999084472656,,8.968276977539062,108.2308349609375,36.56623458862305,264.1579895019531,58.34941101074219
2022-08-16,26.8148250579834,,207.55738830566406,,93.78824615478516,170.6559295654297,306.6499938964844,383.260986328125,56.29441452026367,,8225.1826171875,694.7388305664062,,265.3587646484375,90.65694427490234,,534.6888427734375,218.07595825195312,648.7000122070312,382.239990234375,,209.8876495361328,40.80500030517578,,9.104247093200684,106.95904541015625,36.94427490234375,263.60870361328125,59.78544235229492
2022-08-17,27.143190383911133,,208.76905822753906,,93.28112030029297,168.37974548339844,304.260009765625,382.2357177734375,55.64486312866211,,8286.0947265625,689.7237548828125,,264.41534423828125,90.2764663696289,,533.5922241210938,213.8447265625,636.3400268554688,374.010009765625,,206.06204223632812,40.0099983215332,,8.839966773986816,104.5041732788086,36.36776351928711,258.26983642578125,57.922664642333984
2022-08-18,27.143190383911133,,209.83535766601562,,92.66336822509766,169.30918884277344,304.2699890136719,381.8906555175781,54.94610595703125,,8414.0009765625,684.3768310546875,,262.5379638671875,90.5903549194336,,533.8077392578125,211.413330078125,624.8300170898438,374.75,,212.0272674560547,39.959999084472656,,8.77293872833252,106.74213409423828,36.73162841796875,257.8843688964844,59.53053665161133
2022-08-19,27.331518173217773,,204.88197326660156,,92.32221221923828,166.9381866455078,297.2799987792969,374.536376953125,53.2336540222168,,8441.6142578125,679.859375,,261.5087585449219,90.36207580566406,,536.8427734375,210.47621154785156,618.3599853515625,373.739990234375,,212.01739501953125,39.45000076293945,,8.803580284118652,103.15351867675781,36.292152404785156,254.12594604492188,57.030487060546875
2022-08-22,27.346006393432617,,203.553955078125,,90.62569427490234,164.54820251464844,288.69000244140625,371.1155700683594,52.082176208496094,,8463.310546875,658.9403686523438,,257.0677795410156,88.54531860351562,,533.17138671875,205.56277465820312,612.0999755859375,358.3999938964844,,209.41439819335938,38.05500030517578,,8.541215896606445,99.38740539550781,35.720359802246094,251.43724060058594,56.0402717590332
2022-08-23,27.143190383911133,,201.1112060546875,,90.17390441894531,164.64305114746094,289.6499938964844,367.5172424316406,51.99360275268555,,8218.7392578125,651.5543212890625,,252.76031494140625,85.81543731689453,,524.5848388671875,201.64553833007812,602.530029296875,356.9100036621094,,207.3043670654297,37.51499938964844,,8.569941520690918,100.49160766601562,35.814876556396484,251.83236694335938,56.47165298461914
2022-08-24,27.017641067504883,,202.02239990234375,,90.02637481689453,163.80844116210938,293.5199890136719,370.385986328125,52.31837844848633,,8283.8271484375,655.1546630859375,,252.04559326171875,84.92132568359375,,525.2310791015625,196.53790283203125,602.7899780273438,360.54998779296875,,207.47198486328125,37.38999938964844,,8.340133666992188,100.3038101196289,34.940650939941406,253.1815185546875,55.88340759277344
2022-08-25,26.99349594116211,,204.49423217773438,,90.53350067138672,164.3395538330078,298.1300048828125,375.08917236328125,53.55842971801758,,8293.6884765625,672.7757568359375,,255.6287841796875,87.64169311523438,,530.2340698242188,200.13433837890625,603.7999877929688,371.2099914550781,,210.5679931640625,37.834999084472656,,8.305662155151367,103.78301239013672,36.25435256958008,256.91107177734375,57.39323806762695
2022-08-26,26.57821273803711,,194.82981872558594,,89.02137756347656,161.7788543701172,289.9599914550781,359.7148742675781,50.812599182128906,,8153.65234375,654.4423217773438,,248.91024780273438,85.06401062011719,,518.1719360351562,193.46490478515625,596.1799926757812,349.8999938964844,,202.1082000732422,36.869998931884766,,8.150541305541992,97.65487670898438,35.800697326660156,252.70928955078125,54.81475830078125
2022-08-29,26.544410705566406,,194.90736389160156,,88.73554992675781,160.6787109375,287.45001220703125,356.6914367675781,50.34020233154297,,,643.3096313476562,,247.50936889648438,84.56940460205078,,518.6810913085938,193.8954315185547,592.77001953125,349.04998779296875,,201.2208251953125,36.41999816894531,,8.215653419494629,95.42107391357422,35.800697326660156,251.23486328125,54.60887145996094
2022-08-30,26.3995418548584,,191.17535400390625,,88.04402923583984,161.36155700683594,285.4200134277344,351.31634521484375,49.897315979003906,,8062.9248046875,639.9532470703125,,241.4864959716797,82.99041748046875,,511.8961486816406,192.4940185546875,588.3900146484375,348.8399963378906,,198.95301818847656,36.93000030517578,,8.248209953308105,93.42448425292969,35.12022018432617,246.5609588623047,53.72650146484375
2022-08-31,26.462318420410156,,188.1897430419922,,88.04402923583984,159.88204956054688,280.79998779296875,347.9766845703125,49.75954055786133,,7989.9482421875,641.397216796875,,242.10594177246094,83.62772369384766,,508.4596862792969,190.18081665039062,581.0599975585938,347.6199951171875,,195.09780883789062,36.39500045776367,,8.148626327514648,92.97970581054688,34.77525329589844,243.28440856933594,53.16766357421875
2022-09-01,26.414030075073242,,189.7600860595703,,88.95683288574219,157.64381408691406,282.42999267578125,347.7691955566406,49.33634948730469,,7818.35498046875,637.4260864257812,,245.52716064453125,84.20793914794922,,513.0319213867188,191.7173309326172,600.6300048828125,349.92999267578125,,196.65567016601562,35.630001068115234,,8.15437126159668,90.74588775634766,33.79706954956055,240.92333984375,52.41274642944336
2022-09-02,26.558895111083984,,189.5177459716797,,87.15888977050781,163.46702575683594,277.6700134277344,343.4809875488281,48.47028350830078,,7895.27587890625,615.8240356445312,,239.056396484375,82.94287109375,,505.54193115234375,190.57760620117188,580.6199951171875,343.8299865722656,,197.2275390625,36.599998474121094,,8.466527938842773,90.1824951171875,34.84613800048828,237.57933044433594,52.23627471923828
2022-09-05,26.21121597290039,,,,,160.03379821777344,,,,,7845.96728515625,,,,,,,,,,,,35.61000061035156,,8.55079174041748,,33.70255661010742,,
2022-09-06,26.365739822387695,,187.04592895507812,,86.76242065429688,160.4131622314453,276.5899963378906,352.53167724609375,47.751834869384766,,7857.8017578125,616.487548828125,,242.22982788085938,81.99169158935547,,506.8441467285156,190.8815460205078,573.969970703125,341.7300109863281,,197.89804077148438,35.790000915527344,,8.49716854095459,89.2435073852539,33.86322784423828,237.23239135742188,52.05979919433594
2022-09-07,26.471975326538086,,195.13031005859375,,87.23265075683594,157.77659606933594,281.0400085449219,359.1911926269531,48.64742660522461,,7834.1337890625,631.474365234375,,247.29974365234375,82.85726165771484,,510.7603454589844,195.81185913085938,596.4400024414062,354.67999267578125,,209.1876220703125,35.69499969482422,,8.587177276611328,90.8743896484375,34.061702728271484,244.56610107421875,52.32451248168945
2022-09-08,26.58786964416504,,198.1159210205078,,88.16389465332031,158.9146728515625,283.3399963378906,362.6790771484375,49.27729415893555,,7893.3037109375,635.08447265625,,249.36773681640625,83.59918975830078,,516.4683837890625,201.15586853027344,708.8499755859375,364.95001220703125,,213.18087768554688,35.3650016784668,,8.51632022857666,92.70294952392578,34.2805290222168,244.6143035888672,52.57942199707031
2022-09-09,26.945205688476562,,199.3469696044922,,89.49160766601562,159.91998291015625,285.7699890136719,365.0109558105469,50.68465805053711,,7893.3037109375,641.9046630859375,,249.29144287109375,85.34934997558594,,514.9756469726562,201.19808959960938,724.3200073242188,374.1300048828125,,216.62197875976562,36.310001373291016,,8.702081680297852,95.39141845703125,34.85139465332031,247.6402587890625,54.50102615356445
2022-09-12,27.461898803710938,,200.07400512695312,,90.0448226928711,167.29856872558594,288.510009765625,367.06610107421875,51.845977783203125,,7986.00390625,649.3004150390625,,252.6269073486328,87.56559753417969,,521.7620849609375,203.68856811523438,710.739990234375,376.5899963378906,,219.2447052001953,37.51499938964844,,8.771023750305176,95.18385314941406,35.67914962768555,253.93321228027344,55.001033782958984
2022-09-13,27.70334243774414,,187.6953887939453,,86.68864440917969,165.47763061523438,278.2900085449219,352.2550048828125,49.20840072631836,,7893.3037109375,620.8099975585938,,242.65869140625,85.91055297851562,,504.7809143066406,192.8485870361328,701.3900146484375,350.42999267578125,,209.0692901611328,36.84000015258789,,8.74038314819336,89.34234619140625,34.822853088378906,246.7825927734375,51.93234634399414
2022-09-14,26.945205688476562,,186.49339294433594,,86.39360046386719,163.23939514160156,278.4200134277344,346.9688415527344,49.34618377685547,,7790.7421875,611.4529418945312,,239.9807891845703,86.19590759277344,,500.665771484375,188.2306365966797,697.6199951171875,350.4700012207031,,205.83523559570312,36.064998626708984,,8.546960830688477,89.58946228027344,33.68587875366211,245.915283203125,52.108821868896484
2022-09-15,26.70376205444336,,185.18475341796875,,86.70709991455078,164.56716918945312,276.70001220703125,342.9178161621094,48.854103088378906,,7694.09716796875,601.3447265625,,233.53860473632812,86.19590759277344,,513.571044921875,189.2099609375,705.8499755859375,349.8399963378906,,206.5965118408203,35.77000045776367,,8.338218688964844,87.88938903808594,33.885684967041016,239.44888305664062,52.069610595703125
2022-09-16,26.69893455505371,,185.93113708496094,,88.10856628417969,165.1741485595703,274.80999755859375,341.93963623046875,47.751834869384766,,7678.318359375,609.56982421875,,234.32957458496094,85.8439712524414,,511.7148132324219,189.10018920898438,710.2999877929688,342.55999755859375,,207.28854370117188,33.415000915527344,,8.232889175415039,87.83997344970703,33.48131561279297,238.37921142578125,51.49116897583008
2022-09-19,26.6409854888916,,189.12033081054688,,88.44049072265625,165.11724853515625,278.95001220703125,340.5760803222656,48.726158142089844,,,610.75048828125,,235.86387634277344,85.30179595947266,,514.1996459960938,188.72874450683594,715.3400268554688,339.6700134277344,,206.02308654785156,33.56999969482422,,8.177351951599121,88.68012237548828,33.8048095703125,240.3258819580078,53.55002975463867
2022-09-20,26.27399253845215,,184.57408142089844,,88.52348327636719,162.99281311035156,277.1300048828125,335.2998046875,46.92513656616211,,7443.6103515625,601.520263671875,,226.71522521972656,84.141357421875,,513.4630126953125,185.90899658203125,704.219970703125,338.0,,199.46839904785156,33.11000061035156,,7.893922328948975,87.0986557006836,32.56793212890625,235.99887084960938,51.41273498535156
2022-09-21,26.196727752685547,,182.58689880371094,,88.90151977539062,162.97384643554688,270.739990234375,330.8831481933594,45.389835357666016,,7621.12060546875,605.1304321289062,,223.1415252685547,81.54463195800781,,502.93450927734375,180.1597442626953,684.6300048828125,333.4800109863281,,196.58155822753906,32.48500061035156,,8.039466857910156,86.08059692382812,33.233943939208984,232.6934051513672,51.67744064331055
2022-09-22,26.37057113647461,,182.354248046875,,88.32062530517578,163.33424377441406,268.510009765625,318.5224609375,44.395816802978516,,7364.716796875,594.4561767578125,,221.83595275878906,80.11604309082031,,508.21844482421875,179.8473663330078,688.260009765625,326.0799865722656,,191.85585021972656,31.405000686645508,,8.020317077636719,84.05435180664062,32.33007049560547,229.86013793945312,49.92251205444336
2022-09-23,25.868366241455078,,182.3639373779297,,84.6325454711914,160.03379821777344,267.7699890136719,314.0662536621094,43.195133209228516,,7364.716796875,578.7180786132812,,218.05259704589844,79.25314331054688,,504.4371643066406,178.69078063964844,697.3300170898438,334.20001220703125,,189.32492065429688,30.170000076293945,,7.851789951324463,83.31305694580078,31.354843139648438,228.46279907226562,48.7067985534668
2022-09-26,25.723499298095703,,180.31863403320312,,83.13886260986328,157.18858337402344,264.32000732421875,311.6653137207031,42.968780517578125,,7385.57568359375,567.4585571289062,,210.96238708496094,77.97795104980469,,499.28094482421875,177.65235900878906,686.0999755859375,331.2200012207031,,185.11331176757812,30.0,,7.729225158691406,81.97869873046875,31.331052780151367,223.0950164794922,47.451873779296875
2022-09-27,26.03737449645996,,181.9180450439453,,81.38069915771484,155.29177856445312,265.4700012207031,309.5310363769531,43.23450469970703,,7516.5869140625,553.8963012695312,,210.22857666015625,77.55609130859375,,499.2907409667969,174.4527130126953,695.010009765625,329.7300109863281,,182.21658325195312,30.354999542236328,,7.491756916046143,83.1746826171875,31.240665435791016,222.3818817138672,48.25581359863281
2022-09-28,25.955284118652344,,188.56776428222656,,81.68931579589844,152.42759704589844,271.7799987792969,311.0131530761719,44.307247161865234,,7589.5634765625,562.4922485351562,,210.6669464111328,79.18601989746094,,504.76129150390625,178.9947052001953,705.4199829101562,334.0299987792969,,187.78265380859375,30.78499984741211,,7.58559513092041,85.00322723388672,31.57843017578125,226.4390411376953,50.65781784057617
2022-09-29,25.119888305664062,,184.62254333496094,,80.51097106933594,151.38433837890625,269.5799865722656,306.7250061035156,42.614479064941406,,7492.9189453125,547.7493286132812,,203.6720428466797,78.87921142578125,,499.7425231933594,175.6008758544922,691.8200073242188,331.80999755859375,,185.54830932617188,30.46500015258789,,7.58559513092041,83.44153594970703,30.650772094726562,223.34556579589844,49.95192337036133
2022-09-30,25.24060821533203,,182.05374145507812,,77.63056945800781,153.45187377929688,267.0199890136719,301.70562744140625,42.31922149658203,,7522.50390625,555.0183715820312,,204.60595703125,77.42186737060547,,496.0202331542969,172.9077606201172,688.8699951171875,325.79998779296875,,181.70249938964844,31.114999771118164,,7.560699462890625,80.98040771484375,31.464256286621094,225.85911560058594,50.18721389770508
2022-10-03,25.10540199279785,,187.97647094726562,,79.51966094970703,153.2052764892578,272.79998779296875,311.032958984375,43.27387237548828,,7534.337890625,564.8339233398438,,206.95982360839844,79.29148864746094,,506.3032531738281,178.8089599609375,735.1300048828125,336.67999267578125,,191.06494140625,31.604999542236328,,7.771357536315918,85.25033569335938,31.659305572509766,231.29380798339844,51.41273498535156
2022-10-04,25.41927719116211,,191.36923217773438,,81.36199188232422,158.5732421875,280.489990234375,319.6883850097656,46.63972473144531,,7611.25927734375,573.5469970703125,,209.7330322265625,81.01730346679688,,513.826416015625,182.3632049560547,739.5399780273438,348.5899963378906,,201.58409118652344,32.76499938964844,,7.895837306976318,88.37371063232422,33.39093017578125,240.6394805908203,54.04023361206055
2022-10-05,25.03296661376953,,192.92987060546875,,81.33393859863281,157.54896545410156,279.3599853515625,317.81109619140625,46.54130935668945,,7682.263671875,564.3557739257812,,204.07229614257812,81.54464721679688,,517.65673828125,181.5358428955078,745.6799926757812,350.1199951171875,,200.2395477294922,32.0,,7.719650745391846,88.18590545654297,32.900936126708984,235.6318359375,53.873565673828125
2022-10-06,24.69977569580078,,193.85076904296875,,79.93114471435547,156.4298553466797,276.30999755859375,312.3964538574219,46.295265197753906,,7575.7568359375,543.8855590820312,,193.52276611328125,80.94060516357422,,509.8585510253906,177.51730346679688,731.8599853515625,346.0199890136719,,199.24099731445312,32.03499984741211,,7.49558687210083,87.0986557006836,32.27298355102539,231.54611206054688,54.04023361206055
2022-10-07,24.71426010131836,,191.1656494140625,,79.16427612304688,155.8228759765625,269.0400085449219,300.8953857421875,44.18914794921875,,7441.63818359375,528.69384765625,,186.8319854736328,79.02303314208984,,495.8336486816406,173.58316040039062,722.3699951171875,333.239990234375,,198.18316650390625,30.854999542236328,,7.420899391174316,81.64263916015625,31.4880428314209,224.90805053710938,52.824527740478516
2022-10-10,25.482053756713867,,188.92645263671875,,78.55640411376953,156.35398864746094,266.92999267578125,295.15478515625,44.27772521972656,,7435.720703125,515.102294921875,,181.98434448242188,78.46693420410156,,489.9505615234375,173.66758728027344,730.9199829101562,324.7200012207031,,196.82870483398438,32.31999969482422,,7.484096527099609,78.27216339111328,31.882890701293945,225.5776824951172,53.52061462402344
2022-10-11,26.09049415588379,,190.40956115722656,,80.07142639160156,156.12635803222656,267.30999755859375,291.20245361328125,43.441184997558594,,7331.18701171875,511.560546875,,181.686767578125,78.5148696899414,,490.8836669921875,172.47720336914062,737.4099731445312,325.7099914550781,,200.38783264160156,32.31999969482422,,7.283014297485352,75.41565704345703,31.67357635498047,224.38400268554688,54.30494689941406
2022-10-12,25.969770431518555,,187.9280242919922,,80.1181869506836,155.86080932617188,264.0,287.69488525390625,43.6773796081543,,7254.265625,499.4228210449219,,176.4263153076172,76.99999237060547,,491.03094482421875,172.92466735839844,728.0599975585938,328.1199951171875,,198.21282958984375,32.5,,7.099167346954346,75.1290283203125,31.107463836669922,222.5498046875,53.29512023925781
2022-10-13,26.394712448120117,,187.23977661132812,,81.57709503173828,157.87144470214844,275.7799987792969,288.7915954589844,44.79933166503906,,7199.0400390625,509.8140563964844,,182.2435302734375,80.05851745605469,,500.8032531738281,176.68994140625,752.5599975585938,335.2200012207031,,203.66026306152344,32.7599983215332,,7.298335075378418,78.49949645996094,31.64502716064453,230.9638214111328,52.8049201965332
2022-10-14,26.529922485351562,,183.16851806640625,,79.73474884033203,158.78189086914062,272.6700134277344,283.1991882324219,43.61832809448242,,7191.15087890625,493.11004638671875,,178.3365936279297,78.24641418457031,,503.9657897949219,176.1580810546875,736.0599975585938,324.6400146484375,,199.18170166015625,33.2599983215332,,7.535803318023682,73.95281219482422,31.4880428314209,225.6650390625,52.069610595703125
2022-10-17,26.471975326538086,,188.1412811279297,,80.02466583251953,161.47535705566406,277.0199890136719,293.84063720703125,44.46471405029297,,7222.7080078125,514.1168823242188,,184.77777099609375,79.34901428222656,,512.5595092773438,179.34083557128906,735.9600219726562,339.489990234375,,203.9667205810547,33.63999938964844,,7.685179233551025,73.54756927490234,32.082698822021484,230.35243225097656,54.030426025390625
2022-10-18,26.69893455505371,,188.29722595214844,,80.71670532226562,161.4943389892578,281.6700134277344,297.2197570800781,45.70476531982422,,7370.6337890625,527.083984375,,189.31822204589844,80.63378143310547,,512.8836059570312,179.81361389160156,722.7100219726562,342.1600036621094,,207.63458251953125,34.38999938964844,,7.734971046447754,74.35806274414062,32.605987548828125,235.21450805664062,55.14809799194336
2022-10-19,26.718250274658203,,179.272216796875,,80.86634063720703,163.48599243164062,278.3399963378906,293.3268127441406,45.04537582397461,,7356.8271484375,512.7509155273438,,183.3378448486328,80.21192932128906,,511.02734375,176.29315185546875,709.3699951171875,335.489990234375,,206.8140106201172,34.345001220703125,,7.7100749015808105,76.3645248413086,32.701133728027344,234.32168579101562,52.902957916259766
2022-10-20,26.3898868560791,,173.77532958984375,,79.51966094970703,163.96018981933594,273.5299987792969,288.5445861816406,44.19898223876953,,7313.43603515625,513.4144287109375,,180.46763610839844,79.05179595947266,,511.5773620605469,178.2686767578125,705.8900146484375,331.20001220703125,,206.2406005859375,34.595001220703125,,7.679434299468994,77.7483139038086,33.04841232299805,231.2841033935547,51.814701080322266
2022-10-21,26.476804733276367,,177.74203491210938,,80.90376281738281,164.51026916503906,282.510009765625,292.4079284667969,45.60634994506836,,7248.3486328125,521.6102905273438,,180.04525756835938,79.82841491699219,,524.1978759765625,178.7329864501953,713.9099731445312,337.6499938964844,,194.42633056640625,34.14500045776367,,7.576020240783691,81.4647216796875,32.396671295166016,234.16639709472656,54.64809036254883
2022-10-24,26.979007720947266,,182.84909057617188,,81.53968048095703,167.56411743164062,287.4800109863281,296.8048400878906,45.527618408203125,,7264.12744140625,518.2538452148438,,177.9718017578125,80.4228515625,,531.9273071289062,181.26568603515625,737.1500244140625,344.94000244140625,,207.97071838378906,34.67499923706055,,7.82306432723999,83.95552825927734,32.94851303100586,236.71876525878906,55.069664001464844
2022-10-25,27.176992416381836,,188.9307403564453,,82.7647933959961,168.20904541015625,289.239990234375,308.30584716796875,46.52162551879883,,7337.10400390625,541.4073486328125,,187.69593811035156,81.01730346679688,,530.5718994140625,192.66287231445312,747.3300170898438,352.3500061035156,,211.96482849121094,35.59000015258789,,7.955203533172607,86.5155029296875,33.70490646362305,244.13320922851562,56.5991096496582
2022-10-26,27.119047164916992,,188.63833618164062,,83.7748031616211,168.72117614746094,288.5199890136719,307.8118896484375,47.47626876831055,,7441.63818359375,541.6512451171875,,189.03024291992188,81.85144805908203,,533.4692993164062,194.1318359375,733.97998046875,358.29998779296875,,215.00987243652344,36.189998626708984,,7.9283928871154785,87.1184310913086,33.56694793701172,244.5796356201172,56.844207763671875
2022-10-27,27.143190383911133,,188.7455596923828,,83.73738861083984,170.73179626464844,289.8800048828125,315.49896240234375,47.95851135253906,,7473.1953125,541.4463500976562,,190.71974182128906,82.04320526123047,,532.1237182617188,182.6080322265625,724.8800048828125,356.1400146484375,,215.29656982421875,36.334999084472656,,8.014571189880371,85.53697967529297,33.6192741394043,241.70700073242188,56.91283416748047
2022-10-28,27.133533477783203,,193.6868896484375,,86.53362274169922,172.04058837890625,299.6300048828125,323.02801513671875,48.59822463989258,,7481.0849609375,554.24755859375,,196.50814819335938,83.24168395996094,,541.3950805664062,189.35348510742188,750.760009765625,364.2799987792969,,221.11965942382812,35.6150016784668,,7.91881799697876,88.68012237548828,34.52790832519531,246.9281768798828,58.13835144042969
2022-10-31,27.28322982788086,,190.0028076171875,,85.89768981933594,172.79931640625,295.0899963378906,317.41583251953125,47.8600959777832,,7461.361328125,552.6766357421875,,198.88876342773438,83.74024963378906,,545.2352905273438,187.30198669433594,748.75,359.67999267578125,,214.9999542236328,35.90999984741211,,8.116069793701172,87.26668548583984,34.70867919921875,243.0074462890625,55.54026412963867
2022-11-01,27.27840232849121,,188.63833618164062,,85.776123046875,174.80995178222656,294.1300048828125,312.35693359375,48.686798095703125,,7514.61474609375,541.0364990234375,,199.55113220214844,84.12376403808594,,537.5352783203125,187.8929443359375,759.9099731445312,394.92999267578125,,218.618408203125,35.790000915527344,,8.179266929626465,88.74931335449219,34.68965148925781,244.67666625976562,55.35398483276367
2022-11-02,27.152849197387695,,180.99728393554688,,83.58776092529297,175.32208251953125,289.4599914550781,307.0312805175781,49.05093765258789,,7554.0615234375,535.9043579101562,,196.9689178466797,82.24454498291016,,533.724609375,189.5983123779297,740.47998046875,372.6400146484375,,211.39141845703125,35.20000076293945,,8.139050483703613,86.74284362792969,34.03315734863281,237.93186950683594,51.549991607666016
2022-11-03,27.20596694946289,,175.25677490234375,,82.61515808105469,175.81524658203125,283.8500061035156,305.6084899902344,47.71247100830078,,7506.72509765625,571.127197265625,,193.26356506347656,80.55708312988281,,533.9013671875,188.75404357910156,738.6799926757812,369.19000244140625,,210.3335723876953,34.42499923706055,,8.162032127380371,85.29976654052734,34.28528594970703,256.2253723144531,50.73625183105469
2022-11-04,27.2204532623291,,177.52761840820312,,84.14888000488281,178.43284606933594,287.4700012207031,312.6237487792969,50.51734924316406,,7593.50830078125,596.2418212890625,,195.74978637695312,81.16111755371094,,528.55859375,192.47714233398438,740.2100219726562,371.7900085449219,,209.50311279296875,35.52000045776367,,8.330557823181152,90.63716125488281,35.113040924072266,267.909912109375,52.22647476196289
2022-11-07,27.50535774230957,,181.8257293701172,,85.00926208496094,177.6741180419922,290.19000244140625,315.4397277832031,51.708194732666016,,7642.81689453125,591.7827758789062,,193.92591857910156,82.01444244384766,,535.2862548828125,197.3568115234375,750.9299926757812,385.20001220703125,,211.80665588378906,35.81999969482422,,8.225229263305664,93.9384536743164,35.17964553833008,269.4335632324219,53.78533172607422
2022-11-08,27.72748565673828,,183.58004760742188,,86.50556945800781,178.64149475097656,292.6099853515625,316.1214904785156,51.8262939453125,,7678.318359375,581.76220703125,,194.88587951660156,76.88495635986328,,543.1728515625,198.893310546875,751.9500122070312,382.8999938964844,,209.26583862304688,36.255001068115234,,8.35162353515625,96.33040618896484,34.741981506347656,274.6449890136719,53.10612106323242
2022-11-09,28.157258987426758,,181.89393615722656,,85.07471466064453,179.17259216308594,288.6499938964844,310.3511962890625,49.70048522949219,,7778.908203125,583.4210205078125,,192.98516845703125,76.02203369140625,,531.0040283203125,194.6299285888672,742.9500122070312,379.8800048828125,,206.63604736328125,35.775001525878906,,8.322897911071777,93.28610229492188,34.42800521850586,271.8597106933594,51.698490142822266
2022-11-10,27.461898803710938,,199.13502502441406,,87.20697021484375,189.7283477783203,303.20001220703125,342.0779113769531,55.658226013183594,,7960.36328125,632.2548828125,,212.04946899414062,78.46693420410156,,534.451416015625,205.2082061767578,741.0800170898438,416.05999755859375,,219.97280883789062,38.22999954223633,,8.46461296081543,103.57544708251953,36.00740051269531,281.0404357910156,57.38807678222656
2022-11-11,26.404373168945312,,203.7157745361328,,88.347900390625,190.29737854003906,309.7200012207031,351.9486999511719,56.349266052246094,,8106.31640625,644.5487060546875,,214.31491088867188,80.1064682006836,,512.7559204101562,210.18919372558594,734.4500122070312,441.2699890136719,,221.53488159179688,39.45000076293945,,8.366944313049316,109.24891662597656,36.525936126708984,279.94378662109375,59.04179382324219
2022-11-14,26.756879806518555,,199.46640014648438,,87.84290313720703,191.57772827148438,308.9100036621094,343.5205383300781,52.93355941772461,,7911.0546875,623.4150390625,,206.75062561035156,79.4832534790039,,504.57470703125,206.9473419189453,742.010009765625,428.0299987792969,,220.09146118164062,39.345001220703125,,8.537385940551758,106.36276245117188,36.26429748535156,286.1839599609375,57.978694915771484
2022-11-15,26.660303115844727,,203.54031372070312,,88.53494262695312,189.82318115234375,309.9800109863281,350.4270935058594,53.47651672363281,,7875.552734375,644.3870239257812,,210.78236389160156,79.962646484375,,494.0265197753906,207.4960479736328,728.72998046875,434.3800048828125,,226.44842529296875,39.05500030517578,,8.58334732055664,109.17973327636719,36.75904083251953,285.8443298339844,62.526424407958984
2022-11-16,26.8148250579834,,209.6707000732422,,88.57235717773438,191.81483459472656,308.760009765625,349.4488830566406,52.45970916748047,,7885.41455078125,635.2295532226562,,210.3695831298828,78.4094009399414,,502.3844909667969,206.52871704101562,735.6699829101562,426.0799865722656,,228.3762969970703,38.41999816894531,,8.514405250549316,103.01205444335938,35.92652893066406,286.4071350097656,61.2073860168457
2022-11-17,26.520265579223633,,203.1114959716797,,88.9931869506836,191.24578857421875,307.44000244140625,342.6312561035156,51.27507019042969,,7924.861328125,627.4348754882812,,207.6721649169922,76.6452407836914,,506.1068420410156,197.35438537597656,739.0800170898438,410.44000244140625,,224.71832275390625,38.3650016784668,,8.504829406738281,103.23939514160156,35.412750244140625,284.6408996582031,60.36083984375
2022-11-18,26.650646209716797,,204.6026611328125,156.61558532714844,90.04060363769531,193.4271240234375,310.760009765625,341.74200439453125,51.17634582519531,,8009.671875,634.7589111328125,,207.27859497070312,77.9491958618164,,520.5344848632812,194.9909210205078,736.72998046875,413.8900146484375,,227.46673583984375,38.685001373291016,,8.72889232635498,103.48649597167969,36.17390823364258,287.72705078125,60.695518493652344
2022-11-21,26.91140365600586,,204.93405151367188,151.9425048828125,90.62042999267578,193.00033569335938,311.20001220703125,343.27349853515625,50.67287826538086,,8053.0634765625,642.0928344726562,,211.09913635253906,78.89839172363281,,507.9532775878906,199.8195037841797,738.97998046875,412.8900146484375,,226.3891143798828,38.07500076293945,,8.69442081451416,103.92138671875,36.563995361328125,287.65911865234375,61.443634033203125
2022-11-22,26.916234970092773,,209.0274658203125,151.7886505126953,90.86357879638672,194.1858367919922,315.760009765625,348.04583740234375,51.18621826171875,,8051.09130859375,643.2496948242188,,209.3904571533203,74.71808624267578,,513.7479248046875,200.55650329589844,749.22998046875,412.1300048828125,,232.07382202148438,38.099998474121094,,8.617818832397461,105.79936981201172,36.25477600097656,300.03265380859375,63.914371490478516
2022-11-23,26.99832534790039,,205.66500854492188,157.1251983642578,91.75202178955078,193.80648803710938,316.17999267578125,353.99395751953125,51.41328048706055,,8118.150390625,658.6429443359375,,209.50564575195312,75.76316833496094,,520.2496337890625,201.86106872558594,735.3599853515625,416.5299987792969,,234.58494567871094,38.005001068115234,,8.571856498718262,106.68119812011719,36.525936126708984,299.0524597167969,62.42799377441406
2022-11-24,27.00315284729004,,,,,194.37551879882812,,,,,7968.25244140625,,,,,,,,,,,,38.34000015258789,,8.698250770568848,,36.83992004394531,,
2022-11-25,27.167335510253906,,205.61627197265625,157.0963592529297,91.88294219970703,194.75489807128906,317.42999267578125,354.4793395996094,51.18621826171875,,8003.7548828125,661.4764404296875,,211.2623291015625,75.85904693603516,,528.018310546875,204.47023010253906,736.22998046875,411.3599853515625,,236.65121459960938,38.279998779296875,,8.738468170166016,104.84818267822266,36.83515930175781,300.7605285644531,61.83737564086914
2022-11-28,27.138362884521484,,203.73526000976562,159.0098114013672,91.30311584472656,193.2848663330078,313.2699890136719,347.64544677734375,49.902862548828125,159.9118194580078,8025.45068359375,649.6619262695312,,205.32994079589844,72.99226379394531,,522.763916015625,201.9203643798828,741.47998046875,400.1000061035156,,231.688232421875,38.09000015258789,,8.700166702270508,102.519775390625,36.50690841674805,295.471435546875,60.65614318847656
2022-11-29,26.98383903503418,,202.20509338378906,159.9713592529297,91.45275115966797,194.9919891357422,315.1300048828125,343.81256103515625,49.902862548828125,161.46359252929688,7932.75048828125,657.8487548828125,,208.5169219970703,73.3278579711914,,518.5701904296875,203.123291015625,736.0800170898438,408.9599914550781,434.4306335449219,233.13165283203125,37.84000015258789,,8.700166702270508,102.30179595947266,36.50690841674805,293.25872802734375,60.83332824707031
2022-11-30,26.863115310668945,,207.15618896484375,160.64442443847656,93.2109146118164,193.80648803710938,318.6000061035156,349.41827392578125,51.25531768798828,163.02455139160156,8133.92919921875,677.1539916992188,,212.38543701171875,75.78234100341797,,537.977294921875,203.90264892578125,751.7000122070312,425.8699951171875,436.45489501953125,237.4915771484375,37.83000183105469,,8.736552238464355,108.59346771240234,36.164390563964844,301.003173828125,62.80204391479492
2022-12-01,27.167335510253906,,210.01181030273438,158.68289184570312,95.82011413574219,193.23744201660156,315.8399963378906,359.10455322265625,51.87725830078125,164.31764221191406,8155.625,684.5075073242188,,212.43345642089844,75.98368835449219,,527.321044921875,204.80906677246094,761.239990234375,439.1700134277344,440.7009582519531,235.76144409179688,38.165000915527344,,8.703996658325195,106.02726745605469,36.33564758300781,302.82769775390625,63.382816314697266
2022-12-02,27.19148063659668,,209.38807678222656,157.8463592529297,97.54087829589844,192.19418334960938,316.1499938964844,356.3511657714844,51.58109664916992,163.14462280273438,8157.59716796875,677.9579467773438,,210.58078002929688,76.33843231201172,,528.2077026367188,204.6396484375,766.3900146484375,435.29998779296875,442.87335205078125,236.31507873535156,38.869998931884766,,8.803580284118652,105.73001861572266,36.483123779296875,309.0387268066406,62.97922897338867
2022-12-05,26.99832534790039,,200.9478302001953,148.97132873535156,96.77401733398438,192.52613830566406,310.57000732421875,346.9521484375,48.93540954589844,166.60833740234375,7869.6357421875,670.898681640625,,206.971435546875,75.54264068603516,,527.1043090820312,200.25155639648438,755.4500122070312,422.29998779296875,444.6507568359375,232.6768798828125,38.5,,8.862947463989258,105.45258331298828,36.192935943603516,305.671142578125,61.85706329345703
2022-12-06,27.355663299560547,,196.78619384765625,149.08673095703125,95.04389953613281,192.90548706054688,307.7799987792969,348.3189392089844,48.42206954956055,166.15573120117188,7741.43359375,673.4478759765625,,204.00523376464844,73.90312194824219,,531.3209228515625,198.35397338867188,747.469970703125,415.3900146484375,441.8858947753906,233.9324493408203,38.540000915527344,,8.797834396362305,103.74838256835938,35.907501220703125,302.8858947753906,61.85706329345703
2022-12-07,27.346006393432617,,201.6398162841797,147.84632873535156,95.27770233154297,193.14259338378906,305.82000732421875,348.1505432128906,46.74382781982422,162.56272888183594,7778.908203125,671.7320556640625,,202.65170288085938,73.74012756347656,,534.8576049804688,197.95582580566406,764.27001953125,420.1000061035156,438.8741760253906,235.40553283691406,38.20000076293945,,8.797834396362305,105.13552856445312,35.488861083984375,306.26312255859375,64.39671325683594
2022-12-08,27.452239990234375,,198.39430236816406,148.279052734375,95.44602966308594,193.14259338378906,305.989990234375,349.4281921386719,47.65205383300781,164.6063690185547,7277.93359375,669.9868774414062,,203.74603271484375,74.58385467529297,,539.7933349609375,199.6500701904297,765.4199829101562,428.5400085449219,443.0214538574219,238.7866973876953,37.85499954223633,,8.748043060302734,107.61256408691406,35.127315521240234,310.4167785644531,65.01685333251953
2022-12-09,27.572961807250977,,196.64974975585938,146.4232635498047,95.47409057617188,194.138427734375,306.3900146484375,343.4263000488281,47.3855094909668,166.1205291748047,7303.57421875,662.5941772460938,,205.2723388671875,75.35088348388672,,531.20263671875,197.8541717529297,750.0599975585938,420.6300048828125,455.06842041015625,234.89141845703125,38.255001068115234,,8.79209041595459,106.3542251586914,35.8028450012207,305.127685546875,63.63875198364258
2022-12-12,27.210796356201172,,199.875732421875,144.25979614257812,95.95104217529297,192.43128967285156,311.45001220703125,343.8620910644531,47.71128845214844,168.0341033935547,7520.53173828125,667.074951171875,,207.2209930419922,76.42472839355469,,537.7638549804688,192.76295471191406,742.47998046875,423.1099853515625,450.6742248535156,239.97303771972656,37.974998474121094,,8.751873970031738,108.36558532714844,35.412750244140625,310.07708740234375,63.93405532836914
2022-12-13,27.12387466430664,,205.85992431640625,145.06748962402344,95.68919372558594,194.8497314453125,312.3299865722656,354.2613830566406,49.30066680908203,165.4702606201172,7502.7802734375,693.1943359375,,214.43971252441406,76.83700561523438,,530.237060546875,195.79568481445312,747.5599975585938,435.3500061035156,458.5738830566406,240.89462280273438,38.974998474121094,,8.771023750305176,110.84263610839844,35.98361587524414,315.64764404296875,64.12109375
2022-12-14,26.78585433959961,,206.7273406982422,146.6444091796875,95.82011413574219,193.4745330810547,309.2900085449219,350.44830322265625,48.718223571777344,162.48841857910156,7508.697265625,689.6842651367188,,211.0415496826172,75.54264068603516,,530.3751220703125,195.36363220214844,750.0,430.0299987792969,462.86932373046875,242.4801025390625,38.904998779296875,,8.901248931884766,108.63311004638672,36.21671676635742,315.5214538574219,62.94969940185547
2022-12-15,26.48646354675293,,202.74114990234375,141.92324829101562,94.70722198486328,188.59974670410156,301.9100036621094,341.2770690917969,46.8622932434082,160.21253967285156,7364.716796875,677.85009765625,,209.47683715820312,74.5167465209961,,519.8534545898438,194.2369842529297,731.27001953125,415.3800048828125,460.30194091796875,237.5254669189453,36.084999084472656,,8.681015968322754,103.59976196289062,34.841880798339844,306.90362548828125,61.975189208984375
2022-12-16,26.22087287902832,,200.9088592529297,140.81747436523438,93.78137969970703,187.65133666992188,300.0,336.3448181152344,45.98368835449219,158.95846557617188,7238.48681640625,654.7897338867188,,204.89794921875,73.5579605102539,,515.9325561523438,192.28857421875,723.1699829101562,407.7099914550781,458.03076171875,236.88137817382812,36.0099983215332,,8.548876762390137,103.76819610595703,34.52790832519531,307.078369140625,60.882545471191406
2022-12-19,26.346426010131836,,198.01422119140625,139.0867156982422,94.09001159667969,189.0360107421875,300.0299987792969,332.4425964355469,45.41111755371094,158.54974365234375,7035.3359375,645.3283081054688,,201.22142028808594,73.94147491455078,,515.8340454101562,193.99977111816406,721.0999755859375,402.1700134277344,452.2541809082031,236.5048065185547,34.814998626708984,,8.700166702270508,103.03498840332031,35.21770477294922,304.4580383300781,59.780067443847656
2022-12-20,26.554067611694336,,195.76283264160156,137.7405548095703,94.3799057006836,189.68092346191406,302.0,328.9266052246094,45.63816833496094,157.16563415527344,7005.75048828125,639.4063720703125,,200.3286590576172,74.19297790527344,,512.4943237304688,192.11070251464844,733.530029296875,405.7099914550781,456.6977233886719,236.1976318359375,34.599998474121094,,8.684845924377441,102.54949188232422,35.08449935913086,303.3128967285156,59.307579040527344
2022-12-21,26.752052307128906,,197.29298400878906,136.8271026611328,95.20389556884766,193.1900177001953,307.82000732421875,334.2154235839844,47.03998565673828,160.5840606689453,7055.0595703125,652.9367065429688,,202.16217041015625,74.63794708251953,,519.7155151367188,196.47337341308594,736.1900024414062,418.05999755859375,456.6977233886719,240.69644165039062,35.470001220703125,,8.809325218200684,104.92745971679688,35.76002502441406,305.205322265625,60.055686950683594
2022-12-22,26.848628997802734,,194.0962371826172,135.9136199951172,95.52590942382812,192.09934997558594,302.69000244140625,328.9266052246094,46.0133056640625,160.86279296875,7088.58935546875,642.2791137695312,,202.16217041015625,74.61859893798828,,519.2722778320312,196.2869873046875,733.6199951171875,412.9599914550781,460.6475524902344,238.96231079101562,34.77000045776367,,8.742298126220703,96.70367431640625,35.33187484741211,303.3711242675781,58.99258041381836
2022-12-23,26.834142684936523,,196.7569580078125,137.6444091796875,96.3120346069336,191.7674102783203,306.489990234375,329.7486572265625,46.26997756958008,161.01141357421875,7031.3916015625,644.8282470703125,,203.93801879882812,74.96682739257812,,523.4296875,196.23617553710938,726.739990234375,410.5799865722656,461.38812255859375,238.55604553222656,35.05500030517578,,8.72889232635498,96.32716369628906,35.49837875366211,302.82769775390625,59.69147872924805
2022-12-27,26.70376205444336,,196.5912628173828,139.9521026611328,97.24967193603516,192.5735626220703,305.54998779296875,328.1441650390625,45.302520751953125,159.91465759277344,,641.7888793945312,,203.94769287109375,75.10224151611328,,524.099609375,197.34591674804688,711.3499755859375,404.79998779296875,460.54876708984375,237.85247802734375,35.165000915527344,,8.778684616088867,94.46442413330078,,302.98291015625,59.366641998291016
2022-12-28,26.414030075073242,,194.9831085205078,140.19248962402344,95.60169219970703,191.71998596191406,303.42999267578125,326.4406433105469,44.62135314941406,160.16262817382812,7029.4189453125,639.7886962890625,,203.174072265625,73.8060531616211,,520.6121215820312,195.9142608642578,713.030029296875,399.92999267578125,459.3638610839844,234.25540161132812,35.13999938964844,,8.788260459899902,93.3646240234375,35.412750244140625,300.4985046386719,57.92947006225586
2022-12-29,26.37057113647461,,197.12730407714844,142.66363525390625,95.83847045898438,193.1900177001953,309.05999755859375,336.5528259277344,46.141639709472656,161.3261260986328,7112.25732421875,652.3679809570312,,208.62814331054688,75.26668548583984,,522.0208740234375,199.48912048339844,721.2899780273438,410.3800048828125,464.5480041503906,238.19931030273438,35.5,,8.993172645568848,96.2479019165039,35.51741027832031,302.21624755859375,59.06148910522461
2022-12-30,25.92148208618164,,194.18397521972656,143.307861328125,95.85741424560547,190.53448486328125,308.8999938964844,331.7294921875,45.82573318481445,160.37245178222656,7037.30810546875,642.2300415039062,,204.8760528564453,75.17964172363281,,522.31640625,199.48065185546875,721.489990234375,407.9599914550781,463.11614990234375,237.78311157226562,35.18000030517578,,8.937634468078613,96.48570251464844,35.21294403076172,300.7236633300781,58.27399826049805
2023-01-02,26.11463737487793,,,,,192.5735626220703,,,,,,,,,,,,,,,465.091064453125,,36.005001068115234,,9.065945625305176,,,,
2023-01-03,26.433345794677734,,193.989013671875,145.89442443847656,95.9426498413086,194.6126251220703,309.9100036621094,331.9572448730469,46.082401275634766,161.1258544921875,7047.17041015625,649.5637817382812,,207.59341430664062,75.70198059082031,,510.9476013183594,201.4290313720703,720.469970703125,406.010009765625,478.0760803222656,241.00364685058594,36.26499938964844,,9.245962142944336,95.8416748046875,36.79234313964844,299.0749816894531,58.44133758544922
2023-01-04,26.69893455505371,,196.2793731689453,146.8463592529297,95.87635803222656,200.5875701904297,314.54998779296875,338.3454284667969,47.48422622680664,162.20352172851562,7074.78271484375,666.8591918945312,,211.7806854248047,78.32341003417969,,497.0173034667969,203.0555419921875,726.489990234375,422.42999267578125,474.4718933105469,246.6221923828125,36.68000030517578,,9.567692756652832,98.3979721069336,38.05300521850586,299.094482421875,60.57740020751953
2023-01-05,26.41885757446289,,195.6751251220703,148.32711791992188,95.488037109375,198.73818969726562,312.8999938964844,332.8585205078125,46.79319381713867,161.8887939453125,7027.44677734375,647.7108154296875,,205.1371612548828,77.41412353515625,,482.6929626464844,203.2842254638672,723.760009765625,419.20001220703125,473.3363342285156,248.02931213378906,36.95500183105469,,9.380016326904297,97.02074432373047,37.98164749145508,294.4411315917969,59.67178726196289
2023-01-06,26.438175201416016,,195.87002563476562,153.99057006835938,98.01683044433594,200.87210083007812,318.69000244140625,344.50579833984375,47.56320571899414,166.9814910888672,7060.97607421875,660.7705078125,,211.2971649169922,78.21700286865234,,482.73236083984375,205.8679656982422,737.1500244140625,447.7699890136719,477.6811218261719,252.21104431152344,36.97999954223633,,9.458535194396973,103.31241607666016,38.48115539550781,302.5966796875,61.01051330566406
2023-01-09,26.708593368530273,,194.3788604736328,150.3367462158203,96.8897705078125,202.6266326904297,315.5299987792969,346.9818420410156,49.004512786865234,167.65863037109375,7185.23388671875,667.849365234375,,212.07078552246094,75.00552368164062,,482.7914733886719,206.23223876953125,680.489990234375,448.0799865722656,472.84259033203125,247.52392578125,37.845001220703125,,9.374271392822266,105.51203918457031,38.88551712036133,304.0503234863281,60.065528869628906
2023-01-10,26.41885757446289,,196.28912353515625,149.9713592529297,96.78558349609375,205.13992309570312,316.3500061035156,350.9930725097656,49.488243103027344,169.27989196777344,7179.31689453125,681.5660400390625,,214.6334228515625,76.31139373779297,,478.79168701171875,207.79092407226562,698.9500122070312,469.1099853515625,459.511962890625,248.12838745117188,37.60499954223633,,9.462364196777344,107.04780578613281,38.4050407409668,305.02587890625,60.54786682128906
2023-01-11,26.89208984375,,203.2966766357422,152.85597229003906,96.6624526977539,204.28634643554688,320.3699951171875,360.5604248046875,51.56135559082031,167.5060272216797,7264.12744140625,701.1458129882812,,220.60003662109375,77.69464874267578,,486.0819396972656,215.3557586669922,709.9400024414062,463.0199890136719,449.1437072753906,250.03099060058594,37.55500030517578,,9.489175796508789,109.04924774169922,39.01872253417969,305.1233825683594,63.56000900268555
2023-01-12,26.959693908691406,,204.92428588867188,153.60597229003906,96.07524871826172,206.46768188476562,318.92999267578125,364.2447814941406,52.98291778564453,168.5264892578125,7270.04443359375,711.1660766601562,,224.5552215576172,77.2400131225586,,488.31829833984375,213.7546844482422,714.5700073242188,469.7099914550781,451.1186218261719,252.83531188964844,37.97999954223633,,9.632806777954102,109.1879653930664,39.35172653198242,302.6259765625,62.86111068725586
2023-01-13,26.954864501953125,,206.7760772705078,158.26942443847656,96.32148742675781,206.51510620117188,317.6400146484375,362.86810302734375,53.30869674682617,167.48695373535156,7341.04833984375,707.7835693359375,,225.13543701171875,77.95581817626953,,482.3087158203125,213.22946166992188,722.1300048828125,479.0799865722656,462.4249572753906,256.52154541015625,38.22999954223633,,9.502580642700195,108.9600830078125,39.627647399902344,303.7868957519531,62.63470458984375
2023-01-16,27.18665313720703,,,,,207.7006072998047,,,,,7380.4951171875,,,,,,,,,,470.37396240234375,,39.165000915527344,,9.525562286376953,,40.04152297973633,,
2023-01-17,27.5584774017334,,204.2030792236328,155.86558532714844,95.87635803222656,207.7006072998047,314.8599853515625,363.88824462890625,52.84471130371094,167.83984375,7356.8271484375,703.9696044921875,,223.43345642089844,77.72366333007812,,477.88531494140625,215.81320190429688,728.1099853515625,480.19000244140625,470.81829833984375,255.97657775878906,40.064998626708984,,9.435553550720215,108.40522766113281,39.82269287109375,298.8896179199219,62.60517883300781
2023-01-18,26.925891876220703,,203.20895385742188,154.64443969726562,94.01054382324219,207.7954559326172,308.29998779296875,360.6099548339844,52.33137130737305,167.6395721435547,7465.30615234375,688.9488525390625,,217.76661682128906,76.15662384033203,,469.1764221191406,212.9245147705078,724.5499877929688,481.32000732421875,474.8175048828125,254.43069458007812,40.724998474121094,,9.404911994934082,108.69255065917969,39.708518981933594,295.4849853515625,62.10315704345703
2023-01-19,26.89208984375,,197.00062561035156,152.98095703125,95.83847045898438,205.89865112304688,305.2300109863281,357.66845703125,49.85350036621094,166.19949340820312,7394.3017578125,689.02734375,,215.98728942871094,76.9207992553711,,477.1759948730469,213.97494506835938,715.5700073242188,475.1300048828125,473.04010009765625,254.64871215820312,39.33000183105469,,9.447044372558594,105.18506622314453,39.14716720581055,292.55828857421875,60.95145034790039
2023-01-20,26.945205688476562,,199.33970642089844,155.97134399414062,96.4351577758789,209.0283660888672,309.8699951171875,364.5220947265625,52.49919509887695,166.95289611816406,7386.41259765625,705.9892578125,,214.1112518310547,78.26537322998047,,479.5010070800781,216.5163116455078,722.0,488.8800048828125,476.9405212402344,259.0285949707031,39.80500030517578,,9.479599952697754,108.64302062988281,39.037750244140625,296.9580078125,61.9161262512207
2023-01-23,26.950037002563477,,199.90496826171875,158.2982940673828,95.80058288574219,208.74386596679688,310.4200134277344,367.2061462402344,53.200103759765625,166.28530883789062,7226.65283203125,702.3223876953125,,208.56045532226562,79.67765045166016,,478.6044921875,218.4138641357422,729.9099731445312,496.1400146484375,476.6936950683594,261.416748046875,39.90999984741211,,9.537052154541016,113.11160278320312,39.51347351074219,301.17242431640625,63.10719680786133
2023-01-24,26.18224334716797,,202.2071533203125,157.2598114013672,95.9426498413086,209.31289672851562,311.29998779296875,364.1952819824219,52.68675994873047,165.11228942871094,7163.5380859375,705.5578002929688,,208.07693481445312,78.15896606445312,,484.30865478515625,215.16091918945312,727.469970703125,486.70001220703125,472.59576416015625,250.38771057128906,39.96500015258789,,9.675894737243652,111.95233917236328,39.43259811401367,305.679443359375,63.077667236328125
2023-01-25,26.10498046875,,201.91323852539062,157.89443969726562,97.95053100585938,210.2613067626953,311.8999938964844,362.86810302734375,52.88420104980469,165.3507080078125,7195.095703125,705.7049560546875,,211.45188903808594,78.54589080810547,,485.1952819824219,214.91525268554688,741.1799926757812,485.17999267578125,468.0534362792969,251.33901977539062,39.540000915527344,,9.704621315002441,112.90352630615234,39.68948745727539,304.42095947265625,64.6427993774414
2023-01-26,25.853879928588867,,197.7008056640625,160.60597229003906,98.80293273925781,210.16647338867188,310.95001220703125,363.8585510253906,54.61179733276367,168.5836944580078,7222.7080078125,714.9408569335938,,213.74375915527344,79.16497039794922,,485.1755676269531,215.3472900390625,742.2999877929688,487.0,463.7580261230469,252.53802490234375,39.584999084472656,,9.704621315002441,114.5185546875,40.046287536621094,308.8695068359375,66.07012176513672
2023-01-27,25.940797805786133,,198.366943359375,162.02903747558594,98.27255249023438,210.16647338867188,309.1700134277344,369.8109436035156,54.78949737548828,167.54417419433594,7283.8505859375,715.9507446289062,,213.51165771484375,79.88078308105469,,478.8409118652344,215.42352294921875,742.8300170898438,487.0,468.00408935546875,252.45875549316406,40.0,,9.704621315002441,111.46683502197266,40.29841613769531,306.4696350097656,66.42449188232422
2023-01-30,26.10980987548828,,197.79876708984375,162.1925048828125,98.3388442993164,209.9293670654297,307.3299865722656,362.6304626464844,53.73319625854492,167.81121826171875,7285.82275390625,710.6954956054688,,210.8716583251953,79.88078308105469,,478.5848083496094,212.7296600341797,736.4600219726562,482.95001220703125,474.7187805175781,251.0021209716797,39.314998626708984,,9.5801420211792,107.20632934570312,40.47918701171875,306.22576904296875,65.18419647216797
2023-01-31,26.447832107543945,,204.00967407226562,165.51943969726562,98.72715759277344,207.89028930664062,311.5199890136719,371.3460693359375,55.09552001953125,168.4788055419922,7303.57421875,723.7061157226562,,216.02597045898438,80.95449829101562,,491.7860412597656,213.5767822265625,758.469970703125,480.5,465.5848083496094,252.7560577392578,39.380001068115234,,9.561948776245117,110.46611785888672,40.517242431640625,312.6741943359375,67.02494049072266
2023-02-01,26.293306350708008,,209.2115478515625,170.2694549560547,99.81635284423828,209.597412109375,310.57000732421875,373.5645751953125,56.26041793823242,167.41065979003906,7305.54638671875,723.7061157226562,,219.65234375,82.96650695800781,,489.6285095214844,211.8994903564453,758.0,483.20001220703125,465.2886047363281,259.08807373046875,40.345001220703125,,9.599291801452637,117.91705322265625,41.111900329589844,310.35235595703125,69.39724731445312
2023-02-02,26.375396728515625,,217.0486602783203,174.0579071044922,98.03577423095703,210.2613067626953,311.8599853515625,379.4872741699219,57.26736068725586,167.849365234375,7406.1357421875,738.2659912109375,,219.8940887451172,84.71735382080078,,463.8466491699219,216.00804138183594,751.2000122070312,504.2200012207031,447.36627197265625,255.64950561523438,42.7599983215332,,9.671107292175293,123.11885070800781,42.053829193115234,288.2756042480469,71.03128051757812
2023-02-03,26.404373168945312,,211.57247924804688,169.9617462158203,97.16442108154297,209.36032104492188,308.510009765625,369.3355407714844,56.41836929321289,168.37388610839844,7538.28271484375,718.6764526367188,,214.73980712890625,84.25304412841797,,465.0190124511719,211.2218017578125,783.1300048828125,482.4100036621094,464.84423828125,255.73870849609375,42.790000915527344,,9.613655090332031,118.8781509399414,41.668495178222656,278.0518493652344,69.56458282470703
2023-02-06,26.669960021972656,,211.47451782226562,167.154052734375,96.42567443847656,207.98513793945312,308.42999267578125,365.1262512207031,55.302833557128906,166.66677856445312,7522.50390625,709.6856689453125,,213.29893493652344,82.4538345336914,,468.1912536621094,207.12171936035156,780.8599853515625,485.5299987792969,472.99072265625,251.22010803222656,41.94499969482422,,9.483430862426758,116.60918426513672,41.259376525878906,276.1104736328125,67.7730484008789
2023-02-07,26.341596603393555,,210.35772705078125,168.03866577148438,96.79505157470703,208.07997131347656,312.9700012207031,367.5527648925781,58.185455322265625,169.5659942626953,7459.38916015625,711.3034057617188,,212.2351837158203,83.75004577636719,,469.80694580078125,209.44284057617188,769.9400024414062,507.67999267578125,476.9898986816406,252.91458129882812,41.56999969482422,,9.347460746765137,119.4131851196289,41.32597351074219,278.1006164550781,67.34977722167969
2023-02-08,26.41885757446289,,208.42782592773438,165.18289184570312,95.93318176269531,209.36032104492188,308.4800109863281,362.34320068359375,57.52403259277344,178.75003051757812,7488.97412109375,716.7056884765625,,211.26815795898438,83.3437728881836,,476.05291748046875,208.3585205078125,749.6599731445312,497.42999267578125,479.3104248046875,254.07395935058594,41.40999984741211,,9.508326530456543,114.8851547241211,41.27840042114258,280.217529296875,65.9126205444336
2023-02-09,26.5975284576416,,204.39173889160156,164.779052734375,96.62457275390625,210.5458221435547,307.2099914550781,360.16424560546875,56.961326599121094,174.44888305664062,7550.11669921875,718.3822631835938,,208.0962677001953,80.87712097167969,,478.5256652832031,206.1898651123047,744.77001953125,486.739990234375,477.43426513671875,253.87579345703125,41.70500183105469,,9.535137176513672,115.01396179199219,41.48295974731445,279.8761291503906,65.13497161865234
2023-02-10,26.660303115844727,,204.5288848876953,163.48098754882812,96.94658660888672,208.55416870117188,309.8900146484375,360.3722229003906,57.247615814208984,175.57424926757812,7518.55908203125,715.489990234375,,209.57583618164062,80.95449829101562,,486.9193115234375,208.29920959472656,757.6099853515625,485.7300109863281,478.1255187988281,254.29196166992188,40.95000076293945,,9.544713020324707,113.71599578857422,40.92636489868164,280.78338623046875,64.6427993774414
2023-02-13,26.621671676635742,,209.77972412109375,166.65406799316406,98.2251968383789,208.45933532714844,313.739990234375,367.04766845703125,58.343406677246094,176.63284301757812,7526.4482421875,724.4317626953125,,210.0980224609375,81.6316146850586,,488.00299072265625,210.19677734375,763.969970703125,496.67999267578125,490.764892578125,257.7602233886719,40.86000061035156,,9.571523666381836,115.45983123779297,41.43539047241211,279.6907653808594,66.1094970703125
2023-02-14,26.539579391479492,,209.407470703125,165.61875915527344,96.33096313476562,208.79127502441406,310.7900085449219,361.3626708984375,57.84980773925781,177.75820922851562,7552.0888671875,714.1859130859375,,208.05758666992188,80.6739730834961,,485.5203552246094,206.58802795410156,754.2100219726562,503.6499938964844,490.764892578125,256.55126953125,41.02000045776367,,9.608867645263672,117.35230255126953,41.587623596191406,274.6081237792969,65.60746765136719
2023-02-15,28.66912078857422,,210.651611328125,170.3114776611328,95.76270294189453,208.5067596435547,309.6300048828125,364.0467224121094,58.14596939086914,179.5701904296875,7630.982421875,713.0387573242188,,209.4597930908203,81.72835540771484,,483.96380615234375,210.28994750976562,752.4000244140625,514.5900268554688,488.2962646484375,256.6900329589844,41.255001068115234,,9.608867645263672,118.36293029785156,42.68178176879883,277.5055236816406,65.8634033203125
2023-02-16,28.210376739501953,,209.65237426757812,168.87945556640625,94.99554443359375,209.64483642578125,308.17999267578125,354.3901672363281,56.96315383911133,179.7704620361328,7589.5634765625,708.0776977539062,,205.0114288330078,81.44782257080078,,480.12164306640625,216.93988037109375,736.3300170898438,506.3999938964844,478.6685791015625,260.7627258300781,41.150001525878906,,9.565778732299805,114.3302993774414,42.16800308227539,273.86676025390625,64.75108337402344
2023-02-17,28.717409133911133,,208.41802978515625,167.60227966308594,96.4351577758789,205.75637817382812,308.239990234375,357.3713073730469,56.596923828125,179.9040069580078,7508.697265625,702.7537841796875,,203.3287811279297,82.0282211303711,,491.67767333984375,217.0838623046875,748.739990234375,496.4599914550781,486.8150634765625,260.45556640625,40.599998474121094,,9.733346939086914,114.37984466552734,41.7303352355957,272.8716735839844,63.786415100097656
2023-02-20,28.64980697631836,,,,,207.0841522216797,,,,,7483.05712890625,,,,,,,,,,485.67950439453125,,40.900001525878906,,9.781224250793457,,42.30120086669922,,
2023-02-21,29.031288146972656,,197.739990234375,160.8292999267578,94.69246673583984,206.1831512451172,302.7200012207031,347.42755126953125,55.13201904296875,179.18873596191406,7467.2783203125,689.3803100585938,,197.90371704101562,82.69566345214844,,484.0229187011719,209.51058959960938,746.52001953125,478.1700134277344,493.8260192871094,253.7667694091797,40.224998474121094,,9.80516242980957,110.25804138183594,42.01101303100586,270.7254333496094,55.84263610839844
2023-02-22,29.378969192504883,,198.5041046142578,160.34552001953125,94.32308197021484,205.80380249023438,303.1600036621094,342.8815612792969,54.94395446777344,178.3399658203125,7396.27392578125,684.8211669921875,,192.7107391357422,82.31840515136719,,481.63885498046875,206.03245544433594,748.0800170898438,476.2900085449219,492.24609375,251.7948455810547,40.45500183105469,,9.80994987487793,109.65223693847656,41.74460983276367,271.48638916015625,56.95496368408203
2023-02-23,29.108549118041992,,198.09266662597656,160.13262939453125,94.5503921508789,206.51510620117188,303.07000732421875,345.69171142578125,55.329978942871094,178.43531799316406,7396.27392578125,692.517822265625,,195.3024139404297,81.24468994140625,,484.3973083496094,208.25096130371094,759.6599731445312,478.3500061035156,495.7021789550781,249.69406127929688,40.814998626708984,,9.977519035339355,112.13507843017578,41.720821380615234,272.8814392089844,57.545570373535156
2023-02-24,28.920223236083984,,197.43629455566406,161.54530334472656,93.36650085449219,204.09666442871094,304.0199890136719,340.97503662109375,54.468849182128906,178.50205993652344,7433.74853515625,671.4183349609375,,189.2777862548828,80.76103210449219,,477.146484375,205.95596313476562,756.989990234375,468.1700134277344,492.2954406738281,246.87982177734375,39.8849983215332,,9.90091609954834,110.54605865478516,41.444908142089844,274.110595703125,56.92543029785156
2023-02-27,29.27273178100586,,200.08131408691406,161.400146484375,92.9781723022461,207.74803161621094,304.6600036621094,339.11810302734375,55.0825309753418,175.6123809814453,7414.02490234375,679.6541748046875,,188.64918518066406,80.66429901123047,,476.15142822265625,204.55345153808594,757.7899780273438,468.17999267578125,498.8620300292969,245.789794921875,40.165000915527344,,9.97273063659668,111.30084228515625,42.1965446472168,278.44207763671875,56.797462463378906
2023-02-28,28.98782730102539,,201.56057739257812,163.0353546142578,92.1541976928711,210.68807983398438,305.17999267578125,338.8102722167969,55.775390625,176.77589416503906,7329.21484375,674.820556640625,,191.4826202392578,80.09359741210938,,468.88092041015625,203.45692443847656,760.4199829101562,473.239990234375,491.8511047363281,241.24143981933594,40.119998931884766,,9.9057035446167,115.35284423828125,42.35829162597656,278.9883728027344,57.594791412353516
2023-03-01,28.39387321472168,,190.353515625,157.13316345214844,92.35308837890625,209.88194274902344,304.6199951171875,335.4141845703125,55.37946701049805,175.69822692871094,7344.99365234375,662.7706298828125,,188.46546936035156,79.39713287353516,,468.17156982421875,202.1989288330078,770.4400024414062,469.1000061035156,492.64105224609375,242.083740234375,40.400001525878906,,9.618443489074707,116.45523071289062,42.33926010131836,281.23211669921875,58.22478103637695
2023-03-02,28.78984260559082,,191.12742614746094,160.55838012695312,93.15813446044922,209.597412109375,307.75,337.5094299316406,55.24089813232422,177.86309814453125,7321.3251953125,674.5263061523438,,191.0184326171875,79.57125091552734,,470.6148376464844,203.5419464111328,768.9000244140625,476.1300048828125,496.1959228515625,241.53871154785156,40.415000915527344,,9.728559494018555,117.63704681396484,45.68358612060547,284.89044189453125,59.258358001708984
2023-03-03,29.021629333496094,,195.6631317138672,160.61643981933594,93.95370483398438,209.9293670654297,312.45001220703125,343.64617919921875,56.379173278808594,176.70912170410156,7463.33349609375,691.6256103515625,,195.82460021972656,80.68365478515625,,471.4620361328125,203.4484405517578,779.2999877929688,488.0,498.2695617675781,247.7221221923828,41.380001068115234,,9.886552810668945,118.1435546875,45.70737838745117,287.5732421875,59.406009674072266
2023-03-06,28.920223236083984,,197.46568298339844,159.8423614501953,94.80611419677734,211.58908081054688,316.9700012207031,348.8594055175781,56.497947692871094,176.33718872070312,7380.4951171875,689.093505859375,,192.024169921875,79.25202941894531,,473.64910888671875,201.54443359375,780.3800048828125,486.1600036621094,497.6770935058594,249.4463348388672,41.58000183105469,,9.881765365600586,117.7264404296875,46.10698318481445,285.9538269042969,57.771976470947266
2023-03-07,28.973342895507812,,193.39039611816406,157.53956604003906,94.00106048583984,210.02420043945312,311.1199951171875,334.2921447753906,55.280487060546875,173.7813262939453,7343.0205078125,675.4285278320312,,186.0285186767578,77.13361358642578,,466.8514404296875,196.78440856933594,773.8499755859375,473.989990234375,501.52813720703125,243.10438537597656,40.84000015258789,,9.819525718688965,115.57132720947266,46.26872634887695,284.2661437988281,56.9844856262207
2023-03-08,28.89607810974121,,197.04443359375,158.20716857910156,94.47462463378906,210.92518615722656,311.3699951171875,336.5065002441406,56.41876220703125,173.4951934814453,7358.79931640625,683.7635498046875,,189.3164520263672,75.83741760253906,,463.6201171875,195.46690368652344,745.2000122070312,482.2200012207031,491.01177978515625,249.1490478515625,40.814998626708984,,9.814737319946289,117.83567810058594,46.368629455566406,282.9491271972656,57.12230682373047
2023-03-09,29.118207931518555,,194.9969940185547,155.4302520751953,93.72639465332031,211.20970153808594,304.82000732421875,331.5911560058594,53.8947639465332,170.28089904785156,7283.8505859375,672.7881469726562,,184.8970947265625,75.45048522949219,,458.01446533203125,190.52838134765625,743.75,472.2799987792969,498.66455078125,249.84271240234375,41.45500183105469,,9.80994987487793,116.23672485351562,46.202125549316406,277.1347961425781,56.73680877685547
2023-03-10,29.200300216674805,,192.65567016601562,153.05001831054688,93.1486587524414,208.8861083984375,303.6300048828125,324.2529602050781,49.7969856262207,167.59432983398438,7260.1826171875,655.7930908203125,,184.9647979736328,74.21232604980469,,455.11767578125,189.19387817382812,747.0,454.8599853515625,493.52978515625,244.36288452148438,40.8849983215332,,9.824313163757324,113.60491180419922,45.48378372192383,274.3935241699219,55.204715728759766
2023-03-13,28.79949951171875,,193.52755737304688,152.79847717285156,92.22049713134766,199.9711151123047,302.8800048828125,322.5152282714844,49.321876525878906,172.43017578125,7193.123046875,672.6107788085938,,189.8579864501953,75.43113708496094,,458.42974853515625,186.3633575439453,752.3300170898438,460.9200134277344,485.82763671875,244.82861328125,40.36000061035156,,9.74292278289795,115.04496765136719,43.42390441894531,274.120361328125,54.44361114501953
2023-03-14,28.915393829345703,,192.82217407226562,153.23387145996094,92.20154571533203,202.19985961914062,305.3299865722656,330.3995666503906,50.35126876831055,177.8608856201172,7204.95703125,681.251220703125,,193.24261474609375,75.3150634765625,,459.3195495605469,188.89637756347656,766.7999877929688,471.4200134277344,488.39501953125,248.41578674316406,41.20000076293945,,9.891340255737305,119.51407623291016,44.42292404174805,278.91033935546875,54.967491149902344
2023-03-15,28.954025268554688,,194.5463409423828,153.96922302246094,91.09342956542969,193.5693817138672,297.8800048828125,331.640869140625,49.321876525878906,175.270263671875,7106.34033203125,684.7191162109375,,195.65054321289062,75.84709167480469,,460.159912109375,186.33786010742188,760.2999877929688,464.9700012207031,490.27117919921875,245.2249755859375,39.63999938964844,,9.939217567443848,117.6668472290039,42.90061569213867,270.2669677734375,53.85054397583008
2023-03-16,29.29204750061035,,195.6043701171875,157.76210021972656,90.34519958496094,194.51779174804688,302.010009765625,337.5193786621094,49.23279571533203,179.62637329101562,7224.6806640625,692.197021484375,,198.29052734375,76.67896270751953,,466.67529296875,186.23585510253906,749.75,474.1099853515625,480.495361328125,252.68495178222656,40.165000915527344,,10.384471893310547,121.98699951171875,44.44877624511719,272.8131103515625,54.99714279174805
2023-03-17,29.060260772705078,,193.34141540527344,154.19178771972656,89.77693939208984,189.7283477783203,293.510009765625,332.14727783203125,47.94605255126953,178.4461669921875,7366.68896484375,680.6403198242188,,194.71250915527344,75.73100280761719,,464.183837890625,181.3228302001953,747.6500244140625,471.3599853515625,482.6677551269531,248.98974609375,40.529998779296875,,10.125936508178711,121.7585678100586,43.772064208984375,268.02313232421875,53.75170135498047
2023-03-20,29.47071647644043,,192.7830047607422,157.94595336914062,91.20708465576172,191.95709228515625,301.05999755859375,332.24652099609375,48.10441589355469,177.29478454589844,7412.052734375,679.260986328125,,195.292724609375,77.00785827636719,,471.5593566894531,184.78236389160156,759.25,483.260009765625,488.24688720703125,254.73121643066406,41.189998626708984,,10.417984962463379,123.18868255615234,44.81877136230469,272.3839111328125,55.36286544799805
2023-03-21,29.596267700195312,,192.7830047607422,157.43313598632812,90.63880920410156,197.5526885986328,303.8500061035156,339.2074890136719,50.50963592529297,175.3086395263672,7632.955078125,677.7733154296875,,191.6566925048828,78.57490539550781,,474.663818359375,188.11434936523438,759.760009765625,495.3999938964844,497.0845947265625,256.9662170410156,41.79499816894531,,10.389259338378906,119.57366943359375,45.568511962890625,271.99365234375,55.93616485595703
2023-03-22,29.741134643554688,,187.6693115234375,152.36306762695312,88.66151428222656,197.36300659179688,299.7300109863281,333.36865234375,49.846473693847656,172.20948791503906,7575.7568359375,653.2315063476562,,185.78677368164062,77.32707214355469,,470.1356506347656,184.44235229492188,751.2999877929688,475.0299987792969,503.2068176269531,252.68495178222656,42.1349983215332,,10.542465209960938,118.04424285888672,45.54903793334961,268.62799072265625,54.38430404663086
2023-03-23,29.54315185546875,,185.8275604248047,151.0568389892578,86.64582061767578,196.1300811767578,298.3699951171875,329.9229431152344,50.0543327331543,172.73719787597656,7672.4013671875,656.5220947265625,,185.30325317382812,75.67828369140625,,464.58917236328125,182.45335388183594,802.1599731445312,478.739990234375,510.90899658203125,251.08567810058594,42.665000915527344,,10.66215705871582,121.93733978271484,44.51693344116211,260.4138488769531,53.98892593383789
2023-03-24,29.33068084716797,,185.60227966308594,151.1536102294922,87.10655975341797,194.56520080566406,298.9200134277344,332.1770324707031,49.53963088989258,176.11460876464844,7642.81689453125,671.6255493164062,,193.03955078125,77.43438720703125,,470.600341796875,185.64935302734375,820.0,485.510009765625,522.0313720703125,252.5260009765625,41.439998626708984,,10.566402435302734,118.70964050292969,42.89087677001953,261.12603759765625,54.25580978393555
2023-03-27,29.57695198059082,,186.65048217773438,154.2111358642578,88.88227844238281,194.9919891357422,302.1400146484375,333.3984069824219,49.90585708618164,177.5250701904297,7694.09716796875,677.4580688476562,,186.78280639648438,77.69779968261719,,476.44342041015625,186.81387329101562,820.4099731445312,489.04998779296875,530.989013671875,252.71473693847656,41.47999954223633,,10.690882682800293,118.05416870117188,43.49943161010742,263.5844421386719,54.552337646484375
2023-03-28,29.57695198059082,,186.2781982421875,154.58847045898438,90.44683837890625,195.51361083984375,302.32000732421875,331.7897644042969,49.836570739746094,179.73190307617188,7686.2080078125,672.95556640625,,186.51205444335938,77.57097625732422,,467.2289733886719,187.57887268066406,826.969970703125,488.1400146484375,529.6951293945312,252.78427124023438,41.599998474121094,,10.73875904083252,115.60112762451172,43.79640579223633,266.8525085449219,54.20638656616211
2023-03-29,29.818397521972656,,188.03176879882812,152.98231506347656,90.91716766357422,198.5485076904297,305.29998779296875,335.76177978515625,50.60861587524414,179.47283935546875,7755.240234375,684.2462158203125,64.47118377685547,191.94677734375,77.1417007446289,,461.3067932128906,188.54788208007812,819.3499755859375,487.6199951171875,536.76171875,255.64505004882812,42.150001525878906,,10.89675235748291,119.0274429321289,44.10311508178711,269.57427978515625,54.1371955871582
2023-03-30,29.939119338989258,,188.72731018066406,155.07225036621094,92.74088287353516,200.87210083007812,305.0799865722656,338.8797607421875,50.826377868652344,181.2766876220703,7719.73779296875,691.6354370117188,65.94967651367188,194.548095703125,77.24901580810547,,464.73748779296875,190.9958953857422,811.5,493.54998779296875,537.2593383789062,257.7112121582031,42.525001525878906,,10.973355293273926,121.27193450927734,44.93075180053711,272.8814392089844,53.138858795166016
2023-03-31,30.412349700927734,,195.8982696533203,160.25843811035156,93.34559631347656,201.8205108642578,308.7699890136719,342.355224609375,51.98444366455078,183.76174926757812,7759.1845703125,710.3841552734375,66.397705078125,197.60394287109375,78.6539077758789,,467.23883056640625,195.0078887939453,821.6699829101562,500.0799865722656,540.3447875976562,261.9229736328125,43.09000015258789,,11.011656761169434,121.98699951171875,45.2520637512207,281.9522705078125,53.58366394042969
2023-04-03,30.513757705688477,,199.83642578125,160.6744842529297,93.96949768066406,201.96275329589844,310.30999755859375,343.8447570800781,51.40046310424805,182.60076904296875,7632.955078125,699.4580688476562,66.35289764404297,194.47076416015625,77.7270736694336,,488.59429931640625,195.91738891601562,826.1900024414062,489.2699890136719,541.340087890625,262.3997497558594,42.5,,10.911116600036621,121.4804916381836,44.94535446166992,283.748779296875,53.830772399902344
2023-04-04,30.803491592407227,,198.8665771484375,160.664794921875,93.62394714355469,202.19985961914062,309.07000732421875,343.9837951660156,50.48984146118164,185.22018432617188,7743.40576171875,699.980224609375,65.63605499267578,196.7432861328125,77.5319595336914,,487.6649475097656,196.0279083251953,822.0900268554688,484.010009765625,539.6480712890625,265.4493103027344,42.540000915527344,,11.08347225189209,119.29559326171875,44.69219970703125,280.0281677246094,52.06145477294922
2023-04-05,30.813148498535156,99.60738372802734,195.36924743652344,159.88108825683594,94.77577209472656,202.1050262451172,310.3900146484375,342.18646240234375,49.30207824707031,187.2830810546875,7778.908203125,693.4186401367188,64.38158416748047,197.94239807128906,78.31243896484375,57.129638671875,503.4640197753906,198.909423828125,825.219970703125,476.69000244140625,535.2687377929688,269.50213623046875,42.15999984741211,,11.131348609924316,116.51480865478516,42.189823150634766,278.6832275390625,52.36787414550781
2023-04-06,30.919384002685547,99.5583724975586,194.5267791748047,160.21005249023438,95.05413055419922,205.18734741210938,312.510009765625,338.4726257324219,48.80718231201172,187.19674682617188,7911.0546875,700.7191162109375,66.0840835571289,199.87648010253906,78.34171295166016,58.127872467041016,507.00341796875,197.35391235351562,828.72998046875,472.5199890136719,,268.7869567871094,41.70000076293945,,11.217527389526367,113.66449737548828,42.19955825805664,276.837646484375,53.37609100341797
2023-04-10,,,195.7121124267578,163.51913452148438,94.61258697509766,,312.6199951171875,336.45684814453125,49.88606643676758,184.93234252929688,,695.8028564453125,,201.4817657470703,78.28317260742188,,509.3465881347656,197.35391235351562,823.760009765625,477.2200012207031,,269.18426513671875,,,,115.700439453125,,278.241455078125,54.720375061035156
2023-04-11,31.16082763671875,99.803466796875,197.24037170410156,164.08033752441406,94.6797866821289,205.23475646972656,313.70001220703125,339.5152893066406,50.97484588623047,183.8193359375,7818.35498046875,696.088623046875,65.90487670898438,203.44485473632812,79.02464294433594,57.89751052856445,515.071044921875,197.84690856933594,819.6400146484375,478.1300048828125,538.1551513671875,269.7802429199219,42.375,,11.294130325317383,115.58125305175781,42.550086975097656,280.106689453125,56.15362548828125
2023-04-12,31.122194290161133,98.77405548095703,195.70233154296875,158.20716857910156,94.82376861572266,207.13156127929688,314.54998779296875,340.38909912109375,50.76698684692383,183.9728546142578,7867.66357421875,700.5318603515625,66.26329803466797,204.2958221435547,78.83927154541016,57.6767463684082,515.28857421875,195.7559051513672,820.4299926757812,470.8999938964844,549.6010131835938,270.56500244140625,42.380001068115234,,11.380308151245117,112.38336181640625,43.05640411376953,281.9129943847656,55.9757080078125
2023-04-13,30.228851318359375,99.21522521972656,197.3677215576172,157.9749755859375,95.74522399902344,207.7954559326172,318.04998779296875,345.43353271484375,51.469749450683594,182.2361602783203,7909.08251953125,698.2364501953125,65.99447631835938,205.37721252441406,79.6002426147461,58.59819030761719,520.2714233398438,197.0054168701172,830.3499755859375,480.010009765625,555.7718505859375,271.588134765625,42.67499923706055,,11.361157417297363,112.69123077392578,43.10508728027344,282.8652648925781,57.57698440551758
2023-04-14,30.110733032226562,99.21522521972656,198.06324768066406,155.77857971191406,95.48606872558594,207.7954559326172,319.739990234375,345.4236145019531,51.38066482543945,182.76388549804688,7847.93994140625,678.5023803710938,67.02494812011719,201.55824279785156,78.74170684814453,58.89574432373047,505.9950256347656,194.94839477539062,829.3300170898438,482.489990234375,569.6063842773438,271.528564453125,42.845001220703125,,11.260616302490234,112.1251449584961,43.523773193359375,280.9705810546875,58.34797286987305
2023-04-17,30.642271041870117,97.78385925292969,200.82583618164062,157.42343139648438,95.9275894165039,205.32960510253906,323.7900085449219,346.5655822753906,51.7864875793457,184.33743286132812,7759.1845703125,697.4777221679688,67.42816925048828,203.4482421875,80.11732482910156,59.04931640625,499.6279296875,196.75892639160156,819.739990234375,481.5199890136719,578.962158203125,269.29351806640625,42.86000061035156,,11.284554481506348,111.02276611328125,43.98140335083008,280.9607849121094,58.85208511352539
2023-04-18,30.376502990722656,97.94072723388672,203.86273193359375,157.13316345214844,97.26179504394531,207.7006072998047,324.6300048828125,349.7034606933594,52.4892463684082,183.62742614746094,7792.71435546875,695.1329345703125,66.89053344726562,202.8149871826172,79.6587905883789,58.93413543701172,498.7677917480469,195.71340942382812,808.010009765625,482.1199951171875,574.8814086914062,269.64117431640625,43.59000015258789,,11.389883995056152,110.5063247680664,44.08850860595703,282.5118408203125,58.99045944213867
2023-04-19,30.671802520751953,101.8132553100586,204.577880859375,157.23960876464844,97.43456268310547,210.3087158203125,323.0899963378906,349.5644226074219,53.37016296386719,184.4813690185547,7820.3271484375,696.5122680664062,65.77046203613281,202.75653076171875,82.80026245117188,58.828556060791016,480.69476318359375,196.597412109375,808.8599853515625,487.70001220703125,558.4591064453125,271.1709289550781,43.560001373291016,,11.447335243225098,109.58271026611328,44.17613983154297,285.18206787109375,59.42538070678711
2023-04-20,30.77023696899414,100.73483276367188,205.48890686035156,155.08193969726562,92.82727813720703,210.78292846679688,323.82000732421875,350.4382629394531,52.41995620727539,182.63916015625,7917.20166015625,694.6009521484375,65.81526184082031,200.29173278808594,81.45390319824219,58.54060363769531,481.9404602050781,196.80990600585938,798.0999755859375,490.6099853515625,556.5680541992188,268.97564697265625,43.70500183105469,,11.490425109863281,113.60491180419922,44.15666961669922,287.1061706542969,61.095855712890625
2023-04-21,30.937572479248047,100.83287048339844,206.7428436279297,156.92031860351562,93.84471893310547,211.06744384765625,324.3299865722656,349.256591796875,51.98444366455078,182.0442657470703,8048.6240234375,702.4630126953125,66.26329803466797,198.87911987304688,83.63928985595703,58.252647399902344,478.3417053222656,198.0509033203125,800.72998046875,495.6499938964844,579.3602294921875,279.3361511230469,43.505001068115234,,11.533514022827148,112.6812973022461,43.76719284057617,285.2507629394531,60.621402740478516
2023-04-24,31.09014320373535,102.45024108886719,206.7428436279297,158.62322998046875,94.40142059326172,212.20553588867188,326.04998779296875,345.2250061035156,51.95475387573242,179.6359405517578,7996.8515625,702.4925537109375,66.1288833618164,198.68426513671875,87.50271606445312,58.00309371948242,483.4037170410156,197.63441467285156,797.0399780273438,503.6099853515625,573.9857177734375,284.3425598144531,43.689998626708984,,11.461698532104492,112.83026885986328,44.069034576416016,287.9307556152344,60.16671371459961
2023-04-25,31.124595642089844,103.83939361572266,202.69642639160156,152.49851989746094,94.727783203125,212.5374755859375,324.3399963378906,342.79217529296875,50.51953887939453,180.182861328125,8056.5888671875,699.5762939453125,65.54644775390625,196.54095458984375,87.50271606445312,58.00309371948242,486.3500061035156,188.19088745117188,789.5800170898438,483.2300109863281,574.5828857421875,280.1109619140625,42.584999084472656,,11.394670486450195,109.8508529663086,44.35140609741211,284.6322937011719,59.2869987487793
2023-04-26,30.868669509887695,103.44249725341797,197.69497680664062,150.4085693359375,94.2574462890625,211.68389892578125,320.5299987792969,337.6882019042969,49.78708267211914,177.43870544433594,7951.052734375,696.3053588867188,66.0840835571289,195.17703247070312,87.77588653564453,57.69594192504883,477.4815673828125,188.4883575439453,778.0,481.44000244140625,552.9849853515625,276.21710205078125,42.029998779296875,,11.490425109863281,109.55290985107422,42.79350662231445,280.45025634765625,57.07288360595703
2023-04-27,30.922807693481445,103.29365539550781,201.3673095703125,153.02101135253906,94.85255432128906,214.5765380859375,326.2300109863281,353.0895080566406,50.83627700805664,176.9397735595703,8048.6240234375,709.2019653320312,66.84573364257812,200.3404541015625,89.1514892578125,57.32160568237305,484.9164123535156,190.98736572265625,792.2899780273438,484.6199951171875,555.7718505859375,280.5579833984375,42.904998779296875,,11.447335243225098,110.91352081298828,42.25798416137695,286.04595947265625,57.448486328125
2023-04-28,30.73086166381836,103.24404907226562,204.61627197265625,152.63397216796875,95.9563980102539,215.71463012695312,328.54998779296875,360.04052734375,52.52883529663086,178.24468994140625,8309.4775390625,713.3793334960938,67.8761978149414,199.12266540527344,88.73198699951172,57.3599967956543,486.51806640625,192.7043914794922,801.7899780273438,492.1600036621094,559.6534423828125,285.4153747558594,43.52000045776367,,11.49521255493164,112.25425720214844,42.62798309326172,288.97137451171875,59.049774169921875
2023-05-01,,,205.00022888183594,152.02442932128906,95.36128234863281,,330.1700134277344,360.1100158691406,52.707000732421875,179.06985473632812,,711.33984375,,194.35867309570312,88.46857452392578,,490.08721923828125,195.21189880371094,806.719970703125,489.6000061035156,562.7388916015625,282.11749267578125,,,,112.17478942871094,,290.758056640625,58.65439224243164
2023-05-02,30.932649612426758,102.79752349853516,202.78501892089844,150.66983032226562,93.01924896240234,210.87777709960938,325.8599853515625,353.5264587402344,50.69770050048828,178.014404296875,8333.3720703125,692.7782592773438,66.30809783935547,191.07553100585938,88.02954864501953,57.20000076293945,487.8033447265625,192.05841064453125,798.4500122070312,467.3800048828125,562.0421752929688,278.6706237792969,43.3650016784668,,11.47606086730957,111.39022827148438,42.08271789550781,287.2730407714844,58.98057556152344
2023-05-03,30.888355255126953,103.78977966308594,202.13522338867188,149.55712890625,92.01139831542969,211.826171875,323.2200012207031,347.51885986328125,50.78678512573242,173.9845428466797,8281.599609375,687.3201904296875,67.51776885986328,187.02273559570312,88.47833251953125,57.20000076293945,483.8980712890625,192.09239196777344,803.1699829101562,478.8299865722656,558.9567260742188,276.35614013671875,43.84000015258789,,11.5,112.51246643066406,42.29692840576172,288.5099792480469,61.254005432128906
2023-05-04,30.617664337158203,104.58358764648438,199.6640625,147.58328247070312,90.59081268310547,209.5500030517578,320.0,345.07611083984375,49.09422302246094,176.47921752929688,8333.3720703125,718.5615234375,67.9209976196289,189.39010620117188,87.09295654296875,58.099998474121094,481.7625427246094,188.47987365722656,753.8800048828125,469.510009765625,544.4254760742188,275.780029296875,43.130001068115234,,11.58617877960205,111.67822265625,42.86166763305664,285.7416076660156,59.7219123840332
2023-05-05,30.82437515258789,103.5913314819336,202.6274871826172,151.2310028076172,91.72344207763672,215.9499969482422,323.8800048828125,351.70928955078125,50.984745025634766,177.630615234375,8321.4248046875,729.06396484375,68.05540466308594,191.6795654296875,87.86369323730469,58.70000076293945,488.6832580566406,190.28189086914062,762.0999755859375,488.489990234375,,276.2071533203125,41.875,,11.59575366973877,115.2634506225586,43.562721252441406,291.2685546875,61.16504669189453
2023-05-08,30.8046875,104.23629760742188,200.8946990966797,151.4245147705078,91.72344207763672,217.0,326.1400146484375,352.6923522949219,48.80718231201172,178.1679229736328,,729.1821899414062,67.33856201171875,188.23080444335938,87.99052429199219,58.310001373291016,487.0420227050781,189.1853790283203,752.1199951171875,485.5299987792969,570.3031005859375,275.9289855957031,42.060001373291016,,11.58617877960205,114.95558166503906,43.76719284057617,290.1690368652344,62.45990753173828
2023-05-09,31.306697845458984,102.4998550415039,203.917236328125,152.31468200683594,91.80982971191406,215.89999389648438,324.8699951171875,352.7817077636719,48.51023483276367,177.15086364746094,8343.3291015625,717.4974975585938,65.54644775390625,188.53280639648438,87.41490936279297,58.33000183105469,484.8274230957031,189.3638916015625,754.8800048828125,479.3699951171875,568.2130126953125,272.2238464355469,42.040000915527344,,11.768110275268555,113.0586929321289,43.815879821777344,274.81536865234375,62.983787536621094
2023-05-10,30.593055725097656,101.75566864013672,201.16055297851562,152.61463928222656,91.28190612792969,212.35000610351562,322.989990234375,359.643310546875,48.678504943847656,177.80331420898438,8420.9873046875,739.201904296875,65.09841918945312,191.2996063232422,87.22954559326172,58.290000915527344,484.52093505859375,189.98439025878906,749.5900268554688,485.1099853515625,568.1134643554688,276.6839599609375,41.625,,11.581390380859375,114.617919921875,43.72824478149414,275.806884765625,62.82563781738281
2023-05-11,30.52907371520996,102.94636535644531,200.1563262939453,153.71766662597656,91.22431945800781,211.60000610351562,322.6400146484375,357.7665710449219,48.114315032958984,176.0474395751953,8466.7861328125,732.453125,65.26907348632812,190.64688110351562,86.84905242919922,53.939998626708984,483.22576904296875,187.06884765625,745.5700073242188,486.7300109863281,575.0805053710938,276.24688720703125,41.1150016784668,,11.456911087036133,114.66756439208984,44.07877731323242,271.4873962402344,62.16086959838867
2023-05-12,30.538917541503906,102.8471450805664,200.11692810058594,152.86619567871094,91.30110931396484,212.0,322.489990234375,356.8232116699219,47.99553680419922,177.4578857421875,8516.5673828125,728.3052978515625,66.1484603881836,195.12832641601562,86.71247100830078,53.72999954223633,485.66778564453125,187.65538024902344,744.3499755859375,487.4700012207031,585.033447265625,274.03173828125,41.18000030517578,,11.557452201843262,115.29325103759766,43.9716682434082,272.910888671875,62.0616455078125
2023-05-15,30.543840408325195,104.08746337890625,198.43338012695312,155.36251831054688,91.18592834472656,210.5500030517578,323.5299987792969,358.9482421875,48.60921859741211,176.90138244628906,8418.99609375,729.3201904296875,66.71585083007812,190.42279052734375,87.13197326660156,53.29999923706055,481.3472595214844,189.46588134765625,750.9600219726562,489.8800048828125,578.2654418945312,275.6707458496094,40.904998779296875,,11.547877311706543,120.27880096435547,44.15666961669922,274.1772766113281,63.24235534667969
2023-05-16,30.6816463470459,103.49211120605469,196.13938903808594,152.84930419921875,90.0916976928711,209.0500030517578,323.75,356.1380310058594,47.302677154541016,174.23399353027344,8434.92578125,705.704345703125,66.19573974609375,186.11669921875,86.73198699951172,53.650001525878906,474.2881164550781,184.9523468017578,742.280029296875,491.92999267578125,570.0045166015625,273.7337341308594,40.75,,11.5,120.09010314941406,44.039825439453125,270.5450134277344,62.36922836303711
2023-05-17,30.415876388549805,100.86263275146484,203.99600219726562,156.79449462890625,89.7365493774414,208.89999389648438,327.3900146484375,358.4120178222656,48.88636016845703,175.11672973632812,8207.923828125,717.3792724609375,65.48650360107422,189.74082946777344,86.41978454589844,53.790000915527344,479.32049560546875,185.2322998046875,749.6300048828125,487.1199951171875,572.293701171875,273.62445068359375,40.86000061035156,,11.40424633026123,124.83728790283203,44.35140609741211,271.1438293457031,62.15093994140625
2023-05-18,30.35189437866211,100.76341247558594,205.92568969726562,150.18994140625,88.88227844238281,210.0500030517578,329.760009765625,361.251953125,49.46044921875,174.44509887695312,8327.3984375,710.5220947265625,64.16258239746094,186.10694885253906,86.84905242919922,54.11000061035156,473.8036804199219,184.37901306152344,747.47998046875,492.05999755859375,,277.5382080078125,41.790000915527344,,11.09000015258789,129.02833557128906,44.731143951416016,270.4075622558594,62.84547805786133
2023-05-19,30.25838279724121,100.4161148071289,203.0803985595703,148.339111328125,89.44859313964844,212.25,330.3900146484375,362.86065673828125,49.68389129638672,174.45469665527344,8399.083984375,712.88671875,63.78432083129883,185.814697265625,87.15149688720703,54.59000015258789,473.3983459472656,185.0104522705078,759.0499877929688,488.1000061035156,,280.5877685546875,42.22999954223633,,11.255000114440918,126.0787124633789,44.93561935424805,273.80419921875,61.17859649658203
2023-05-22,30.18947982788086,101.1106948852539,200.0086212158203,147.9786834716797,89.33341217041016,211.60000610351562,329.1300048828125,369.74212646484375,50.83586502075195,174.5602264404297,8434.92578125,715.980224609375,63.12236785888672,188.4840850830078,87.31733703613281,53.91999816894531,475.1779479980469,186.54637145996094,751.5,486.25,587.1235961914062,275.1939392089844,42.439998626708984,,11.364999771118164,125.68145751953125,44.91614532470703,269.9657897949219,60.831329345703125
2023-05-23,30.20916748046875,100.76341247558594,203.45449829101562,143.35162353515625,89.20862579345703,211.60000610351562,323.1099853515625,359.65325927734375,49.77326965332031,171.82568359375,8440.8994140625,689.748779296875,64.72998046875,183.30117797851562,85.00514221191406,54.04999923706055,474.01129150390625,186.7767791748047,748.5599975585938,461.0799865722656,568.4120483398438,265.9757995605469,42.084999084472656,,11.449999809265137,123.6355972290039,44.29298400878906,266.5298767089844,58.79732894897461
2023-05-24,30.194400787353516,99.72154235839844,200.48121643066406,139.39669799804688,88.64231872558594,205.89999389648438,320.20001220703125,353.7052001953125,49.09797286987305,172.77560424804688,8265.669921875,668.3379516601562,63.31149673461914,178.6638641357422,85.35636138916016,53.959999084472656,475.38555908203125,184.02915954589844,737.4000244140625,463.510009765625,558.06103515625,263.13482666015625,41.209999084472656,,11.260000228881836,121.20610809326172,43.45561599731445,265.8819274902344,57.96388626098633
2023-05-25,29.89910125732422,98.70944213867188,197.93125915527344,137.10751342773438,87.11615753173828,205.60000610351562,319.0199890136719,356.7116394042969,50.34925842285156,169.84912109375,8301.5126953125,700.0928955078125,61.845733642578125,177.85525512695312,81.50270080566406,53.380001068115234,472.291015625,182.06658935546875,725.0,458.05999755859375,557.8619384765625,262.3302001953125,41.290000915527344,,11.149999618530273,129.9084930419922,43.552982330322266,267.1385192871094,59.02553939819336
2023-05-26,29.94831657409668,98.788818359375,203.3265380859375,135.33460998535156,87.19293212890625,207.39999389648438,320.6000061035156,359.1606140136719,51.32247543334961,169.51329040527344,8446.8740234375,721.7611083984375,61.94029998779297,177.48504638671875,79.47341918945312,54.400001525878906,476.0677185058594,183.9694366455078,725.0499877929688,468.94000244140625,566.1228637695312,262.6481018066406,42.13999938964844,,11.140000343322754,135.47442626953125,44.010616302490234,268.81719970703125,58.698116302490234
2023-05-29,30.00737953186035,98.8285140991211,,,,207.75,,,,,,,61.94029998779297,,,54.349998474121094,,,,,,,41.84000015258789,,11.199999809265137,,43.630882263183594,,
2023-05-30,29.416778564453125,95.85174560546875,202.51919555664062,130.37631225585938,86.58824157714844,207.35000610351562,322.19000244140625,362.69464111328125,51.31254577636719,170.98133850097656,8442.890625,727.0667114257812,60.47453689575195,177.3096923828125,80.48805236816406,53.41999816894531,474.41668701171875,180.83786010742188,728.5999755859375,466.2200012207031,555.3737182617188,262.4196472167969,42.470001220703125,,11.3149995803833,135.98223876953125,43.66008758544922,269.0528259277344,59.154518127441406
2023-05-31,29.195302963256836,93.74817657470703,198.01988220214844,127.5416259765625,86.3962631225586,199.97999572753906,321.0799865722656,365.7807312011719,51.133792877197266,171.50904846191406,8512.5849609375,737.994873046875,59.339752197265625,179.68679809570312,80.74171447753906,52.13999938964844,481.72296142578125,181.34982299804688,735.5599975585938,464.7699890136719,555.4732055664062,262.4295654296875,42.04999923706055,201.42074584960938,11.3100004196167,132.72630310058594,42.93955993652344,264.21307373046875,58.0631103515625
2023-06-01,28.93445587158203,93.76801300048828,200.7667236328125,127.76568603515625,86.54024505615234,204.1999969482422,323.1199951171875,367.3337097167969,52.067291259765625,172.7276153564453,8420.9873046875,745.6267700195312,60.001708984375,182.19056701660156,80.7319564819336,51.900001525878906,488.0406494140625,181.2730255126953,731.1699829101562,469.8399963378906,546.7146606445312,266.08502197265625,42.275001525878906,203.8349151611328,11.324999809265137,134.24972534179688,43.367984771728516,268.1693115234375,58.152408599853516
2023-06-02,28.895082473754883,93.58940887451172,206.56564331054688,129.7723846435547,88.09519958496094,210.14999389648438,329.4800109863281,374.3421325683594,53.25898742675781,177.7937469482422,8456.830078125,749.9326171875,62.31855773925781,186.223876953125,81.71732330322266,52.61000061035156,493.9232482910156,185.14697265625,739.9500122070312,470.8299865722656,537.9560546875,272.4324951171875,42.880001068115234,214.61492919921875,11.319999694824219,134.05059814453125,44.263771057128906,275.8952331542969,60.37491989135742
2023-06-05,29.087026596069336,94.14507293701172,203.58250427246094,127.22017669677734,86.43466186523438,209.9499969482422,328.5799865722656,376.4028625488281,53.676082611083984,178.72442626953125,8624.0947265625,745.4485473632812,62.27128219604492,183.778564453125,81.68806457519531,52.119998931884766,492.54901123046875,185.82960510253906,750.27001953125,465.2799987792969,,270.4159851074219,42.5,215.06820678710938,11.28499984741211,133.15444946289062,43.7574577331543,274.65826416015625,60.33523178100586
2023-06-06,29.072261810302734,94.62135314941406,203.9566192626953,129.2658233642578,87.94163513183594,210.5,333.4100036621094,377.4779968261719,54.15275955200195,176.88221740722656,8735.6044921875,734.7084350585938,62.602256774902344,184.2364501953125,81.56123352050781,52.279998779296875,482.04925537109375,185.94906616210938,748.1400146484375,459.5299987792969,560.151123046875,269.3829345703125,42.2400016784668,219.59109497070312,11.25,133.36355590820312,43.41666793823242,273.4017028808594,62.408912658691406
2023-06-07,28.968908309936523,94.5419692993164,207.94400024414062,128.34042358398438,88.54632568359375,208.85000610351562,335.4200134277344,372.5104064941406,54.32158660888672,175.15512084960938,8703.744140625,731.4617919921875,62.64954376220703,186.00953674316406,80.86854553222656,52.130001068115234,476.67083740234375,188.16761779785156,738.6300048828125,450.70001220703125,543.43017578125,271.7073059082031,42.064998626708984,223.4143524169922,11.364999771118164,134.428955078125,44.02035140991211,277.2499694824219,63.66899490356445
2023-06-08,28.98859405517578,93.3711166381836,207.2056121826172,127.87284088134766,88.46953582763672,208.89999389648438,335.95001220703125,380.44464111328125,54.33151626586914,179.01634216308594,8701.7529296875,742.6967163085938,61.987579345703125,185.12298583984375,81.07341766357422,51.95000076293945,484.67913818359375,188.3553466796875,750.1199951171875,453.0,546.9136962890625,271.6675720214844,42.43000030517578,223.5818634033203,11.329999923706055,135.61383056640625,44.44877624511719,278.1924133300781,63.06376266479492
2023-06-09,28.703136444091797,92.37886047363281,205.8863067626953,123.70359802246094,88.87267303466797,207.9499969482422,335.2900085449219,382.2763671875,54.79826736450195,178.427490234375,8612.1474609375,736.1537475585938,62.83867263793945,182.4730987548828,81.68806457519531,51.150001525878906,488.0307312011719,185.65040588378906,746.52001953125,450.8699951171875,543.2311401367188,269.97894287109375,41.79999923706055,223.31581115722656,11.399999618530273,135.53416442871094,44.069034576416016,273.49005126953125,63.15306091308594
2023-06-12,28.747432708740234,92.22010040283203,210.0607452392578,123.20679473876953,88.9302749633789,208.60000610351562,333.6000061035156,383.53070068359375,55.28487014770508,173.12799072265625,8640.0244140625,746.2404174804688,63.50062942504883,183.70062255859375,82.22463989257812,51.11000061035156,487.01239013671875,191.60638427734375,754.010009765625,460.4800109863281,544.4254760742188,274.3992614746094,42.1150016784668,226.37046813964844,11.359999656677246,139.4074249267578,44.51693344116211,273.8238220214844,63.39118194580078
2023-06-13,29.018123626708984,93.25204467773438,213.9890594482422,125.38883209228516,89.55418395996094,208.9499969482422,336.3900146484375,388.8069152832031,56.496437072753906,171.57383728027344,8663.919921875,748.9229736328125,62.03486633300781,186.09722900390625,83.65879821777344,51.279998779296875,485.74688720703125,195.40353393554688,767.3499755859375,468.4700012207031,543.0320434570312,277.9852294921875,42.974998474121094,235.15016174316406,11.300000190734863,141.1797637939453,44.44877624511719,279.6354675292969,64.25439453125
2023-06-14,29.214990615844727,93.21235656738281,211.5375518798828,129.7821044921875,89.32380676269531,209.75,335.8999938964844,391.3255615234375,56.635467529296875,175.21302795410156,8620.1123046875,767.9185791015625,62.64954376220703,188.04568481445312,85.76612854003906,51.79999923706055,454.6529846191406,193.67987060546875,771.1099853515625,466.9700012207031,543.0320434570312,282.3062438964844,43.650001525878906,230.88348388671875,11.274999618530273,140.56243896484375,46.02614974975586,283.5524597167969,62.45852279663086
2023-06-15,29.146087646484375,93.9267807006836,215.54461669921875,134.27279663085938,90.92677307128906,209.8000030517578,339.82000732421875,398.1846618652344,58.20453643798828,175.89840698242188,8727.6396484375,771.7096557617188,62.41312789916992,190.81553649902344,86.09783935546875,51.810001373291016,462.50555419921875,196.7346649169922,783.0700073242188,481.4200134277344,549.6010131835938,284.5858154296875,44.16999816894531,233.7213897705078,11.149999618530273,139.5070037841797,46.357200622558594,285.437255859375,63.05384063720703
2023-06-16,29.613643646240234,94.76026916503906,213.72323608398438,130.34710693359375,91.08033752441406,210.3000030517578,338.30999755859375,393.4360656738281,56.804290771484375,177.72283935546875,8681.8408203125,770.7198486328125,62.602256774902344,189.4600830078125,86.97589111328125,52.33000183105469,455.1592712402344,199.90037536621094,783.0499877929688,483.0299987792969,549.3024291992188,288.75665283203125,44.18000030517578,232.36155700683594,11.420000076293945,138.3320770263672,47.6424674987793,287.8031921386719,63.14313507080078
2023-06-19,29.328187942504883,93.39096069335938,,,,210.0,,,,,8608.1650390625,,60.900081634521484,,,51.619998931884766,,,,,538.8518676757812,,,,11.335000038146973,,46.79536056518555,,
2023-06-20,29.485681533813477,93.41080474853516,212.12828063964844,129.28530883789062,91.01314544677734,209.25,338.6700134277344,390.0811767578125,56.23823165893555,176.3520965576172,8598.2080078125,772.3333129882812,60.379974365234375,186.67059326171875,86.77100372314453,50.88999938964844,465.9801330566406,197.5111541748047,781.2100219726562,482.2200012207031,542.534423828125,283.99847412109375,44.040000915527344,229.72076416015625,11.414999961853027,137.92384338378906,46.766143798828125,284.0040283203125,64.89932250976562
2023-06-21,29.347875595092773,93.29173278808594,210.93698120117188,129.7723846435547,92.48171997070312,208.89999389648438,338.6099853515625,387.3634338378906,55.39411163330078,175.29991149902344,8502.62890625,760.2173461914062,57.82670593261719,185.97320556640625,86.16612243652344,50.869998931884766,473.2866516113281,198.79962158203125,778.77001953125,485.82000732421875,544.02734375,285.67083740234375,42.89500045776367,229.8389892578125,11.364999771118164,136.08180236816406,47.467201232910156,283.8469543457031,67.52862548828125
2023-06-22,29.338031768798828,94.36336517333984,211.4981689453125,128.9638671875,93.0750503540039,208.4499969482422,336.9599914550781,386.4973449707031,54.80819320678711,175.78257751464844,8409.0400390625,739.4202880859375,57.75,183.1149444580078,85.94979858398438,50.5,475.5699462890625,200.44647216796875,779.8099975585938,490.7200012207031,540.4442749023438,293.0569763183594,43.32500076293945,227.56277465820312,11.345000267028809,138.32211303710938,47.282203674316406,282.73760986328125,67.121826171875
2023-06-23,29.766216278076172,94.7205810546875,211.89198303222656,128.41835021972656,93.66838836669922,209.14999389648438,335.25,388.6078186035156,53.21926498413086,175.3674774169922,8385.14453125,738.5491333007812,56.0,182.72206115722656,86.01863098144531,50.5,473.5348205566406,200.3782196044922,779.72998046875,487.7799987792969,541.638671875,294.0523986816406,43.189998626708984,228.62698364257812,11.369999885559082,135.48439025878906,47.54509735107422,281.0196533203125,67.32026672363281
2023-06-26,29.761295318603516,93.27188873291016,214.58961486816406,131.0192413330078,94.12554168701172,209.1999969482422,334.1199951171875,385.2728576660156,52.72272491455078,172.68394470214844,8377.1796875,752.239013671875,54.400001525878906,184.78472900390625,85.5466537475586,50.09000015258789,475.57989501953125,201.5301513671875,784.3800048828125,481.82000732421875,534.97021484375,293.52484130859375,43.0,230.80465698242188,11.390000343322754,139.19833374023438,47.0290412902832,281.14727783203125,68.1537094116211
2023-06-27,30.174715042114258,92.0018081665039,220.10301208496094,129.0807342529297,93.92127990722656,211.3000030517578,335.3399963378906,389.2549133300781,54.540061950683594,172.74183654785156,8321.4248046875,757.4655151367188,53.900001525878906,184.3820037841797,85.69413757324219,50.2599983215332,479.054443359375,203.15994262695312,716.0900268554688,484.20001220703125,523.5242919921875,296.24237060546875,43.5,236.1158447265625,11.40999984741211,145.91929626464844,47.61325454711914,286.07537841796875,70.26707458496094
2023-06-28,30.504465103149414,92.27963256835938,219.07911682128906,129.04177856445312,93.57111358642578,211.64999389648438,334.1499938964844,389.7626037597656,55.35438919067383,176.78648376464844,8353.28515625,761.4052124023438,54.400001525878906,188.2028350830078,84.9173355102539,50.29999923706055,471.00335693359375,203.0319366455078,700.030029296875,491.3399963378906,529.9937133789062,298.1535949707031,44.30500030517578,235.6330108642578,11.510000228881836,143.41012573242188,48.65510177612305,285.9870300292969,73.29326629638672
2023-06-29,30.499544143676758,92.57731628417969,219.3744659423828,129.47039794921875,95.02040100097656,211.0500030517578,336.9100036621094,394.063232421875,55.56293487548828,176.99884033203125,8283.5908203125,769.1558837890625,55.150001525878906,189.30291748046875,85.32048797607422,50.5099983215332,472.9789123535156,205.1992950439453,708.4199829101562,494.489990234375,530.8895263671875,299.06939697265625,44.19499969482422,238.46102905273438,11.53499984741211,143.60926818847656,48.625885009765625,289.354248046875,74.44420623779297
2023-06-30,30.77023696899414,93.45049285888672,222.20993041992188,128.4865264892578,94.95230865478516,213.1999969482422,341.0,399.090576171875,55.61259078979492,178.8618927001953,8329.3896484375,775.995849609375,58.70000076293945,190.49142456054688,86.6282730102539,50.66999816894531,477.1484069824219,205.9246063232422,718.5399780273438,502.2300109863281,547.11279296875,302.0955505371094,44.72999954223633,241.5748291015625,11.680000305175781,143.9179229736328,49.1711540222168,295.802978515625,74.39460754394531
2023-07-03,31.09014320373535,95.29608917236328,221.11709594726562,131.36993408203125,95.788818359375,213.75,342.0,395.1383972167969,56.109134674072266,179.70172119140625,8215.888671875,775.4216918945312,60.099998474121094,191.57183837890625,85.6843032836914,50.56999969482422,474.4084777832031,207.50564575195312,718.0900268554688,490.17999267578125,538.7523193359375,296.2224426269531,45.15999984741211,244.76744079589844,11.789999961853027,144.84393310546875,49.54115676879883,293.37359619140625,74.00764465332031
2023-07-04,30.96710205078125,95.35562133789062,,,,213.1999969482422,,,,,8203.94140625,,61.29999923706055,,,50.56999969482422,,,,,537.3589477539062,,45.29999923706055,,11.6899995803833,,48.89852523803711,,
2023-07-05,31.036006927490234,94.60150909423828,222.003173828125,129.1197052001953,94.78694915771484,207.5500030517578,341.55999755859375,397.8063659667969,54.88764190673828,177.47186279296875,8168.0986328125,782.1132202148438,62.900001525878906,194.8328094482422,85.4188232421875,50.43000030517578,467.7968444824219,208.02212524414062,717.8300170898438,492.4599914550781,545.4207763671875,296.98895263671875,44.77000045776367,239.7420196533203,11.585000038146973,141.64773559570312,49.01536560058594,284.3868408203125,72.18201446533203
2023-07-06,30.942493438720703,93.6092529296875,217.99612426757812,127.45396423339844,94.8355941772461,203.1999969482422,341.4599914550781,393.5853576660156,53.537052154541016,176.89266967773438,8050.615234375,773.4222412109375,60.79999923706055,192.52459716796875,84.6321792602539,48.619998931884766,465.9503173828125,208.0419921875,704.8300170898438,491.2300109863281,538.55322265625,293.1166687011719,43.57500076293945,238.65811157226562,11.430000305175781,139.77584838867188,47.6424674987793,284.2584533691406,70.49528503417969
2023-07-07,30.721017837524414,93.9267807006836,218.50807189941406,126.68441772460938,95.03012084960938,204.0,340.8999938964844,391.48486328125,54.49040603637695,175.6377716064453,8054.59765625,764.483642578125,60.20000076293945,192.07278442382812,84.45518493652344,48.7599983215332,458.22686767578125,206.86997985839844,692.4500122070312,498.010009765625,534.4725341796875,290.16021728515625,43.959999084472656,242.20547485351562,11.305000305175781,138.96932983398438,47.720359802246094,283.2708740234375,72.04309844970703
2023-07-10,30.745628356933594,93.27188873291016,225.57704162597656,128.3306884765625,95.0787582397461,205.85000610351562,341.1300048828125,396.6416015625,54.788330078125,175.01031494140625,8044.6416015625,775.5108032226562,61.099998474121094,190.10833740234375,85.00582885742188,49.53499984741211,459.6861572265625,209.05508422851562,703.3599853515625,521.2100219726562,528.4013061523438,294.3908386230469,43.97999954223633,249.31002807617188,11.21500015258789,139.95504760742188,47.80799102783203,286.41131591796875,74.07710266113281
2023-07-11,30.307600021362305,93.01390075683594,225.88226318359375,129.93798828125,95.90553283691406,207.85000610351562,343.3699951171875,394.6406555175781,55.92045211791992,176.0045928955078,7968.97412109375,779.1535034179688,61.70000076293945,191.13967895507812,85.83180236816406,49.810001373291016,459.52734375,210.3065643310547,716.8300170898438,514.8200073242188,514.865234375,293.34564208984375,,252.83767700195312,11.300000190734863,136.9679718017578,48.74272918701172,285.0583801269531,74.1564712524414
2023-07-12,30.145185470581055,94.14507293701172,228.52081298828125,129.47039794921875,96.29459381103516,211.10000610351562,345.3500061035156,404.735107421875,58.18467330932617,175.0199737548828,7951.052734375,782.8655395507812,63.29999923706055,191.9549102783203,86.10712432861328,49.94499969482422,448.41864013671875,211.62754821777344,718.4199829101562,525.6799926757812,514.566650390625,293.89312744140625,45.4900016784668,253.271240234375,11.460000038146973,138.29225158691406,49.38536834716797,290.58868408203125,77.9069595336914
2023-07-13,29.91878890991211,94.97856903076172,225.9905548095703,129.3827362060547,97.74388122558594,212.14999389648438,343.5400085449219,410.1805725097656,60.78654479980469,176.86370849609375,8056.5888671875,793.3184814453125,64.19999694824219,193.33982849121094,86.57910919189453,50.630001068115234,444.497314453125,210.3065643310547,720.97998046875,532.7999877929688,520.4389038085938,294.6297912597656,45.755001068115234,250.76840209960938,11.510000228881836,142.0360565185547,49.40483856201172,295.230224609375,77.8077392578125
2023-07-14,30.20916748046875,96.46694946289062,225.2029266357422,127.53189849853516,96.78093719482422,210.35000610351562,341.0899963378906,414.15264892578125,60.141048431396484,179.67276000976562,8253.72265625,797.5650024414062,64.69999694824219,190.5208740234375,86.185791015625,50.310001373291016,476.68182373046875,211.32958984375,718.52001953125,536.8900146484375,529.197509765625,295.20709228515625,45.900001525878906,248.48231506347656,11.494999885559082,142.1256866455078,49.7553596496582,294.9141845703125,77.96649932861328
2023-07-17,30.391267776489258,95.8319091796875,224.44483947753906,126.64544677734375,96.24596405029297,210.1999969482422,344.25,415.5165100097656,60.26021194458008,178.82327270507812,8263.6787109375,799.3863525390625,62.95000076293945,182.94796752929688,85.26148986816406,50.220001220703125,480.56341552734375,211.15078735351562,721.6099853515625,551.8400268554688,533.4772338867188,290.5285339355469,45.82500076293945,251.38917541503906,11.375,144.87380981445312,49.482730865478516,295.55609130859375,77.98633575439453
2023-07-18,30.24361801147461,96.60586547851562,226.35484313964844,127.42473602294922,95.66236114501953,210.8000030517578,345.3399963378906,419.95648193359375,61.322811126708984,180.56085205078125,8271.6435546875,787.9237060546875,62.5,182.486328125,85.15332794189453,51.400001525878906,496.3677673339844,211.27992248535156,726.5499877929688,547.469970703125,529.5955810546875,288.418212890625,45.880001068115234,255.36024475097656,11.40999984741211,143.8880615234375,49.87221145629883,294.5487976074219,77.30172729492188
2023-07-19,30.342052459716797,96.98291778564453,227.31968688964844,129.2658233642578,96.07088470458984,210.60000610351562,342.42999267578125,420.6334533691406,60.66737747192383,179.91407775878906,8363.2412109375,804.4940795898438,63.95000076293945,185.74729919433594,84.68135070800781,51.36000061035156,500.0408935546875,215.6402130126953,719.010009765625,547.75,529.6951293945312,285.40203857421875,45.78499984741211,255.0646209716797,11.364999771118164,141.1697998046875,50.4174690246582,294.8746643066406,76.82546997070312
2023-07-20,30.903121948242188,96.70508575439453,227.4181365966797,131.15562438964844,95.49700927734375,214.35000610351562,346.6099853515625,421.8877868652344,60.56806945800781,180.90835571289062,8385.14453125,802.2965698242188,62.29999923706055,181.36659240722656,87.85739135742188,52.15999984741211,500.5769348144531,217.21942138671875,723.02001953125,542.8599853515625,549.50146484375,285.60113525390625,46.279998779296875,256.1682434082031,11.475000381469727,133.46311950683594,51.25484085083008,297.5904541015625,74.89069366455078
2023-07-21,31.031084060668945,98.11408996582031,230.1649932861328,130.61012268066406,94.85504150390625,214.60000610351562,345.760009765625,421.3900451660156,60.071529388427734,182.6941680908203,8275.6259765625,798.94091796875,62.150001525878906,181.6023406982422,87.4738998413086,51.939998626708984,502.8503112792969,217.7259979248047,734.6300048828125,554.5999755859375,551.9896850585938,283.8392333984375,46.3650016784668,254.96609497070312,11.585000038146973,135.81297302246094,51.74168395996094,298.9730224609375,75.42648315429688
2023-07-24,30.96710205078125,97.4393539428711,230.381591796875,131.90570068359375,94.95230865478516,215.25,349.6300048828125,420.9021911621094,60.34959411621094,184.41241455078125,8309.4775390625,810.799560546875,62.5,187.43670654296875,87.2772445678711,51.4900016784668,504.9847106933594,217.338623046875,727.1300048828125,554.030029296875,547.411376953125,283.8790283203125,46.290000915527344,254.11868286132812,11.59000015258789,137.75457763671875,51.76115798950195,298.34100341796875,75.05937194824219
2023-07-25,30.863746643066406,97.34012603759766,231.41033935546875,130.14256286621094,94.53406524658203,216.10000610351562,347.5799865722656,425.6109619140625,60.508487701416016,184.58616638183594,8361.25,808.1961059570312,61.650001525878906,183.4685516357422,87.4738998413086,51.72999954223633,507.2183532714844,220.19912719726562,729.8800048828125,556.6699829101562,543.5296630859375,284.2274169921875,46.029998779296875,254.03982543945312,11.555000305175781,139.45721435546875,52.01431655883789,302.0443420410156,75.77375030517578
2023-07-26,30.962181091308594,97.35997772216797,231.5389404296875,130.9900360107422,95.54564666748047,215.8000030517578,349.79998779296875,426.4870300292969,60.26021194458008,191.85494995117188,8430.943359375,804.7910766601562,62.349998474121094,186.601806640625,88.88985443115234,51.52000045776367,504.30963134765625,217.35848999023438,730.9600219726562,556.1599731445312,528.0031127929688,280.8927001953125,45.58000183105469,252.4730987548828,11.614999771118164,138.42169189453125,51.839054107666016,299.23968505859375,75.66461181640625
2023-07-27,31.24271583557129,97.24090576171875,232.35995483398438,131.0192413330078,95.88607788085938,218.85000610351562,349.30999755859375,393.9039306640625,58.72093963623047,191.76806640625,8438.908203125,788.0028686523438,61.5,189.79403686523438,87.03141784667969,52.279998779296875,501.55975341796875,214.58737182617188,744.6599731445312,545.9600219726562,529.6951293945312,275.0594482421875,46.88999938964844,254.7788543701172,11.604999542236328,145.51104736328125,52.98800277709961,299.1211853027344,75.33718872070312
2023-07-28,31.31161880493164,96.10973358154297,232.5478973388672,131.5063018798828,97.131103515625,219.3000030517578,349.80999755859375,390.3997497558594,59.53526306152344,192.50169372558594,8490.6806640625,789.27978515625,61.900001525878906,185.6097869873047,86.77577209472656,52.400001525878906,499.2566223144531,213.18692016601562,746.0999755859375,552.780029296875,525.9130249023438,272.0034484863281,46.869998931884766,254.96609497070312,11.510000228881836,151.276123046875,52.832210540771484,299.6544494628906,75.14866638183594
2023-07-31,30.893278121948242,88.44953155517578,231.73678588867188,132.93826293945312,96.99492645263672,217.39999389648438,351.9599914550781,392.73919677734375,58.969207763671875,192.05764770507812,8424.9697265625,801.7125244140625,62.5,186.9259490966797,86.29395294189453,53.13999938964844,502.69146728515625,212.48171997070312,741.9099731445312,554.72998046875,543.5296630859375,271.5654602050781,46.720001220703125,256.986083984375,11.505000114440918,150.93759155273438,52.75431823730469,301.53082275390625,75.5356216430664
2023-08-01,30.976945877075195,88.38999938964844,229.8375244140625,129.54832458496094,95.56509399414062,215.89999389648438,352.260009765625,396.5221252441406,59.31678771972656,192.8974609375,8309.4775390625,797.000732421875,61.400001525878906,187.8394317626953,86.21528625488281,52.970001220703125,501.0733337402344,212.1638946533203,739.0700073242188,532.2999877929688,547.5108642578125,272.6206359863281,44.29499816894531,261.1148376464844,11.484999656677246,151.97311401367188,52.75431823730469,298.64715576171875,75.84320831298828
2023-08-02,30.834218978881836,89.30000305175781,227.0084686279297,130.08407592773438,95.2635726928711,211.75,351.19000244140625,392.4803771972656,58.50246047973633,192.74302673339844,8249.740234375,797.4660034179688,61.79999923706055,187.23043823242188,84.0323715209961,52.0,501.13287353515625,213.48489379882812,732.1199951171875,519.1799926757812,541.4395751953125,268.1611022949219,43.439998626708984,258.3853454589844,11.234999656677246,146.6959228515625,52.09221267700195,295.5955810546875,66.92338562011719
2023-08-03,30.214088439941406,89.5999984741211,224.26841735839844,129.29505920410156,94.75777435302734,211.5,353.80999755859375,381.99761962890625,58.830177307128906,195.8030548095703,8152.1689453125,751.7243041992188,61.75,182.44703674316406,83.07857513427734,51.59000015258789,501.19244384765625,213.80271911621094,771.4500122070312,507.7699890136719,534.1739501953125,269.5148620605469,43.974998474121094,239.09169006347656,11.03499984741211,147.17385864257812,52.150634765625,278.3133544921875,65.5640869140625
2023-08-04,30.248538970947266,89.72000122070312,220.70733642578125,129.10023498535156,93.58084106445312,214.0,349.989990234375,385.1036071777344,59.77360534667969,197.95570373535156,8102.3876953125,750.1998901367188,62.599998474121094,181.48446655273438,82.63610076904297,51.619998931884766,499.07794189453125,213.77291870117188,766.4400024414062,504.0799865722656,528.3016967773438,267.4642639160156,44.16999816894531,233.0513153076172,11.109999656677246,145.03311157226562,52.676422119140625,280.890869140625,64.5421371459961
2023-08-07,30.593055725097656,89.5,220.88540649414062,128.52549743652344,94.55352020263672,215.0500030517578,362.5799865722656,388.62774658203125,61.38239669799805,201.1315460205078,8170.09033203125,766.423828125,62.20000076293945,180.25668334960938,83.30473327636719,52.369998931884766,507.02972412109375,213.66329956054688,774.739990234375,508.3399963378906,543.131591796875,271.33648681640625,43.94499969482422,233.77064514160156,11.0,149.73281860351562,52.75431823730469,283.72515869140625,64.45283508300781
2023-08-08,30.883434295654297,89.5,218.521240234375,127.59033966064453,94.49515533447266,212.64999389648438,363.7300109863281,384.7751159667969,60.76668167114258,197.97499084472656,8237.79296875,766.6416015625,62.04999923706055,181.32730102539062,80.86615753173828,52.31999969482422,502.1851806640625,213.13511657714844,780.3200073242188,509.760009765625,636.8882446289062,266.3891906738281,43.30500030517578,234.84471130371094,11.114999771118164,147.3730010986328,52.5206298828125,280.011962890625,63.35149383544922
2023-08-09,30.671802520751953,89.77999877929688,217.2649688720703,127.22017669677734,94.46597290039062,214.5,358.0199890136719,385.9199523925781,61.14405822753906,199.35537719726562,8217.8798828125,766.6416015625,62.099998474121094,183.77304077148438,81.55447387695312,52.02000045776367,498.4624328613281,215.47705078125,785.6099853515625,518.75,628.7268676757812,265.88153076171875,43.51499938964844,235.1009063720703,10.944999694824219,144.53526306152344,51.994842529296875,281.8487854003906,63.371341705322266
2023-08-10,30.78499984741211,90.5999984741211,218.47178649902344,127.53189849853516,94.1936264038086,225.0,356.9800109863281,386.0692443847656,61.87894058227539,197.69505310058594,8317.4423828125,766.2456665039062,63.04999923706055,183.61587524414062,81.73146057128906,52.689998626708984,499.822509765625,213.28460693359375,793.010009765625,507.489990234375,621.0630493164062,266.8271789550781,44.314998626708984,233.75094604492188,11.109999656677246,143.98764038085938,51.91694641113281,282.7474670410156,63.460975646972656
2023-08-11,30.7450008392334,90.04000091552734,221.27117919921875,127.65853881835938,93.53221130371094,223.25,358.3500061035156,385.9498291015625,61.48170471191406,198.63140869140625,8233.8095703125,766.3248291015625,61.54999923706055,183.78285217285156,82.05594635009766,52.56999969482422,504.319580078125,217.2509307861328,806.9500122070312,505.510009765625,617.6790161132812,268.35015869140625,43.650001525878906,235.22900390625,11.079999923706055,138.23251342773438,51.371681213378906,285.1966247558594,62.44512176513672
2023-08-14,30.65999984741211,90.95999908447266,223.4473876953125,126.07070922851562,93.23067474365234,224.3000030517578,358.4800109863281,386.9453430175781,61.352603912353516,199.28781127929688,8253.72265625,762.375244140625,60.599998474121094,183.8221435546875,81.77079772949219,52.709999084472656,507.2183532714844,217.240966796875,808.3800048828125,507.70001220703125,616.3851928710938,269.65423583984375,43.849998474121094,233.62283325195312,11.1899995803833,141.2793426513672,51.449581146240234,287.1125183105469,63.61036682128906
2023-08-15,30.610000610351562,90.33999633789062,221.4195556640625,122.8580322265625,92.04402160644531,221.25,354.5,385.3126525878906,60.03180694580078,198.05221557617188,8164.1162109375,752.4865112304688,59.599998474121094,182.34881591796875,81.45613861083984,51.869998931884766,503.0091552734375,215.41725158691406,805.9099731445312,509.3699951171875,620.266845703125,267.54388427734375,43.560001373291016,229.1689453125,10.960000038146973,139.47714233398438,51.33273696899414,281.5920715332031,61.7778434753418
2023-08-16,30.3799991607666,90.33999633789062,219.74781799316406,126.49317169189453,91.4215087890625,221.75,354.1099853515625,385.0140380859375,58.8916130065918,198.85342407226562,8122.30029296875,746.1117553710938,59.20000076293945,174.8250274658203,80.20735931396484,51.0,499.9018859863281,214.37086486816406,797.3400268554688,499.54998779296875,630.8169555664062,265.8316955566406,43.564998626708984,228.94229125976562,11.015000343322754,137.65499877929688,51.78063201904297,282.3623352050781,61.100608825683594
2023-08-17,30.399999618530273,89.30000305175781,215.79107666015625,127.82933044433594,90.8476333618164,221.9499969482422,353.19000244140625,382.6546630859375,58.90157699584961,196.95176696777344,8076.0,746.2008666992188,58.349998474121094,173.17489624023438,80.19752502441406,51.33000183105469,490.3716125488281,212.16845703125,796.72998046875,486.4200134277344,634.4000244140625,264.3982849121094,43.31999969482422,229.49411010742188,11.140000343322754,136.9978485107422,51.001686096191406,280.9599914550781,60.00508117675781
2023-08-18,30.53499984741211,89.12000274658203,216.9781036376953,128.91004943847656,91.7813949584961,221.14999389648438,352.55999755859375,380.28533935546875,59.94716262817383,196.66217041015625,8038.0,742.172119140625,57.20000076293945,173.31240844726562,80.15818786621094,50.31999969482422,494.819091796875,213.6931915283203,812.4000244140625,483.7300109863281,625.5999755859375,267.81268310546875,42.904998779296875,230.20358276367188,11.194999694824219,142.04603576660156,50.39799880981445,281.2760009765625,59.078861236572266
2023-08-21,30.610000610351562,88.83999633789062,215.2371368408203,125.55000305175781,91.7522201538086,220.8000030517578,352.0899963378906,376.7811584472656,59.60858917236328,195.57138061523438,8068.0,738.1829223632812,56.54999923706055,171.9078369140625,80.24668884277344,50.130001068115234,494.0646057128906,214.8890838623047,844.3699951171875,481.9700012207031,630.5999755859375,273.5663146972656,42.94499969482422,230.1838836669922,11.09000015258789,148.12973022460938,50.144840240478516,281.6611633300781,59.1784553527832
2023-08-22,30.274999618530273,89.30000305175781,223.29901123046875,122.74996185302734,91.46041107177734,221.10000610351562,350.57000732421875,381.8184509277344,58.79203796386719,192.56927490234375,8042.0,748.6541137695312,57.25,172.60520935058594,82.32144165039062,50.189998626708984,488.7633972167969,214.0419921875,840.6300048828125,488.3500061035156,635.0,273.57623291015625,43.14500045776367,231.15939331054688,11.03499984741211,147.21368408203125,51.137996673583984,281.5229187011719,59.307926177978516
2023-08-23,29.729999542236328,88.94000244140625,224.73333740234375,121.05027770996094,91.74249267578125,221.75,354.260009765625,389.9716796875,59.967079162597656,193.7855682373047,8128.0,755.9431762695312,58.900001525878906,174.6776885986328,82.28211212158203,50.279998779296875,485.8844909667969,214.20144653320312,840.8099975585938,503.0299987792969,651.9000244140625,275.90557861328125,42.72999954223633,230.8539276123047,11.170000076293945,147.68267822265625,51.4106330871582,282.1944580078125,61.51890182495117
2023-08-24,29.924999237060547,88.83999633789062,220.5589599609375,121.92467498779297,91.5090560913086,222.39999389648438,354.29998779296875,385.2828063964844,59.29989242553711,193.16775512695312,8172.0,760.8853759765625,58.70000076293945,173.99996948242188,79.70587158203125,49.88999938964844,484.55419921875,211.75987243652344,831.2100219726562,486.0199890136719,645.7999877929688,271.346435546875,42.209999084472656,229.017822265625,11.234999656677246,142.2144317626953,50.5343132019043,283.0635070800781,60.30385971069336
2023-08-25,30.059999465942383,89.5199966430664,220.65789794921875,119.6551742553711,92.47200012207031,222.10000610351562,355.92999267578125,387.42816162109375,59.25010299682617,196.1698760986328,8182.0,766.6131591796875,58.5,174.3732147216797,80.81700134277344,50.04999923706055,485.5667724609375,211.4608917236328,830.3499755859375,492.67999267578125,639.0,272.0333251953125,42.185001373291016,230.3080596923828,11.345000267028809,144.0504913330078,51.157474517822266,284.71270751953125,60.43333435058594
2023-08-28,30.309999465942383,89.9000015258789,220.31167602539062,121.26643371582031,93.25985717773438,224.6999969482422,355.54998779296875,389.5834655761719,60.38531494140625,196.2664031982422,,774.1409301757812,59.54999923706055,175.00181579589844,80.03036499023438,50.380001068115234,487.71112060546875,211.51072692871094,830.8900146484375,493.0799865722656,646.5,276.2738952636719,42.689998626708984,230.873779296875,11.335000038146973,145.10821533203125,51.507999420166016,286.2532958984375,61.369510650634766
2023-08-29,30.3700008392334,90.55999755859375,223.96177673339844,123.94857788085938,93.6197509765625,225.5,358.2900085449219,391.64898681640625,61.46078109741211,195.6775665283203,8200.0,786.17333984375,60.349998474121094,178.27261352539062,80.7088394165039,50.66999816894531,489.2498474121094,210.60385131835938,830.1900024414062,511.489990234375,647.5,278.07562255859375,43.04499816894531,228.40248107910156,11.4399995803833,149.65843200683594,51.58589172363281,290.00604248046875,62.484962463378906
2023-08-30,30.139999389648438,90.66000366210938,227.819580078125,124.72472381591797,94.11581420898438,225.10000610351562,361.05999755859375,391.5292663574219,61.610145568847656,195.42657470703125,8196.0,788.1124267578125,60.45000076293945,179.0387420654297,80.93498992919922,50.40999984741211,487.95928955078125,211.63031005859375,834.9500122070312,510.80999755859375,644.0,278.4837646484375,43.099998474121094,230.2882080078125,11.380000114440918,150.62635803222656,51.25484085083008,291.8428649902344,62.365447998046875
2023-08-31,30.174999237060547,89.81999969482422,227.9877471923828,124.33174133300781,93.43494415283203,224.35000610351562,360.20001220703125,390.0125427246094,62.54620361328125,195.6486053466797,8178.0,777.0147705078125,61.79999923706055,178.0958251953125,80.1385269165039,50.540000915527344,473.1178894042969,207.38494873046875,826.489990234375,511.4100036621094,637.0,276.03497314453125,43.084999084472656,228.31314086914062,11.380000114440918,152.43246459960938,51.72220993041992,291.813232421875,62.226016998291016
2023-09-01,30.389999389648438,89.55999755859375,229.99578857421875,123.31978607177734,93.0653305053711,224.25,362.4599914550781,393.38519287109375,61.93876266479492,195.85130310058594,8176.0,773.1763305664062,61.29999923706055,177.57522583007812,80.75799560546875,50.869998931884766,472.7803649902344,205.87017822265625,831.6300048828125,511.2900085449219,650.5999755859375,279.5289611816406,42.8650016784668,234.8636016845703,11.354999542236328,153.65985107421875,51.56642150878906,294.311767578125,64.0186996459961
2023-09-04,30.3700008392334,88.81999969482422,,,,223.3000030517578,,,,,8168.0,,60.5,,,50.63999938964844,,,,,655.4000244140625,,42.14500045776367,,11.289999961853027,,51.1964225769043,,
2023-09-05,28.524999618530273,88.27999877929688,227.9382781982422,122.9955825805664,91.92730712890625,221.9499969482422,360.4700012207031,392.69671630859375,61.719688415527344,195.50381469726562,8158.0,764.266357421875,59.70000076293945,177.21182250976562,78.86024475097656,50.650001525878906,477.317138671875,203.7474822998047,822.9099731445312,496.010009765625,661.7999877929688,272.9988708496094,41.165000915527344,230.09963989257812,11.234999656677246,153.28065490722656,50.456417083740234,289.0579833984375,62.4052848815918
2023-09-06,28.719999313354492,87.94000244140625,227.12716674804688,121.54151153564453,90.99353790283203,221.25,361.6700134277344,393.29541015625,61.46078109741211,196.59461975097656,8264.0,763.6199951171875,60.0,174.84466552734375,79.3617172241211,50.119998931884766,473.47528076171875,203.89698791503906,818.3900146484375,487.9599914550781,663.7000122070312,273.31744384765625,41.2400016784668,233.92074584960938,11.305000305175781,152.8515625,49.677467346191406,289.69989013671875,61.33963394165039
2023-09-07,28.8799991607666,86.5199966430664,231.0839080810547,122.27837371826172,90.73091125488281,221.25,361.79998779296875,392.72662353515625,61.12220764160156,199.24420166015625,8176.0,771.2173461914062,59.349998474121094,179.30393981933594,78.59475708007812,50.2400016784668,481.2881164550781,204.54473876953125,825.260009765625,477.2099914550781,676.2999877929688,270.6496887207031,41.150001525878906,230.80430603027344,11.369999885559082,147.9121856689453,49.463260650634766,288.47528076171875,60.164432525634766
2023-09-08,28.920000076293945,87.0,228.7889862060547,121.5218734741211,91.1102523803711,222.25,363.1499938964844,389.86285400390625,62.55615997314453,198.95303344726562,8264.0,767.1303100585938,59.25,177.6734619140625,78.62425231933594,50.189998626708984,479.13543701171875,202.6114044189453,830.6900024414062,465.7900085449219,677.5999755859375,272.3319396972656,41.20500183105469,233.1068878173828,11.4399995803833,147.21368408203125,49.424312591552734,294.7956848144531,59.706302642822266
2023-09-11,28.899999618530273,86.69999694824219,229.4022979736328,120.51974487304688,91.94674682617188,224.75,365.5199890136719,388.5157775878906,62.93456268310547,199.85565185546875,8300.0,770.2925415039062,59.29999923706055,177.07431030273438,80.04019927978516,51.20000076293945,477.75018310546875,201.23614501953125,833.530029296875,471.510009765625,683.9000244140625,271.23699951171875,41.400001525878906,231.8265838623047,11.550000190734863,146.3954620361328,49.52167892456055,299.03228759765625,59.477237701416016
2023-09-12,28.979999542236328,85.80000305175781,227.94818115234375,120.25448608398438,91.86893463134766,226.8000030517578,367.7799987792969,386.4502868652344,63.52208709716797,200.07887268066406,8334.0,768.781005859375,57.599998474121094,176.00369262695312,79.62721252441406,50.66999816894531,478.2684020996094,200.89730834960938,832.77001953125,470.1199951171875,681.5,259.6799011230469,41.130001068115234,233.63290405273438,11.550000190734863,143.6613311767578,48.401939392089844,298.3805236816406,59.387603759765625
2023-09-13,28.774999618530273,85.31999969482422,226.345703125,120.77519226074219,92.6470718383789,227.35000610351562,367.82000732421875,389.0047302246094,62.9544792175293,201.3114776611328,8248.0,764.6343383789062,57.0,173.80352783203125,79.96153259277344,48.32500076293945,478.2086181640625,203.80728149414062,826.25,458.2900085449219,673.7000122070312,261.2925109863281,40.900001525878906,231.81666564941406,11.479999542236328,144.27001953125,48.25588607788086,299.35821533203125,57.54512023925781
2023-09-14,28.809999465942383,85.30000305175781,228.37353515625,122.58293151855469,93.67810821533203,231.5,369.5,395.33099365234375,63.4523811340332,201.6899871826172,8366.0,777.8003540039062,58.349998474121094,177.86007690429688,80.59083557128906,48.89500045776367,481.9558410644531,202.94027709960938,832.3800048828125,462.0799865722656,682.9000244140625,262.9786682128906,,235.26060485839844,11.609999656677246,144.26004028320312,49.950103759765625,302.291259765625,59.00914764404297
2023-09-15,29.114999771118164,85.0,217.640869140625,120.8930892944336,93.17232513427734,233.4499969482422,367.8599853515625,387.4181823730469,64.12952423095703,200.72915649414062,8342.0,771.883544921875,57.349998474121094,176.93678283691406,80.40400695800781,49.400001525878906,485.0453186035156,200.9571075439453,823.4000244140625,450.69000244140625,666.5,255.69532775878906,41.939998626708984,233.60313415527344,11.640000343322754,137.95358276367188,49.093257904052734,298.3508605957031,58.391666412353516
2023-09-18,29.200000762939453,85.62000274658203,215.36573791503906,117.24811553955078,94.31034088134766,231.5,370.42999267578125,388.6754455566406,64.18927001953125,200.4670867919922,8390.0,765.1712646484375,55.5,176.337646484375,81.41681671142578,48.64500045776367,484.407470703125,200.478759765625,824.510009765625,450.2699890136719,650.4000244140625,255.1266326904297,41.7400016784668,236.55084228515625,11.585000038146973,139.96925354003906,48.29483413696289,295.802978515625,57.8040657043457
2023-09-19,29.309999465942383,86.12000274658203,215.14810180664062,118.06356811523438,94.66051483154297,233.35000610351562,370.4800109863281,388.4659118652344,63.163597106933594,200.39915466308594,8420.0,752.0151977539062,55.5,174.2062225341797,81.24964904785156,48.93000030517578,479.02581787109375,203.96673583984375,836.760009765625,457.3800048828125,647.0,253.70986938476562,39.040000915527344,232.91831970214844,11.774999618530273,137.4147491455078,48.27536392211914,295.5067138671875,57.6347541809082
2023-09-20,29.31999969482422,87.26000213623047,212.58612060546875,118.29936981201172,95.03985595703125,231.39999389648438,366.82000732421875,385.4025573730469,63.36275863647461,199.845947265625,8376.0,753.47705078125,56.70000076293945,174.25534057617188,80.11886596679688,49.154998779296875,490.45684814453125,204.4949188232422,831.6199951171875,455.3500061035156,662.5999755859375,253.63006591796875,39.584999084472656,231.05242919921875,11.854999542236328,136.67633056640625,49.01536560058594,291.1515808105469,57.385772705078125
2023-09-21,29.295000076293945,87.26000213623047,208.33261108398438,115.2635269165039,93.29876708984375,229.9499969482422,363.2799987792969,371.5027770996094,61.12220764160156,196.25491333007812,8340.0,729.4122314453125,55.25,166.30918884277344,79.7916030883789,47.77000045776367,499.43621826171875,204.43511962890625,823.3800048828125,438.6499938964844,642.2999877929688,252.86181640625,39.53499984741211,227.09237670898438,11.654999732971191,134.900146484375,49.01536560058594,283.4980163574219,56.469512939453125
2023-09-22,29.209999084472656,86.62000274658203,208.2139129638672,110.62625885009766,92.33582305908203,232.14999389648438,360.1600036621094,370.8841247558594,61.898929595947266,195.7793426513672,8378.0,727.8211059570312,54.900001525878906,163.25450134277344,79.60317993164062,47.63999938964844,504.37933349609375,204.44508361816406,824.8400268554688,435.69000244140625,641.4000244140625,251.69448852539062,39.20500183105469,229.04759216308594,11.520000457763672,135.8780517578125,49.01536560058594,283.0733947753906,55.42378234863281
2023-09-25,28.989999771118164,85.4800033569336,210.20217895507812,110.29222869873047,91.15888977050781,229.35000610351562,361.7099914550781,370.65460205078125,63.2830924987793,194.93496704101562,8306.0,729.2530517578125,53.650001525878906,162.77320861816406,79.30567169189453,46.31999969482422,508.5451354980469,207.70384216308594,834.6400146484375,437.239990234375,637.2000122070312,253.93934631347656,38.83000183105469,229.77210998535156,11.505000114440918,136.29714965820312,49.01536560058594,286.00640869140625,55.33414840698242
2023-09-26,28.829999923706055,84.63999938964844,206.2849884033203,107.56095123291016,89.82730865478516,230.4499969482422,359.4200134277344,363.2806396484375,61.25165939331055,193.9449920654297,8296.0,707.0578002929688,53.349998474121094,160.01318359375,78.29414367675781,45.68000030517578,503.7315673828125,204.65435791015625,832.4099731445312,432.4200134277344,650.0999755859375,247.89317321777344,38.36000061035156,227.33058166503906,11.404999732971191,133.7925262451172,49.01536560058594,283.13262939453125,54.85609817504883
2023-09-27,28.450000762939453,83.45999908447266,204.7220916748047,107.81639099121094,89.0875473022461,226.9499969482422,357.7799987792969,362.2728271484375,61.829227447509766,194.4593963623047,8264.0,703.1497192382812,52.349998474121094,156.85043334960938,77.5702133178711,45.720001220703125,502.01739501953125,204.1461181640625,832.5599975585938,436.8599853515625,647.5,246.69590759277344,37.91999816894531,228.2238311767578,11.255000114440918,134.77041625976562,49.01536560058594,281.7105407714844,54.786380767822266
2023-09-28,28.56999969482422,82.69999694824219,205.53321838378906,107.6395492553711,91.7802963256836,228.5500030517578,357.05999755859375,367.73095703125,62.28729248046875,195.72109985351562,8240.0,716.9421997070312,52.599998474121094,159.4336700439453,78.03630828857422,45.349998474121094,508.3657531738281,202.5615692138672,834.5700073242188,436.9800109863281,651.5,250.0781707763672,38.20000076293945,229.57362365722656,11.079999923706055,137.92364501953125,49.01536560058594,283.3005065917969,55.86199188232422
2023-09-29,28.520000457763672,83.45999908447266,205.59255981445312,108.63185119628906,91.31671142578125,225.6999969482422,350.29998779296875,364.61773681640625,61.34128189086914,194.32351684570312,8234.0,722.2026977539062,53.849998474121094,161.52578735351562,77.70904541015625,45.45000076293945,502.475830078125,200.3591766357422,822.9600219726562,437.2699890136719,643.9000244140625,245.4188232421875,38.53499984741211,226.74502563476562,11.199999809265137,138.1531524658203,49.01536560058594,281.5914611816406,55.045326232910156
2023-10-02,28.225000381469727,82.26000213623047,203.51528930664062,104.81986236572266,90.16267395019531,222.6999969482422,348.0799865722656,365.9248962402344,60.73384475708008,194.2555694580078,8180.0,708.6985473632812,53.79999923706055,158.8345184326172,77.12394714355469,44.8650016784668,512.820556640625,198.87429809570312,818.030029296875,430.95001220703125,636.7999877929688,246.64602661132812,37.974998474121094,223.8568572998047,10.895000457763672,139.21087646484375,49.01536560058594,277.2990417480469,55.22459411621094
2023-10-03,28.239999771118164,82.18000030517578,197.99562072753906,105.28162384033203,89.03822326660156,220.9499969482422,343.0400085449219,355.647216796875,58.75220489501953,195.72109985351562,8138.0,697.2628173828125,52.20000076293945,155.28871154785156,75.90416717529297,43.880001068115234,507.7378845214844,199.7811737060547,808.3099975585938,425.2099914550781,625.7000122070312,243.4233856201172,37.93000030517578,222.21923828125,10.59000015258789,136.42686462402344,49.01536560058594,279.99176025390625,53.73069381713867
2023-10-04,28.485000610351562,82.73999786376953,197.4317626953125,104.75108337402344,90.0837631225586,219.64999389648438,343.69000244140625,361.4945068359375,59.51897048950195,197.25457763671875,8050.0,711.930419921875,51.04999923706055,154.8761749267578,75.63640594482422,44.26499938964844,508.88397216796875,200.56845092773438,814.989990234375,433.2099914550781,634.7000122070312,242.8048095703125,37.96500015258789,225.95101928710938,10.710000038146973,139.0013427734375,49.01536560058594,283.0620422363281,53.74065017700195
2023-10-05,28.709999084472656,83.68000030517578,197.63951110839844,103.30685424804688,90.72489929199219,220.6999969482422,345.05999755859375,360.4966735839844,60.16624069213867,201.29205322265625,8080.0,716.962158203125,51.29999923706055,155.8878631591797,75.51741027832031,43.869998931884766,514.474853515625,200.10006713867188,831.1199951171875,430.5199890136719,635.7999877929688,244.8700714111328,38.290000915527344,223.7278289794922,10.789999961853027,138.98138427734375,49.01536560058594,278.0740661621094,53.56138229370117
2023-10-06,28.114999771118164,82.31999969482422,197.38230895996094,103.1693115234375,90.91230010986328,224.3000030517578,346.3399963378906,363.2706604003906,61.76947784423828,205.6886444091797,8186.0,719.6171875,51.349998474121094,156.73257446289062,75.48765563964844,44.07500076293945,523.0256958007812,200.697998046875,836.5700073242188,445.9800109863281,645.2999877929688,244.82020568847656,39.060001373291016,225.91131591796875,10.699999809265137,139.9892120361328,49.01536560058594,279.26641845703125,51.78861999511719
2023-10-09,28.149999618530273,82.30000305175781,198.56935119628906,103.90616607666016,91.0503921508789,222.5,345.45001220703125,365.6754150390625,61.34128189086914,209.40585327148438,8154.0,727.3040771484375,51.79999923706055,159.13900756835938,74.50587463378906,43.439998626708984,524.719970703125,201.71450805664062,831.8200073242188,442.25,640.0,248.38204956054688,,226.37779235839844,10.854999542236328,139.84950256347656,49.01536560058594,282.4559020996094,51.947967529296875
2023-10-10,28.704999923706055,84.58000183105469,200.55760192871094,107.70832061767578,92.76665496826172,225.25,348.55999755859375,368.7786560058594,61.80931091308594,209.72613525390625,8258.0,734.6626586914062,52.45000076293945,157.31346130371094,75.54715728759766,44.7599983215332,522.4576416015625,201.88392639160156,834.9600219726562,450.70001220703125,650.0999755859375,252.49266052246094,39.189998626708984,227.47946166992188,11.074999809265137,141.09683227539062,49.01536560058594,286.07269287109375,53.73069381713867
2023-10-11,28.8700008392334,84.80000305175781,201.0917510986328,107.07954406738281,91.8789291381836,226.9499969482422,348.42999267578125,371.0936584472656,62.83498001098633,210.70640563964844,8266.0,750.2451782226562,52.45000076293945,164.3179473876953,72.28448486328125,44.85499954223633,522.3480224609375,199.20315551757812,836.0700073242188,445.8800048828125,681.7999877929688,243.51319885253906,39.040000915527344,228.3230743408203,11.045000076293945,141.87515258789062,49.01536560058594,289.03369140625,53.9697151184082
2023-10-12,27.725000381469727,84.18000030517578,194.77085876464844,108.85781860351562,90.61640167236328,226.5,345.6600036621094,365.02685546875,61.042545318603516,213.5792236328125,8292.0,739.1773681640625,51.349998474121094,162.9488067626953,70.6977767944336,44.2599983215332,523.7532348632812,197.19009399414062,838.489990234375,428.30999755859375,710.2000122070312,234.43394470214844,39.07500076293945,225.8319091796875,10.854999542236328,144.68911743164062,49.01536560058594,283.96624755859375,51.15121841430664
2023-10-13,27.6299991607666,83.12000274658203,193.63330078125,110.01713562011719,91.0010757446289,222.8000030517578,345.0899963378906,362.9214172363281,59.996952056884766,212.9192657470703,8212.0,738.4912109375,49.86000061035156,165.64743041992188,71.36221313476562,43.560001373291016,537.566162109375,200.86741638183594,839.6300048828125,426.17999267578125,716.5,236.87835693359375,38.93000030517578,226.0105743408203,10.975000381469727,140.83738708496094,49.01536560058594,283.6383361816406,52.2069091796875
2023-10-16,27.774999618530273,83.0199966430664,196.10626220703125,109.4374771118164,91.8493423461914,224.25,346.2300109863281,366.74310302734375,60.08657455444336,212.37576293945312,8222.0,747.212158203125,50.099998474121094,167.84996032714844,71.1539535522461,43.595001220703125,536.2008056640625,200.64817810058594,843.6599731445312,429.54998779296875,706.9000244140625,238.87379455566406,39.01499938964844,226.53659057617188,11.0,140.69769287109375,49.01536560058594,285.2877502441406,54.34817123413086
2023-10-17,27.625,82.62000274658203,196.00733947753906,110.58696746826172,92.11565399169922,224.5500030517578,345.3900146484375,366.51361083984375,60.1861572265625,210.1240692138672,8194.0,738.7695922851562,49.52000045776367,165.5978240966797,72.20514678955078,43.20000076293945,534.8255004882812,202.2526397705078,836.8499755859375,436.0899963378906,713.0,243.41342163085938,38.71500015258789,227.08245849609375,10.994999885559082,142.41400146484375,49.01536560058594,289.0436096191406,55.5134162902832
2023-10-18,27.579999923706055,83.13999938964844,191.36807250976562,108.27815246582031,91.9381103515625,223.3000030517578,340.8900146484375,359.1196594238281,57.70661163330078,209.6291046142578,8074.0,728.83544921875,48.79999923706055,161.5002899169922,72.09606170654297,42.525001525878906,534.2374877929688,201.0567626953125,826.030029296875,425.32000732421875,712.7999877929688,241.9567413330078,38.435001373291016,222.2291717529297,10.979999542236328,141.146728515625,49.01536560058594,281.5716247558594,54.70670700073242
2023-10-19,27.514999389648438,83.4800033569336,188.4005126953125,106.46058654785156,89.49195861816406,221.25,338.6600036621094,356.78472900390625,55.376441955566406,207.81414794921875,8226.0,699.8781127929688,48.279998779296875,158.17662048339844,71.74897003173828,42.14500045776367,529.8225708007812,198.74473571777344,808.6400146484375,425.67999267578125,684.2000122070312,243.4932403564453,37.845001220703125,220.03575134277344,10.90999984741211,134.1417694091797,49.26000213623047,278.81927490234375,53.780487060546875
2023-10-20,27.219999313354492,82.63999938964844,188.44007873535156,106.92234802246094,91.29698181152344,217.39999389648438,335.8599853515625,349.27105712890625,54.679378509521484,206.542724609375,8228.0,701.677978515625,48.939998626708984,158.83143615722656,72.09606170654297,41.474998474121094,525.2382202148438,199.1732635498047,808.469970703125,427.0,677.7000122070312,240.57989501953125,37.400001525878906,217.5446014404297,10.899999618530273,133.8324432373047,49.26000213623047,276.79229736328125,53.232723236083984
2023-10-23,27.434999465942383,82.95999908447266,186.34300231933594,105.53705596923828,89.67935943603516,217.8000030517578,336.8399963378906,349.4407043457031,54.9980354309082,207.31918334960938,8184.0,695.54248046875,48.540000915527344,158.0377197265625,71.78864288330078,40.98500061035156,519.7967529296875,197.24989318847656,795.5399780273438,427.7200012207031,682.2000122070312,240.3903350830078,37.77000045776367,214.67630004882812,10.925000190734863,133.94219970703125,49.26000213623047,272.9172058105469,52.46585464477539
2023-10-24,27.7549991607666,84.37999725341797,185.30821228027344,106.77497100830078,89.59059143066406,218.14999389648438,338.6300048828125,347.18560791015625,55.98387908935547,207.94033813476562,8248.0,700.2162475585938,49.439998626708984,161.94674682617188,71.36221313476562,41.28499984741211,523.215087890625,197.96742248535156,804.280029296875,430.7699890136719,681.9000244140625,229.59500122070312,37.51499938964844,217.5545196533203,11.095000267028809,134.6107635498047,49.26000213623047,275.4707946777344,52.30650329589844
2023-10-25,27.850000381469727,85.5199966430664,185.15895080566406,108.42552947998047,88.80150604248047,220.14999389648438,336.8999938964844,348.3730163574219,54.64950942993164,207.77532958984375,8284.0,678.4285888671875,48.08000183105469,160.65696716308594,70.80686950683594,41.03499984741211,528.4074096679688,197.01072692871094,797.0399780273438,412.67999267578125,692.4000244140625,224.8458709716797,36.779998779296875,216.93917846679688,11.100000381469727,129.83103942871094,49.26000213623047,272.7284240722656,51.031707763671875
2023-10-26,27.915000915527344,84.36000061035156,183.80575561523438,108.92659759521484,88.48587036132812,219.5500030517578,336.1600036621094,347.5049133300781,54.3408088684082,209.0855712890625,8306.0,715.4904174804688,48.2599983215332,173.68374633789062,69.7854232788086,40.7599983215332,526.5636596679688,205.21243286132812,792.010009765625,397.42999267578125,676.5,221.30397033691406,36.3650016784668,216.46278381347656,11.109999656677246,130.55946350097656,49.26000213623047,275.88812255859375,50.663211822509766
2023-10-27,28.09000015258789,83.44000244140625,182.70130920410156,105.35039520263672,86.27643585205078,218.60000610351562,331.7099914550781,341.7374572753906,53.872779846191406,202.87405395507812,8208.0,706.42138671875,48.599998474121094,170.6378936767578,68.85323333740234,40.5099983215332,522.876220703125,198.2763671875,775.1799926757812,391.3699951171875,660.2000122070312,224.77603149414062,36.52000045776367,213.62425231933594,11.109999656677246,131.01849365234375,49.26000213623047,274.3877258300781,50.23495864868164
2023-10-30,28.30500030517578,84.37999725341797,186.78079223632812,106.76515197753906,88.17023468017578,221.0500030517578,337.4100036621094,344.32183837890625,54.82875442504883,205.1063232421875,8244.0,711.3338012695312,48.97999954223633,171.28277587890625,69.38874816894531,40.68000030517578,528.1881103515625,197.47911071777344,777.6699829101562,396.3900146484375,677.7000122070312,222.83047485351562,36.61000061035156,216.02609252929688,11.09000015258789,130.7490692138672,49.26000213623047,278.9087219238281,51.02174758911133
2023-10-31,28.0,84.73999786376953,189.61654663085938,108.84799194335938,87.9433822631836,220.89999389648438,341.3299865722656,348.5526428222656,55.16732406616211,207.17359924316406,8280.0,725.5638427734375,51.45000076293945,176.7891387939453,69.97383880615234,40.65999984741211,533.7391967773438,199.043701171875,779.8900146484375,399.4700012207031,677.0,225.62408447265625,36.7599983215332,214.67630004882812,11.220000267028809,132.0662384033203,49.26000213623047,280.6376037597656,51.0715446472168
2023-11-01,28.399999618530273,84.73999786376953,190.3329315185547,107.61990356445312,87.79542541503906,224.25,343.75,350.6380920410156,56.7108154296875,204.70840454101562,8362.0,735.0007934570312,53.349998474121094,176.97764587402344,70.26142883300781,40.27000045776367,529.7926025390625,203.24920654296875,791.27001953125,395.3500061035156,687.7000122070312,224.8458709716797,36.7599983215332,216.4131622314453,11.399999618530273,134.9999237060547,49.26000213623047,281.6014099121094,53.90996170043945
2023-11-02,28.475000381469727,85.72000122070312,193.3477783203125,109.12308502197266,89.69908905029297,223.60000610351562,349.0199890136719,375.1049499511719,58.47338104248047,206.309814453125,8360.0,758.9263916015625,56.150001525878906,182.7022705078125,71.49112701416016,41.279998779296875,534.3072509765625,204.45506286621094,818.7899780273438,419.44000244140625,709.5,227.4000244140625,37.779998779296875,216.30398559570312,11.404999732971191,138.21302795410156,49.26000213623047,287.77178955078125,57.04715347290039
2023-11-03,28.325000762939453,86.91999816894531,193.9646759033203,110.87187957763672,90.27117156982422,221.0,351.80999755859375,382.0697937011719,60.83342361450195,202.47613525390625,8294.0,766.4541015625,57.849998474121094,189.0718231201172,71.95722961425781,42.060001373291016,529.0950317382812,209.49766540527344,816.9000244140625,429.29998779296875,683.9000244140625,230.31336975097656,37.73500061035156,224.18438720703125,11.369999885559082,139.4503631591797,49.26000213623047,291.3289489746094,58.939430236816406
2023-11-06,28.34000015258789,86.63999938964844,193.2582244873047,109.10343933105469,89.72867584228516,221.14999389648438,346.6300048828125,383.8160095214844,59.13060760498047,206.76596069335938,8314.0,757.464599609375,56.45000076293945,185.23223876953125,72.8100814819336,42.060001373291016,531.6463623046875,208.8199920654297,832.4099731445312,423.0199890136719,701.0999755859375,230.47300720214844,37.20000076293945,218.34852600097656,11.265000343322754,140.05906677246094,49.26000213623047,289.4410400390625,58.750205993652344
2023-11-07,28.59000015258789,86.77999877929688,193.60647583007812,109.39817810058594,90.0344467163086,218.85000610351562,346.1700134277344,383.7362060546875,62.07817459106445,206.10598754882812,8454.0,753.765380859375,56.04999923706055,183.9920654296875,71.87789916992188,41.76499938964844,536.00146484375,206.97000122070312,830.7899780273438,422.4700012207031,705.7000122070312,232.57818603515625,37.130001068115234,217.99122619628906,11.359999656677246,141.4361114501953,49.26000213623047,252.83616638183594,58.46138381958008
2023-11-08,26.530000686645508,86.30000305175781,193.70596313476562,107.9244613647461,88.96917724609375,220.75,346.29998779296875,385.5422668457031,62.147884368896484,206.2904052734375,8514.0,755.6945190429688,56.0,182.97015380859375,71.11428833007812,41.43000030517578,534.9051513671875,205.83999633789062,822.7899780273438,427.7300109863281,715.2999877929688,231.02175903320312,38.19499969482422,215.85736083984375,11.270000457763672,143.92076110839844,49.26000213623047,258.271240234375,58.79999923706055
2023-11-09,26.885000228881836,86.5199966430664,189.5369415283203,104.91810607910156,88.57464599609375,222.3000030517578,348.17999267578125,386.8394470214844,62.0383415222168,210.0076141357422,8536.0,752.7809448242188,57.70000076293945,180.4104461669922,69.50774383544922,41.80500030517578,537.16748046875,204.27999877929688,800.260009765625,418.75,695.5,227.0408477783203,38.98500061035156,213.82275390625,11.390000343322754,142.863037109375,49.26000213623047,262.3053283691406,57.400001525878906
2023-11-10,26.75,84.72000122070312,193.62637329101562,106.43111419677734,88.47600555419922,222.0,350.55999755859375,393.1158142089844,63.2830924987793,210.7161102294922,8554.0,762.983642578125,57.0,182.34510803222656,70.09284973144531,40.154998779296875,539.3699951171875,204.77999877929688,798.9400024414062,428.7300109863281,691.5999755859375,232.2888641357422,38.96500015258789,217.37588500976562,11.449999809265137,150.35693359375,49.26000213623047,263.7659606933594,58.31999969482422
2023-11-13,27.0,85.27999877929688,192.87017822265625,105.41917419433594,88.77191162109375,221.39999389648438,350.010009765625,393.9539794921875,63.701332092285156,210.68699645996094,8448.0,758.280029296875,55.25,182.17645263671875,71.48121643066406,40.25,540.725341796875,204.41000366210938,796.7000122070312,432.3900146484375,693.5,229.46531677246094,39.25,215.7978057861328,11.3100004196167,149.41896057128906,49.26000213623047,263.3387145996094,57.95000076293945
2023-11-14,27.114999771118164,85.68000030517578,201.2281494140625,109.97541809082031,89.16645812988281,224.5,354.25,403.03424072265625,66.35015869140625,205.52365112304688,8322.0,786.030029296875,59.349998474121094,192.67327880859375,71.98697662353516,40.63999938964844,538.62255859375,208.0399932861328,793.7000122070312,454.25,682.7999877929688,237.03799438476562,40.20500183105469,221.30615234375,11.430000305175781,153.74964904785156,49.26000213623047,266.6971435546875,61.13999938964844
2023-11-15,26.8700008392334,85.37999725341797,203.82510375976562,129.5008087158203,90.47830963134766,224.5,356.7900085449219,401.1882629394531,66.1310806274414,204.84426879882812,8386.0,781.0,58.599998474121094,194.34007263183594,73.40509796142578,41.09000015258789,536.5794677734375,209.9199981689453,792.3800048828125,460.55999755859375,674.0,240.52003479003906,40.38999938964844,222.07037353515625,11.28499984741211,155.03688049316406,49.26000213623047,271.8738708496094,61.060001373291016
2023-11-16,26.774999618530273,83.45999908447266,201.2679443359375,128.984619140625,90.0344467163086,226.14999389648438,359.8599853515625,403.1040954589844,65.91645050048828,205.9409942626953,8416.0,780.3699951171875,57.400001525878906,197.544677734375,74.25794982910156,40.599998474121094,537.9846801757812,210.72999572753906,796.5399780273438,466.6400146484375,678.4000244140625,239.8715057373047,40.47999954223633,221.7428436279297,11.515000343322754,154.4780731201172,49.26000213623047,271.8540344238281,61.119998931884766
2023-11-17,26.625,83.22000122070312,202.68084716796875,128.9349822998047,90.69530487060547,228.5,358.92999267578125,407.235107421875,66.80491638183594,207.134765625,8550.0,774.6400146484375,58.349998474121094,196.18545532226562,74.13895416259766,41.45000076293945,534.4666748046875,211.72000122070312,802.4299926757812,463.69000244140625,694.2999877929688,245.8179168701172,40.51499938964844,223.80723571777344,11.555000305175781,148.2714080810547,49.26000213623047,268.2670593261719,60.97999954223633
2023-11-20,26.454999923706055,82.86000061035156,203.41714477539062,128.69674682617188,91.11943054199219,228.8000030517578,361.3299865722656,410.647705078125,67.97290802001953,205.756591796875,8646.0,784.3400268554688,58.849998474121094,198.0705108642578,74.53562927246094,34.005001068115234,533.2807006835938,211.10000610351562,801.6400146484375,472.92999267578125,703.0999755859375,247.84329223632812,40.935001373291016,222.477294921875,11.545000076293945,152.24288940429688,49.26000213623047,270.41326904296875,61.16999816894531
2023-11-21,26.540000915527344,82.95999908447266,197.06906127929688,129.8383026123047,91.53370666503906,230.35000610351562,361.0,412.8629150390625,68.1026840209961,209.2117462158203,8682.0,788.3200073242188,56.95000076293945,195.9870147705078,77.96688842773438,33.98500061035156,537.7554931640625,212.3699951171875,798.8300170898438,477.7099914550781,700.7000122070312,247.99293518066406,40.89500045776367,222.1199951171875,11.545000076293945,148.9300079345703,49.26000213623047,274.5765380859375,60.209999084472656
2023-11-22,26.725000381469727,84.19999694824219,197.48695373535156,129.54049682617188,92.53978729248047,231.0,361.79998779296875,414.1999816894531,68.33228302001953,209.97848510742188,8868.0,794.3499755859375,58.20000076293945,197.22718811035156,77.71896362304688,32.814998626708984,541.9113159179688,211.60000610351562,799.72998046875,478.3299865722656,702.2000122070312,252.4327850341797,41.1150016784668,224.50999450683594,11.600000381469727,149.47999572753906,49.26000213623047,272.5197448730469,61.22999954223633
2023-11-23,26.78499984741211,83.66000366210938,,,,232.3000030517578,,,,,8886.0,,58.150001525878906,,,32.95000076293945,,,,,709.2999877929688,,41.18000030517578,,11.680000305175781,,49.26000213623047,,
2023-11-24,26.895000457763672,84.0,198.0740203857422,130.4934539794922,93.05268859863281,232.6999969482422,362.67999267578125,414.1999816894531,69.08099365234375,210.7937469482422,8858.0,795.0,57.79999923706055,197.75303649902344,78.31398010253906,32.64500045776367,545.2399291992188,212.72000122070312,798.2999877929688,478.17999267578125,716.7000122070312,251.60467529296875,41.625,225.49000549316406,11.789999961853027,150.33999633789062,49.26000213623047,272.7482604980469,61.459999084472656
2023-11-27,26.704999923706055,83.41999816894531,198.8202667236328,130.36439514160156,92.76665496826172,230.5,361.3399963378906,412.25,68.94123840332031,210.3472900390625,8898.0,796.4199829101562,58.5,199.628173828125,78.3437271118164,31.65999984741211,541.7418823242188,212.75999450683594,798.0800170898438,479.6300048828125,710.0,250.79652404785156,41.79499816894531,224.41000366210938,11.890000343322754,150.80999755859375,49.26000213623047,269.93634033203125,61.439998626708984
2023-11-28,26.479999542236328,83.22000122070312,199.04910278320312,130.701904296875,92.86528778076172,230.5500030517578,360.04998779296875,412.9800109863281,69.26068878173828,209.58056640625,8914.0,796.9199829101562,58.150001525878906,201.6223602294922,77.97679901123047,30.55500030517578,538.6923217773438,212.3300018310547,801.1400146484375,470.79998779296875,687.9000244140625,246.08729553222656,42.209999084472656,223.75,11.984999656677246,148.05999755859375,49.26000213623047,266.68719482421875,61.439998626708984
2023-11-29,26.34000015258789,82.72000122070312,198.9197540283203,130.35447692871094,92.37210845947266,231.0,358.69000244140625,414.6400146484375,74.6114730834961,208.51295471191406,8910.0,808.3099975585938,58.400001525878906,204.55908203125,78.20489501953125,30.670000076293945,533.1611328125,214.08999633789062,808.5900268554688,466.739990234375,689.4000244140625,248.5117645263672,42.90999984741211,223.9499969482422,11.975000381469727,149.36000061035156,49.26000213623047,264.77947998046875,61.45000076293945
2023-11-30,26.559999465942383,83.9000015258789,197.83522033691406,132.82615661621094,92.08606719970703,230.60000610351562,360.0,415.8299865722656,75.70957946777344,211.92929077148438,8906.0,815.010009765625,57.54999923706055,207.13865661621094,78.61148071289062,31.360000610351562,551.0899658203125,216.91000366210938,823.8099975585938,465.82000732421875,695.5,249.90855407714844,43.040000915527344,224.16000366210938,11.9350004196167,149.77999877929688,49.26000213623047,268.8234558105469,60.9900016784668
2023-12-01,26.485000610351562,83.4000015258789,202.89974975585938,133.78903198242188,92.76665496826172,235.25,357.07000732421875,422.0,74.74124908447266,213.07452392578125,8992.0,824.4199829101562,58.45000076293945,208.81536865234375,79.32550048828125,31.110000610351562,547.1599731445312,218.97000122070312,814.8599853515625,482.6000061035156,698.7000122070312,251.78427124023438,43.994998931884766,226.30999755859375,12.029999732971191,151.58999633789062,49.26000213623047,270.900146484375,63.11000061035156
2023-12-04,26.700000762939453,84.36000061035156,206.51158142089844,132.72691345214844,91.66193389892578,235.10000610351562,356.6600036621094,424.19000244140625,75.09065246582031,213.30746459960938,8990.0,822.3300170898438,59.400001525878906,207.0890350341797,79.09741973876953,30.825000762939453,548.280029296875,222.0,823.3200073242188,516.6099853515625,692.2000122070312,256.5533752441406,43.845001220703125,231.17999267578125,12.050000190734863,148.27000427246094,49.26000213623047,268.426025390625,63.599998474121094
2023-12-05,27.125,84.36000061035156,204.88973999023438,131.90301513671875,91.27725219726562,238.75,355.0299987792969,423.1499938964844,75.31027221679688,211.9098663330078,8940.0,821.47998046875,61.04999923706055,208.75584411621094,78.16522216796875,31.704999923706055,550.260009765625,217.02000427246094,820.9000244140625,518.9500122070312,687.0999755859375,251.93392944335938,44.564998626708984,228.6699981689453,12.164999961853027,146.14999389648438,49.26000213623047,260.347900390625,63.470001220703125
2023-12-06,26.8799991607666,85.69999694824219,207.65582275390625,132.3993377685547,89.85690307617188,240.9499969482422,352.3800048828125,418.6600036621094,74.60149383544922,207.94033813476562,8922.0,808.2999877929688,62.45000076293945,209.1030731201172,78.3833999633789,32.38999938964844,549.530029296875,217.8699951171875,835.75,521.5599975585938,678.5,251.814208984375,44.8650016784668,230.63999938964844,12.324999809265137,144.6999969482422,49.26000213623047,259.6126403808594,62.849998474121094
2023-12-07,27.079999923706055,86.9000015258789,207.25782775878906,134.19601440429688,89.87663269042969,242.14999389648438,352.70001220703125,417.3800048828125,75.36018371582031,205.5794677734375,8982.0,810.1099853515625,61.75,209.0634002685547,78.88916015625,31.829999923706055,548.27001953125,217.6300048828125,849.1799926757812,523.0800170898438,666.2000122070312,253.37063598632812,45.29999923706055,230.72999572753906,12.399999618530273,148.38999938964844,49.26000213623047,260.3379821777344,64.06999969482422
2023-12-08,27.274999618530273,87.4800033569336,206.79017639160156,134.19601440429688,90.06403350830078,243.8000030517578,353.0799865722656,415.3800048828125,76.81767272949219,206.4477081298828,9100.0,801.77001953125,62.04999923706055,204.82696533203125,78.6908187866211,31.895000457763672,549.77001953125,216.60000610351562,840.1400146484375,531.3499755859375,668.5999755859375,256.9424743652344,45.89500045776367,230.5800018310547,12.484999656677246,147.72000122070312,49.26000213623047,261.5899353027344,63.79999923706055
2023-12-11,27.21500015258789,87.41999816894531,205.30763244628906,135.7544708251953,91.72110748291016,245.39999389648438,357.05999755859375,423.75,77.0971908569336,210.1645965576172,9150.0,797.1799926757812,61.849998474121094,203.98365783691406,79.05774688720703,31.489999771118164,543.6799926757812,216.14999389648438,848.4199829101562,536.1199951171875,669.2000122070312,261.4222106933594,46.04499816894531,235.32000732421875,12.420000076293945,155.13999938964844,49.26000213623047,262.8717041015625,63.0099983215332
2023-12-12,26.809999465942383,87.76000213623047,207.65582275390625,134.66256713867188,91.61260986328125,245.5,360.0199890136719,426.80999755859375,77.40666198730469,208.89637756347656,9248.0,802.8599853515625,61.04999923706055,203.43797302246094,79.41475677490234,31.34000015258789,545.719970703125,217.5500030517578,863.760009765625,545.0399780273438,661.0,262.3999938964844,46.25,234.6699981689453,12.449999809265137,157.22000122070312,49.26000213623047,265.63397216796875,61.810001373291016
2023-12-13,26.235000610351562,88.76000213623047,214.37205505371094,137.36256408691406,93.11187744140625,244.9499969482422,362.0299987792969,435.260009765625,79.44315338134766,207.95008850097656,9322.0,809.6099853515625,61.25,209.38087463378906,81.21964263916016,31.059999465942383,549.010009765625,221.47000122070312,876.1199951171875,557.5599975585938,671.7999877929688,268.2699890136719,46.095001220703125,239.35000610351562,12.5600004196167,156.99000549316406,49.26000213623047,267.6013488769531,65.27999877929688
2023-12-14,25.979999542236328,91.0999984741211,224.4115753173828,140.10226440429688,93.37818908691406,239.0,358.1199951171875,437.7799987792969,82.86725616455078,205.02340698242188,9300.0,805.2899780273438,63.849998474121094,210.5019989013672,82.73693084716797,31.895000457763672,534.239990234375,223.05999755859375,876.0,554.1799926757812,664.2000122070312,275.8500061035156,45.599998474121094,248.27000427246094,12.635000228881836,161.74000549316406,50.34000015258789,269.0818176269531,69.41000366210938
2023-12-15,26.184999465942383,90.55999755859375,224.46131896972656,137.35263061523438,93.17105102539062,240.1999969482422,356.5,435.7799987792969,83.6658706665039,201.67723083496094,9200.0,803.72998046875,63.45000076293945,210.48214721679688,81.92374420166016,32.10499954223633,531.1199951171875,219.5,859.1400146484375,541.0700073242188,663.7999877929688,270.3900146484375,46.16999816894531,241.52999877929688,12.520000457763672,161.9499969482422,50.34000015258789,269.1315002441406,67.23999786376953
2023-12-18,26.25,90.94000244140625,222.93898010253906,136.70741271972656,93.58531951904297,240.6999969482422,359.6499938964844,436.4100036621094,84.32474517822266,206.02822875976562,9274.0,805.739990234375,63.04999923706055,209.0336456298828,82.37000274658203,32.11000061035156,526.5499877929688,219.92999267578125,850.8699951171875,539.97998046875,678.0999755859375,267.17999267578125,45.744998931884766,242.35000610351562,12.234999656677246,160.36000061035156,50.34000015258789,269.4693603515625,67.16999816894531
2023-12-19,26.125,91.37999725341797,224.29217529296875,138.55374145507812,93.97000122070312,242.5,361.79998779296875,436.6600036621094,84.54436492919922,207.74520874023438,9246.0,809.489990234375,63.5,209.34120178222656,82.06999969482422,32.19499969482422,524.0399780273438,224.0500030517578,848.3900146484375,545.7000122070312,682.2999877929688,269.17999267578125,45.755001068115234,244.52000427246094,12.270000457763672,162.3300018310547,50.34000015258789,270.7809143066406,70.87000274658203
2023-12-20,26.364999771118164,91.73999786376953,220.89923095703125,135.89344787597656,91.98999786376953,242.25,355.3500061035156,427.8299865722656,81.8889389038086,205.8916473388672,9282.0,794.4299926757812,64.5,209.45033264160156,80.61000061035156,32.55500030517578,515.9299926757812,220.19000244140625,841.7899780273438,539.7999877929688,695.0,263.4700012207031,44.869998931884766,240.52999877929688,12.295000076293945,156.9199981689453,50.34000015258789,266.43878173828125,69.58000183105469
2023-12-21,26.280000686645508,91.13999938964844,222.43153381347656,138.34527587890625,92.83000183105469,241.64999389648438,356.1400146484375,432.69000244140625,81.70924377441406,208.54518127441406,9256.0,801.5999755859375,63.900001525878906,212.5954132080078,81.95999908447266,32.6150016784668,519.8800048828125,222.14999389648438,841.8800048828125,552.6099853515625,700.2999877929688,268.75,44.95000076293945,244.0,12.25,161.38999938964844,50.34000015258789,270.0058898925781,70.66000366210938
2023-12-22,26.145000457763672,91.77999877929688,221.88427734375,139.16917419433594,92.94000244140625,242.60000610351562,356.4700012207031,434.8399963378906,81.77912139892578,209.0719757080078,9284.0,799.6799926757812,63.79999923706055,213.49826049804688,81.91999816894531,32.70500183105469,520.3099975585938,224.02000427246094,846.719970703125,554.0399780273438,695.0999755859375,269.989990234375,45.19499969482422,236.99000549316406,12.300000190734863,162.0500030517578,50.34000015258789,271.098876953125,70.81999969482422
2023-12-26,,,221.70518493652344,139.99307250976562,93.25,,356.8299865722656,436.2300109863281,82.03868103027344,209.5500030517578,,804.1400146484375,,214.54000854492188,82.30000305175781,,520.030029296875,225.35000610351562,849.530029296875,556.010009765625,,271.70001220703125,,239.49000549316406,,164.27999877929688,,273.11590576171875,71.12999725341797
2023-12-27,26.059999465942383,92.0999984741211,221.7748260498047,141.33316040039062,93.77999877929688,241.6999969482422,356.95001220703125,440.0,83.1966781616211,210.5399932861328,9308.0,806.8699951171875,65.05000305175781,216.72000122070312,82.41999816894531,33.46500015258789,522.7899780273438,226.66000366210938,874.3699951171875,557.1099853515625,692.0,271.2200012207031,44.93000030517578,239.83999633789062,12.180000305175781,164.2100067138672,50.34000015258789,273.9306945800781,71.83999633789062
2023-12-28,26.059999465942383,91.83999633789062,221.78477478027344,141.49197387695312,94.08000183105469,240.64999389648438,357.57000732421875,441.8399963378906,83.43627166748047,211.02000427246094,9294.0,814.0900268554688,64.75,217.16000366210938,82.7300033569336,33.4900016784668,524.9000244140625,227.05999755859375,881.7000122070312,557.02001953125,698.2000122070312,270.4800109863281,44.70000076293945,240.5800018310547,12.135000228881836,163.1199951171875,50.34000015258789,272.4800109863281,71.47000122070312
2023-12-29,26.014999389648438,91.94000244140625,221.43653869628906,141.37286376953125,94.08000183105469,241.9499969482422,356.6600036621094,440.5199890136719,82.70752716064453,210.60000610351562,9274.0,805.3900146484375,63.650001525878906,215.8800048828125,82.37999725341797,33.630001068115234,526.469970703125,227.2899932861328,878.2899780273438,555.0499877929688,698.0999755859375,270.67999267578125,44.85499954223633,239.57000732421875,12.149999618530273,162.07000732421875,50.34000015258789,273.79998779296875,70.83000183105469
2024-01-02,26.614999771118164,91.05999755859375,217.55604553222656,142.04786682128906,95.55999755859375,244.9499969482422,362.4599914550781,436.3900146484375,81.17017364501953,209.22999572753906,9140.0,810.47998046875,63.29999923706055,218.80999755859375,82.83999633789062,34.32500076293945,539.3400268554688,232.55999755859375,905.0,547.6900024414062,697.0999755859375,275.32000732421875,44.904998779296875,241.17999267578125,12.1899995803833,154.3699951171875,50.34000015258789,273.4700012207031,69.7300033569336
2024-01-03,27.045000076293945,90.63999938964844,211.20797729492188,137.6504364013672,95.41999816894531,242.5500030517578,366.75,429.8599853515625,79.75261688232422,201.41000366210938,9024.0,796.5,62.25,214.69000244140625,83.19999694824219,34.404998779296875,542.030029296875,226.6999969482422,917.5599975585938,535.0599975585938,703.5999755859375,272.0799865722656,44.349998474121094,237.72000122070312,12.199999809265137,151.4499969482422,50.34000015258789,270.8599853515625,67.26000213623047
2024-01-04,27.065000534057617,90.22000122070312,210.16322326660156,139.21881103515625,95.66000366210938,245.5,363.67999267578125,429.6700134277344,79.82249450683594,202.74000549316406,9010.0,794.8800048828125,62.900001525878906,215.4600067138672,83.93000030517578,35.23500061035156,545.4199829101562,225.22000122070312,912.1699829101562,538.5,728.9000244140625,273.1000061035156,44.17499923706055,235.8800048828125,12.425000190734863,149.30999755859375,50.34000015258789,270.25,67.0199966430664
2024-01-05,27.0,89.68000030517578,211.44676208496094,139.7151336669922,95.30000305175781,243.89999389648438,365.5899963378906,427.92999267578125,81.13024139404297,199.19000244140625,8980.0,788.3900146484375,62.099998474121094,214.27999877929688,84.56999969482422,35.220001220703125,537.3800048828125,225.4199981689453,913.1699829101562,537.3599853515625,725.7999877929688,275.8399963378906,44.38999938964844,238.16000366210938,12.479999542236328,149.0,50.34000015258789,270.1499938964844,68.48999786376953
2024-01-08,27.020000457763672,90.18000030517578,216.05360412597656,140.68792724609375,96.29000091552734,244.5500030517578,368.17999267578125,432.1700134277344,81.9787826538086,200.11000061035156,9008.0,803.260009765625,62.29999923706055,216.0800018310547,86.56999969482422,35.2400016784668,536.52001953125,225.99000549316406,902.8800048828125,543.9600219726562,720.0,281.489990234375,44.59000015258789,241.1699981689453,12.545000076293945,151.55999755859375,50.34000015258789,272.8399963378906,69.91000366210938
2024-01-09,26.975000381469727,90.80000305175781,215.9242401123047,142.7129364013672,95.58999633789062,243.5500030517578,366.8999938964844,430.1700134277344,81.26002502441406,197.08999633789062,9020.0,798.6900024414062,61.349998474121094,211.86000061035156,86.66000366210938,35.595001220703125,538.3699951171875,228.19000244140625,902.6900024414062,553.0399780273438,723.0999755859375,279.3299865722656,44.744998931884766,239.41000366210938,12.78499984741211,151.02999877929688,50.34000015258789,268.0899963378906,69.68000030517578
2024-01-10,26.69499969482422,91.04000091552734,219.10824584960938,143.03057861328125,94.47000122070312,242.1999969482422,367.9200134277344,433.1300048828125,82.27826690673828,197.8300018310547,9092.0,804.3900146484375,61.5,208.97000122070312,87.08000183105469,34.7599983215332,537.6400146484375,225.3699951171875,906.1599731445312,554.239990234375,737.9000244140625,282.5,44.755001068115234,239.22000122070312,12.609999656677246,149.80999755859375,50.34000015258789,266.9599914550781,69.41000366210938
2024-01-11,26.895000457763672,93.0199966430664,219.05850219726562,140.97579956054688,95.1500015258789,239.64999389648438,363.3399963378906,434.19000244140625,81.72921752929688,196.39999389648438,9140.0,801.0399780273438,61.20000076293945,207.64999389648438,87.08999633789062,33.790000915527344,539.6799926757812,222.97000122070312,915.969970703125,558.7100219726562,729.0,282.5299987792969,44.66999816894531,237.55999755859375,12.505000114440918,151.9499969482422,50.34000015258789,264.5899963378906,69.04000091552734
2024-01-12,26.485000610351562,93.08000183105469,217.8147430419922,139.87396240234375,95.2699966430664,241.6999969482422,363.6199951171875,437.0,81.64935302734375,197.5399932861328,9184.0,815.02001953125,62.599998474121094,209.42999267578125,87.41999816894531,34.25,521.510009765625,223.47999572753906,933.2000122070312,535.2899780273438,725.5999755859375,282.19000244140625,45.18000030517578,237.14999389648438,12.670000076293945,151.25,50.34000015258789,264.1300048828125,69.01000213623047
2024-01-15,26.59000015258789,93.5199966430664,,,,241.8000030517578,,,,,9210.0,,62.849998474121094,,,33.54999923706055,,,,,725.5999755859375,,44.7400016784668,,12.664999961853027,,50.34000015258789,,
2024-01-16,26.440000534057617,93.45999908447266,219.32713317871094,140.0327911376953,94.51000213623047,242.64999389648438,361.1000061035156,436.54998779296875,81.4097671508789,198.60000610351562,9224.0,819.1199951171875,62.25,208.0500030517578,86.54000091552734,33.529998779296875,519.1500244140625,221.77000427246094,937.3200073242188,520.0,731.5,280.82000732421875,44.505001068115234,234.77000427246094,12.569999694824219,153.75999450683594,50.34000015258789,260.45001220703125,67.68000030517578
2024-01-17,26.479999542236328,92.41999816894531,216.95904541015625,137.7199249267578,93.70999908447266,244.85000610351562,359.2900085449219,437.7300109863281,81.06036376953125,202.97000122070312,9152.0,798.8599853515625,59.599998474121094,204.9499969482422,86.05000305175781,33.20500183105469,524.9400024414062,223.0,929.1300048828125,515.47998046875,732.4000244140625,277.8800048828125,43.650001525878906,233.0800018310547,12.53499984741211,153.3699951171875,50.34000015258789,260.1400146484375,67.5199966430664
2024-01-18,25.670000076293945,91.0999984741211,217.1381378173828,136.3897705078125,93.19000244140625,245.35000610351562,362.3800048828125,439.6000061035156,81.41974639892578,202.89999389648438,9164.0,793.739990234375,58.75,203.91000366210938,86.29000091552734,32.52000045776367,516.3400268554688,227.32000732421875,930.0,525.280029296875,732.2999877929688,284.82000732421875,44.130001068115234,233.19000244140625,12.324999809265137,160.33999633789062,50.34000015258789,260.0299987792969,67.7699966430664
2024-01-19,25.46500015258789,91.45999908447266,218.90924072265625,137.12432861328125,92.31999969482422,247.14999389648438,366.989990234375,441.95001220703125,84.04522705078125,202.0500030517578,9140.0,802.6900024414062,58.25,203.8699951171875,86.48999786376953,32.38999938964844,503.55999755859375,226.14999389648438,933.4000244140625,523.8200073242188,732.4000244140625,287.7699890136719,43.724998474121094,229.2100067138672,12.475000381469727,167.94000244140625,50.34000015258789,260.6400146484375,67.7300033569336
2024-01-22,25.6299991607666,91.4000015258789,218.75999450683594,139.3280029296875,92.43000030517578,249.85000610351562,368.05999755859375,444.4599914550781,84.11510467529297,203.27000427246094,9206.0,802.27001953125,58.75,204.02000427246094,86.47000122070312,32.85499954223633,512.989990234375,225.77000427246094,942.8300170898438,531.4299926757812,726.5999755859375,288.30999755859375,44.345001220703125,233.8800048828125,12.460000038146973,168.3000030517578,50.34000015258789,260.92999267578125,68.19000244140625
2024-01-23,25.594999313354492,91.16000366210938,214.47000122070312,139.8441925048828,91.80000305175781,245.39999389648438,372.1400146484375,446.489990234375,83.84556579589844,203.97000122070312,9136.0,799.0,58.0,202.25999450683594,86.33999633789062,32.52000045776367,515.52001953125,226.69000244140625,954.5800170898438,531.52001953125,721.0999755859375,284.9100036621094,44.349998474121094,236.1999969482422,12.354999542236328,167.0500030517578,50.34000015258789,263.239990234375,65.70999908447266
2024-01-24,25.954999923706055,90.73999786376953,210.5500030517578,138.17652893066406,90.87999725341797,248.5,376.5899963378906,445.8999938964844,83.1966781616211,204.27000427246094,9070.0,795.219970703125,58.650001525878906,196.75999450683594,84.72000122070312,32.625,513.22998046875,223.35000610351562,948.239990234375,520.2100219726562,725.0,278.92999267578125,44.974998474121094,235.8000030517578,12.425000190734863,174.13999938964844,50.34000015258789,257.1600036621094,65.4000015258789
2024-01-25,25.795000076293945,90.72000122070312,212.0800018310547,141.13461303710938,91.20999908447266,246.85000610351562,380.8500061035156,449.3399963378906,85.2032241821289,205.61000061035156,9086.0,815.3099975585938,58.349998474121094,200.2100067138672,85.79000091552734,32.625,493.3999938964844,226.64999389648438,948.8699951171875,522.4400024414062,723.9000244140625,286.0199890136719,45.275001525878906,238.85000610351562,12.420000076293945,172.6300048828125,50.34000015258789,263.6499938964844,66.48999786376953
2024-01-26,25.934999465942383,91.9000015258789,211.97999572753906,141.4820556640625,90.8499984741211,248.10000610351562,385.3999938964844,446.6000061035156,86.60082244873047,206.77999877929688,9070.0,810.97998046875,58.79999923706055,197.2899932861328,86.54000091552734,32.314998626708984,503.20001220703125,224.9199981689453,940.0499877929688,524.97998046875,732.0,283.42999267578125,45.35499954223633,240.6300048828125,12.404999732971191,166.89999389648438,50.34000015258789,261.8999938964844,65.91999816894531
2024-01-29,26.165000915527344,93.05999755859375,211.83999633789062,140.47947692871094,91.69999694824219,246.5500030517578,383.17999267578125,449.80999755859375,87.01011657714844,204.77999877929688,8914.0,831.760009765625,59.54999923706055,199.11000061035156,87.44000244140625,30.7450008392334,504.5400085449219,227.13999938964844,955.7999877929688,532.0599975585938,745.7000122070312,286.7300109863281,44.81999969482422,240.86000061035156,12.4399995803833,168.47999572753906,50.34000015258789,261.1300048828125,67.25
2024-01-30,26.079999923706055,93.0199966430664,214.52000427246094,139.48683166503906,91.76000213623047,247.60000610351562,387.1499938964844,454.55999755859375,87.61906433105469,206.11000061035156,9002.0,841.5800170898438,59.5,195.55999755859375,86.97000122070312,30.079999923706055,503.6099853515625,226.35000610351562,959.72998046875,521.030029296875,748.2000122070312,301.5899963378906,44.44499969482422,242.8000030517578,12.420000076293945,166.24000549316406,50.34000015258789,259.2799987792969,67.73999786376953
2024-01-31,26.010000228881836,93.30000305175781,212.83999633789062,138.0574188232422,90.8499984741211,247.8000030517578,383.739990234375,448.3500061035156,86.43111419677734,205.83999633789062,8942.0,829.77001953125,60.599998474121094,195.64999389648438,87.54000091552734,28.899999618530273,511.739990234375,222.3000030517578,942.780029296875,515.0800170898438,774.7999877929688,304.8999938964844,44.52000045776367,239.3000030517578,12.5600004196167,164.3000030517578,50.34000015258789,255.7100067138672,66.55000305175781
2024-02-01,25.834999084472656,92.30000305175781,220.22999572753906,143.358154296875,93.29000091552734,245.25,386.44000244140625,457.2200012207031,87.9984130859375,205.7899932861328,8914.0,846.3300170898438,58.150001525878906,198.38999938964844,88.08999633789062,28.274999618530273,507.1400146484375,224.2899932861328,957.780029296875,527.280029296875,786.4000244140625,314.6600036621094,44.38999938964844,242.97000122070312,12.555000305175781,166.97000122070312,50.34000015258789,259.55999755859375,68.0
2024-02-02,26.114999771118164,93.0199966430664,219.49000549316406,144.4202880859375,92.98999786376953,245.89999389648438,390.75,454.04998779296875,89.36605072021484,206.5500030517578,8876.0,843.469970703125,57.79999923706055,193.50999450683594,87.62999725341797,28.690000534057617,510.2300109863281,221.5399932861328,945.1799926757812,527.1400146484375,781.4000244140625,309.4200134277344,44.34000015258789,244.64999389648438,12.199999809265137,168.17999267578125,50.34000015258789,258.1700134277344,66.0
2024-02-05,26.209999084472656,93.83999633789062,218.00999450683594,141.2835235595703,91.62999725341797,245.39999389648438,390.760009765625,451.5400085449219,88.29789733886719,204.82000732421875,8826.0,836.4099731445312,57.29999923706055,189.47000122070312,86.75,28.59000015258789,502.9599914550781,219.63999938964844,936.3300170898438,572.1199951171875,809.7999877929688,310.6199951171875,43.974998474121094,241.11000061035156,12.21500015258789,171.08999633789062,50.34000015258789,218.02000427246094,65.27999877929688
2024-02-06,26.03499984741211,94.77999877929688,218.1199951171875,143.36807250976562,91.66000366210938,248.10000610351562,393.739990234375,453.2900085449219,93.41907501220703,202.77999877929688,8822.0,838.010009765625,56.650001525878906,191.6699981689453,87.73999786376953,29.204999923706055,510.6700134277344,222.27999877929688,937.8099975585938,567.0,813.5,306.82000732421875,44.404998779296875,251.5399932861328,12.170000076293945,168.6999969482422,50.34000015258789,218.0500030517578,65.55999755859375
2024-02-07,25.78499984741211,94.69999694824219,221.69000244140625,145.6511688232422,91.44000244140625,245.25,397.6600036621094,459.7200012207031,94.56710052490234,205.4600067138672,8862.0,846.72998046875,55.95000076293945,193.6199951171875,87.16000366210938,28.700000762939453,519.3900146484375,223.7100067138672,938.489990234375,572.3099975585938,822.2000122070312,307.2799987792969,42.09000015258789,248.11000061035156,12.109999656677246,170.89999389648438,50.34000015258789,215.3800048828125,66.5999984741211
2024-02-08,26.200000762939453,95.45999908447266,220.38999938964844,146.3162384033203,89.01000213623047,243.85000610351562,397.489990234375,436.6300048828125,96.38397216796875,204.0,8792.0,855.3300170898438,56.04999923706055,193.63999938964844,86.18000030517578,27.7450008392334,520.0900268554688,222.8000030517578,946.4299926757812,573.6099853515625,813.7999877929688,305.4599914550781,42.724998474121094,249.9199981689453,12.024999618530273,173.88999938964844,50.34000015258789,219.91000366210938,69.12000274658203
2024-02-09,26.190000534057617,94.58000183105469,222.25999450683594,145.45263671875,89.12000274658203,243.0,398.3599853515625,437.8900146484375,96.86314392089844,205.08999633789062,8836.0,855.760009765625,54.900001525878906,194.44000244140625,84.98999786376953,27.78499984741211,518.219970703125,222.58999633789062,953.4199829101562,572.2100219726562,831.9000244140625,306.32000732421875,42.36000061035156,251.77999877929688,11.960000038146973,185.83999633789062,50.34000015258789,219.83999633789062,69.56999969482422
2024-02-12,26.325000762939453,93.86000061035156,229.86000061035156,148.30152893066406,90.0,246.25,397.7099914550781,429.5299987792969,97.45213317871094,206.82000732421875,8884.0,849.97998046875,56.099998474121094,191.77000427246094,85.06999969482422,28.325000762939453,517.6400146484375,227.4499969482422,947.0599975585938,565.5599975585938,830.5999755859375,310.1600036621094,42.23500061035156,256.8500061035156,12.005000114440918,185.5399932861328,50.34000015258789,222.58999633789062,70.93000030517578
2024-02-13,25.93000030517578,93.12000274658203,225.42999267578125,145.03573608398438,89.19000244140625,245.6999969482422,394.79998779296875,422.4800109863281,95.71511840820312,207.42999267578125,8824.0,832.6799926757812,54.900001525878906,188.4199981689453,83.58999633789062,27.90999984741211,516.8499755859375,223.3300018310547,940.47998046875,555.6599731445312,832.2999877929688,304.5400085449219,41.880001068115234,254.5,11.875,180.30999755859375,50.34000015258789,217.61000061035156,68.69000244140625
2024-02-14,26.639999389648438,87.13999938964844,226.92999267578125,143.9636688232422,89.22000122070312,244.60000610351562,398.67999267578125,421.2099914550781,95.78499603271484,215.17999267578125,8862.0,832.8099975585938,54.900001525878906,188.49000549316406,83.68000030517578,28.06999969482422,516.9400024414062,228.11000061035156,947.8200073242188,560.5599975585938,846.9000244140625,305.42999267578125,42.150001525878906,260.4700012207031,11.770000457763672,186.19000244140625,50.34000015258789,217.00999450683594,70.12999725341797
2024-02-15,26.834999084472656,88.63999938964844,228.3300018310547,145.25411987304688,88.9800033569336,246.0,403.45001220703125,424.489990234375,96.22000122070312,211.02000427246094,8904.0,874.969970703125,56.04999923706055,189.4600067138672,84.72000122070312,28.05500030517578,520.8800048828125,222.1300048828125,954.72998046875,568.8300170898438,848.5,307.6600036621094,42.53499984741211,265.79998779296875,11.854999542236328,187.66000366210938,50.34000015258789,226.9499969482422,70.04000091552734
2024-02-16,27.315000534057617,88.94000244140625,226.85000610351562,148.50999450683594,89.6500015258789,247.10000610351562,405.989990234375,423.57000732421875,95.66000366210938,212.25999450683594,8888.0,856.22998046875,55.70000076293945,187.1300048828125,84.41999816894531,28.610000610351562,521.5499877929688,216.63999938964844,948.0499877929688,555.5399780273438,850.9000244140625,308.54998779296875,42.720001220703125,266.4800109863281,11.755000114440918,199.57000732421875,50.34000015258789,226.85000610351562,68.54000091552734
2024-02-19,27.450000762939453,89.45999908447266,,,,248.64999389648438,,,,,8864.0,,55.45000076293945,,,28.899999618530273,,,,,858.0,,42.994998931884766,,11.84000015258789,,50.34000015258789,,
2024-02-20,27.729999542236328,88.16000366210938,225.50999450683594,149.88999938964844,89.63999938964844,249.39999389648438,407.1499938964844,426.010009765625,93.13999938964844,210.99000549316406,8844.0,854.739990234375,54.599998474121094,188.39999389648438,85.8499984741211,28.764999389648438,521.0599975585938,215.6699981689453,946.8699951171875,551.2100219726562,843.2999877929688,308.5799865722656,42.97999954223633,261.8399963378906,12.03499984741211,189.13999938964844,50.34000015258789,228.08999633789062,68.31999969482422
