Date;AD.AS;HEIA.AS;PM;CROX;MDLZ;ALV.DE;BRK-B;SPGI;CME;LSEG.L;EQIX;PLD;AED.BR;MCK;LH;VRTX;IDXX;NOVO-B.CO;HCA;FTRE;IBE.MC;CMI;CRH.L;APD;DTE.DE;ASML.AS;NFLX;SAP.DE;ROP;SONY;META;DELL;EMSM.L
2022-02-11;26.178356170654297;89.42630767822266;92.36595153808594;98.19999694824219;61.99251174926758;196.22853088378906;319.1400146484375;378.2867736816406;209.64419555664062;6766.36181640625;633.5697021484375;134.36642456054688;84.29161834716797;266.76513671875;229.2392578125;233.88999938964844;515.0499877929688;315.1158752441406;231.21421813964844;;8.256057739257812;205.43585205078125;3378.8134765625;226.42279052734375;16.033126831054688;551.349365234375;391.30999755859375;102.15316009521484;430.1996765136719;20.93284797668457;218.7145233154297;55.32477569580078;79.09500122070312
2022-02-14;25.797269821166992;88.15826416015625;93.46107482910156;97.7300033569336;61.47203826904297;190.71482849121094;314.2799987792969;371.50482177734375;208.0264129638672;6608.69091796875;631.550537109375;133.47561645507812;83.21481323242188;266.2536315917969;226.26856994628906;231.22999572753906;505.5299987792969;309.3908386230469;229.1217498779297;;7.993791580200195;202.91148376464844;3263.47412109375;225.5889434814453;15.646871566772461;541.8616333007812;396.57000732421875;100.13860321044922;434.4836730957031;20.800792694091797;216.87156677246094;54.47877883911133;77.78500366210938
2022-02-15;25.936254501342773;90.18336486816406;93.82894897460938;101.2300033569336;61.22108459472656;193.0656280517578;316.20001220703125;376.0521240234375;207.73941040039062;6662.5302734375;635.3245239257812;133.73275756835938;83.7747573852539;269.4309387207031;219.58045959472656;233.41000366210938;510.8699951171875;321.514404296875;235.9052734375;;8.219340324401855;205.6300506591797;3313.5439453125;229.60986328125;15.830972671508789;554.6409912109375;407.4599914550781;100.44268035888672;434.2478942871094;21.062963485717773;220.15899658203125;55.612979888916016;78.54000091552734
2022-02-16;24.089109420776367;91.79208374023438;95.45450592041016;94.80000305175781;61.072383880615234;192.68093872070312;315.6499938964844;377.2036437988281;207.80892944335938;6618.3056640625;635.5133666992188;132.59400939941406;85.23919677734375;271.31964111328125;223.7294158935547;235.77000427246094;508.010009765625;323.7755432128906;245.2484893798828;;8.229829788208008;206.49000549316406;3313.5439453125;227.3029327392578;15.793069839477539;555.6090698242188;398.0799865722656;100.25263977050781;437.24468994140625;20.686214447021484;215.71597290039062;56.049930572509766;78.84500122070312
2022-02-17;23.959091186523438;93.1737060546875;95.73685455322266;82.08999633789062;61.39768600463867;190.201904296875;313.54998779296875;372.2659606933594;207.74807739257812;6493.32275390625;652.5242309570312;131.5838165283203;84.37775421142578;268.8898620605469;217.3399658203125;232.77000427246094;493.3500061035156;323.72747802734375;244.09030151367188;;8.224584579467773;203.53961181640625;3261.68603515625;222.920654296875;15.554821014404297;559.7721557617188;386.6700134277344;100.02457427978516;430.5533752441406;20.3541316986084;206.9196014404297;55.09235382080078;78.58999633789062
2022-02-18;24.286378860473633;93.02230072021484;95.48873138427734;79.26000213623047;61.3419075012207;183.02127075195312;314.79998779296875;369.51422119140625;205.8084716796875;6364.4951171875;653.7791748046875;130.91339111328125;83.64552307128906;266.39141845703125;219.45594787597656;229.61000061035156;489.45001220703125;318.3873291015625;237.56954956054688;;8.121427536010742;202.94393920898438;3225.921630859375;224.1806640625;15.41042709350586;552.2206420898438;391.2900085449219;97.17378997802734;432.6560363769531;20.24149513244629;205.37547302246094;54.7576789855957;78.27999877929688
2022-02-21;23.515239715576172;89.80484008789062;;;;178.10592651367188;;;;6241.4345703125;;;82.82717895507812;;;;;313.1434326171875;;;7.972810745239258;;3200.88671875;;15.11622428894043;533.2453002929688;;95.9954605102539;;;;;77.90499877929688
2022-02-22;23.663188934326172;88.3285903930664;92.90495300292969;81.19000244140625;61.778751373291016;176.60995483398438;314.1600036621094;371.05596923828125;207.33055114746094;6268.35400390625;642.296875;130.74806213378906;82.69795227050781;264.61090087890625;221.1570587158203;230.2100067138672;488.6400146484375;314.77911376953125;237.7933807373047;;8.063728332519531;199.25827026367188;3190.157470703125;220.60447692871094;15.007928848266602;546.5086669921875;377.3800048828125;95.08321380615234;431.5555725097656;19.94048500061035;201.31100463867188;53.112159729003906;77.33499908447266
2022-02-23;23.770788192749023;88.7449722290039;92.90495300292969;79.77999877929688;61.6021614074707;176.396240234375;309.989990234375;364.3423156738281;204.88648986816406;6287.58154296875;636.0322875976562;129.26950073242188;85.15304565429688;263.92230224609375;222.78343200683594;230.69000244140625;474.67999267578125;311.5076904296875;235.31161499023438;;8.168634414672852;191.57052612304688;3098.06494140625;217.41738891601562;14.868950843811035;546.3150024414062;367.4599914550781;94.6460952758789;421.69061279296875;19.67443084716797;197.69480895996094;52.78677749633789;77.61499786376953
2022-02-24;23.591453552246094;84.54335021972656;87.94271087646484;83.88999938964844;60.08720397949219;171.13897705078125;308.2799987792969;372.4513854980469;206.3651123046875;6135.6806640625;665.619873046875;131.62969970703125;83.55939483642578;262.2501220703125;225.46368408203125;230.25;509.7699890136719;309.294677734375;237.04396057128906;;8.245566368103027;189.18788146972656;2889.739501953125;217.8435516357422;14.065759658813477;540.409423828125;390.0299987792969;92.63153839111328;436.3210754394531;19.806486129760742;206.80999755859375;51.91289520263672;74.9749984741211
2022-02-25;24.124975204467773;87.57154083251953;90.03883361816406;83.62000274658203;62.048282623291016;177.33656311035156;319.239990234375;371.6805114746094;208.23516845703125;6226.052734375;675.2905883789062;136.33175659179688;88.21115112304688;270.88677978515625;229.54624938964844;230.3000030517578;522.4500122070312;323.72747802734375;246.513671875;;8.675677299499512;189.7277069091797;3016.70166015625;222.7075958251953;14.601822853088379;570.3246459960938;390.79998779296875;96.3565673828125;440.6051330566406;20.21430778503418;209.6790313720703;47.84091567993164;77.66000366210938
2022-02-28;24.64056396484375;85.52751922607422;86.47114562988281;83.7300033569336;60.85861587524414;173.78897094726562;321.45001220703125;366.615966796875;205.73019409179688;6320.27001953125;669.6203002929688;133.94400024414062;87.17742919921875;270.93609619140625;225.09027099609375;230.02000427246094;532.3499755859375;328.15350341796875;243.6134033203125;;8.89947509765625;189.9789581298828;3027.430908203125;218.9275360107422;14.466453552246094;579.8123779296875;394.5199890136719;96.2805404663086;440.40850830078125;19.911357879638672;210.22694396972656;47.37607955932617;77.41500091552734
2022-03-01;24.29085922241211;83.57811737060547;86.7877197265625;79.77999877929688;59.799072265625;167.30929565429688;316.8399963378906;381.1361999511719;203.0512237548828;6126.06640625;670.6298217773438;133.86135864257812;85.19612884521484;267.7730407714844;223.2564239501953;230.69000244140625;535.1400146484375;335.0331726074219;245.6669158935547;;8.350470542907715;182.48667907714844;2914.774169921875;213.58175659179688;14.051321029663086;558.8038940429688;386.239990234375;93.96190643310547;438.4827575683594;19.587039947509766;202.71563720703125;46.372039794921875;77.55000305175781
2022-03-02;24.142906188964844;82.85891723632812;87.72882843017578;82.66999816894531;60.133670806884766;168.6770477294922;323.6400146484375;389.46966552734375;205.91278076171875;6124.14404296875;669.3656005859375;135.58786010742188;88.12501525878906;269.7929992675781;224.4098358154297;234.11000061035156;539.969970703125;334.4558410644531;254.14395141601562;;8.371451377868652;192.73394775390625;2969.314697265625;216.17588806152344;14.493526458740234;564.6126708984375;380.0299987792969;95.8624267578125;441.25360107421875;19.757936477661133;207.3180694580078;49.830421447753906;77.81500244140625
2022-03-03;24.385011672973633;81.23126220703125;87.67749786376953;77.02999877929688;60.3288459777832;167.59994506835938;327.739990234375;390.81634521484375;209.46153259277344;6714.4462890625;680.0835571289062;137.3695068359375;87.78043365478516;276.0599365234375;224.4181671142578;235.69000244140625;538.52001953125;337.2461853027344;257.04412841796875;;7.925604820251465;194.51158142089844;2911.197509765625;214.81398010253906;14.28235149383545;555.0282592773438;368.07000732421875;94.28499603271484;442.06915283203125;19.464693069458008;202.19760131835938;48.89144515991211;77.45500183105469
2022-03-04;24.586763381958008;78.92227172851562;85.38460540771484;71.7300033569336;59.325077056884766;161.1886444091797;325.3399963378906;397.6958312988281;212.02743530273438;6974.0244140625;683.1156005859375;138.52664184570312;86.40213012695312;277.6956787109375;223.33106994628906;238.66000366210938;535.7100219726562;337.2461853027344;258.3094787597656;;7.832937717437744;188.04306030273438;2685.884033203125;211.63612365722656;13.856388092041016;516.5933227539062;361.7300109863281;91.95684814453125;446.6576843261719;19.122901916503906;199.29867553710938;48.30575942993164;76.31500244140625
2022-03-07;24.806447982788086;75.42091369628906;79.73793029785156;67.44000244140625;58.11681365966797;156.62379455566406;322.7200012207031;376.31561279296875;205.03436279296875;7087.470703125;666.2018432617188;136.7541961669922;86.05756378173828;274.3454895019531;221.347900390625;235.5399932861328;517.280029296875;333.6860046386719;252.86898803710938;;8.034006118774414;176.46490478515625;2672.472412109375;205.21560668945312;13.77336311340332;523.370361328125;350.260009765625;92.43197631835938;437.4117431640625;18.60826873779297;186.75660705566406;45.860721588134766;75.38999938964844
2022-03-08;23.950124740600586;74.94776916503906;80.39671325683594;69.02999877929688;56.508914947509766;160.6586456298828;318.5199890136719;378.74542236328125;193.72715759277344;6712.5234375;645.68701171875;134.99093627929688;86.7467041015625;268.75848388671875;215.59739685058594;238.7100067138672;507.7799987792969;332.4833679199219;251.12686157226562;;8.252557754516602;179.63865661621094;2625.0849609375;202.6863555908203;13.627163887023926;500.5224914550781;341.760009765625;91.59574890136719;430.8874816894531;18.918989181518555;189.56585693359375;46.706722259521484;74.48500061035156
2022-03-09;25.15166664123535;79.96321868896484;80.25981140136719;73.16999816894531;56.96433639526367;172.3357696533203;325.3999938964844;382.04376220703125;201.03134155273438;6991.330078125;667.2723999023438;138.1959991455078;90.36474609375;272.4831848144531;220.41851806640625;239.24000549316406;529.9199829101562;338.40081787109375;257.2874755859375;;8.567276000976562;184.6925048828125;2870.962890625;210.311279296875;14.498941421508789;539.3444213867188;358.7900085449219;96.37556457519531;435.5644836425781;19.09765625;197.74464416503906;48.3243408203125;76.66000366210938
2022-03-10;24.730228424072266;78.84656524658203;78.61714935302734;73.1500015258789;55.914085388183594;169.34381103515625;325.29998779296875;373.4955139160156;199.1703643798828;7033.63232421875;669.432861328125;138.74708557128906;89.93402099609375;276.0205078125;220.90811157226562;241.92999267578125;524.4400024414062;337.3904724121094;259.95416259765625;;8.453627586364746;183.53839111328125;2787.960693359375;210.86715698242188;14.253472328186035;528.0173950195312;356.7699890136719;93.1446762084961;428.78472900390625;19.45498275756836;194.4671630859375;48.31505584716797;76.16500091552734
2022-03-11;24.577795028686523;79.13045501708984;76.03336334228516;70.13999938964844;54.947486877441406;174.1736602783203;326.6000061035156;370.499755859375;197.4229278564453;7152.84619140625;657.1809692382812;135.7623748779297;91.31232452392578;277.1143493652344;220.30238342285156;236.47999572753906;498.0799865722656;333.2049865722656;259.85687255859375;;8.5882568359375;181.76071166992188;2897.7080078125;203.25148010253906;14.489916801452637;525.5003051757812;340.32000732421875;94.62709045410156;424.7758483886719;18.897626876831055;186.8960723876953;48.35223388671875;76.70999908447266
2022-03-14;25.129249572753906;78.56267547607422;76.64935302734375;67.56999969482422;55.15196228027344;178.9180145263672;329.9800109863281;367.8845520019531;200.57699584960938;7420.11669921875;647.7527465820312;136.99298095703125;92.8629150390625;280.681396484375;220.44338989257812;241.67999267578125;486.3299865722656;336.04345703125;254.4359130859375;;8.61972713470459;184.06890869140625;2994.54443359375;202.22312927246094;14.840072631835938;517.4647216796875;331.010009765625;96.14750671386719;427.51727294921875;18.408245086669922;185.9197998046875;47.17155838012695;75.7699966430664
2022-03-15;25.698633193969727;78.67623138427734;79.27592468261719;72.30000305175781;56.85279846191406;178.57608032226562;332.54998779296875;378.0233459472656;202.70013427734375;7368.20068359375;664.8468017578125;139.4450225830078;91.82919311523438;286.3767395019531;225.31430053710938;246.99000549316406;502.92999267578125;332.9644470214844;260.02227783203125;;8.610984802246094;184.72039794921875;3028.667724609375;206.26255798339844;14.953781127929688;523.1767578125;343.75;95.53933715820312;438.03070068359375;19.05104637145996;191.2992401123047;48.417327880859375;75.375
2022-03-16;25.761404037475586;80.37958526611328;80.22559356689453;77.44000244140625;57.5777587890625;184.51722717285156;336.1099853515625;382.74627685546875;211.4459228515625;7598.9375;667.1398315429688;141.9521942138672;92.8629150390625;287.0960388183594;227.38052368164062;248.52000427246094;520.1900024414062;341.91278076171875;259.7687072753906;;8.544546127319336;191.0399932861328;3092.302734375;208.08770751953125;15.161346435546875;560.44970703125;357.5299987792969;97.72493743896484;445.5572204589844;19.954076766967773;202.8551025390625;48.31505584716797;77.55000305175781
2022-03-17;25.74346923828125;81.13663482666016;79.84915161132812;79.54000091552734;57.87516784667969;182.46560668945312;344.9700012207031;392.92413330078125;215.1766357421875;7508.56591796875;682.111328125;144.6106414794922;94.49964141845703;290.6040344238281;227.6377410888672;250.0;527.0900268554688;352.8816833496094;260.37347412109375;;8.57252025604248;191.17962646484375;3154.09375;211.747314453125;15.264227867126465;566.0648803710938;371.3999938964844;98.58016967773438;453.9288024902344;20.317232131958008;207.04910278320312;46.957733154296875;78.05500030517578
2022-03-18;25.30409812927246;82.31005859375;80.33683013916016;83.12000274658203;57.16880798339844;181.14059448242188;342.4100036621094;400.0281677246094;218.07736206054688;7652.7763671875;693.8609619140625;147.84146118164062;95.18879699707031;294.67352294921875;228.3845672607422;249.0800018310547;542.4600219726562;356.7785339355469;254.23883056640625;;8.523565292358398;192.42678833007812;3176.2275390625;214.63795471191406;15.0711030960083;590.461669921875;380.6000061035156;98.54216003417969;460.3744201660156;20.608535766601562;215.66616821289062;48.18490219116211;78.41500091552734
2022-03-21;25.27720069885254;80.6823959350586;80.54215240478516;81.44999694824219;57.0386848449707;181.52529907226562;349.6600036621094;394.9733581542969;219.09085083007812;7606.6279296875;680.1118774414062;146.6968231201172;94.06892395019531;295.550537109375;229.5711669921875;250.25999450683594;539.5900268554688;358.89532470703125;255.09707641601562;;8.52880859375;191.86834716796875;3121.814697265625;216.98194885253906;14.977246284484863;593.1724853515625;374.5899963378906;96.83169555664062;454.6067810058594;20.284217834472656;210.68519592285156;48.64043426513672;78.30000305175781
2022-03-22;25.25029945373535;80.79596710205078;80.12293243408203;83.3499984741211;57.22457504272461;183.79061889648438;349.92999267578125;404.2632141113281;216.67071533203125;7608.5517578125;681.39111328125;146.466064453125;95.27494049072266;295.5307922363281;230.2184295654297;251.8800048828125;552.4600219726562;356.874755859375;253.9170684814453;;8.586508750915527;195.14447021484375;3050.8017578125;219.14990234375;15.062078475952148;607.2103271484375;382.9200134277344;97.40184783935547;455.7760009765625;20.532794952392578;215.8255615234375;49.2633171081543;78.69499969482422
2022-03-23;25.245819091796875;80.6067123413086;79.12572479248047;79.16000366210938;56.490333557128906;181.95269775390625;348.1600036621094;395.900390625;215.6222686767578;7539.33056640625;670.7027587890625;145.13682556152344;92.94905853271484;295.6293029785156;225.4470672607422;248.1300048828125;536.0599975585938;359.3764343261719;254.17056274414062;;8.291025161743164;193.61810302734375;2977.021484375;217.9454803466797;14.97905158996582;594.3342895507812;374.489990234375;95.69137573242188;453.96807861328125;20.2259578704834;212.647705078125;48.9007453918457;78.69999694824219
2022-03-24;25.546201705932617;82.89676666259766;80.27902221679688;79.19999694824219;56.555389404296875;181.78173828125;352.3699951171875;397.81298828125;213.9971466064453;7522.025390625;674.3128662109375;143.89987182617188;92.60447692871094;299.5018310546875;225.2396240234375;251.6999969482422;540.3900146484375;351.1978759765625;254.16085815429688;;8.343477249145508;194.7442626953125;2956.732421875;224.58837890625;15.110809326171875;596.076904296875;375.7099914550781;95.42530822753906;453.4080505371094;20.85128402709961;218.73446655273438;49.74674606323242;79.68000030517578
2022-03-25;25.622419357299805;82.76429748535156;81.03340911865234;78.04000091552734;57.178096771240234;182.33740234375;358.760009765625;403.4727478027344;216.43479919433594;7525.87109375;672.9010009765625;145.22909545898438;94.58580017089844;305.9362487792969;227.3307342529297;253.9499969482422;538.9299926757812;348.5265808105469;253.6536407470703;;8.3364839553833;195.13519287109375;2904.1640625;228.4332733154297;15.275057792663574;600.433349609375;373.8500061035156;95.84342193603516;457.7411193847656;20.64154624938965;220.97589111328125;50.936729431152344;79.95500183105469
2022-03-28;25.73898696899414;82.70751190185547;79.83677673339844;79.18000030517578;57.22457504272461;183.576904296875;359.57000732421875;404.4778747558594;213.69137573242188;7560.4814453125;692.5913696289062;148.016845703125;95.18879699707031;303.975341796875;229.37200927734375;255.72000122070312;539.5399780273438;353.869140625;257.8766784667969;;8.525312423706055;193.32960510253906;2905.08642578125;230.0546112060547;15.414036750793457;602.8538818359375;378.510009765625;95.95745849609375;464.02960205078125;20.396852493286133;222.73915100097656;50.48118591308594;80.0250015258789
2022-03-29;25.873485565185547;84.33516693115234;81.18950653076172;83.37999725341797;58.60940933227539;186.82530212402344;355.1199951171875;407.3565368652344;210.46739196777344;7564.32763671875;721.4540405273438;152.03225708007812;96.65323638916016;302.5072021484375;229.64584350585938;257.9800109863281;551.760009765625;359.843017578125;257.1354675292969;;8.7263822555542;197.666748046875;2991.777587890625;233.788330078125;15.625212669372559;612.8255004882812;391.82000732421875;98.27609252929688;468.323486328125;20.5987548828125;228.98529052734375;51.15985107421875;81.19000244140625
2022-03-30;26.13800621032715;82.76429748535156;81.45830535888672;79.55999755859375;58.646793365478516;184.9019012451172;357.6099853515625;408.8203430175781;211.26246643066406;7606.6279296875;714.281005859375;151.51535034179688;97.68696594238281;302.52685546875;223.21493530273438;256.5199890136719;548.6799926757812;367.0311279296875;248.6602020263672;;8.687915802001953;195.0514373779297;2885.718994140625;234.5480194091797;15.531356811523438;602.3696899414062;381.4700012207031;96.98373413085938;469.9840087890625;20.479990005493164;226.98294067382812;50.499778747558594;81.18499755859375
2022-03-31;26.10662078857422;81.93152618408203;81.45830535888672;76.4000015258789;58.67483139038086;185.11561584472656;352.9100036621094;400.26226806640625;207.82000732421875;7658.544921875;702.7302856445312;149.0599365234375;98.20382690429688;301.6499328613281;218.78384399414062;260.9700012207031;547.0599975585938;363.728515625;244.42745971679688;;8.672179222106934;190.90040588378906;2833.151123046875;233.02813720703125;15.280470848083496;590.55859375;374.5899963378906;96.09049224853516;464.00018310546875;19.99714469909668;221.5138397216797;46.66023254394531;80.73500061035156
2022-04-01;25.967636108398438;81.49623107910156;83.92097473144531;75.7300033569336;59.375789642333984;186.3551483154297;351.8800048828125;398.0179748535156;209.5325164794922;7771.990234375;722.9891357421875;153.04766845703125;98.28997039794922;302.5072021484375;218.3772430419922;266.1499938964844;553.4400024414062;368.8767395019531;244.55422973632812;;8.666934967041016;187.10304260253906;2806.405517578125;232.1702880859375;15.562039375305176;587.3636474609375;373.4700012207031;94.78862762451172;468.6379089355469;20.03803062438965;223.99435424804688;45.36799621582031;81.43499755859375
2022-04-04;26.093170166015625;81.0798568725586;83.4874038696289;75.56999969482422;58.91783905029297;185.37208557128906;345.42999267578125;404.2826232910156;204.9630126953125;7825.8291015625;724.3724975585938;151.1830291748047;98.20382690429688;301.2853088378906;218.510009765625;268.6400146484375;548.0800170898438;372.61651611328125;239.521728515625;;8.768342971801758;188.2757568359375;2831.306396484375;235.58302307128906;15.673946380615234;597.7227172851562;391.5;96.52761840820312;473.4883117675781;20.450786590576172;232.9999542236328;45.90720748901367;82.98999786376953
2022-04-05;26.111106872558594;82.23435974121094;82.94977569580078;73.23999786376953;58.889793395996094;184.73094177246094;344.79998779296875;401.9212646484375;207.47056579589844;8037.337890625;722.4205322265625;153.49073791503906;98.89297485351562;302.5072021484375;219.27342224121094;269.9599914550781;545.0399780273438;381.4559631347656;237.59066772460938;;9.166109085083008;186.22816467285156;2748.3037109375;234.67855834960938;15.87609577178955;580.1027221679688;380.1499938964844;96.62263488769531;469.0313720703125;19.683687210083008;230.95774841308594;45.237831115722656;82.33499908447266
2022-04-06;26.5908260345459;82.12079620361328;85.86332702636719;70.1500015258789;59.07672119140625;183.53416442871094;344.7099914550781;400.94537353515625;212.7041015625;8064.25634765625;726.3717651367188;157.02615356445312;100.01283264160156;307.01025390625;219.79615783691406;272.3900146484375;534.9199829101562;382.81585693359375;244.29087829589844;;9.393404960632324;184.75762939453125;2691.124267578125;233.20533752441406;15.892342567443848;553.575927734375;368.3500061035156;95.57734680175781;471.63861083984375;19.346864700317383;222.4502716064453;43.80614471435547;81.8550033569336
2022-04-07;26.971908569335938;82.25328063964844;86.42697143554688;72.18000030517578;58.77764129638672;182.33740234375;346.510009765625;404.9560241699219;213.4467315673828;8108.48193359375;719.4166870117188;155.84461975097656;100.01283264160156;315.4548645019531;225.613037109375;275.8299865722656;551.260009765625;399.1348571777344;248.33834838867188;;9.17485237121582;182.52389526367188;2684.20751953125;234.38951110839844;15.850828170776367;549.3162841796875;362.1499938964844;94.7601318359375;477.4334716796875;19.119070053100586;222.10157775878906;44.33605194091797;81.05000305175781
2022-04-08;27.40679931640625;84.486572265625;86.77381896972656;71.87999725341797;59.254302978515625;185.45755004882812;353.1000061035156;403.1018981933594;211.87403869628906;8175.77978515625;728.466064453125;155.67845153808594;100.9604263305664;321.0714416503906;229.64584350585938;280.2799987792969;547.1199951171875;400.64044189453125;252.2980194091797;;9.454599380493164;181.2022705078125;2787.960693359375;234.23098754882812;16.043764114379883;551.1556396484375;355.8800048828125;95.42530822753906;474.3738098144531;19.13269805908203;221.4839630126953;44.05714797973633;81.56999969482422
2022-04-11;27.630964279174805;83.93771362304688;87.78836822509766;71.56999969482422;59.26363754272461;187.4664306640625;352.0199890136719;395.8027648925781;209.5500030517578;8085.408203125;712.1963500976562;152.98300170898438;101.39114379882812;315.97711181640625;226.05284118652344;281.0899963378906;514.47998046875;401.1747131347656;251.8006134033203;;9.240419387817383;179.56419372558594;2775.97119140625;232.9535369873047;16.053131103515625;534.697509765625;348.0;94.3990249633789;473.0160217285156;18.073556900024414;215.6362762451172;43.648101806640625;80.20500183105469
2022-04-12;26.662559509277344;83.84308624267578;87.13802337646484;71.97000122070312;59.50663757324219;187.38095092773438;349.739990234375;387.7034912109375;206.22116088867188;7854.6708984375;702.7586669921875;152.61380004882812;99.49597930908203;317.85919189453125;222.9327850341797;281.1499938964844;497.239990234375;385.6328125;254.44371032714844;;9.161738395690918;179.2384490966797;2770.89892578125;231.04200744628906;15.974457740783691;542.5393676757812;344.1000061035156;93.42975616455078;462.9020080566406;17.684165954589844;213.32510375976562;43.78755187988281;80.5250015258789
2022-04-13;25.756919860839844;82.97248077392578;87.75369262695312;73.97000122070312;59.674861907958984;185.92770385742188;346.2200012207031;386.72772216796875;209.13058471679688;7802.75537109375;712.4995727539062;152.30918884277344;100.52970123291016;320.8546447753906;223.1568603515625;290.92999267578125;508.6099853515625;393.40374755859375;252.24932861328125;;9.083059310913086;181.1185302734375;2786.115966796875;233.03746032714844;16.202985763549805;548.0576171875;350.42999267578125;92.03286743164062;461.42620849609375;17.87107276916504;214.171875;43.98278045654297;80.55000305175781
2022-04-14;25.478952407836914;85.18684387207031;88.24794006347656;72.31999969482422;59.55337142944336;187.29547119140625;344.3299865722656;378.2184753417969;207.6453094482422;7835.44287109375;696.684814453125;150.1860809326172;100.52970123291016;318.51934814453125;223.2481231689453;287.9700012207031;496.7799987792969;;254.49240112304688;;9.183595657348633;182.3656768798828;2785.19384765625;230.16554260253906;16.202985763549805;540.8934326171875;341.1300048828125;92.32745361328125;453.7128601074219;17.355131149291992;209.3801727294922;43.6388053894043;80.23999786376953
2022-04-19;25.999582290649414;84.54335021972656;88.9503173828125;77.69999694824219;60.94594192504883;186.39785766601562;348.5;385.7908935546875;204.53488159179688;7652.7763671875;714.6694946289062;156.5184783935547;98.97911834716797;319.9481506347656;224.9906768798828;282.5199890136719;500.8500061035156;384.03009033203125;255.48724365234375;;9.148626327514648;187.33572387695312;2800.8720703125;232.7111053466797;16.04938507080078;543.7010498046875;348.6099853515625;92.33695983886719;455.27716064453125;17.390178680419922;216.4830322265625;44.927486419677734;79.83999633789062
2022-04-20;25.88997459411621;88.89637756347656;89.35786437988281;76.31999969482422;61.431941986083984;188.32125854492188;348.82000732421875;387.64495849609375;206.3696746826172;7785.44970703125;727.887939453125;159.38926696777344;99.58212280273438;326.6880187988281;230.57521057128906;285.29998779296875;513.3900146484375;386.0699462890625;268.361083984375;;9.284127235412598;190.62118530273438;2965.49365234375;231.9371795654297;16.202985763549805;572.55126953125;226.19000244140625;93.58180236816406;461.1999816894531;17.341501235961914;199.65731811523438;45.87302780151367;79.86000061035156
2022-04-21;25.730131149291992;89.72913360595703;91.1008071899414;74.16000366210938;61.53473663330078;188.32125854492188;343.6000061035156;381.3801574707031;199.52857971191406;7700.8466796875;717.9007568359375;157.64463806152344;99.92670440673828;326.5993957519531;229.27247619628906;281.7099914550781;492.5199890136719;374.4135437011719;262.7824401855469;;9.196708679199219;192.5291748046875;2998.23388671875;234.17503356933594;16.202985763549805;565.3870849609375;218.22000122070312;93.58180236816406;461.70166015625;17.162382125854492;187.3543243408203;45.133445739746094;79.7300033569336
2022-04-22;25.620525360107422;89.99409484863281;89.04572296142578;71.18000030517578;60.80573654174805;187.38095092773438;335.55999755859375;370.480224609375;194.76686096191406;7706.61474609375;706.3214721679688;155.75230407714844;99.06526184082031;313.5235595703125;222.816650390625;270.4200134277344;473.6400146484375;372.22796630859375;205.435302734375;;9.12239933013916;185.3998260498047;2969.1826171875;226.5103302001953;16.202985763549805;552.9951171875;215.52000427246094;92.71705627441406;446.7471618652344;16.665912628173828;183.4093780517578;43.87895965576172;79.90499877929688
2022-04-25;25.670761108398438;90.31912994384766;88.90697479248047;69.4000015258789;61.478660583496094;181.78173828125;336.95001220703125;372.0025634765625;193.5785675048828;7756.6083984375;713.0587158203125;154.82920837402344;98.4622573852539;312.66632080078125;219.14892578125;271.67999267578125;472.2699890136719;377.91046142578125;205.29873657226562;;9.253531455993652;182.56114196777344;2917.997802734375;226.3611297607422;16.06437110900879;530.244140625;209.91000366210938;90.97808074951172;447.9179992675781;17.051406860351562;186.27842712402344;44.2534294128418;79.125
2022-04-26;25.807767868041992;90.73975372314453;89.11507415771484;65.0199966430664;59.852439880371094;182.33740234375;330.6499938964844;366.4208679199219;186.3355712890625;7771.990234375;700.5131225585938;152.89076232910156;98.37610626220703;311.63165283203125;207.54013061523438;267.69000244140625;455.55999755859375;374.6564025878906;209.62904357910156;;9.218564987182617;177.38629150390625;2927.681640625;219.71278381347656;16.09996223449707;512.5274047851562;198.39999389648438;89.85677337646484;464.38763427734375;16.401126861572266;180.2614288330078;43.541927337646484;78.81500244140625
2022-04-27;26.004148483276367;89.40140533447266;88.17857360839844;66.58000183105469;59.86179733276367;182.33740234375;329.5799865722656;371.43658447265625;197.39671325683594;7652.7763671875;680.2540893554688;154.77383422851562;98.97911834716797;313.1983642578125;209.9713897705078;267.25;447.17999267578125;383.398681640625;206.98599243164062;;9.402149200439453;181.36978149414062;2922.147705078125;222.15577697753906;16.09996223449707;511.8495788574219;188.5399932861328;89.85677337646484;467.0243835449219;16.636707305908203;174.2842559814453;43.57938003540039;79.25499725341797
2022-04-28;25.803203582763672;89.07637786865234;88.80291748046875;67.81999969482422;61.889888763427734;183.23497009277344;331.2699890136719;377.2036437988281;197.21327209472656;7635.31689453125;716.7825317382812;159.70310974121094;98.7206802368164;315.9081115722656;199.69850158691406;268.6400146484375;448.3500061035156;374.364990234375;213.5301971435547;;9.699380874633789;181.0068359375;2930.909423828125;224.23513793945312;16.585113525390625;531.2122802734375;199.52000427246094;91.94734954833984;475.58380126953125;16.996891021728516;204.94711303710938;45.04918670654297;79.9000015258789
2022-04-29;25.657060623168945;89.28668975830078;86.713134765625;66.43000030517578;60.26367950439453;184.81642150878906;322.8299865722656;367.3966979980469;191.6389617919922;7677.99462890625;681.3722534179688;147.96142578125;97.42852020263672;305.0789489746094;199.3832244873047;273.2200012207031;430.4800109863281;394.5208435058594;209.24868774414062;;9.625072479248047;176.08331298828125;2967.338134765625;218.2581329345703;16.45586395263672;530.5345458984375;190.36000061035156;92.70755767822266;462.33135986328125;16.753522872924805;199.70713806152344;44.010009765625;80.16000366210938
2022-05-02;25.698163986206055;87.60420227050781;85.47311401367188;70.95999908447266;59.618797302246094;183.79061889648438;318.19000244140625;358.43865966796875;189.4022674560547;;665.5573120117188;141.3521728515625;96.48094940185547;302.3100891113281;201.6485595703125;261.9599914550781;432.4599914550781;391.4610290527344;205.61085510253906;;9.546392440795898;181.42562866210938;;219.49830627441406;16.193620681762695;518.7234497070312;199.4600067138672;91.70978546142578;451.8632507324219;16.763256072998047;210.3265838623047;44.468753814697266;
2022-05-03;26.049816131591797;88.50279998779297;85.83731842041016;70.44000244140625;60.45994186401367;185.5002899169922;318.989990234375;350.9345703125;191.48171997070312;7557.72265625;683.4945678710938;140.64138793945312;95.27494049072266;303.3052978515625;203.5570831298828;269.1099853515625;435.9599914550781;386.1185607910156;210.95545959472656;;9.646926879882812;188.12684631347656;2977.94384765625;222.94837951660156;16.274166107177734;528.6669311523438;199.8699951171875;90.512451171875;443.8448791503906;16.80803871154785;211.22314453125;44.796417236328125;79.6050033569336
2022-05-04;25.565723419189453;87.85275268554688;87.19871520996094;72.20999908447266;61.86186218261719;182.5511016845703;326.79998779296875;355.51116943359375;192.7922821044922;7266.74267578125;693.747314453125;140.56753540039062;94.06892395019531;315.0804748535156;210.51905822753906;273.70001220703125;411.30999755859375;381.1645202636719;219.2454071044922;;9.62070083618164;194.2882080078125;2953.04345703125;230.77162170410156;16.41840171813965;521.9403686523438;204.00999450683594;88.83999633789062;456.89068603515625;17.234420776367188;222.55982971191406;45.69514846801758;79.12000274658203
2022-05-05;25.483516693115234;88.8469467163086;86.51368713378906;65.62999725341797;60.964637756347656;179.8589630126953;318.67999267578125;338.5123596191406;186.3355712890625;7233.7646484375;675.9805908203125;133.82901000976562;95.61951446533203;310.61663818359375;209.0669403076172;266.3699951171875;385.1099853515625;386.4584655761719;218.65049743652344;;9.454599380493164;189.89523315429688;2927.22021484375;220.0391387939453;16.476469039916992;523.6951293945312;188.32000732421875;90.48394775390625;436.3380432128906;16.535465240478516;207.48741149902344;44.24406433105469;79.19999694824219
2022-05-06;25.03595733642578;86.03643035888672;85.7939682006836;60.869998931884766;61.431941986083984;179.8589630126953;318.8800048828125;337.3999328613281;183.8018035888672;7076.63525390625;676.0279541015625;130.0443878173828;94.32736206054688;329.1021423339844;208.6852569580078;253.92999267578125;366.6400146484375;379.46466064453125;221.732421875;;9.323468208312988;187.74526977539062;2914.30859375;219.8899383544922;16.476469039916992;511.2169494628906;180.97000122070312;90.48394775390625;432.2059020996094;16.28820037841797;202.99456787109375;42.67127227783203;78.9800033569336
2022-05-09;25.264305114746094;86.20848846435547;86.60037994384766;54.220001220703125;61.94597625732422;172.56593322753906;312.9599914550781;320.8207092285156;176.13943481445312;6838.0322265625;619.885009765625;122.18888854980469;92.51834106445312;321.6922302246094;200.19642639160156;235.02000427246094;345.0199890136719;367.0797119140625;218.562744140625;;9.275386810302734;188.66668701171875;2858.5126953125;217.46556091308594;16.055004119873047;474.513427734375;173.10000610351562;86.25527954101562;425.9289245605469;15.739161491394043;195.46336364746094;42.3061637878418;76.52999877929688
2022-05-10;25.287137985229492;87.98657989501953;85.741943359375;54.20000076293945;61.6095085144043;174.42071533203125;312.5299987792969;320.0595397949219;174.97738647460938;7033.95849609375;597.0108032226562;115.76422119140625;91.82919311523438;325.0030822753906;199.6819610595703;240.16000366210938;340.17999267578125;369.2652587890625;218.94309997558594;;9.227304458618164;183.73382568359375;2839.1455078125;215.09716796875;16.184253692626953;476.4631042480469;177.66000366210938;87.10101318359375;423.6365661621094;15.965008735656738;196.89785766601562;42.59638977050781;76.12000274658203
2022-05-11;23.976428985595703;89.30581665039062;89.85214233398438;52.349998474121094;61.27305221557617;184.7119903564453;311.5400085449219;317.9322814941406;173.53573608398438;7002.919921875;591.4391479492188;114.22266387939453;94.32736206054688;327.22998046875;197.98086547851562;234.9600067138672;333.8999938964844;362.8056640625;204.35275268554688;;9.507052421569824;182.5890655517578;2894.94140625;217.15785217285156;16.399669647216797;501.17584228515625;166.3699951171875;88.44087982177734;422.4362487792969;15.587299346923828;188.0217742919922;41.57594299316406;76.51499938964844
2022-05-12;24.497058868408203;88.98078155517578;89.63536071777344;56.04999923706055;61.38520431518555;178.5804443359375;308.05999755859375;321.6891174316406;171.25538635253906;7002.919921875;596.8496704101562;114.3980484008789;94.06892395019531;317.29754638671875;203.00111389160156;240.85000610351562;347.95001220703125;363.82562255859375;208.5172119140625;;9.29287052154541;185.62319946289062;2875.113037109375;215.77783203125;16.809894561767578;488.5026550292969;174.30999755859375;88.75447082519531;421.914794921875;16.334930419921875;190.5122528076172;40.94869613647461;75.74500274658203
2022-05-13;24.533594131469727;90.43384552001953;90.55451965332031;58.34000015258789;62.03943634033203;178.5804443359375;310.3599853515625;328.70538330078125;174.828857421875;7002.919921875;625.2008056640625;118.47809600830078;95.87691497802734;319.4948425292969;202.98452758789062;246.72000122070312;362.17999267578125;;209.60951232910156;;9.33658218383789;187.1868133544922;2950.2763671875;217.92247009277344;16.809894561767578;511.9968566894531;187.63999938964844;88.75447082519531;423.3807373046875;16.940431594848633;197.86415100097656;42.212547302246094;76.96499633789062
2022-05-16;24.930917739868164;90.9500503540039;91.83787536621094;56.47999954223633;61.805782318115234;179.01263427734375;309.2900085449219;327.2513427734375;171.3951873779297;6931.1455078125;612.5224609375;115.61652374267578;97.01622009277344;323.0323486328125;201.12579345703125;254.1699981689453;360.20001220703125;356.9775085449219;206.41061401367188;;9.428373336791992;188.6480712890625;2900.93603515625;217.18582153320312;16.931650161743164;499.7135314941406;186.50999450683594;88.6024169921875;422.9183044433594;16.813879013061523;199.27877807617188;42.156375885009766;76.69000244140625
2022-05-17;24.282413482666016;89.95586395263672;92.17604064941406;57.220001220703125;61.4225959777832;182.1009063720703;314.6000061035156;331.07659912109375;171.2728729248047;7103.7939453125;615.8453979492188;116.21654510498047;96.40274810791016;328.2843933105469;205.581787109375;261.8399963378906;366.3599853515625;363.6799011230469;210.63360595703125;;9.432744026184082;193.77633666992188;2970.56591796875;223.3959503173828;16.976608276367188;515.3114013671875;190.55999755859375;89.26760864257812;425.77154541015625;17.072824478149414;201.8489532470703;43.63555145263672;76.99500274658203
2022-05-18;23.880523681640625;89.4587631225586;92.07199096679688;55.2400016784668;56.95515441894531;180.84039306640625;306.6400146484375;322.1380920410156;164.67637634277344;7008.74072265625;606.9238891601562;110.33647155761719;95.5263671875;315.9573974609375;201.770263671875;252.35000610351562;357.3299865722656;360.814453125;201.69017028808594;;9.515795707702637;190.0162353515625;2921.686767578125;218.63111877441406;16.95225715637207;501.95574951171875;177.19000244140625;86.948974609375;404.83514404296875;16.952110290527344;191.50845336914062;40.546138763427734;76.47000122070312
2022-05-19;22.907764434814453;85.00399017333984;87.14669799804688;54.279998779296875;57.11404037475586;175.3931121826172;304.1499938964844;324.0409240722656;166.13543701171875;6950.54443359375;604.6864013671875;110.51185607910156;95.00052642822266;314.4596862792969;205.08245849609375;255.4499969482422;364.8299865722656;354.9862060546875;198.11087036132812;;9.410890579223633;189.23817443847656;2885.718994140625;218.3980255126953;16.93352508544922;490.06243896484375;183.47999572753906;87.60922241210938;406.5076599121094;17.271413803100586;190.56204223632812;38.4771728515625;76.15499877929688
2022-05-20;22.79359245300293;85.48196411132812;87.71031951904297;54.0099983215332;57.18880844116211;176.09539794921875;304.04998779296875;334.14068603515625;167.84791564941406;7051.4169921875;620.5868530273438;110.51185607910156;94.91289520263672;318.1350402832031;206.84677124023438;258.5899963378906;372.2300109863281;369.7509460449219;199.7200927734375;;9.703751564025879;184.954345703125;2905.08642578125;221.5403594970703;17.158306121826172;488.11273193359375;186.35000610351562;89.34722137451172;410.7185363769531;17.51089096069336;192.80349731445312;37.494178771972656;76.44000244140625
2022-05-23;23.104145050048828;86.6100082397461;89.23648071289062;53.5;57.98322677612305;179.51683044433594;310.20001220703125;342.0447998046875;167.40234375;7084.39453125;631.764892578125;111.21340942382812;95.5263671875;322.8352966308594;207.63735961914062;268.3500061035156;368.3299865722656;365.136962890625;199.97366333007812;;9.743091583251953;186.2947998046875;2955.810302734375;221.8760528564453;17.31752586364746;507.90234375;187.44000244140625;90.3084716796875;417.0644226074219;17.4777889251709;195.48324584960938;38.589515686035156;76.87999725341797
2022-05-24;22.889495849609375;85.21430206298828;92.45353698730469;48.72999954223633;58.88044738769531;178.14825439453125;309.1700134277344;342.3863830566406;167.4635009765625;7086.33447265625;639.6486206054688;110.84416198730469;94.82524871826172;323.9881591796875;207.34608459472656;268.4800109863281;362.1600036621094;362.70855712890625;199.70059204101562;;9.729976654052734;184.20445251464844;2924.453369140625;220.82235717773438;17.420551300048828;496.3990478515625;180.33999633789062;89.30839538574219;420.07501220703125;17.333715438842773;180.59014892578125;38.271209716796875;75.73500061035156
2022-05-25;23.149810791015625;87.1644515991211;94.14444732666016;50.7599983215332;58.29164123535156;178.14825439453125;308.6400146484375;339.25396728515625;170.74864196777344;7105.7333984375;653.6639404296875;110.79802703857422;95.00052642822266;328.5996398925781;205.88970947265625;270.8399963378906;367.8599853515625;358.7259216308594;201.06602478027344;;9.9791259765625;189.9318389892578;2971.488525390625;220.4493865966797;17.420551300048828;494.4493103027344;187.8300018310547;89.30839538574219;418.86480712890625;17.18964195251465;183.1304473876953;40.53677749633789;75.81500244140625
2022-05-26;23.282251358032227;87.71891784667969;93.71087646484375;53.279998779296875;58.413150787353516;178.99462890625;312.5;344.7906188964844;172.04171752929688;7167.8095703125;637.9251098632812;112.94880676269531;95.2634506225586;331.49658203125;208.17828369140625;269.6499938964844;384.9200134277344;;206.55686950683594;;9.865479469299316;190.80361938476562;3018.984130859375;226.10934448242188;17.735246658325195;504.0029296875;191.39999389648438;88.93942260742188;425.5353698730469;17.627704620361328;190.9007568359375;41.1265754699707;76.47000122070312
2022-05-27;23.515167236328125;88.59839630126953;92.75701141357422;56.13999938964844;59.59075164794922;178.99462890625;319.1099853515625;352.78271484375;174.68032836914062;7330.75830078125;660.4714965820312;117.47193908691406;96.05220031738281;330.0579833984375;214.6029815673828;273.7300109863281;398.6099853515625;;210.22396850585938;;9.882965087890625;194.94683837890625;3033.27880859375;233.71815490722656;17.735246658325195;527.692138671875;195.19000244140625;88.93942260742188;436.7119140625;17.96257972717285;194.38746643066406;46.416019439697266;77.13500213623047
2022-05-30;23.496902465820312;89.22932434082031;;;;178.99462890625;;;;7359.85595703125;;;95.2634506225586;;;;;374.07354736328125;;;9.712491989135742;;3064.174560546875;;17.735246658325195;542.1199951171875;;88.93942260742188;;;;;77.82499694824219
2022-05-31;23.4786319732666;89.68819427490234;92.1326904296875;55.7599983215332;59.40383529663086;175.59120178222656;315.9800109863281;341.8658142089844;173.71925354003906;7179.44873046875;654.197021484375;117.67500305175781;94.64997863769531;324.3348388671875;205.32379150390625;268.6499938964844;391.6199951171875;372.8593444824219;205.20123291015625;;9.646926879882812;196.02481079101562;3018.984130859375;229.531494140625;17.91132354736328;522.5253295898438;197.44000244140625;90.09486389160156;435.2951354980469;18.314979553222656;192.90313720703125;46.7530403137207;78.18499755859375
2022-06-01;23.254850387573242;87.5850830078125;91.70779418945312;55.939998626708984;58.79633712768555;174.582763671875;312.2099914550781;324.7764587402344;174.1910400390625;6929.20556640625;646.4942626953125;116.17961120605469;92.54663848876953;317.9407043457031;204.54151916503906;269.4100036621094;369.6300048828125;373.6850280761719;201.8364715576172;;9.480826377868652;194.8343505859375;2983.477294921875;227.0604705810547;17.905702590942383;517.0660400390625;192.91000366210938;90.59004974365234;423.8726501464844;18.313032150268555;187.9221649169922;47.436458587646484;78.31500244140625
2022-06-02;23.405561447143555;87.738037109375;92.09801483154297;61.33000183105469;58.91783905029297;174.582763671875;314.95001220703125;335.56610107421875;178.83042907714844;;661.3856201171875;119.57655334472656;90.79386138916016;314.3587341308594;207.0464630126953;270.04998779296875;386.3399963378906;373.9764404296875;205.9619598388672;;9.432744026184082;198.38702392578125;;235.76953125;17.905702590942383;521.6478881835938;205.08999633789062;90.59004974365234;434.31134033203125;18.270198822021484;198.10325622558594;48.00752639770508;
2022-06-03;23.40099334716797;88.17778015136719;91.49968719482422;60.84000015258789;58.32902908325195;175.73524475097656;310.94000244140625;328.6109313964844;174.74151611328125;;645.9610595703125;117.7673110961914;91.84552764892578;312.18792724609375;202.76890563964844;269.44000244140625;372.6300048828125;378.4447326660156;202.46063232421875;;9.450228691101074;197.80584716796875;;235.2287139892578;17.905702590942383;512.2892456054688;198.97999572753906;90.89105224609375;425.0827331542969;18.03656578063965;190.0540008544922;47.764122009277344;
2022-06-06;23.68414306640625;88.92342376708984;92.23675537109375;60.599998474121094;58.36641311645508;178.54443359375;312.1499938964844;331.2619934082031;174.1822967529297;7107.67333984375;659.2147216796875;118.03501892089844;92.19609069824219;313.45098876953125;201.37908935546875;268.0;372.2200012207031;;199.75909423828125;;9.528907775878906;199.33377075195312;3052.646728515625;240.05882263183594;18.029333114624023;524.96240234375;197.13999938964844;91.96880340576172;418.3434753417969;17.970367431640625;193.51080322265625;46.84666442871094;78.25
2022-06-07;23.47406768798828;88.46456146240234;92.15869903564453;60.63999938964844;59.104766845703125;176.61761474609375;313.6499938964844;336.95513916015625;177.15292358398438;6911.7470703125;658.4435424804688;119.70578002929688;91.40733337402344;317.3880920410156;204.3001708984375;271.8599853515625;376.7900085449219;389.32403564453125;202.3924102783203;;9.472084045410156;201.78033447265625;3024.056640625;243.17315673828125;17.9356746673584;518.7233276367188;198.61000061035156;91.72606658935547;421.3441162109375;18.03656578063965;194.9054718017578;47.88582229614258;77.45500183105469
2022-06-08;23.423828125;87.50860595703125;89.78276062011719;58.66999816894531;58.525299072265625;172.49391174316406;308.739990234375;331.31097412109375;174.36578369140625;6884.5888671875;636.6492919921875;115.17344665527344;89.30400848388672;310.845947265625;197.53427124023438;274.5400085449219;371.9700012207031;392.57806396484375;200.64662170410156;;9.389033317565918;200.3929901123047;2981.633056640625;235.33128356933594;17.495479583740234;522.4277954101562;202.8300018310547;90.88133239746094;411.30889892578125;17.96257972717285;195.8917236328125;47.11815643310547;77.61499786376953
2022-06-09;23.158946990966797;87.50860595703125;88.17857360839844;57.560001373291016;57.22618865966797;170.51309204101562;300.79998779296875;329.1001281738281;173.8037872314453;6896.22802734375;626.8995361328125;112.77342224121094;86.80628967285156;307.8956298828125;191.2344207763672;259.70001220703125;359.70001220703125;385.6328125;196.2870635986328;;9.262216567993164;198.25576782226562;2941.053955078125;236.4875030517578;17.383087158203125;507.6098937988281;192.77000427246094;89.66764068603516;399.6699523925781;17.431062698364258;183.2998046875;47.13687515258789;76.97000122070312
2022-06-10;23.204614639282227;87.3174057006836;88.7335433959961;53.81999969482422;56.82430648803711;164.31849670410156;291.7099914550781;325.5101013183594;175.53366088867188;6839.97119140625;618.0924682617188;108.22261047363281;85.6231689453125;309.18817138671875;186.8902587890625;254.8800048828125;345.8900146484375;381.5530700683594;191.85926818847656;;9.017321586608887;192.63148498535156;2754.759765625;231.43365478515625;16.99908447265625;482.6534118652344;182.94000244140625;86.4440689086914;384.380859375;17.144861221313477;174.90188598632812;46.02281951904297;76.78500366210938
2022-06-13;23.154382705688477;86.83943176269531;85.41242980957031;49.93000030517578;55.32893371582031;163.90431213378906;281.55999755859375;315.336669921875;178.24700927734375;6659.56396484375;586.7769775390625;100.0902328491211;84.5276870727539;302.9223327636719;180.14935302734375;245.38999938964844;336.20001220703125;374.07354736328125;181.17982482910156;;8.83365249633789;183.91384887695312;2690.20166015625;226.29586791992188;16.682519912719727;461.2065734863281;169.69000244140625;84.47303771972656;379.00897216796875;16.340768814086914;163.63491821289062;44.23470687866211;75.30000305175781
2022-06-14;23.017370223999023;85.08045959472656;85.81998443603516;51.099998474121094;54.646663665771484;163.9223175048828;277.6400146484375;310.5140686035156;172.20562744140625;6535.41259765625;588.900146484375;102.1487045288086;83.16928100585938;302.4586181640625;177.9772491455078;249.0800018310547;328.989990234375;366.88543701171875;174.8501434326172;;8.634239196777344;184.29818725585938;2716.486083984375;223.0602569580078;16.688140869140625;459.3543395996094;167.5399932861328;84.48274993896484;374.5128479003906;16.159704208374023;163.10693359375;44.32832336425781;76.33000183105469
2022-06-15;23.204614639282227;86.49529266357422;85.16096496582031;52.25;55.17939376831055;167.9199981689453;278.92999267578125;314.3388977050781;176.3942108154297;6874.8896484375;610.5514526367188;107.00183868408203;83.78275299072266;303.6032409667969;182.22154235839844;253.50999450683594;333.94000244140625;368.68243408203125;177.755859375;;8.732194900512695;186.6885223388672;2728.9365234375;223.12551879882812;16.858596801757812;470.22406005859375;180.11000061035156;86.40523529052734;378.1038818359375;16.420597076416016;168.70556640625;44.85258483886719;76.45500183105469
2022-06-16;23.186349868774414;83.66563415527344;85.21298217773438;47.220001220703125;54.77751159667969;165.2188720703125;268.55999755859375;309.1446228027344;178.5016632080078;7035.8984375;588.823974609375;103.93376922607422;83.60746765136719;299.9916687011719;181.53915405273438;250.9600067138672;327.3699951171875;360.9600830078125;167.84518432617188;;8.639486312866211;177.30535888671875;2654.6953125;219.2185821533203;16.675025939941406;437.5661926269531;173.35000610351562;85.22066497802734;366.2779846191406;15.898811340332031;160.25782775878906;42.96148681640625;73.06500244140625
2022-06-17;22.8483943939209;84.7745590209961;84.93550872802734;47.209999084472656;54.955081939697266;165.16485595703125;268.0799865722656;312.9595947265625;176.0868682861328;6915.62646484375;602.5155639648438;102.60425567626953;84.0456771850586;296.58746337890625;188.26341247558594;263.0899963378906;328.04998779296875;362.8542785644531;169.35186767578125;;8.62374210357666;179.5550537109375;2679.59619140625;220.02980041503906;16.948511123657227;437.8586120605469;175.50999450683594;86.43436431884766;368.6589050292969;16.354398727416992;163.11691284179688;44.553009033203125;73.69499969482422
2022-06-20;22.976268768310547;83.1111831665039;;;;167.57785034179688;;;;6865.18994140625;;;82.862548828125;;;;;369.7509460449219;;;8.754936218261719;;2611.81103515625;;17.3493709564209;445.7550354003906;;86.6479721069336;;;;;72.63500213623047
2022-06-21;22.912330627441406;81.56253051757812;86.79984283447266;48.459999084472656;55.90839767456055;166.69549560546875;271.7699890136719;313.0476379394531;183.08543395996094;6950.54443359375;609.5326538085938;104.46370697021484;83.0378189086914;305.2807312011719;191.02638244628906;270.1700134277344;332.0299987792969;369.7509460449219;170.10516357421875;;8.517040252685547;183.9044952392578;2613.1943359375;224.72933959960938;17.188276290893555;457.9407958984375;170.91000366210938;86.86157989501953;376.4510498046875;16.519887924194336;156.45236206054688;46.08835220336914;73.66500091552734
2022-06-22;22.346031188964844;83.18766021728516;86.00208282470703;47.72999954223633;56.33830261230469;165.52499389648438;269.7900085449219;318.08544921875;183.05026245117188;7117.37255859375;626.4521484375;107.3458480834961;83.95803833007812;306.9285583496094;194.1221923828125;272.30999755859375;333.1099853515625;369.84814453125;172.7662811279297;;8.270397186279297;181.7297821044922;2556.936767578125;224.7200164794922;17.48236656188965;453.5051574707031;178.88999938964844;86.948974609375;377.1495666503906;16.30572509765625;155.25692749023438;45.50791549682617;72.28500366210938
2022-06-23;22.108551025390625;84.12451171875;88.07452392578125;49.40999984741211;57.04861831665039;161.16717529296875;267.5199890136719;326.4687194824219;183.05026245117188;7239.58447265625;644.9899291992188;109.93048095703125;82.11761474609375;310.49078369140625;199.4150848388672;283.5;355.6199951171875;370.5280456542969;173.597900390625;;8.58700942993164;174.24948120117188;2542.180908203125;225.70840454101562;17.47487449645996;448.8257751464844;181.7100067138672;86.78390502929688;387.9129333496094;16.30572509765625;158.14590454101562;45.91048049926758;72.11499786376953
2022-06-24;22.757057189941406;85.11869812011719;89.66139221191406;53.4900016784668;58.553340911865234;163.1479949951172;278.2799987792969;334.2161865234375;184.40255737304688;7371.4951171875;656.177490234375;113.97476959228516;81.1535873413086;317.2893981933594;201.86180114746094;292.54998779296875;361.4800109863281;381.8930358886719;178.3820037841797;;8.794293403625488;182.80775451660156;2624.722412109375;235.0515899658203;17.68279457092285;472.6612243652344;190.85000610351562;89.64823150634766;401.1259765625;16.67369842529297;169.51246643066406;47.04326248168945;73.23500061035156
2022-06-27;22.816425323486328;85.290771484375;89.06305694580078;52.880001068115234;58.53464889526367;163.00393676757812;278.3999938964844;333.05206298828125;183.9108428955078;7433.5712890625;652.749755859375;111.76203918457031;84.29521942138672;321.91729736328125;200.82151794433594;287.32000732421875;359.0299987792969;386.1185607910156;175.92633056640625;;8.677969932556152;183.1452178955078;2615.960693359375;229.55007934570312;17.647205352783203;471.5400695800781;189.13999938964844;89.61910247802734;392.3303527832031;16.4420108795166;168.8450164794922;47.033897399902344;73.86499786376953
2022-06-28;23.008235931396484;85.74964141845703;88.82892608642578;50.470001220703125;57.68415069580078;164.85873413085938;273.8599853515625;325.4514465332031;180.99551391601562;7515.0458984375;637.0682373046875;110.5998764038086;85.63607788085938;317.2893981933594;196.3691864013672;276.1700134277344;349.2099914550781;375.9191589355469;172.01296997070312;;8.899248123168945;183.78262329101562;2607.19970703125;226.12803649902344;17.858875274658203;460.9628601074219;179.60000610351562;88.58987426757812;385.36468505859375;16.19669532775879;160.0685272216797;45.81685256958008;73.91000366210938
2022-06-29;22.802724838256836;85.4437255859375;87.467529296875;48.529998779296875;58.32331085205078;165.4169464111328;273.489990234375;327.45672607421875;181.02183532714844;7468.48876953125;618.4066162109375;109.99555206298828;82.37332153320312;323.71319580078125;199.7313232421875;280.3500061035156;358.2200012207031;383.0101318359375;171.86619567871094;;8.811785697937012;181.61729431152344;2604.43310546875;226.7061309814453;17.827030181884766;453.5051574707031;178.36000061035156;87.55095672607422;387.19464111328125;16.239526748657227;163.31614685058594;44.36577224731445;73.91000366210938
2022-06-30;22.706819534301758;83.16854095458984;86.69487762451172;48.66999816894531;58.36090850830078;163.97634887695312;273.0199890136719;329.7164001464844;179.7486114501953;7402.533203125;625.566650390625;109.38194274902344;81.79228210449219;321.8876953125;195.03762817382812;281.7900085449219;350.7300109863281;382.3302001953125;164.42100524902344;;8.655228614807129;181.4110870361328;2604.43310546875;225.73927307128906;17.744609832763672;444.39019775390625;174.8699951171875;84.40506744384766;388.2768859863281;15.92022705078125;160.63638305664062;43.26107406616211;72.95500183105469
2022-07-01;22.976268768310547;84.60248565673828;87.55532836914062;47.95000076293945;59.535831451416016;163.86830139160156;277.5;335.849853515625;179.37977600097656;7330.75830078125;640.8101806640625;111.59469604492188;81.88167572021484;325.16363525390625;200.5136260986328;287.32000732421875;358.44000244140625;381.0673522949219;171.2694091796875;;9.043560981750488;181.95474243164062;2627.489013671875;227.87010192871094;17.99748992919922;420.4085998535156;179.9499969482422;84.1817398071289;394.19970703125;15.90270709991455;159.4210205078125;40.01251983642578;72.70500183105469
2022-07-04;23.122411727905273;83.93331909179688;;;;164.7866973876953;;;;7476.248046875;;;80.40672302246094;;;;;386.50701904296875;;;8.98233699798584;;2617.8056640625;;18.044321060180664;417.72772216796875;;82.9583511352539;;;;;72.23999786376953
2022-07-05;22.953433990478516;83.4170913696289;86.11539459228516;53.810001373291016;58.72747802734375;157.76376342773438;275.69000244140625;336.81817626953125;179.45004272460938;7206.6064453125;635.2211303710938;112.89629364013672;81.83697509765625;318.10845947265625;199.72299194335938;288.9800109863281;366.8699951171875;385.72998046875;168.8431396484375;;8.855518341064453;181.9266357421875;2544.947509765625;225.26052856445312;17.66781234741211;398.718017578125;185.8800048828125;82.94863891601562;395.1048278808594;15.760579109191895;167.5499725341797;40.38698959350586;72.44999694824219
2022-07-06;23.588239669799805;86.93502807617188;83.41111755371094;52.33000183105469;58.661685943603516;158.015869140625;275.6499938964844;341.41583251953125;179.09881591796875;7437.451171875;630.8128662109375;112.9241943359375;83.2225341796875;317.2796325683594;202.9603271484375;291.1600036621094;375.2200012207031;392.57806396484375;162.39581298828125;;8.977964401245117;182.33908081054688;2591.521484375;222.67910766601562;17.81017303466797;410.9037170410156;184.05999755859375;85.28863525390625;398.21380615234375;15.639867782592773;169.12396240234375;39.50697326660156;72.46499633789062
2022-07-07;23.574539184570312;86.85855102539062;83.4023208618164;58.11000061035156;58.62409210205078;160.6809844970703;279.2799987792969;344.1645812988281;183.33128356933594;7354.037109375;629.1084594726562;113.95619201660156;84.47399139404297;316.9934387207031;203.38473510742188;294.1700134277344;382.5199890136719;390.975341796875;170.87808227539062;;9.047933578491211;188.67576599121094;2631.17822265625;221.36489868164062;17.984376907348633;429.7185363769531;189.27000427246094;86.30813598632812;396.49932861328125;16.258996963500977;171.5347442626953;40.19974899291992;73.56999969482422
2022-07-08;24.10430145263672;88.92342376708984;82.43651580810547;58.08000183105469;58.689884185791016;162.3196563720703;280.8299865722656;344.80047607421875;183.43663024902344;7383.134765625;619.3777465820312;113.03575134277344;85.14442443847656;326.8115539550781;203.01025390625;294.2900085449219;378.45001220703125;388.061279296875;168.8626708984375;;8.905084609985352;187.9727325439453;2695.735595703125;217.9761962890625;17.99748992919922;434.9340515136719;186.97999572753906;86.99752044677734;396.1347351074219;16.077932357788086;170.229736328125;40.181026458740234;73.75499725341797
2022-07-11;23.990129470825195;89.210205078125;81.8570327758789;54.540000915527344;58.53949737548828;160.51890563964844;278.510009765625;343.9493713378906;182.94488525390625;7431.63134765625;616.321533203125;113.22169494628906;83.44599914550781;324.4532165527344;201.92007446289062;294.07000732421875;369.6600036621094;393.88946533203125;165.72219848632812;;9.11890697479248;184.46690368652344;2673.601318359375;219.74093627929688;18.003108978271484;426.9889221191406;177.33999633789062;85.81295013427734;391.5133361816406;15.963062286376953;162.26016235351562;39.769107818603516;73.40499877929688
2022-07-12;24.086036682128906;89.95586395263672;82.35749816894531;53.65999984741211;58.80268096923828;160.51890563964844;277.2799987792969;338.5105285644531;178.40509033203125;7497.5869140625;598.1738891601562;112.412841796875;83.35662078857422;323.042236328125;199.65643310546875;290.010009765625;362.4599914550781;393.40374755859375;166.4265899658203;;9.09644889831543;188.57264709472656;2685.590576171875;217.71334838867188;18.003108978271484;423.7719421386719;174.4499969482422;85.81295013427734;385.2168884277344;15.97474479675293;162.64869689941406;40.302734375;73.05500030517578
2022-07-13;23.68414306640625;89.03813934326172;79.59176635742188;54.41999816894531;58.24811935424805;158.4480438232422;277.4700012207031;334.56829833984375;178.73875427246094;7443.27001953125;595.9267578125;112.27339935302734;83.1778335571289;320.871337890625;199.97265625;288.7300109863281;363.3299865722656;393.50091552734375;165.64390563964844;;8.885319709777832;187.09158325195312;2646.395263671875;214.01487731933594;17.9731388092041;430.6446838378906;176.55999755859375;82.9292221069336;379.4032897949219;15.87155532836914;162.86785888671875;40.38698959350586;72.56500244140625
2022-07-14;23.405561447143555;88.904296875;78.68741607666016;52.849998474121094;57.22358322143555;153.00978088378906;274.4100036621094;337.649658203125;175.2087860107422;7396.71337890625;582.6351318359375;109.82820892333984;82.5968017578125;322.1639404296875;200.03924560546875;286.1499938964844;366.05999755859375;392.7723693847656;163.86334228515625;;8.728996276855469;182.62965393066406;2633.022705078125;208.3732452392578;17.572277069091797;431.86328125;174.77999877929688;82.47286987304688;382.4579162597656;15.789782524108887;157.4485626220703;39.97506332397461;72.46499633789062
2022-07-15;23.693279266357422;89.26756286621094;79.17908477783203;54.13999938964844;57.09199142456055;155.7649383544922;278.4800109863281;341.8364562988281;177.32501220703125;7322.9990234375;590.0807495117188;112.50581359863281;83.40130615234375;325.62750244140625;203.48460388183594;292.8399963378906;370.1400146484375;406.5657958984375;167.89413452148438;;8.811650276184082;184.0638427734375;2687.435302734375;211.3958740234375;17.87198829650879;453.70013427734375;189.11000061035156;84.69636535644531;389.3652648925781;15.994213104248047;164.07325744628906;40.68656921386719;73.0999984741211
2022-07-18;23.807453155517578;88.92342376708984;78.59083557128906;54.9900016784668;56.45283508300781;156.37718200683594;276.260009765625;337.8355712890625;176.00787353515625;7419.99169921875;585.5296020507812;110.82301330566406;83.71417236328125;321.7099914550781;200.4636688232422;286.05999755859375;360.6000061035156;410.54840087890625;167.97238159179688;;8.793681144714355;185.24496459960938;2700.80810546875;209.85641479492188;17.738990783691406;464.2286682128906;190.9199981689453;85.172119140625;386.1037292480469;16.005891799926758;166.59361267089844;40.16230392456055;73.17500305175781
2022-07-19;23.903356552124023;90.03234100341797;80.27659606933594;58.02000045776367;57.73114776611328;158.2139434814453;283.54998779296875;349.35888671875;178.9758758544922;7456.849609375;606.8668212890625;116.31768035888672;85.41259765625;325.597900390625;204.6746826171875;289.6000061035156;377.1000061035156;407.2943115234375;174.3218536376953;;8.840399742126465;192.20968627929688;2769.054443359375;215.9016571044922;17.87198829650879;472.6124572753906;201.6300048828125;87.26937866210938;398.21380615234375;16.552988052368164;175.111083984375;41.54916763305664;73.81999969482422
2022-07-20;23.857690811157227;88.34984588623047;78.87178802490234;62.61000061035156;57.75934982299805;157.6917266845703;286.0400085449219;350.787109375;179.26564025878906;7561.6025390625;606.8668212890625;115.81562042236328;85.45729064941406;322.27252197265625;204.12538146972656;285.5;383.80999755859375;402.63177490234375;174.9381866455078;;8.784697532653809;192.8002166748047;2737.237060546875;217.43174743652344;17.66781234741211;488.6001281738281;216.44000244140625;88.08499145507812;402.4015808105469;16.751575469970703;182.39324951171875;41.671810150146484;74.04000091552734
2022-07-21;24.095169067382812;89.59259033203125;82.17311096191406;63.88999938964844;57.66535568237305;157.0074462890625;286.8500061035156;353.7413024902344;180.7057342529297;7656.65576171875;619.0635375976562;116.84762573242188;86.0830307006836;323.46649169921875;207.29615783691406;283.1099853515625;398.3500061035156;407.82861328125;177.3840789794922;;8.800868034362793;193.22206115722656;2751.53173828125;220.21031188964844;17.546052932739258;513.7515258789062;223.8800048828125;85.57992553710938;406.6878967285156;16.989105224609375;182.4729461669922;42.12466049194336;74.41000366210938
2022-07-22;24.163673400878906;90.89270782470703;84.2276611328125;62.84000015258789;58.26691436767578;156.77334594726562;285.92999267578125;354.0542907714844;179.55540466308594;7615.91845703125;622.481689453125;117.98189544677734;89.47986602783203;326.0616149902344;205.00755310058594;280.2900085449219;393.510009765625;408.1685791015625;197.65542602539062;;8.976958274841309;192.35028076171875;2751.9931640625;220.18214416503906;17.012197494506836;509.3647155761719;220.44000244140625;89.38606262207031;404.9044494628906;16.93069839477539;168.62586975097656;40.888755798339844;74.37999725341797
2022-07-25;24.38288688659668;91.02653503417969;84.14864349365234;60.880001068115234;58.990665435791016;157.04345703125;287.989990234375;346.3166809082031;179.53785705566406;7577.12158203125;618.387451171875;118.54902648925781;88.85413360595703;331.745361328125;205.46527099609375;283.67999267578125;375.55999755859375;406.46868896484375;194.32904052734375;;8.964380264282227;193.37203979492188;2759.370849609375;220.7923126220703;17.029056549072266;515.0189208984375;218.50999450683594;87.3956069946289;407.32843017578125;16.644495010375977;166.0158233642578;41.36991500854492;74.37000274658203
2022-07-26;24.13627052307129;91.38980102539062;84.75446319580078;58.349998474121094;59.15985870361328;156.34117126464844;285.30999755859375;348.36114501953125;178.94073486328125;7594.580078125;610.97998046875;118.6233901977539;89.39047241210938;333.1958923339844;205.49024963378906;288.2200012207031;377.0;417.6879577636719;199.52410888671875;;9.051526069641113;191.64723205566406;2706.802490234375;220.24786376953125;16.98035430908203;501.95574951171875;213.91000366210938;86.62855529785156;405.2196960449219;16.601661682128906;158.54437255859375;40.97366714477539;73.81500244140625
2022-07-27;24.086036682128906;92.32665252685547;85.13201904296875;61.31999969482422;59.80842208862305;156.5032501220703;290.29998779296875;353.05657958984375;172.1002960205078;7631.4375;620.98681640625;118.43745422363281;86.48528289794922;335.12005615234375;207.6123809814453;286.989990234375;385.9599914550781;410.9854736328125;200.2284698486328;;9.217732429504395;196.07167053222656;2772.743408203125;223.3080291748047;17.323144912719727;515.6038208007812;226.75;86.26930236816406;412.16656494140625;16.87228775024414;168.9346923828125;41.7850227355957;74.51000213623047
2022-07-28;24.318950653076172;91.52363586425781;85.31639099121094;66.55999755859375;60.344173431396484;156.10708618164062;293.8999938964844;366.4287109375;175.1999969482422;7670.23486328125;677.2575073242188;123.09536743164062;89.1669921875;335.6133728027344;210.03414916992188;280.82000732421875;398.55999755859375;410.54840087890625;205.2376251220703;;9.294097900390625;201.71470642089844;2843.29541015625;229.25941467285156;17.225740432739258;531.68896484375;226.02000427246094;87.28881072998047;429.3117980957031;17.04751205444336;160.1083984375;41.983150482177734;74.61499786376953
2022-07-29;24.556427001953125;91.8677749633789;85.29883575439453;71.63999938964844;60.19378662109375;159.65455627441406;300.6000061035156;368.7177429199219;175.1648712158203;7757.5283203125;670.0499877929688;123.2441177368164;90.6419448852539;337.0540466308594;218.19813537597656;280.4100036621094;399.17999267578125;414.7738342285156;207.82044982910156;;9.370463371276855;207.4514617919922;2896.785888671875;233.0142059326172;17.33251190185547;541.4376831054688;224.89999389648438;88.046142578125;430.2774963378906;16.625024795532227;158.4945831298828;42.51148223876953;74.87999725341797
2022-08-01;24.67060089111328;91.54275512695312;86.46659088134766;72.66000366210938;60.99273681640625;160.51890563964844;295.8599853515625;367.88629150390625;171.8895263671875;7747.8291015625;661.1857299804688;121.77515411376953;88.72004699707031;337.8829345703125;214.66122436523438;273.8299865722656;398.1300048828125;411.4225769042969;206.34315490722656;;9.361479759216309;204.1987762451172;2873.72998046875;232.0942840576172;17.469253540039062;550.7963256835938;226.2100067138672;89.02680969238281;426.0601501464844;16.759363174438477;159.32139587402344;42.851112365722656;74.7699966430664
2022-08-02;24.761943817138672;89.82202911376953;86.61585998535156;72.73999786376953;60.87055206298828;158.68215942382812;292.1700134277344;361.7235412597656;173.44375610351562;7763.3486328125;655.739501953125;120.27828979492188;89.2116928100586;330.6500244140625;210.12567138671875;273.8599853515625;398.92999267578125;413.4139404296875;206.8910369873047;;9.388432502746582;204.92054748535156;2823.005859375;229.15611267089844;17.66219139099121;538.8054809570312;221.4199981689453;87.02664184570312;420.0592346191406;16.60555648803711;159.58041381835938;41.75672149658203;74.57499694824219
2022-08-03;24.49249267578125;91.20597076416016;86.75634002685547;77.37999725341797;61.21833038330078;161.32925415039062;294.9599914550781;360.1388244628906;173.636962890625;7875.86083984375;662.8328247070312;121.533447265625;90.19498443603516;322.7658386230469;210.3670196533203;275.0299987792969;406.8699951171875;374.5592041015625;211.7827606201172;;9.348003387451172;204.13314819335938;2877.8798828125;230.64871215820312;17.47674560546875;556.2554321289062;226.72999572753906;89.13361358642578;423.51788330078125;16.965740203857422;168.15765380859375;41.93598175048828;74.73500061035156
2022-08-04;24.277847290039062;90.28334045410156;86.04515075683594;69.08000183105469;60.39118194580078;161.58135986328125;292.9100036621094;369.6665954589844;175.6478271484375;7899.13916015625;663.6326293945312;121.56131744384766;90.28438568115234;333.3340148925781;210.04244995117188;274.8500061035156;405.0199890136719;378.3961181640625;208.1139373779297;;9.424367904663086;205.79232788085938;2962.265625;241.93191528320312;17.437408447265625;563.0665893554688;229.91000366210938;90.14340209960938;424.5426940917969;16.734054565429688;169.92091369628906;41.70011520385742;74.99500274658203
2022-08-05;24.131702423095703;89.76435852050781;85.6939468383789;73.61000061035156;59.94001007080078;159.04229736328125;292.07000732421875;368.44384765625;177.5093994140625;8029.1103515625;664.1182250976562;122.15633392333984;88.00492095947266;342.0963134765625;211.93988037109375;288.0299987792969;407.7799987792969;367.1768493652344;208.20201110839844;;9.415384292602539;206.24224853515625;2930.4482421875;246.5409393310547;17.59100914001465;546.649658203125;226.77999877929688;89.55113220214844;425.5970153808594;16.80609130859375;166.47409057617188;42.841678619384766;75.86000061035156
2022-08-08;24.086036682128906;90.91764831542969;85.72907257080078;74.13999938964844;60.09980010986328;160.12274169921875;292.3399963378906;369.8818359375;176.90354919433594;8056.2685546875;663.6516723632812;121.998291015625;90.01620483398438;342.7772216796875;212.88861083984375;293.95001220703125;407.0;364.2627258300781;206.7638397216797;;9.55014705657959;205.7642059326172;2956.732421875;245.72427368164062;17.58351707458496;547.8222045898438;233.49000549316406;90.39585876464844;424.7003173828125;16.515995025634766;169.6021270751953;42.879417419433594;76.12999725341797
2022-08-09;23.944461822509766;90.1103515625;85.49200439453125;70.97000122070312;60.090396881103516;160.77101135253906;292.7699890136719;368.874267578125;178.21188354492188;8081.48681640625;664.3467407226562;123.56021881103516;90.55255126953125;350.0692443847656;210.42527770996094;298.8299865722656;388.6000061035156;372.22796630859375;205.5213623046875;;9.64448070526123;204.4612274169922;2930.4482421875;242.8987579345703;17.782075881958008;518.3104858398438;229.94000244140625;89.21128845214844;422.5522155761719;16.26094627380371;167.888671875;42.53977966308594;76.08000183105469
2022-08-10;25.75753402709961;90.12956237792969;86.15928649902344;75.56999969482422;60.597965240478516;160.7169952392578;295.1099853515625;384.6332702636719;174.2165069580078;8031.05029296875;675.4962158203125;124.96409606933594;92.69792175292969;354.8451232910156;215.63491821289062;295.7699890136719;400.2900085449219;379.70745849609375;212.02735900878906;;9.63998794555664;207.9951629638672;2975.17724609375;249.34765625;17.66031837463379;531.6983032226562;244.11000061035156;90.667724609375;432.25799560546875;16.61334228515625;177.66134643554688;44.558738708496094;76.13999938964844
2022-08-11;25.49721908569336;90.14879608154297;87.33582305908203;76.80000305175781;60.42877960205078;161.16717529296875;296.4700012207031;377.7564697265625;174.7609405517578;8052.388671875;656.3106689453125;124.7967529296875;91.7146224975586;354.00640869140625;215.3270263671875;292.1600036621094;396.67999267578125;384.2243347167969;211.83168029785156;;9.662449836730957;209.8605499267578;2957.654541015625;248.57791137695312;17.737117767333984;536.2911376953125;242.6999969482422;90.10457611083984;427.3509521484375;16.708742141723633;176.81459045410156;44.907814025878906;76.87000274658203
2022-08-12;25.172176361083984;90.82154083251953;87.13387298583984;77.94000244140625;60.344173431396484;163.0399627685547;301.54998779296875;383.3811340332031;177.9045867919922;7937.9365234375;670.8307495117188;127.59523010253906;92.78730773925781;360.361083984375;215.89288330078125;294.5199890136719;396.42999267578125;375.9963684082031;214.15037536621094;;9.64448070526123;213.49758911132812;2984.399658203125;254.2758026123047;17.499223709106445;540.5908813476562;249.3000030517578;90.32788848876953;432.671875;16.899547576904297;179.81314086914062;45.49274826049805;77.7300033569336
2022-08-15;25.63652229309082;91.3212890625;88.6791763305664;78.83000183105469;61.26533126831055;160.96910095214844;302.82000732421875;382.5692443847656;177.63232421875;8186.240234375;680.5708618164062;128.6551055908203;92.87669372558594;366.52825927734375;216.50042724609375;305.5299987792969;390.8500061035156;379.1703796386719;212.00778198242188;;9.743306159973145;216.29095458984375;3006.07275390625;257.3078308105469;17.568532943725586;547.4313354492188;249.11000061035156;90.5803451538086;432.97735595703125;16.922908782958984;180.20164489746094;45.56822204589844;78.04499816894531
2022-08-16;25.785110473632812;91.41741180419922;89.31135559082031;79.16000366210938;61.99848175048828;162.01353454589844;306.6499938964844;380.2998046875;180.4159698486328;8120.2841796875;680.9055786132812;127.47437286376953;90.91011810302734;368.8865966796875;215.66824340820312;303.0;382.239990234375;375.8987121582031;208.26071166992188;;9.833147048950195;217.84701538085938;3030.973388671875;256.7727966308594;17.900083541870117;544.7929077148438;245.69000244140625;89.88125610351562;429.94244384765625;16.76520538330078;178.78704833984375;45.84182357788086;78.23999786376953
2022-08-17;26.100866317749023;92.14781951904297;88.82844543457031;76.75;61.57551574707031;159.85263061523438;304.260009765625;379.282470703125;181.28524780273438;8180.4208984375;675.990478515625;127.73465728759766;90.28438568115234;362.5023498535156;211.3870391845703;299.2300109863281;374.010009765625;377.4612731933594;204.46473693847656;;9.837639808654785;215.8504180908203;2995.927734375;251.57237243652344;17.6696834564209;531.5028076171875;241.14999389648438;88.62872314453125;427.6465759277344;16.969633102416992;174.18463134765625;45.12480926513672;78.19999694824219
2022-08-18;26.100866317749023;91.89794158935547;88.24017333984375;76.91999816894531;61.61310577392578;160.73500061035156;304.2699890136719;378.9400939941406;182.57608032226562;8306.6943359375;670.7499389648438;127.02809143066406;91.17828369140625;363.6765441894531;208.9835968017578;294.2900085449219;374.75;369.55072021484375;210.38372802734375;;9.801702499389648;217.26611328125;3028.206298828125;251.19686889648438;17.6041202545166;544.4996337890625;245.1699981689453;88.85204315185547;427.40020751953125;16.91512107849121;173.99534606933594;46.172027587890625;78.53500366210938
2022-08-19;26.281963348388672;92.34003448486328;87.9153060913086;72.8499984741211;61.43452453613281;158.48406982421875;297.2799987792969;371.6426086425781;177.43917846679688;8333.955078125;666.322509765625;124.65728759765625;90.99949645996094;366.0941162109375;208.0572967529297;299.0400085449219;373.739990234375;376.48468017578125;210.3739471435547;;9.828655242919922;215.73712158203125;3017.6005859375;247.53594970703125;17.69778060913086;532.6754150390625;241.16000366210938;88.64813995361328;426.9764709472656;16.88591957092285;167.32086181640625;44.97385787963867;78.62000274658203
2022-08-22;26.295896530151367;90.99453735351562;86.29975891113281;72.43000030517578;60.63556671142578;156.21511840820312;288.69000244140625;368.24822998046875;175.34927368164062;8355.3740234375;645.8200073242188;121.73797607421875;90.01620483398438;363.2423400878906;203.20030212402344;293.8399963378906;358.3999938964844;391.9640197753906;207.79110717773438;;9.864591598510742;211.79197692871094;2953.96533203125;244.91697692871094;17.78394889831543;513.6199951171875;226.5399932861328;86.5897216796875;415.9502868652344;16.593873977661133;162.42955017089844;44.19080352783203;78.28500366210938
2022-08-23;26.100866317749023;90.39866638183594;85.86954498291016;73.93000030517578;59.893009185791016;156.30516052246094;289.6499938964844;364.6777648925781;173.58428955078125;8113.923828125;638.5809326171875;119.4322509765625;89.56925201416016;359.1966857910156;199.3280792236328;286.25;356.9100036621094;387.95989990234375;205.69744873046875;;9.761275291442871;212.37716674804688;2946.12646484375;245.3018341064453;17.57977294921875;514.4017944335938;224.5500030517578;85.39543914794922;410.62933349609375;16.358293533325195;160.49691772460938;44.28514862060547;78.20999908447266
2022-08-24;25.980138778686523;90.9753189086914;85.72907257080078;76.69000244140625;60.72015380859375;155.5128173828125;293.5199890136719;367.5243225097656;174.65557861328125;8178.1806640625;642.1095581054688;121.9052963256836;88.7647476196289;358.4073486328125;194.2791290283203;291.0299987792969;360.54998779296875;398.06787109375;205.86375427246094;;9.806195259094238;212.6319580078125;2887.5634765625;246.61599731445312;17.542308807373047;518.701416015625;229.61000061035156;85.67701721191406;412.49169921875;16.38555145263672;162.6387176513672;43.98324203491211;79.0250015258789
2022-08-25;25.95692253112793;87.9575424194336;86.21197509765625;81.01000213623047;60.588558197021484;156.0170440673828;298.1300048828125;372.1911315917969;174.8575439453125;8187.91650390625;659.3800659179688;123.44863891601562;88.541259765625;362.0286865234375;197.83424377441406;291.2200012207031;371.2099914550781;401.1929931640625;208.9357452392578;;9.887052536010742;216.10523986816406;2984.861083984375;250.2488250732422;17.680923461914062;520.0695190429688;233.97999572753906;85.30805969238281;418.40386962890625;16.599716186523438;168.13772583007812;45.19085693359375;79.4000015258789
2022-08-26;25.557584762573242;87.99597930908203;84.77203369140625;77.11000061035156;58.962467193603516;153.5860137939453;289.9599914550781;356.9356384277344;172.4163818359375;8049.666015625;641.4115600585938;119.32998657226562;87.60266876220703;352.06256103515625;191.24143981933594;281.67999267578125;349.8999938964844;400.1676025390625;200.5415496826172;;9.815178871154785;209.99874877929688;2965.49365234375;246.1560821533203;17.49173355102539;509.51580810546875;223.27999877929688;82.81270599365234;403.8303527832031;15.90854549407959;161.16436767578125;39.086788177490234;79.48999786376953
2022-08-29;25.525081634521484;87.20790100097656;84.4998550415039;74.86000061035156;58.72747802734375;152.54159545898438;287.45001220703125;353.9355163574219;171.58216857910156;;630.50048828125;118.34447479248047;87.51327514648438;358.2099609375;191.66705322265625;281.6000061035156;349.04998779296875;392.59881591796875;199.66107177734375;;9.68041706085205;208.856689453125;;244.71986389160156;17.58164405822754;491.8282775878906;224.57000732421875;82.11361694335938;403.1701965332031;15.836508750915527;158.5642852783203;38.29429244995117;
2022-08-30;25.385774612426758;86.49671173095703;83.84132385253906;73.77999877929688;58.13532257080078;153.18984985351562;285.4200134277344;348.6020202636719;171.39779663085938;7960.09619140625;627.2109375;116.8197250366211;86.48528289794922;359.1868591308594;190.28173828125;281.3599853515625;348.8399963378906;388.05755615234375;197.41082763671875;;9.56362247467041;205.902587890625;2953.5048828125;240.16712951660156;17.65282440185547;479.2221984863281;220.64999389648438;82.14274597167969;401.78082275390625;15.71969223022461;156.56195068359375;37.445194244384766;79.20999908447266
2022-08-31;25.44614028930664;86.24681854248047;83.84132385253906;73.69999694824219;58.14472579956055;151.7852783203125;280.79998779296875;345.2881164550781;171.76657104492188;7888.05029296875;628.6260986328125;115.75985717773438;84.33991241455078;362.67523193359375;187.9951171875;281.760009765625;347.6199951171875;386.9833068847656;193.5855255126953;;9.330035209655762;203.2693328857422;2928.603759765625;236.9755401611328;17.596630096435547;473.6033020019531;223.55999755859375;82.47286987304688;396.68646240234375;15.449066162109375;162.3099822998047;36.1243782043457;79.81500244140625
2022-09-01;25.399703979492188;85.15119934082031;84.71056365966797;73.0199966430664;58.24811935424805;149.66038513183594;282.42999267578125;345.082275390625;175.11219787597656;7718.64501953125;624.7340698242188;115.56460571289062;82.73088836669922;359.5426330566406;189.51397705078125;290.20001220703125;349.92999267578125;377.6077880859375;195.13128662109375;;9.437845230102539;202.84461975097656;2847.906982421875;234.6757354736328;17.51233673095703;456.3556213378906;230.0399932861328;80.73485565185547;399.2188415527344;15.357558250427246;164.73074340820312;35.52056884765625;79.43000030517578
2022-09-02;25.53900909423828;85.8816146850586;82.99844360351562;71.0;57.082584381103516;155.18869018554688;277.6700134277344;340.8271789550781;170.95872497558594;7794.5849609375;603.5620727539062;113.323974609375;84.07174682617188;359.53271484375;188.38734436035156;281.0400085449219;343.8299865722656;378.1937561035156;195.69876098632812;;9.48725700378418;200.90980529785156;2947.509765625;231.41839599609375;17.780200958251953;473.11474609375;226.11000061035156;82.84182739257812;395.0508728027344;15.036312103271484;159.70993041992188;35.652652740478516;80.17500305175781
2022-09-05;25.204681396484375;86.26604461669922;;;;151.92933654785156;;;;7745.90576171875;;;83.8035659790039;;;;;382.2467041015625;;;9.532177925109863;;2835.91748046875;;17.703399658203125;466.3231201171875;;82.05536651611328;;;;;79.97000122070312
2022-09-06;25.353269577026367;86.72736358642578;82.62090301513672;71.94000244140625;56.39643478393555;152.28948974609375;276.5899963378906;349.80792236328125;173.89158630371094;7757.58837890625;604.2124633789062;115.09974670410156;84.11643981933594;356.54827880859375;188.68777465820312;279.17999267578125;341.7300109863281;381.66070556640625;196.36404418945312;;9.406401634216309;200.50396728515625;2847.906982421875;231.08047485351562;17.634092330932617;467.6911926269531;218.38999938964844;83.02631378173828;391.109375;14.674179077148438;157.9366912841797;35.18093490600586;78.93000030517578
2022-09-07;25.455429077148438;86.6120376586914;83.06868743896484;76.33000183105469;57.73114776611328;149.78643798828125;281.0400085449219;356.4159851074219;175.9200439453125;7734.22265625;618.9008178710938;117.73084259033203;83.13313293457031;362.6357116699219;193.56143188476562;284.44000244140625;354.67999267578125;378.0472412109375;207.56610107421875;;9.604050636291504;203.8639373779297;2882.951904296875;238.22401428222656;17.69215965270996;464.12445068359375;228.9600067138672;82.82241821289062;400.8841247558594;14.504794120788574;159.77964782714844;35.831905364990234;79.50499725341797
2022-09-08;25.566871643066406;87.7076644897461;83.95548248291016;78.55000305175781;57.28938293457031;150.86688232421875;283.3399963378906;359.8769836425781;178.2498779296875;7792.6376953125;622.4390869140625;118.92090606689453;82.28392791748047;365.7980041503906;198.8440399169922;288.989990234375;364.95001220703125;382.1490173339844;211.5284423828125;;9.662449836730957;202.7313690185547;2899.68115234375;238.2709197998047;17.630346298217773;469.0592956542969;227.44000244140625;82.98748016357422;402.1060485839844;14.444438934326172;161.4432830810547;36.3224983215332;80.13500213623047
2022-09-09;25.91048812866211;87.91909790039062;85.21981811523438;80.62000274658203;57.64655685424805;151.8212890625;285.7699890136719;362.1907653808594;177.6674041748047;7792.6376953125;629.1234130859375;120.5200424194336;83.71417236328125;361.8945617675781;198.88577270507812;292.1099853515625;374.1300048828125;390.54791259765625;214.9428253173828;;9.622020721435547;206.19517517089844;2937.7861328125;241.21849060058594;18.31031036376953;486.5513000488281;233.57000732421875;84.07494354248047;404.1555480957031;14.676125526428223;168.5063018798828;37.5395393371582;80.31999969482422
2022-09-12;26.40733528137207;90.28334045410156;85.74662017822266;83.58999633789062;58.18231964111328;158.82620239257812;288.510009765625;364.2301025390625;176.68785095214844;7884.1552734375;636.3719482421875;121.04997253417969;84.42930603027344;359.4437561035156;201.34762573242188;293.4800109863281;376.5899963378906;393.282470703125;217.5452117919922;;9.711861610412598;207.27110290527344;3020.03662109375;247.3481903076172;18.152963638305664;488.4079895019531;236.52999877929688;85.24980163574219;403.26873779296875;14.72285270690918;168.31704711914062;38.02069091796875;80.7750015258789
2022-09-13;26.639507293701172;89.78358459472656;82.55065155029297;75.38999938964844;56.28364181518555;157.09747314453125;278.2900085449219;349.533447265625;171.2780303955078;7792.6376953125;608.4487915039062;116.289794921875;80.80899047851562;343.7904968261719;190.63221740722656;280.6700134277344;350.42999267578125;387.3739318847656;207.4486846923828;;9.716352462768555;200.73048400878906;2953.120849609375;240.38302612304688;18.0274600982666;468.5218811035156;218.1300048828125;84.1623306274414;389.385009765625;14.020003318786621;152.5472869873047;36.13381576538086;79.79499816894531
2022-09-14;25.91048812866211;87.68843841552734;82.26970672607422;76.41999816894531;56.62201690673828;154.97259521484375;278.4200134277344;344.2881164550781;168.8246307373047;7691.38427734375;599.278076171875;113.28640747070312;78.52953338623047;337.376953125;186.0673370361328;284.8599853515625;350.4700012207031;384.688232421875;204.2397003173828;;9.532177925109863;201.2779083251953;2841.130126953125;239.5381622314453;17.84201431274414;467.83782958984375;224.1199951171875;83.482666015625;390.3900146484375;14.025843620300293;150.89358520507812;35.97343063354492;79.54499816894531
2022-09-15;25.678314208984375;87.88065338134766;82.56822967529297;77.41000366210938;55.99226379394531;156.23312377929688;276.70001220703125;340.268310546875;168.35690307617188;7595.9716796875;589.3711547851562;108.7392349243164;78.70831298828125;337.0014343261719;187.03541564941406;287.6700134277344;349.8399963378906;375.263916015625;204.9950714111328;;9.45581340789795;199.626220703125;2870.87060546875;233.239501953125;17.875732421875;456.79541015625;235.3800048828125;82.52141571044922;378.37847900390625;13.990797996520996;148.98089599609375;35.52056884765625;79.84500122070312
2022-09-16;25.673669815063477;86.41981506347656;83.90280151367188;76.1500015258789;56.67841339111328;156.8093719482422;274.80999755859375;339.2976989746094;169.0540771484375;7580.39501953125;597.4324951171875;106.35336303710938;80.27263641357422;342.1697692871094;186.92691040039062;289.7099914550781;342.55999755859375;365.986083984375;205.68174743652344;;9.49174976348877;199.32418823242188;2864.829345703125;232.19752502441406;17.673431396484375;454.4012145996094;240.1300048828125;81.23975372314453;376.5063171386719;13.9946928024292;145.73330688476562;35.81303405761719;79.20999908447266
2022-09-19;25.617948532104492;87.05413055419922;84.21887969970703;78.41000366210938;56.75361251831055;156.75535583496094;278.95001220703125;337.9447021484375;168.31280517578125;;598.5896606445312;105.53936004638672;80.22795867919922;344.83795166015625;186.5597381591797;285.1400146484375;339.6700134277344;364.66766357421875;204.42608642578125;;9.44682788848877;203.02394104003906;;234.09371948242188;17.782075881958008;456.4533386230469;243.6300048828125;80.95817565917969;376.75262451171875;14.111509323120117;147.45672607421875;35.68095779418945;
2022-09-20;25.265045166015625;85.76628875732422;84.29791259765625;77.29000091552734;56.16144561767578;154.73849487304688;277.1300048828125;332.7091979980469;165.25048828125;7348.6796875;589.543212890625;103.78974151611328;77.59092712402344;341.4879150390625;183.7723846435547;286.94000244140625;338.0;360.3217468261719;197.9221954345703;;9.312067985534668;200.7399139404297;2788.15478515625;229.87893676757812;17.549800872802734;454.9875183105469;242.85000610351562;80.85137176513672;372.9984436035156;13.856459617614746;145.53408813476562;34.86016082763672;79.36499786376953
2022-09-21;25.190750122070312;86.32371520996094;84.65789031982422;74.77999877929688;56.16144561767578;154.72048950195312;270.739990234375;328.3266906738281;160.6437530517578;7523.92578125;593.08154296875;101.56293487548828;77.90379333496094;341.39898681640625;178.08921813964844;280.3999938964844;333.4800109863281;369.7460632324219;195.0577392578125;;9.433354377746582;198.91836547851562;2834.623779296875;226.65921020507812;17.50296974182129;460.997314453125;236.8699951171875;82.01652526855469;366.9483947753906;13.6111421585083;141.5791778564453;34.69978332519531;79.30000305175781
2022-09-22;25.357913970947266;87.13102722167969;84.10474395751953;68.77999877929688;56.20844650268555;155.06263732910156;268.510009765625;316.0615234375;161.79103088378906;7270.7919921875;582.6198120117188;101.55357360839844;74.55165100097656;342.87139892578125;177.7804412841797;286.3399963378906;326.0799865722656;362.56793212890625;190.36868286132812;;9.307574272155762;195.40736389160156;2757.485107421875;223.8994140625;17.399944305419922;437.0557556152344;237.0500030517578;80.0843276977539;370.0719299316406;13.507953643798828;142.27651977539062;34.228057861328125;78.9000015258789
2022-09-23;24.8749942779541;85.26653289794922;80.59270477294922;66.70999908447266;55.40949630737305;151.92933654785156;267.7699890136719;311.6397705078125;159.8053741455078;7270.7919921875;567.1950073242188;101.60970306396484;71.91463470458984;339.2248840332031;176.63711547851562;283.45001220703125;334.20001220703125;365.8883972167969;187.85736083984375;;9.1548433303833;192.5381622314453;2724.027587890625;222.5382843017578;17.154560089111328;432.0720520019531;226.41000366210938;78.70556640625;372.4663391113281;13.322993278503418;139.87570190429688;33.51103973388672;79.54499816894531
2022-09-26;24.735692977905273;85.84317016601562;79.17031860351562;65.5999984741211;54.84553146362305;149.22821044921875;264.32000732421875;309.25732421875;158.8345947265625;7291.3857421875;556.1597290039062;97.45549011230469;70.0821304321289;338.8395080566406;175.61065673828125;276.7799987792969;331.2200012207031;362.12847900390625;183.67840576171875;;8.984146118164062;191.29232788085938;2754.7294921875;217.30970764160156;16.703125;437.0069274902344;224.07000732421875;80.46299743652344;371.5499572753906;12.986170768737793;135.85105895996094;32.73741912841797;78.29000091552734
2022-09-27;25.03751564025879;86.63125610351562;77.49606323242188;68.94999694824219;54.12177658081055;147.42745971679688;265.4700012207031;307.1395568847656;155.55165100097656;7420.72509765625;542.8674926757812;95.69652557373047;67.80267333984375;337.44610595703125;172.44778442382812;284.739990234375;329.7300109863281;364.76531982421875;180.8041229248047;;8.793681144714355;191.7548065185547;2724.4921875;216.6150360107422;16.682519912719727;439.5476379394531;224.36000061035156;80.00665283203125;361.5288391113281;12.828468322753906;133.88853454589844;32.756290435791016;78.83499908447266
2022-09-28;24.95857810974121;86.34293365478516;77.78995513916016;72.23999786376953;54.648136138916016;144.7083282470703;271.7799987792969;308.6102294921875;158.43746948242188;7492.771484375;551.2921752929688;97.24030303955078;68.78597259521484;344.8280944824219;176.93756103515625;292.4100036621094;334.0299987792969;373.1153564453125;186.32704162597656;;8.809853553771973;195.90756225585938;2769.567138671875;220.56703186035156;16.749954223632812;439.449951171875;245.1999969482422;80.73485565185547;365.105712890625;13.042633056640625;141.0711212158203;33.29405975341797;78.30500030517578
2022-09-29;24.155258178710938;85.8816146850586;76.66785430908203;71.5999984741211;53.62150955200195;143.71791076660156;269.5799865722656;304.35516357421875;157.67849731445312;7397.359375;536.8429565429688;94.67668151855469;67.04285430908203;337.9698486328125;173.58274841308594;292.79998779296875;331.80999755859375;373.4083557128906;184.11001586914062;;8.648138999938965;193.09503173828125;2663.152587890625;217.55377197265625;16.51955223083496;422.0556335449219;239.7100067138672;79.4920425415039;361.3810119628906;12.717799186706543;135.89089965820312;32.256263732910156;75.4000015258789
2022-09-30;24.271347045898438;86.3621597290039;73.9249496459961;68.66000366210938;51.880489349365234;145.6807403564453;267.0199890136719;299.37457275390625;156.3194580078125;7426.56689453125;543.9671630859375;95.06027221679688;70.48439025878906;335.86492919921875;170.92056274414062;289.5400085449219;325.79998779296875;371.7969665527344;180.2940216064453;;8.60860824584961;192.07566833496094;2704.510498046875;220.0021514892578;16.382810592651367;423.7168884277344;235.44000244140625;81.67668914794922;354.3751525878906;12.518441200256348;135.16368103027344;32.23739242553711;75.55999755859375
2022-10-03;24.14133071899414;85.97772216796875;75.72386932373047;72.36000061035156;53.31871795654297;145.44662475585938;272.79998779296875;308.62982177734375;157.24606323242188;7438.25048828125;553.5873413085938;97.64262390136719;70.30561828613281;342.6539611816406;176.75396728515625;297.42999267578125;336.67999267578125;377.7542724609375;189.58389282226562;;8.732588768005371;197.8140869140625;2692.428466796875;225.29588317871094;16.72372817993164;431.2413635253906;239.0399932861328;82.34664154052734;366.7906799316406;12.93083667755127;138.08255004882812;33.850685119628906;74.99500274658203
2022-10-04;24.443151473999023;88.36119079589844;77.47826385498047;77.4800033569336;54.435245513916016;150.54273986816406;280.489990234375;317.2183532714844;160.73199462890625;7514.1904296875;562.1268920898438;99.1677017211914;70.35029602050781;351.1724548339844;180.2673797607422;300.6400146484375;348.5899963378906;383.71160888671875;200.02149963378906;;8.860164642333984;209.08323669433594;2837.412353515625;234.3992156982422;17.23885154724121;458.1634521484375;240.74000549316406;85.93917846679688;374.38787841796875;13.337367057800293;139.74618530273438;35.3413200378418;76.27999877929688
2022-10-05;24.07167625427246;87.80377197265625;77.4515380859375;79.2300033569336;54.16084671020508;149.57034301757812;279.3599853515625;315.3555603027344;159.62002563476562;7584.28955078125;553.11865234375;98.65311431884766;68.07083892822266;350.194091796875;179.4495086669922;302.0199890136719;350.1199951171875;387.1785888671875;198.6873779296875;;8.790088653564453;211.75424194335938;2814.177978515625;229.5214080810547;16.813642501831055;455.8670349121094;236.72999572753906;84.70606231689453;375.49322509765625;13.214235305786133;138.4511260986328;35.718692779541016;76.33999633789062
2022-10-06;23.751279830932617;86.01616668701172;76.11571502685547;78.5999984741211;52.997005462646484;148.50790405273438;276.30999755859375;309.98284912109375;155.01329040527344;7479.1416015625;533.0560913085938;95.35969543457031;68.29432678222656;346.755126953125;175.4771270751953;298.6300048828125;346.0199890136719;390.45025634765625;197.6965789794922;;8.698450088500977;208.37538146972656;2771.890625;225.54164123535156;16.52704620361328;465.63909912109375;240.02000427246094;85.54108428955078;375.374755859375;13.17514705657959;138.54078674316406;35.36018753051758;77.37999725341797
2022-10-07;23.765207290649414;85.95850372314453;75.38546752929688;76.63999938964844;52.287357330322266;147.93167114257812;269.0400085449219;298.57061767578125;149.9564971923828;7346.73291015625;518.1669311523438;93.90009307861328;66.9534683227539;342.59466552734375;171.5882110595703;295.2300109863281;333.239990234375;388.3505554199219;196.64694213867188;;8.596031188964844;205.78932189941406;2704.97509765625;219.07574462890625;16.4858341217041;437.0557556152344;224.75;84.21087646484375;364.5575866699219;12.979698181152344;132.94216918945312;32.6430778503418;76.90499877929688
2022-10-10;24.503517150878906;84.67066192626953;74.80660247802734;73.66999816894531;52.62799072265625;148.43588256835938;266.92999267578125;292.8742980957031;149.55059814453125;7340.890625;504.84588623046875;92.53407287597656;66.01486206054688;343.2272033691406;171.6716766357422;294.5400085449219;324.7200012207031;386.5926513671875;195.302978515625;;8.516969680786133;206.92190551757812;2728.674560546875;219.72799682617188;16.586986541748047;422.7885437011719;229.97999572753906;83.81278991699219;360.3629455566406;12.825294494628906;133.28085327148438;32.52986526489258;76.5999984741211
2022-10-11;25.088594436645508;86.59282684326172;76.24930572509766;76.26000213623047;53.25248336791992;148.2197723388672;267.30999755859375;288.95257568359375;149.98300170898438;7237.689453125;501.3746337890625;94.1527099609375;65.65729522705078;347.40728759765625;170.49496459960938;295.1600036621094;325.7099914550781;389.2783508300781;198.8345184326172;;8.398378372192383;207.70529174804688;2702.18701171875;218.56529235839844;16.58136749267578;405.4431457519531;214.2899932861328;83.5409164428711;359.3858642578125;12.541894912719727;128.05084228515625;31.954364776611328;75.29499816894531
2022-10-12;24.972505569458008;87.49622344970703;76.2938232421875;76.0999984741211;53.77290344238281;147.96768188476562;264.0;285.4720764160156;151.53623962402344;7161.74951171875;489.47857666015625;93.96558380126953;63.646018981933594;341.3199462890625;170.93727111816406;290.1300048828125;328.1199951171875;391.1338806152344;196.67637634277344;;8.272603034973145;205.84596252441406;2656.64697265625;216.7786102294922;16.603845596313477;404.6125183105469;220.8699951171875;82.82241821289062;361.1821594238281;12.346446990966797;127.01480865478516;31.860021591186523;75.11000061035156
2022-10-13;25.381132125854492;86.80425262451172;77.68309020996094;78.05000305175781;54.57717514038086;149.87649536132812;275.7799987792969;286.56036376953125;153.94549560546875;7107.22802734375;499.6629638671875;95.92105865478516;64.76339721679688;350.29290771484375;174.65928649902344;296.5400085449219;335.2200012207031;384.248779296875;202.08154296875;;8.285179138183594;211.7353515625;2679.4169921875;224.9744873046875;16.452117919921875;401.9251708984375;232.50999450683594;83.5506362915039;365.6728515625;12.737342834472656;129.79420471191406;33.01102066040039;73.15499877929688
2022-10-14;25.51114845275879;87.34245300292969;75.92870330810547;77.51000213623047;53.87698745727539;150.74082946777344;272.6700134277344;281.0111083984375;151.6333465576172;7099.43994140625;483.2915344238281;93.12351989746094;66.55120849609375;348.4943542480469;174.13352966308594;293.2099914550781;324.6400146484375;390.10845947265625;197.63772583007812;;8.421737670898438;206.93133544921875;2667.335205078125;219.81307983398438;16.704998016357422;388.3908996582031;230.0;85.35660552978516;358.44818115234375;12.553621292114258;126.27762603759766;32.322303771972656;73.87999725341797
2022-10-17;25.455429077148438;87.32323455810547;76.20478057861328;78.02999877929688;54.3500862121582;153.2978973388672;277.0199890136719;291.57037353515625;153.68955993652344;7130.5947265625;503.8800048828125;98.45663452148438;68.56249237060547;350.3127136230469;177.2797088623047;297.0199890136719;339.489990234375;391.5245361328125;202.38565063476562;;8.680481910705566;207.74302673339844;2693.35791015625;224.37892150878906;16.946636199951172;391.4201965332031;245.10000610351562;86.17221069335938;366.10711669921875;12.917155265808105;133.52992248535156;32.52043533325195;73.68499755859375
2022-10-18;25.673669815063477;87.18868255615234;76.86377716064453;79.93000030517578;55.21113586425781;153.31591796875;281.6700134277344;294.92340087890625;153.78660583496094;7276.6337890625;516.5890502929688;99.03669738769531;67.93675994873047;356.6274108886719;177.74705505371094;300.1700134277344;342.1600036621094;394.210205078125;206.02508544921875;;8.657122611999512;211.3578338623047;2768.637939453125;229.1149139404297;16.9260311126709;394.40069580078125;240.86000061035156;87.541259765625;370.4991455078125;12.75688648223877;132.29464721679688;32.92050552368164;74.57499694824219
2022-10-19;25.692243576049805;84.22856903076172;77.00626373291016;77.0999984741211;54.596099853515625;155.2067108154297;278.3399963378906;291.0605163574219;152.49818420410156;7263.0029296875;502.5414123535156;95.44390106201172;66.68529510498047;356.40997314453125;174.2670440673828;292.0199890136719;335.489990234375;390.2549743652344;205.2108612060547;;8.583452224731445;212.1317596435547;2771.890625;228.24525451660156;17.074012756347656;426.55084228515625;272.3800048828125;86.57029724121094;366.5906982421875;12.631800651550293;132.72300720214844;32.853824615478516;74.11000061035156
2022-10-20;25.376487731933594;82.90229034423828;75.72386932373047;73.30000305175781;53.848594665527344;155.65689086914062;273.5299987792969;286.31524658203125;150.38011169433594;7220.16552734375;503.191650390625;95.86492156982422;68.16023254394531;354.9573059082031;176.21987915039062;290.1600036621094;331.20001220703125;388.6923828125;204.6419219970703;;8.576265335083008;207.90347290039062;2801.166259765625;225.2864227294922;17.036548614501953;441.99066162109375;268.1600036621094;87.22084045410156;362.6230773925781;12.651346206665039;131.0294647216797;33.206268310546875;74.66500091552734
2022-10-21;25.460071563720703;82.26798248291016;77.04190063476562;77.70999908447266;54.264930725097656;156.17910766601562;282.510009765625;290.148681640625;150.01829528808594;7155.908203125;511.2243347167969;96.44501495361328;67.62389373779297;366.27239990234375;176.6788330078125;300.0;337.6499938964844;381.07476806640625;192.91920471191406;;8.56009292602539;219.7105712890625;2770.031982421875;228.093994140625;16.91104507446289;449.075439453125;289.57000732421875;88.74523162841797;365.8998718261719;12.711935043334961;129.51524353027344;35.101863861083984;74.8550033569336
2022-10-24;25.942991256713867;83.72882080078125;77.64746856689453;76.41999816894531;55.58015823364258;159.07830810546875;287.4800109863281;294.5115661621094;151.8009796142578;7171.4853515625;507.9346923828125;96.71636199951172;68.29432678222656;374.64251708984375;179.1824188232422;310.5;344.94000244140625;388.3505554199219;206.35862731933594;;8.698450088500977;220.4373016357422;2817.4306640625;230.5801544189453;17.145193099975586;467.0559997558594;282.45001220703125;88.68697357177734;367.8935241699219;12.731478691101074;129.2263641357422;35.511470794677734;73.61499786376953
2022-10-25;26.133373260498047;84.74755096435547;78.8140869140625;79.5199966430664;56.1194953918457;159.69056701660156;289.239990234375;305.9237976074219;155.1456756591797;7243.53173828125;530.6271362304688;101.35710144042969;71.69115447998047;377.9234313964844;190.4486083984375;309.2099914550781;352.3500061035156;394.112548828125;210.32176208496094;;8.860164642333984;221.49440002441406;2858.788330078125;237.80233764648438;17.347496032714844;484.69464111328125;291.0199890136719;94.4253158569336;373.07513427734375;13.14192008972168;136.98670959472656;35.949649810791016;72.94999694824219
2022-10-26;26.07765007019043;80.17283630371094;79.77589416503906;76.70999908447266;56.677757263183594;160.17677307128906;288.5199890136719;305.4336853027344;151.73037719726562;7346.73291015625;530.8662719726562;102.79796600341797;69.1435317993164;380.8683166503906;191.90072631835938;311.17999267578125;358.29998779296875;391.4757080078125;213.34320068359375;;9.10543155670166;223.65574645996094;2846.2412109375;238.23716735839844;17.459888458251953;479.6620178222656;298.6199951171875;95.32830047607422;383.58636474609375;13.15755558013916;129.32598876953125;35.997276306152344;72.77999877929688
2022-10-27;26.100866317749023;80.03829193115234;79.74026489257812;73.38999938964844;57.06570053100586;162.0855712890625;289.8800048828125;313.0613708496094;152.4364013671875;7377.8876953125;530.6653442382812;103.86459350585938;71.51238250732422;383.4969787597656;180.50933837890625;287.8900146484375;356.1400146484375;389.4248046875;213.627685546875;;9.150352478027344;225.50559997558594;2835.0888671875;235.43907165527344;17.484237670898438;472.3329162597656;296.94000244140625;95.11470031738281;395.1536560058594;13.067649841308594;97.56729888916016;35.96870040893555;73.18499755859375
2022-10-28;26.09157943725586;80.86481475830078;82.40303039550781;71.80999755859375;58.38092803955078;163.3280792236328;299.6300048828125;320.5322570800781;154.2190704345703;7385.67578125;543.211669921875;105.7077865600586;69.67987060546875;390.068603515625;187.1772918701172;313.8900146484375;364.2799987792969;396.5052490234375;219.40560913085938;;9.1997652053833;231.0269012451172;2894.10498046875;240.52484130859375;18.076162338256836;469.4501953125;295.7200012207031;94.90108489990234;408.31988525390625;13.261143684387207;98.82250213623047;37.30228042602539;72.12999725341797
2022-10-31;26.23552894592285;81.3069076538086;81.79745483398438;70.75;58.17275619506836;164.0483856201172;295.0899963378906;314.9634094238281;152.93942260742188;7366.2041015625;541.672119140625;103.62132263183594;69.00944519042969;384.7816467285156;185.14935302734375;312.0;359.67999267578125;399.9722595214844;213.3333740234375;;9.231208801269531;230.7720947265625;2908.045654296875;236.70578002929688;17.948787689208984;467.10491943359375;291.8800048828125;94.83311462402344;409.13909912109375;13.186873435974121;92.80548858642578;36.578338623046875;73.0
2022-11-01;26.230884552001953;79.9614028930664;81.68168640136719;71.68000030517578;58.541778564453125;165.9571990966797;294.1300048828125;309.9435729980469;153.1423797607422;7418.77783203125;530.263671875;101.56293487548828;71.0207290649414;377.5379943847656;185.73353576660156;314.20001220703125;394.92999267578125;391.1338806152344;216.92376708984375;;9.226717948913574;232.83901977539062;2914.55126953125;238.33172607421875;18.12299346923828;470.67169189453125;286.75;94.09519958496094;408.31988525390625;14.465103149414062;94.83772277832031;37.29275894165039;74.17500305175781
2022-11-02;26.11015510559082;79.307861328125;79.59778594970703;67.05000305175781;59.213592529296875;166.44338989257812;289.4599914550781;304.6590881347656;152.56878662109375;7457.72216796875;525.233642578125;99.86943817138672;70.30561828613281;385.1966857910156;187.41929626464844;310.010009765625;372.6400146484375;420.23699951171875;209.75282287597656;;9.190780639648438;227.69525146484375;2865.758544921875;231.7617950439453;18.26348114013672;461.63250732421875;273.0;94.03693389892578;397.8678283691406;13.949119567871094;90.1954574584961;35.88296890258789;74.1500015258789
2022-11-03;26.161231994628906;79.69229125976562;78.67160034179688;76.5999984741211;58.66478729248047;166.9115753173828;283.8500061035156;303.24725341796875;150.8390350341797;7410.98974609375;559.7552490234375;101.05768585205078;68.24962615966797;392.8948974609375;186.5847625732422;311.29998779296875;369.19000244140625;418.2837219238281;208.7031707763672;;9.09644889831543;219.68228149414062;2912.69287109375;249.58091735839844;18.173568725585938;444.6483154296875;269.05999755859375;92.73585510253906;392.5382080078125;14.097660064697266;88.57167053222656;35.578147888183594;76.22000122070312
2022-11-04;26.17516326904297;80.4996109008789;80.13211059570312;85.37999725341797;59.819156646728516;169.39662170410156;287.4700012207031;310.20831298828125;150.61839294433594;7496.6650390625;584.3698120117188;100.69280242919922;69.81396484375;391.975830078125;190.26502990722656;308.82000732421875;371.7900085449219;411.0080261230469;207.87911987304688;;8.988636016845703;224.9770965576172;2995.87255859375;260.96246337890625;18.36463165283203;455.1347961425781;260.7900085449219;93.44465637207031;390.8702087402344;14.578462600708008;90.44451904296875;37.149879455566406;76.95500183105469
2022-11-07;26.449127197265625;80.5188217163086;80.95143127441406;80.4000015258789;60.92622375488281;168.6763153076172;290.19000244140625;313.0025634765625;149.7976531982422;7545.34521484375;579.99951171875;101.91847229003906;69.99274444580078;391.1358642578125;195.08865356445312;303.2300109863281;385.20001220703125;416.2817077636719;210.1648406982422;;8.984146118164062;223.25930786132812;2994.478759765625;262.44659423828125;18.400222778320312;467.2874450683594;258.6000061035156;94.05635833740234;407.24407958984375;14.756319999694824;96.35194396972656;37.97860336303711;76.31500244140625
2022-11-08;26.66272735595703;80.0190658569336;82.3763198852539;82.93000030517578;60.481502532958984;169.59469604492188;292.6099853515625;313.67901611328125;152.8511505126953;7580.39501953125;570.178466796875;102.6856918334961;69.85865783691406;386.1651306152344;196.60748291015625;306.5;382.8999938964844;415.40277099609375;207.64370727539062;;9.033557891845703;225.73211669921875;2970.314453125;267.5229187011719;18.424575805664062;491.5926513671875;263.4599914550781;95.5322036743164;411.0044250488281;15.012356758117676;96.10289001464844;38.50251007080078;76.41500091552734
2022-11-09;27.07599639892578;81.36457824707031;81.01376342773438;81.12999725341797;59.980018615722656;170.09889221191406;288.6499938964844;307.9532775878906;150.90965270996094;7679.70068359375;571.8043212890625;101.7874755859375;71.19950866699219;381.6687927246094;192.3931121826172;309.3399963378906;379.8800048828125;414.4749755859375;205.03428649902344;;9.2222261428833;224.3352813720703;2962.87939453125;264.8099060058594;18.46016502380371;486.00634765625;254.66000366210938;95.30889129638672;410.7774353027344;14.752409934997559;101.08386993408203;37.4642219543457;76.97000122070312
2022-11-10;26.40733528137207;82.71006774902344;83.04423522949219;92.36000061035156;61.48447799682617;180.12008666992188;303.20001220703125;339.4349365234375;153.85723876953125;7858.84228515625;619.6658325195312;110.72277069091797;73.79183197021484;365.9560852050781;202.8498077392578;311.0299987792969;416.05999755859375;408.56646728515625;218.2677001953125;;9.44682788848877;228.5258331298828;3062.788330078125;273.75250244140625;18.17731475830078;533.3428344726562;274.9700012207031;101.9696273803711;432.7178039550781;15.733559608459473;111.44429016113281;39.7408447265625;76.52999877929688
2022-11-11;25.390419006347656;82.55630493164062;84.13070678710938;93.23999786376953;61.31416702270508;180.66030883789062;309.7200012207031;349.2294921875;153.77780151367188;8002.93408203125;631.71484375;108.65501403808594;74.28347778320312;352.0124206542969;207.7735137939453;303.260009765625;441.2699890136719;391.1827087402344;219.8176727294922;;9.298589706420898;234.22647094726562;3124.592529296875;272.68426513671875;17.664064407348633;540.4970703125;290.1300048828125;102.9017562866211;432.6487121582031;16.239768981933594;112.58991241455078;40.65530014038086;76.43000030517578
2022-11-14;25.72939109802246;82.90229034423828;83.64981079101562;90.88999938964844;60.65182113647461;181.8758087158203;308.9100036621094;340.86639404296875;153.46890258789062;7810.1630859375;611.0020141601562;105.25867462158203;72.6297607421875;356.82501220703125;204.5689239501953;306.0299987792969;428.0299987792969;403.3415832519531;218.3854217529297;;9.428862571716309;235.07586669921875;3116.693115234375;278.7626953125;17.680923461914062;554.021728515625;299.2699890136719;102.64930725097656;426.9538879394531;16.10881805419922;113.78535461425781;40.24570083618164;76.78500366210938
2022-11-15;25.63652229309082;83.19061279296875;84.3088150024414;96.66000366210938;61.1722412109375;180.21011352539062;309.9800109863281;347.7196044921875;153.371826171875;7775.11328125;631.556396484375;105.4925765991211;72.6744613647461;349.5122375488281;205.11135864257812;305.2799987792969;434.3800048828125;396.5540771484375;224.693115234375;;9.410893440246582;236.62376403808594;3137.138916015625;278.4317932128906;17.75959587097168;567.7424926757812;310.20001220703125;103.79503631591797;430.2700500488281;16.159635543823242;116.63446807861328;40.3409538269043;76.99500274658203
2022-11-16;25.785110473632812;83.9210205078125;84.34444427490234;97.27999877929688;61.50341033935547;182.1009063720703;308.760009765625;346.7489929199219;154.3426055908203;7784.84912109375;622.5811767578125;106.33465576171875;70.79725646972656;358.9200439453125;204.05679321289062;305.44000244140625;426.0799865722656;395.9193115234375;226.60601806640625;;9.419876098632812;235.92532348632812;3074.87060546875;278.98004150390625;17.812044143676758;547.5534057617188;306.0199890136719;103.73677062988281;425.77935791015625;15.858647346496582;112.79911041259766;39.22645950317383;75.59500122070312
2022-11-17;25.501861572265625;83.76725006103516;84.74518585205078;98.30999755859375;60.982994079589844;181.56068420410156;307.44000244140625;339.9840393066406;153.1423797607422;7823.79296875;614.9418334960938;105.08090209960938;70.30561828613281;362.2305603027344;194.99221801757812;309.8999938964844;410.44000244140625;395.3821716308594;222.9763946533203;;9.424367904663086;235.90634155273438;3032.118408203125;277.2596435546875;17.709020614624023;553.7278442382812;295.2799987792969;104.5523681640625;424.0225830078125;15.798057556152344;111.02589416503906;39.77893829345703;75.59500122070312
2022-11-18;25.627235412597656;84.47844696044922;85.74260711669922;101.41999816894531;61.49393844604492;183.6315460205078;310.760009765625;339.10162353515625;152.23338317871094;7907.521484375;622.1199951171875;107.18608093261719;70.97603607177734;365.37310791015625;192.65704345703125;314.6300048828125;413.8900146484375;396.5052490234375;225.70350646972656;;9.51421070098877;237.73941040039062;3081.8408203125;280.2656555175781;18.10613441467285;560.0001220703125;287.9800109863281;102.10557556152344;427.368408203125;15.712059020996094;111.62361145019531;40.045658111572266;75.25499725341797
2022-11-21;25.877981185913086;86.09305572509766;86.29475402832031;92.56999969482422;62.307682037353516;183.22637939453125;311.20001220703125;340.6213073730469;155.76345825195312;7950.3603515625;629.3079223632812;107.55097198486328;70.93133544921875;364.4442138671875;197.4278564453125;316.20001220703125;412.8900146484375;400.8023681640625;224.63426208496094;;9.55014705657959;234.45318603515625;3108.328125;280.19952392578125;18.29157829284668;552.3555908203125;285.04998779296875;103.1541976928711;428.8389892578125;15.457978248596191;109.44193267822266;39.121673583984375;75.52999877929688
2022-11-22;25.882627487182617;85.61251831054688;86.52630615234375;96.12999725341797;62.7429313659668;184.35183715820312;315.760009765625;345.3568115234375;153.77780151367188;7948.41259765625;630.4417114257812;108.32755279541016;70.0821304321289;373.2788391113281;198.15603637695312;321.4800109863281;412.1300048828125;405.4412536621094;230.27488708496094;;9.67143440246582;237.701416015625;3066.970458984375;292.2522277832031;18.359012603759766;559.1180419921875;286.69000244140625;102.55221557617188;427.1019287109375;15.878191947937012;111.01593017578125;41.769798278808594;75.30999755859375
2022-11-23;25.961563110351562;85.42029571533203;87.37232971191406;96.62999725341797;63.08356475830078;183.99169921875;316.17999267578125;351.25897216796875;155.32220458984375;8014.61767578125;645.528564453125;108.09363555908203;69.50109100341797;376.26324462890625;199.4449920654297;316.1600036621094;416.5299987792969;411.6427917480469;232.76657104492188;;9.66694164276123;238.2617645263672;3074.405517578125;291.2974853515625;18.31967544555664;572.0546875;291.5;102.53278350830078;427.9704895019531;16.065820693969727;111.81288146972656;42.49374771118164;74.71499633789062
2022-11-24;25.96620750427246;85.55484771728516;;;;184.53192138671875;;;;7866.63134765625;;;70.52908325195312;;;;;411.6427917480469;;;9.693892478942871;;3087.417236328125;;18.45267105102539;565.9783325195312;;102.39685821533203;;;;;75.23999786376953
2022-11-25;26.124082565307617;85.72783660888672;87.49700164794922;94.91000366210938;63.10249328613281;184.89208984375;317.42999267578125;351.74053955078125;154.439697265625;7901.6806640625;648.3055419921875;108.8982925415039;69.4563980102539;378.8226623535156;202.02291870117188;312.9800109863281;411.3599853515625;414.5726623535156;234.8168182373047;;9.720845222473145;237.8438720703125;3097.64013671875;292.96124267578125;18.512615203857422;562.6461791992188;285.5400085449219;102.94058990478516;430.6945495605469;16.200679779052734;110.98604583740234;42.51279067993164;74.9800033569336
2022-11-28;26.09622573852539;84.93976593017578;86.9448471069336;93.83999633789062;62.5915412902832;183.49649047851562;313.2699890136719;344.95947265625;152.78939819335938;7923.099609375;636.7262573242188;104.28561401367188;68.56249237060547;375.8580627441406;199.50357055664062;315.29998779296875;400.1000061035156;419.1627197265625;229.89231872558594;;9.662449836730957;233.30392456054688;3088.3466796875;287.8092956542969;18.445178985595703;555.4918212890625;281.1700134277344;101.8531265258789;418.5054016113281;16.05995750427246;108.36605072021484;41.51260757446289;75.5
2022-11-29;25.947633743286133;85.24730682373047;87.08735656738281;97.68000030517578;62.4969367980957;185.11717224121094;315.1300048828125;341.1562194824219;154.2720184326172;7831.58203125;644.7501831054688;106.4843521118164;67.80267333984375;377.28106689453125;200.69212341308594;316.3299865722656;408.9599914550781;429.66131591796875;231.3245391845703;;9.57260799407959;234.04476928710938;3083.69921875;285.6539306640625;18.22976303100586;548.6314697265625;280.9599914550781;100.08598327636719;419.7095031738281;16.071683883666992;109.04345703125;41.455448150634766;76.09500122070312
2022-11-30;25.831546783447266;84.8436508178711;88.76158905029297;101.0;63.9730110168457;183.99169921875;318.6000061035156;346.71856689453125;155.76345825195312;8030.19482421875;663.6710205078125;110.20817565917969;66.99816131591797;377.71649169921875;201.46212768554688;316.3999938964844;425.8699951171875;431.6633605957031;235.65065002441406;;9.684908866882324;238.54672241210938;3060.0;293.19757080078125;18.17544174194336;549.9056396484375;305.5299987792969;101.42589569091797;433.17181396484375;16.23586082458496;117.65058135986328;42.66520309448242;77.375
2022-12-01;26.124082565307617;87.63077545166016;91.24624633789062;99.69000244140625;64.42716979980469;183.45147705078125;315.8399963378906;356.3300476074219;156.99896240234375;8051.61328125;670.8779296875;109.56258392333984;67.84736633300781;375.7768249511719;202.35769653320312;320.760009765625;439.1700134277344;435.86279296875;233.9339141845703;;9.806195259094238;236.74212646484375;3046.98876953125;294.9747009277344;18.422700881958008;570.5845947265625;316.95001220703125;103.23187255859375;438.93572998046875;16.405900955200195;119.98168182373047;42.769989013671875;76.29000091552734
2022-12-02;26.147300720214844;87.93831634521484;92.88484954833984;103.98999786376953;64.6353530883789;182.46104431152344;316.1499938964844;353.5979309082031;155.87818908691406;8053.56103515625;664.4588623046875;109.41288757324219;68.33901977539062;382.83282470703125;202.1902618408203;321.3699951171875;435.29998779296875;438.0113830566406;234.4832763671875;;9.747798919677734;237.20753479003906;3053.02978515625;301.02471923828125;18.402095794677734;563.2342529296875;320.4100036621094;103.36780548095703;438.08697509765625;16.181135177612305;123.02007293701172;42.427059173583984;76.55000305175781
2022-12-05;25.961563110351562;85.90083312988281;92.15460205078125;98.08999633789062;63.802696228027344;182.7761993408203;310.57000732421875;344.2715148925781;159.18760681152344;7769.27197265625;657.5401611328125;106.90538024902344;69.85865783691406;378.46856689453125;197.85472106933594;317.6000061035156;422.29998779296875;439.76922607421875;230.873291015625;;9.788227081298828;233.0284881591797;3037.22998046875;297.7444763183594;18.284086227416992;560.9801635742188;312.5899963378906;102.18324279785156;431.1287841796875;15.950508117675781;121.96410369873047;41.026798248291016;76.67500305175781
2022-12-06;26.3051815032959;86.76581573486328;90.507080078125;94.43000030517578;63.67022705078125;183.13633728027344;307.7799987792969;345.6277160644531;158.75518798828125;7642.70458984375;660.0385131835938;107.22350311279297;69.54579162597656;374.1142883300781;195.97987365722656;311.80999755859375;415.3900146484375;437.0347595214844;232.11912536621094;;9.797210693359375;233.43690490722656;2997.2666015625;295.0314025878906;18.169822692871094;556.4718627929688;305.55999755859375;100.2413330078125;428.4047546386719;15.532248497009277;113.68572998046875;40.455257415771484;75.8499984741211
2022-12-07;26.295896530151367;86.20838165283203;90.7297134399414;96.93000030517578;64.37040710449219;183.36143493652344;305.82000732421875;345.4606628417969;155.32220458984375;7679.70068359375;658.35693359375;108.53338623046875;69.00944519042969;381.5068054199219;195.5865020751953;317.5799865722656;420.1000061035156;434.0560607910156;233.58078002929688;;9.810688018798828;231.68931579589844;2989.83154296875;298.3210754394531;18.139850616455078;553.9237060546875;308.4200134277344;99.4645767211914;428.5626525878906;15.44820499420166;113.49644470214844;39.93135070800781;75.5999984741211
2022-12-08;26.39805030822754;86.43904876708984;90.89000701904297;96.52999877929688;63.95407485961914;183.36143493652344;305.989990234375;346.7284240722656;157.27481079101562;7185.11572265625;656.646484375;110.03041076660156;69.05413818359375;377.67694091796875;197.2604522705078;321.32000732421875;428.5400085449219;438.1578674316406;236.93572998046875;;9.801702499389648;231.34739685058594;2968.45556640625;302.3670959472656;18.076162338256836;559.4120483398438;310.260009765625;99.40631103515625;427.9803466796875;15.477523803710938;114.89112091064453;40.22664260864258;75.98999786376953
2022-12-09;26.51413345336914;86.24681854248047;90.91673278808594;94.7699966430664;63.45259094238281;184.3068389892578;306.3900146484375;340.7728576660156;158.72154235839844;7210.4296875;649.4010009765625;108.83279418945312;69.4563980102539;367.5531921386719;195.48606872558594;312.2200012207031;420.6300048828125;450.0725402832031;233.0706787109375;;9.878067970275879;226.1805877685547;3001.913330078125;297.215087890625;18.09864044189453;565.7822875976562;320.010009765625;99.36746978759766;425.7103271484375;15.71010684967041;115.45895385742188;39.845619201660156;75.43499755859375
2022-12-12;26.165874481201172;86.41981506347656;91.37091064453125;93.62999725341797;63.7553825378418;182.68614196777344;311.45001220703125;341.20526123046875;160.54989624023438;7424.6201171875;653.7925415039062;110.4327392578125;68.92005920410156;373.82733154296875;190.45578002929688;314.19000244140625;423.1099853515625;445.7265930175781;238.11288452148438;;9.878067970275879;229.96067810058594;2984.25537109375;302.0362548828125;17.920690536499023;557.7459716796875;315.17999267578125;99.48399353027344;434.1488952636719;15.671015739440918;114.27348327636719;40.836280822753906;74.8550033569336
2022-12-13;26.082292556762695;86.34293365478516;91.12156677246094;95.47000122070312;63.96354675292969;184.98211669921875;312.3299865722656;351.5243225097656;158.10025024414062;7407.095703125;679.3919067382812;113.2957534790039;70.35029602050781;367.23651123046875;193.45217895507812;307.0899963378906;435.3500061035156;453.53948974609375;239.02732849121094;;9.878067970275879;230.55906677246094;3027.007080078125;307.4623107910156;17.986251831054688;581.365234375;320.3399963378906;100.9986801147461;438.0672607421875;15.829329490661621;119.69277954101562;40.81722640991211;75.65499877929688
2022-12-14;25.757251739501953;85.92005920410156;91.24624633789062;96.76000213623047;63.641841888427734;183.6765594482422;309.2900085449219;347.74066162109375;155.251220703125;7412.9365234375;675.95166015625;113.75421905517578;71.3335952758789;368.44384765625;193.0253143310547;312.0899963378906;430.0299987792969;457.7878112792969;240.6005096435547;;9.931973457336426;229.6947479248047;3035.836181640625;307.3393859863281;17.950660705566406;573.9168090820312;317.8299865722656;100.7656478881836;433.07305908203125;15.876237869262695;121.1272964477539;39.70273971557617;75.17500305175781
2022-12-15;25.469356536865234;84.42078399658203;90.18647003173828;92.41000366210938;62.818634033203125;179.04864501953125;301.9100036621094;338.6402893066406;153.07669067382812;7270.7919921875;664.3531494140625;110.95667266845703;70.35029602050781;364.4556579589844;191.9121551513672;308.3999938964844;415.3800048828125;455.2486267089844;235.68429565429688;;9.792716979980469;224.0720672607422;2952.65625;298.94500732421875;17.699655532836914;540.4970703125;290.4100036621094;96.4546127319336;424.0028381347656;15.375890731811523;115.7080078125;37.5118522644043;74.65499877929688
2022-12-16;25.213966369628906;84.80520629882812;89.3048324584961;95.01000213623047;62.601009368896484;178.14825439453125;300.0;333.74615478515625;151.87844848632812;7146.1728515625;641.7520141601562;105.71967315673828;67.22163391113281;368.7704162597656;189.98709106445312;304.79998779296875;407.7099914550781;453.0024108886719;235.04519653320312;;9.626511573791504;223.76815795898438;2947.544677734375;299.1152038574219;17.65469741821289;529.716552734375;290.7099914550781;96.56141662597656;418.83111572265625;15.317255020141602;118.97551727294922;37.38801193237305;75.34500122070312
2022-12-19;25.334697723388672;84.8436508178711;89.59870910644531;93.8499984741211;62.165748596191406;179.4628143310547;300.0299987792969;329.8740539550781;151.48794555664062;6945.61181640625;632.4788818359375;105.55955505371094;67.08755493164062;371.6402587890625;191.6778106689453;291.5899963378906;402.1700134277344;447.2892150878906;234.67153930664062;;9.684908866882324;225.27828979492188;3005.16650390625;296.5628356933594;17.744609832763672;526.580322265625;288.29998779296875;96.01768493652344;417.83428955078125;15.184350967407227;114.04436492919922;37.149879455566406;75.0999984741211
2022-12-20;25.53436851501465;84.8436508178711;89.87478637695312;94.5;62.307682037353516;180.0750732421875;302.0;326.3852233886719;150.16549682617188;6916.40478515625;626.6748657226562;105.66316223144531;66.05956268310547;371.65020751953125;189.81129455566406;293.2300109863281;405.7099914550781;451.6839904785156;234.36672973632812;;9.711861610412598;225.53472900390625;3005.63134765625;295.44744873046875;17.686542510986328;519.4261474609375;288.19000244140625;94.94963836669922;418.97918701171875;15.147216796875;116.64442443847656;37.10224914550781;75.20500183105469
2022-12-21;25.724748611450195;85.86239624023438;90.6594467163086;102.5;63.291744232177734;183.4064483642578;307.82000732421875;331.6332092285156;153.4317169189453;6965.083984375;639.9357299804688;107.32093048095703;67.2663345336914;376.5091552734375;194.1217803955078;290.54998779296875;418.05999755859375;451.6839904785156;238.83067321777344;;9.819671630859375;230.05567932128906;3070.223388671875;297.2907409667969;17.886972427368164;534.3228149414062;297.9599914550781;96.41577911376953;425.2266845703125;15.131580352783203;119.30426025390625;37.264183044433594;75.84500122070312
2022-12-22;25.817615509033203;85.76628875732422;90.9660873413086;102.44999694824219;63.140342712402344;182.3710174560547;302.69000244140625;326.3852233886719;153.697998046875;6998.1865234375;629.4904174804688;106.68983459472656;66.9534683227539;377.8253479003906;193.93763732910156;293.9200134277344;412.9599914550781;455.5904235839844;237.1099853515625;;9.819671630859375;228.593017578125;3044.20068359375;295.5041198730469;17.755849838256836;512.36962890625;297.75;94.76515197753906;422.9270324707031;15.004539489746094;116.67431640625;37.28323745727539;75.4800033569336
2022-12-23;25.803686141967773;85.68940734863281;91.71467590332031;103.0;63.49044418334961;182.05589294433594;306.489990234375;327.20098876953125;153.83999633789062;6941.7177734375;631.9888305664062;107.0195083618164;67.5792007446289;379.68585205078125;193.88742065429688;289.69000244140625;410.5799865722656;456.3228759765625;236.70687866210938;;9.774750709533691;229.14390563964844;3039.089111328125;294.9747009277344;17.67155647277832;506.58740234375;294.9599914550781;94.5515365600586;424.5061950683594;15.037764549255371;117.59081268310547;37.264183044433594;75.00499725341797
2022-12-27;25.678314208984375;85.78550720214844;92.60755920410156;107.97000122070312;63.85946273803711;182.8212127685547;305.54998779296875;325.60888671875;152.79208374023438;;629.0098876953125;106.70867156982422;67.08755493164062;376.241943359375;194.98385620117188;287.32000732421875;404.79998779296875;455.49273681640625;236.0087432861328;;9.792716979980469;231.83177185058594;;295.1259460449219;17.738990783691406;500.11907958984375;284.1700134277344;94.41561126708984;427.506591796875;14.764138221740723;116.43522644042969;37.54043197631836;
2022-12-28;25.399703979492188;85.42029571533203;91.03824615478516;105.16999816894531;63.23497772216797;182.0108642578125;303.42999267578125;323.91851806640625;153.0290069580078;6939.7705078125;627.049560546875;104.03365325927734;67.40042114257812;373.5898132324219;193.5693359375;285.760009765625;399.92999267578125;454.3208312988281;232.43955993652344;;9.815178871154785;229.181884765625;3055.352783203125;292.70599365234375;17.727750778198242;491.78863525390625;276.8800048828125;93.86216735839844;420.62738037109375;14.629279136657715;115.18001556396484;36.921260833740234;75.37999725341797
2022-12-29;25.357913970947266;85.51641845703125;91.26371765136719;107.69000244140625;63.7346076965332;183.4064483642578;309.05999755859375;333.9524841308594;154.1406707763672;7021.552734375;639.3784790039062;107.34916687011719;68.51779174804688;371.2246398925781;197.10142517089844;289.0799865722656;410.3800048828125;459.44805908203125;236.3529052734375;;9.896037101745605;229.5902862548828;3069.7587890625;294.3791809082031;17.873859405517578;506.391357421875;291.1199951171875;94.75543975830078;431.1781005859375;14.988903045654297;119.8023681640625;37.93097686767578;76.41999816894531
2022-12-30;24.92607307434082;84.45922088623047;91.28175354003906;108.43000030517578;63.43006896972656;180.88540649414062;308.8999938964844;329.16644287109375;153.22946166992188;6947.5595703125;629.4423828125;106.18120574951172;67.75797271728516;371.2246398925781;197.0930633544922;288.7799987792969;407.9599914550781;458.0319519042969;235.93992614746094;;9.819671630859375;230.12216186523438;3066.041259765625;292.9253234863281;17.45614242553711;493.7487487792969;294.8800048828125;93.59029388427734;426.4603576660156;14.908769607543945;119.8820571899414;38.31199645996094;76.30999755859375
2023-01-02;25.111812591552734;84.5745620727539;;;;182.8212127685547;;;;;;;69.23292541503906;;;;;459.9851989746094;;;9.891545295715332;;;;17.73337173461914;506.58740234375;;94.59037780761719;;;;;
2023-01-03;25.41827964782715;85.86239624023438;91.36293029785156;106.80999755859375;63.04938507080078;184.75701904296875;309.9100036621094;329.3924865722656;153.9493408203125;6957.29541015625;636.630126953125;106.1435317993164;70.03743743896484;370.4428405761719;199.0181427001953;286.0199890136719;406.010009765625;472.8276672363281;239.135498046875;;9.860099792480469;228.93492126464844;3165.9501953125;291.31939697265625;17.832651138305664;509.9194641113281;294.95001220703125;95.64872741699219;428.7995300292969;14.981084823608398;124.26531219482422;38.959739685058594;76.50499725341797
2023-01-04;25.673669815063477;88.41886138916016;91.29979705810547;108.52999877929688;63.506202697753906;190.42938232421875;314.54998779296875;335.7313232421875;154.97901916503906;6984.55615234375;653.5810546875;110.16548919677734;71.06542205810547;370.1261291503906;200.62515258789062;286.8299865722656;422.42999267578125;469.26300048828125;244.71046447753906;;9.981385231018066;228.38409423828125;3270.970458984375;291.33837890625;18.004981994628906;526.286376953125;309.4100036621094;97.77510833740234;436.9716491699219;15.205850601196289;126.88530731201172;38.99784851074219;76.83499908447266
2023-01-05;25.404348373413086;88.61106872558594;90.93000793457031;109.94999694824219;62.99229431152344;188.67364501953125;312.8999938964844;330.28680419921875;154.67828369140625;6937.8232421875;634.81396484375;106.29424285888672;70.1268310546875;370.16571044921875;200.85110473632812;287.8900146484375;419.20001220703125;468.1399230957031;246.10670471191406;;9.931973457336426;224.83189392089844;3279.7998046875;286.8056335449219;18.295324325561523;529.1285400390625;309.70001220703125;97.91104125976562;430.2405090332031;15.147216796875;126.45694732666016;38.931156158447266;77.03500366210938
2023-01-06;25.422922134399414;89.05316925048828;93.33809661865234;111.11000061035156;64.73387908935547;190.69949340820312;318.69000244140625;341.84405517578125;159.54415893554688;6970.92578125;647.6136474609375;109.87348175048828;70.61846923828125;382.0411376953125;203.4039306640625;290.2099914550781;447.7699890136719;472.43701171875;250.25601196289062;;9.959370613098145;231.6513214111328;3311.398681640625;294.7497863769531;18.525726318359375;540.4970703125;315.54998779296875;99.36746978759766;438.57672119140625;15.907508850097656;129.5252227783203;40.40763473510742;77.7750015258789
2023-01-09;25.68295669555664;88.3996353149414;92.26483917236328;113.43000030517578;63.99155807495117;192.36517333984375;315.5299987792969;344.301025390625;160.19113159179688;7093.59814453125;654.5516357421875;109.31776428222656;71.55707550048828;377.9935302734375;203.7638397216797;283.2300109863281;448.0799865722656;467.6516418457031;245.60523986816406;;9.900007247924805;232.021728515625;3349.968017578125;296.1656799316406;18.596906661987305;574.8967895507812;315.1700134277344;101.52299499511719;438.3197021484375;16.14790916442871;128.97732543945312;40.27427291870117;78.16999816894531
2023-01-10;25.404348373413086;86.7081527709961;92.16561126708984;115.2699966430664;64.05818176269531;194.75119018554688;316.3500061035156;348.28118896484375;161.74020385742188;7087.75634765625;667.9951782226562;109.308349609375;70.439697265625;378.6962585449219;205.3038787841797;288.75;469.1099853515625;454.4673156738281;246.2050018310547;;9.85891056060791;235.27947998046875;3310.46923828125;297.1158752441406;18.703676223754883;571.0747680664062;327.5400085449219;101.63951110839844;438.3691101074219;16.042367935180664;132.4839324951172;40.47431182861328;78.21499633789062
2023-01-11;25.859407424926758;87.6500015258789;92.04837036132812;122.44999694824219;64.30561065673828;193.9408416748047;320.3699951171875;357.774658203125;160.04534912109375;7171.4853515625;687.1849365234375;113.92369079589844;72.54036712646484;376.8456726074219;212.7781524658203;292.25;463.0199890136719;444.212890625;248.0928497314453;;9.950238227844238;237.60646057128906;3373.203125;297.2109375;18.83479881286621;580.8751220703125;327.260009765625;103.5425796508789;446.91973876953125;16.474308013916016;132.38430786132812;38.835906982421875;78.50499725341797
2023-01-12;25.92441749572754;88.1497573852539;91.48919677734375;127.11000061035156;63.53474807739258;196.01170349121094;318.92999267578125;361.4305419921875;161.0203399658203;7177.32763671875;697.0057983398438;115.02571868896484;74.10469818115234;376.8852233886719;211.1962432861328;296.25;469.7099914550781;446.1661071777344;250.8754425048828;;10.018735885620117;237.54946899414062;3405.266845703125;294.77825927734375;19.02211570739746;587.4414672851562;330.1300048828125;103.63967895507812;446.0498962402344;16.82220458984375;136.18975830078125;38.03575897216797;78.66500091552734
2023-01-13;25.91977310180664;88.38041687011719;91.72369384765625;125.81999969482422;63.820255279541016;196.05673217773438;317.6400146484375;360.06451416015625;160.027099609375;7247.42626953125;693.6906127929688;114.81849670410156;74.01530456542969;377.84515380859375;210.6773223876953;300.94000244140625;479.0799865722656;457.34832763671875;254.53311157226562;;9.954803466796875;239.96188354492188;3435.0068359375;295.9090576171875;19.06426429748535;592.6356811523438;332.82000732421875;104.51353454589844;445.8027648925781;16.759660720825195;136.458740234375;38.273895263671875;78.44499969482422
2023-01-16;26.142658233642578;87.84221649169922;;;;197.18218994140625;;;;7286.36962890625;;;76.25007629394531;;;;;465.2100524902344;;;9.954803466796875;;3464.28271484375;;19.2656307220459;595.0858764648438;;104.29991912841797;;;;;78.38999938964844
2023-01-17;26.500205993652344;88.13053131103516;91.29979705810547;128.0500030517578;63.78218078613281;197.18218994140625;314.8599853515625;361.07672119140625;160.3642578125;7263.0029296875;689.9525146484375;114.36637878417969;76.20538330078125;379.4879150390625;213.23013305664062;311.9800109863281;480.19000244140625;465.6495361328125;253.9923553466797;;9.954803466796875;236.628173828125;3426.642578125;291.1388854980469;19.279678344726562;594.3018188476562;326.2200012207031;104.18341827392578;439.95074462890625;16.957063674926758;134.84490966796875;38.13101577758789;77.91999816894531
2023-01-18;25.89191246032715;86.11226654052734;89.5230484008789;127.47000122070312;61.450557708740234;197.27223205566406;308.29998779296875;357.8238220214844;160.17291259765625;7370.09814453125;675.23095703125;115.52493286132812;74.59635162353516;374.4705505371094;210.3760223388672;309.8599853515625;481.32000732421875;469.6048278808594;252.45848083496094;;9.863476753234863;229.24838256835938;3394.57861328125;287.8224182128906;19.008068084716797;601.3580322265625;326.3299865722656;105.83403778076172;432.7839660644531;16.941429138183594;132.5137939453125;38.12148666381836;77.58999633789062
2023-01-19;25.859407424926758;87.30400848388672;91.26371765136719;121.43000030517578;60.75581741333008;195.47149658203125;305.2300109863281;354.9049987792969;158.79698181152344;7300.0;675.3079223632812;114.24393463134766;73.70244598388672;374.7872314453125;211.4138641357422;307.94000244140625;475.1300048828125;467.8468933105469;252.67478942871094;;9.868043899536133;223.65415954589844;3345.785888671875;284.9716796875;18.90504264831543;578.8169555664062;315.7799987792969;103.40664672851562;427.2185974121094;17.19355583190918;135.6318817138672;37.588050842285156;77.49500274658203
2023-01-20;25.91048812866211;87.22712707519531;91.8319091796875;122.4000015258789;60.94615173339844;198.44271850585938;309.8699951171875;361.70574951171875;159.51683044433594;7292.2109375;691.93212890625;115.68505859375;73.47896575927734;374.1142883300781;213.9248504638672;309.8399963378906;488.8800048828125;471.7045593261719;257.02069091796875;;9.868043899536133;223.7206573486328;3344.3916015625;289.2572937011719;18.890995025634766;578.6209716796875;342.5;103.87271118164062;436.5205383300781;17.451547622680664;138.8396453857422;38.35009765625;78.24500274658203
2023-01-23;25.915130615234375;87.3616714477539;91.2276382446289;125.58999633789062;61.250701904296875;198.17262268066406;310.4200134277344;364.3690185546875;158.8789825439453;7134.48876953125;688.3381958007812;118.7462387084961;74.86451721191406;371.1355895996094;215.79965209960938;311.80999755859375;496.1400146484375;471.4603576660156;259.39044189453125;;9.877174377441406;230.67306518554688;3385.75;293.3624267578125;18.994020462036133;602.730224609375;357.4200134277344;104.14457702636719;437.94403076171875;17.377277374267578;142.7248077392578;39.093101501464844;79.30500030517578
2023-01-24;25.176822662353516;87.49622344970703;91.36293029785156;123.23999786376953;61.70750045776367;198.71282958984375;311.29998779296875;361.38140869140625;157.7582244873047;7072.17919921875;691.5092163085938;119.05708312988281;74.194091796875;372.59027099609375;212.5856475830078;313.57000732421875;486.70001220703125;467.4074401855469;248.44680786132812;;9.90457534790039;235.41244506835938;3392.255126953125;297.7525634765625;18.84885025024414;603.4163208007812;363.8299865722656;103.52316284179688;441.057861328125;17.455455780029297;142.5952911376953;38.977867126464844;79.47000122070312
2023-01-25;25.10252571105957;87.76532745361328;93.27495574951172;123.33999633789062;61.859779357910156;199.61322021484375;311.8999938964844;360.06451416015625;157.98602294921875;7103.333984375;691.6534423828125;118.38833618164062;73.03201293945312;372.1449890136719;212.3428955078125;315.2799987792969;485.17999267578125;462.9150085449219;249.3907470703125;;9.927406311035156;233.89279174804688;3416.8837890625;296.5267333984375;19.031482696533203;604.788330078125;367.9599914550781;102.8629150390625;439.1302795410156;17.502361297607422;140.96153259277344;38.91064453125;78.6449966430664
2023-01-26;24.861066818237305;87.7076644897461;94.08667755126953;121.05000305175781;61.40296173095703;199.52317810058594;310.95001220703125;361.04730224609375;161.0749969482422;7130.5947265625;700.7054443359375;120.62064361572266;73.12141418457031;380.1311340332031;212.76979064941406;321.0199890136719;487.0;458.666748046875;250.58047485351562;;9.900007247924805;235.33645629882812;3430.360107421875;300.85992431640625;19.008068084716797;606.7484130859375;364.8699951171875;101.9502182006836;439.3477478027344;17.420276641845703;146.73947143554688;39.361976623535156;79.67500305175781
2023-01-27;24.94464683532715;87.26557159423828;93.58161163330078;121.31999969482422;61.59331130981445;199.52317810058594;309.1700134277344;366.9537048339844;160.08177185058594;7190.95751953125;701.6951904296875;122.29723358154297;73.47896575927734;375.26226806640625;212.84510803222656;321.45001220703125;487.0;462.8661804199219;250.50180053710938;;9.863476753234863;236.2007598876953;3466.606201171875;298.52227783203125;19.008068084716797;607.7283935546875;360.7699890136719;101.9502182006836;429.1264343261719;17.709537506103516;151.16256713867188;38.708988189697266;79.40499877929688
2023-01-30;25.107168197631836;87.9575424194336;93.64474487304688;118.08000183105469;61.70750045776367;199.29808044433594;307.3299865722656;359.82861328125;160.33694458007812;7192.90478515625;696.5445556640625;120.3663330078125;72.85323333740234;374.757568359375;210.1835174560547;319.9800109863281;482.95001220703125;469.50714111328125;249.05645751953125;;9.849777221679688;234.42466735839844;3469.39404296875;298.2847595214844;19.06426429748535;591.3616943359375;353.1099853515625;103.98921966552734;418.6184997558594;17.45936393737793;146.50038146972656;38.4208984375;78.43499755859375
2023-01-31;25.43221092224121;87.97676849365234;94.01451873779297;121.7699966430664;62.27852249145508;197.36227416992188;311.5199890136719;368.4769592285156;160.9748077392578;7210.4296875;709.296142578125;121.76978302001953;72.00402069091797;374.7476806640625;211.0204620361328;323.1000061035156;480.5;460.4734802246094;250.79678344726562;;9.813244819641113;237.00808715820312;3488.446533203125;304.56591796875;19.153242111206055;590.57763671875;353.8599853515625;105.23204040527344;421.8509826660156;17.484773635864258;148.40310668945312;39.00667190551758;79.54000091552734
2023-02-01;25.283618927001953;88.88017272949219;95.05171966552734;125.23999786376953;63.506202697753906;198.98294067382812;310.57000732421875;370.6783447265625;159.95420837402344;7212.37646484375;709.296142578125;123.29566192626953;72.09342193603516;367.1276550292969;209.36326599121094;317.2699890136719;483.20001220703125;460.18048095703125;257.0797119140625;;9.8178129196167;238.30929565429688;3550.716064453125;302.3043212890625;19.16728973388672;595.2819213867188;361.989990234375;106.06706237792969;428.92877197265625;17.502361297607422;152.53732299804688;39.59244918823242;80.12999725341797
2023-02-02;25.362558364868164;88.49574279785156;93.35614776611328;125.41999816894531;63.43959045410156;199.61322021484375;311.8599853515625;376.5552673339844;160.37338256835938;7311.68310546875;723.5660400390625;126.67713165283203;75.8031234741211;362.6743469238281;213.42263793945312;303.7799987792969;504.2200012207031;442.4549560546875;253.6678924560547;;9.80867862701416;243.62803649902344;3659.45361328125;280.8000793457031;19.256263732910156;622.3312377929688;366.8900146484375;109.31005096435547;427.5843200683594;18.333017349243164;188.05165100097656;40.73518371582031;81.61000061035156
2023-02-03;25.390419006347656;89.3607177734375;92.52637481689453;121.9800033569336;62.72581100463867;198.7578582763672;308.510009765625;366.4819641113281;160.87454223632812;7442.14453125;704.3665771484375;123.97383117675781;74.77513122558594;358.8148498535156;208.6936798095703;301.0199890136719;482.4100036621094;459.74102783203125;253.75636291503906;;9.804112434387207;243.24810791015625;3663.635498046875;270.84136962890625;18.8769474029541;626.7415771484375;365.8999938964844;109.01876068115234;425.39971923828125;18.20206642150879;185.82017517089844;40.56233596801758;81.66500091552734
2023-02-06;25.645809173583984;88.22664642333984;91.8228988647461;118.7300033569336;62.97325134277344;197.4523162841797;308.42999267578125;362.30517578125;159.2434539794922;7426.56689453125;695.5548706054688;123.8042984008789;73.16610717773438;354.41107177734375;204.64266967773438;304.8699951171875;485.5299987792969;467.798095703125;249.27276611328125;;9.763014793395996;238.29977416992188;3593.931640625;268.95037841796875;18.858213424682617;609.5242309570312;361.4800109863281;108.59154510498047;425.1427001953125;17.61376953125;185.35195922851562;39.33317184448242;80.55000305175781
2023-02-07;25.330053329467773;87.6500015258789;92.17464447021484;120.55999755859375;61.935909271240234;197.54234313964844;312.9700012207031;364.7130126953125;162.01356506347656;7364.2568359375;697.140380859375;122.70225524902344;71.51238250732422;359.83416748046875;206.9359893798828;308.5400085449219;507.67999267578125;471.7533874511719;250.95411682128906;;9.749316215515137;239.02159118652344;3586.49658203125;270.8889465332031;18.816068649291992;610.3099975585938;362.95001220703125;107.659423828125;429.5614013671875;17.85807991027832;190.89080810546875;40.32225799560547;80.5
2023-02-08;25.404348373413086;88.11131286621094;91.35391235351562;116.62000274658203;61.65992736816406;198.7578582763672;308.4800109863281;359.54364013671875;170.7884979248047;7393.46484375;702.4351196289062;122.25956726074219;72.54036712646484;362.8722839355469;205.86465454101562;293.3299865722656;497.42999267578125;474.04840087890625;252.10447692871094;;9.726483345031738;234.70010375976562;3577.203125;272.9509582519531;18.8769474029541;608.3456420898438;366.8299865722656;107.4458236694336;422.99761962890625;17.67240333557129;182.73194885253906;40.17821502685547;80.07499694824219
2023-02-09;25.57615852355957;88.34197235107422;92.0123062133789;114.77999877929688;61.18408203125;199.88331604003906;307.2099914550781;357.381591796875;166.67897033691406;7453.82763671875;704.0783081054688;120.601806640625;71.51238250732422;358.59710693359375;203.7219696044922;291.6000061035156;486.739990234375;472.19287109375;251.9078826904297;;9.726483345031738;233.79782104492188;3584.637939453125;272.6183776855469;18.881628036499023;616.006591796875;362.5;108.12548065185547;423.739013671875;17.61376953125;177.24295043945312;40.370277404785156;80.00499725341797
2023-02-10;25.63652229309082;87.57311248779297;92.3189468383789;115.30000305175781;62.335628509521484;197.99252319335938;309.8900146484375;357.58795166015625;167.7541961669922;7422.6728515625;701.2434692382812;120.64888763427734;71.46768951416016;364.2478332519531;205.8060760498047;297.3999938964844;485.7300109863281;472.8764953613281;252.32083129882812;;9.694518089294434;234.5196533203125;3542.815673828125;273.5020751953125;18.86758041381836;600.7830200195312;347.3599853515625;106.43602752685547;422.49346923828125;17.61376953125;173.48728942871094;41.02326583862305;79.80999755859375
2023-02-13;25.599374771118164;87.82299041748047;93.53651428222656;118.6500015258789;63.06842041015625;197.90249633789062;313.739990234375;364.2117919921875;168.76564025878906;7430.46142578125;710.00732421875;121.7791976928711;71.69115447998047;363.14935302734375;207.680908203125;299.17999267578125;496.67999267578125;485.37713623046875;255.7621612548828;;9.772148132324219;236.34324645996094;3578.132080078125;272.4378356933594;19.045530319213867;609.5242309570312;358.57000732421875;106.9215087890625;424.7472839355469;17.51995277404785;178.7471923828125;41.67626190185547;79.7249984741211
2023-02-14;25.520435333251953;87.66921997070312;91.73271179199219;122.43000030517578;62.48788833618164;198.21762084960938;310.7900085449219;358.5707092285156;169.84088134765625;7455.77490234375;699.9655151367188;120.30982208251953;71.51238250732422;362.0509033203125;204.1153564453125;300.25;503.6499938964844;485.37713623046875;254.5626220703125;;9.8178129196167;235.934814453125;3580.45556640625;267.4869689941406;19.209434509277344;610.0152587890625;359.9599914550781;106.70789337158203;421.86077880859375;17.461320877075195;178.79701232910156;41.32094955444336;79.11499786376953
2023-02-15;27.568201065063477;90.12956237792969;91.19156646728516;125.66999816894531;62.516441345214844;197.94752502441406;309.6300048828125;361.23394775390625;171.57220458984375;7533.662109375;698.8412475585938;120.12142944335938;70.52908325195312;359.8639221191406;207.7729949951172;298.75;514.5900268554688;482.93560791015625;254.70030212402344;;9.922840118408203;241.09213256835938;3698.023193359375;270.3092346191406;19.279678344726562;614.2385864257812;361.4200134277344;107.58174896240234;416.75018310546875;17.28150749206543;176.48583984375;41.10009002685547;79.58499908447266
2023-02-16;27.1270694732666;90.610107421875;90.46102905273438;131.1999969482422;62.50692367553711;199.02796936035156;308.17999267578125;351.6520690917969;171.76353454589844;7492.771484375;693.9788208007812;118.48251342773438;71.82524871826172;359.9726867675781;214.34332275390625;292.0400085449219;506.3999938964844;473.41363525390625;258.74139404296875;;9.890874862670898;241.21559143066406;3665.959228515625;266.7648010253906;19.218801498413086;611.8814086914062;350.7099914550781;107.77593994140625;418.1143493652344;17.109512329101562;171.78379821777344;41.02326583862305;80.04499816894531
2023-02-17;27.614635467529297;91.93639373779297;91.8319091796875;131.47000122070312;63.620399475097656;195.33642578125;308.239990234375;354.6101989746094;171.89114379882812;7412.9365234375;688.7609252929688;118.03981018066406;72.22750091552734;363.0503845214844;214.485595703125;293.6600036621094;496.4599914550781;481.470703125;258.43658447265625;;9.954803466796875;244.5398406982422;3629.24853515625;265.7955322265625;19.44358253479004;599.4080810546875;347.9599914550781;106.30009460449219;422.7702331542969;16.624801635742188;172.22213745117188;40.79279708862305;79.44000244140625
2023-02-20;27.54962730407715;92.82058715820312;;;;196.59695434570312;;;;7387.62353515625;;;72.36158752441406;;;;;480.3475646972656;;;9.963937759399414;;3678.041015625;;19.485729217529297;592.82763671875;;106.10589599609375;;;;;80.11499786376953
2023-02-21;27.916460037231445;93.1473388671875;90.17242431640625;118.72000122070312;63.382476806640625;195.7415771484375;302.7200012207031;344.7432556152344;171.20770263671875;7372.04638671875;675.65380859375;116.30670166015625;71.19950866699219;357.7559509277344;207.0029754638672;292.4800109863281;478.1700134277344;488.4046936035156;251.79969787597656;;10.009602546691895;238.6796875;3622.278076171875;263.7049560546875;19.584070205688477;586.2473754882812;337.5;104.63005065917969;418.3515625;16.269088745117188;171.4251708984375;40.22623062133789;78.81999969482422
2023-02-22;28.25078773498535;94.55050659179688;89.82066345214844;125.18000030517578;63.030357360839844;195.38143920898438;303.1600036621094;340.2323913574219;170.39671325683594;7301.947265625;671.1854248046875;115.76041412353516;70.66316986083984;356.9544372558594;203.4689483642578;294.3599853515625;476.2900085449219;486.8420715332031;249.84304809570312;;10.009602546691895;237.48297119140625;3586.961669921875;264.4461975097656;19.766706466674805;582.416748046875;334.8800048828125;105.56216430664062;416.76007080078125;16.120546340942383;170.46884155273438;40.1494026184082;78.70999908447266
2023-02-23;27.990753173828125;93.49333190917969;90.0371322631836;125.47000122070312;62.878082275390625;196.05673217773438;303.07000732421875;343.02081298828125;170.4878387451172;7301.947265625;678.728759765625;116.80592346191406;71.11012268066406;356.58819580078125;205.6598663330078;292.57000732421875;478.3500061035156;490.26019287109375;247.75852966308594;;9.959370613098145;236.70880126953125;3601.83154296875;265.8050537109375;19.855682373046875;584.0864868164062;323.6499938964844;105.63983917236328;426.09173583984375;16.159635543823242;171.38531494140625;40.36067199707031;79.30500030517578
2023-02-24;27.809659957885742;93.32034301757812;88.90973663330078;122.36000061035156;62.383209228515625;193.76075744628906;304.0199890136719;338.3405456542969;170.55160522460938;7338.94384765625;658.0494995117188;114.32869720458984;70.17151641845703;355.4106140136719;203.39341735839844;287.3699951171875;468.1700134277344;486.890869140625;244.9661407470703;;9.945672988891602;233.31576538085938;3582.314697265625;267.00238037109375;19.616851806640625;568.666748046875;317.1499938964844;103.81444549560547;423.52154541015625;16.16550064086914;169.74159240722656;39.95735168457031;78.70500183105469
2023-02-27;28.148632049560547;92.8590316772461;88.53996276855469;123.58000183105469;62.46885681152344;197.2272186279297;304.6600036621094;336.49798583984375;167.79066467285156;7319.4716796875;666.1212768554688;115.76982116699219;71.42298889160156;351.659912109375;202.0083770751953;287.3999938964844;468.17999267578125;493.3853759765625;243.88455200195312;;9.963937759399414;232.44598388671875;3629.24853515625;271.2215270996094;19.916561126708984;584.8721923828125;323.0299987792969;105.23204040527344;424.0652160644531;16.29058837890625;168.8948211669922;39.37158203125;78.68499755859375
2023-02-28;27.874666213989258;92.74369049072266;87.75531005859375;121.70999908447266;62.03108596801758;200.01837158203125;305.17999267578125;336.1925964355469;168.90234375;7235.7421875;661.3839111328125;116.23136901855469;71.60177612304688;346.7043762207031;200.9254913330078;290.2900085449219;473.239990234375;486.451416015625;239.3714599609375;;9.922840118408203;232.331298828125;3631.57177734375;271.7536315917969;19.88846206665039;573.5774536132812;322.1300048828125;104.35818481445312;425.2613525390625;16.335538864135742;174.27427673339844;39.02587890625;78.80500030517578
2023-03-01;27.30352210998535;92.6475830078125;87.94470977783203;124.44999694824219;61.08890914916992;199.25306701660156;304.6199951171875;332.82275390625;167.87266540527344;7251.3203125;649.573974609375;114.09321594238281;69.90335083007812;348.6271057128906;199.68313598632812;291.2300109863281;469.1000061035156;487.2326965332031;240.2072296142578;;9.68995189666748;238.19024658203125;3678.97021484375;273.9391784667969;19.804170608520508;564.34521484375;313.4800109863281;103.52316284179688;416.36468505859375;16.345312118530273;172.7600555419922;38.83382034301758;79.7750015258789
2023-03-02;27.68428611755371;94.8003921508789;88.71133422851562;125.3499984741211;62.202392578125;198.98294067382812;307.75;334.90179443359375;169.9411163330078;7227.9541015625;661.0956420898438;117.38050079345703;69.67987060546875;344.2563171386719;201.0094451904297;290.760009765625;476.1300048828125;490.74853515625;239.6664276123047;;9.744749069213867;241.68836975097656;3974.514892578125;277.502685546875;19.86036491394043;567.1934204101562;311.8800048828125;104.1057357788086;421.7520751953125;16.288631439208984;173.8658447265625;38.57454299926758;80.33999633789062
2023-03-03;27.90717315673828;94.72350311279297;89.46893310546875;125.54000091552734;62.53547668457031;199.29808044433594;312.45001220703125;340.9910888671875;168.83851623535156;7368.15087890625;677.854248046875;119.57513427734375;69.36700439453125;342.60107421875;200.9171142578125;290.510009765625;488.0;492.7994384765625;245.8019256591797;;9.781281471252441;246.64889526367188;3954.99755859375;280.1158752441406;19.911876678466797;578.881103515625;315.17999267578125;106.20299530029297;425.17236328125;16.757709503173828;184.5450439453125;38.20964050292969;81.0199966430664
2023-03-06;27.809659957885742;94.30062866210938;90.28062438964844;125.05999755859375;62.50692367553711;200.87374877929688;316.9700012207031;346.16400146484375;168.48316955566406;7286.36962890625;675.3727416992188;119.77293395996094;70.57378387451172;344.8013916015625;199.03680419921875;291.6199951171875;486.1600036621094;492.21343994140625;247.51271057128906;;9.744749069213867;246.45774841308594;4007.043212890625;278.5384521484375;20.099193572998047;579.6668701171875;312.0299987792969;108.70806121826172;424.0157775878906;16.912111282348633;184.19638061523438;37.51823425292969;81.0250015258789
2023-03-07;27.860736846923828;93.62788391113281;89.51402282714844;124.47000122070312;61.678955078125;199.3881072998047;311.1199951171875;331.7093200683594;166.0410919189453;7249.373046875;661.9797973632812;116.62696838378906;70.439697265625;334.3351135253906;194.33599853515625;286.5799865722656;473.989990234375;496.022216796875;241.21995544433594;;9.735616683959961;244.95718383789062;4030.278564453125;276.89453125;20.052364349365234;563.8541259765625;308.4700012207031;107.56233215332031;417.33343505859375;17.05478858947754;183.80784606933594;36.49073028564453;80.94000244140625
2023-03-08;27.786441802978516;94.4736328125;89.96498107910156;123.80000305175781;61.94542694091797;200.24346923828125;311.3699951171875;333.9066162109375;165.76776123046875;7264.9501953125;670.1488037109375;117.794921875;69.72456359863281;335.27667236328125;193.0348663330078;285.17999267578125;482.2200012207031;485.62127685546875;247.2177734375;;9.781281471252441;245.14833068847656;4045.61279296875;275.6116638183594;20.155391693115234;571.6131591796875;311.7900085449219;107.6205825805664;419.62677001953125;17.211145401000977;184.26611328125;37.23015594482422;81.125
2023-03-09;28.000041961669922;95.0887222290039;89.25247192382812;119.62999725341797;61.63137435913086;200.51358032226562;304.82000732421875;329.02923583984375;162.69664001464844;7190.95751953125;659.39208984375;114.25336456298828;67.5792007446289;332.9871520996094;188.1577911376953;286.8800048828125;472.2799987792969;493.1900329589844;247.906005859375;;9.776715278625488;239.49966430664062;4012.61962890625;269.9481506347656;20.202219009399414;574.854248046875;297.7799987792969;108.20316314697266;417.9462585449219;16.91797637939453;180.99859619140625;36.29867935180664;80.65499877929688
2023-03-10;28.078981399536133;94.83883666992188;88.70230865478516;115.31999969482422;61.764617919921875;198.3076629638672;303.6300048828125;321.7477111816406;160.1297149658203;7167.591796875;642.7353515625;110.18431854248047;67.35572052001953;333.2151794433594;186.83990478515625;287.239990234375;454.8599853515625;488.1116638183594;242.4687042236328;;9.781281471252441;231.1270294189453;3935.94580078125;267.2779235839844;20.164756774902344;567.2916259765625;292.760009765625;107.27104949951172;415.504638671875;16.566165924072266;178.82688903808594;35.261573791503906;78.78500366210938
2023-03-13;27.693572998046875;92.32081604003906;87.81844329833984;111.30999755859375;62.37368392944336;189.84414672851562;302.8800048828125;320.0233459472656;164.7501678466797;7101.38671875;659.2181396484375;111.49356079101562;67.80267333984375;332.4222412109375;184.0446014404297;293.4599914550781;460.9200134277344;480.4941101074219;242.93081665039062;;9.753884315490723;225.81285095214844;3744.027099609375;267.0118408203125;20.014902114868164;554.9165649414062;293.510009765625;104.1057357788086;416.64141845703125;16.72252655029297;180.2115936279297;35.11753463745117;77.61000061035156
2023-03-14;27.805015563964844;92.91668701171875;87.80039978027344;116.23999786376953;63.08745574951172;191.96002197265625;305.3299865722656;327.84686279296875;169.93899536132812;7113.0703125;667.6864624023438;112.86876678466797;69.50109100341797;333.5124816894531;186.54608154296875;295.25;471.4200134277344;483.0332946777344;246.4901885986328;;9.918272972106934;227.2752227783203;3834.177978515625;271.6775817871094;20.25373077392578;565.8184204101562;294.94000244140625;106.86324310302734;423.15582275390625;16.699071884155273;193.2816925048828;36.0586051940918;77.26000213623047
2023-03-15;27.8421630859375;91.89794158935547;86.74518585205078;117.43000030517578;63.192142486572266;183.7666015625;297.8800048828125;329.0785217285156;167.4637451171875;7015.7109375;671.08544921875;113.03829193115234;68.60719299316406;332.3726806640625;184.0194091796875;294.2699890136719;464.9700012207031;484.8888244628906;243.32411193847656;;9.93197250366211;220.29803466796875;3673.859130859375;263.2583312988281;20.295879364013672;557.8629760742188;303.7900085449219;105.23204040527344;416.09771728515625;16.366809844970703;196.9974822998047;36.02019119262695;76.2750015258789
2023-03-16;28.167205810546875;93.82009887695312;86.03266906738281;121.26000213623047;63.7060546875;184.66697692871094;302.010009765625;334.91162109375;171.62582397460938;7132.5419921875;678.4144287109375;113.93964385986328;68.38371276855469;336.90216064453125;183.91868591308594;300.6400146484375;474.1099853515625;475.2203674316406;250.7262725830078;;10.091797828674316;221.5883026123047;3818.427490234375;265.738525390625;20.35675811767578;576.5238647460938;310.05999755859375;109.3683090209961;423.5018310546875;16.884748458862305;204.150146484375;36.53874206542969;77.04000091552734
2023-03-17;27.944320678710938;91.4366226196289;85.49153137207031;119.91999816894531;63.192142486572266;180.12008666992188;293.510009765625;329.5810241699219;170.49822998046875;7272.7392578125;667.0877685546875;110.08757781982422;67.31101989746094;336.33721923828125;179.0667724609375;295.7699890136719;471.3599853515625;477.3689270019531;247.0596923828125;;9.973071098327637;215.2515106201172;3764.98974609375;261.07275390625;20.11792755126953;585.4615478515625;303.5;108.33909606933594;420.7734069824219;16.91015625;194.86563110351562;35.7417106628418;76.2699966430664
2023-03-20;28.339014053344727;91.37896728515625;86.85340881347656;118.58999633789062;64.45789337158203;182.2359619140625;301.05999755859375;329.6795349121094;169.39808654785156;7317.5244140625;665.7360229492188;112.6208267211914;68.2049331665039;342.184814453125;182.48326110839844;298.95001220703125;483.260009765625;482.8868103027344;252.75665283203125;;10.105496406555176;219.80101013183594;3832.26416015625;265.3204345703125;20.49256134033203;589.48828125;305.1300048828125;109.65959167480469;427.2185974121094;17.28150749206543;197.05726623535156;37.018890380859375;75.61000061035156
2023-03-21;28.45974349975586;92.82058715820312;86.31227111816406;122.0199966430664;64.55305480957031;187.54818725585938;303.8500061035156;336.586669921875;167.50042724609375;7535.60986328125;664.2778930664062;112.29823303222656;68.0261459350586;344.3851013183594;185.7738037109375;302.6600036621094;495.3999938964844;491.62744140625;254.9743194580078;;10.146594047546387;224.00643920898438;3938.18603515625;264.9403076171875;20.600271224975586;584.5775756835938;305.7900085449219;110.53345489501953;425.4985656738281;17.46718406677246;201.39071655273438;37.59505844116211;76.65499877929688
2023-03-22;28.59904670715332;94.06997680664062;84.42935943603516;115.9000015258789;64.10576629638672;187.3681182861328;299.7300109863281;330.7929992675781;164.539306640625;7479.1416015625;640.2247924804688;108.27539825439453;65.29974365234375;338.7852783203125;182.14749145507812;297.8699951171875;475.0299987792969;497.6824645996094;250.7262725830078;;10.096364974975586;219.28489685058594;3940.094482421875;261.66192626953125;20.40826988220215;590.0775756835938;293.8999938964844;110.4751968383789;423.659912109375;17.089967727661133;199.04965209960938;36.56755447387695;76.73999786376953
2023-03-23;28.408666610717773;93.83931732177734;82.50988006591797;120.87999725341797;63.95348358154297;186.19761657714844;298.3699951171875;327.3739318847656;165.0435333251953;7574.552734375;643.4498291015625;108.3038558959961;65.70199584960938;332.8484191894531;180.18319702148438;304.75;478.739990234375;505.30010986328125;249.13938903808594;;10.128329277038574;216.18814086914062;3862.800048828125;253.6608428955078;20.455097198486328;606.283203125;320.3699951171875;111.34905242919922;420.17047119140625;17.25218963623047;203.5026397705078;36.3178825378418;77.13500213623047
2023-03-24;28.20435333251953;93.9354248046875;82.94861602783203;118.3499984741211;65.70460510253906;184.7119903564453;298.9200134277344;329.6105651855469;168.2705078125;7545.34521484375;658.2525634765625;111.03634643554688;64.40583801269531;343.4831237792969;183.3394775390625;314.3900146484375;485.510009765625;516.3003540039062;250.56854248046875;;10.110061645507812;213.99940490722656;3710.1201171875;254.35447692871094;20.342708587646484;588.0150756835938;328.3900146484375;110.66938781738281;424.65838623046875;17.107559204101562;205.22605895996094;35.895362854003906;76.74500274658203
2023-03-27;28.44116973876953;93.80087280273438;84.63958740234375;117.33999633789062;65.81880187988281;185.11717224121094;302.1400146484375;330.822509765625;169.61810302734375;7595.9716796875;663.9689331054688;111.0648193359375;64.67400360107422;346.2979431152344;184.48951721191406;308.4700012207031;489.04998779296875;525.15966796875;250.7558135986328;;10.215091705322266;216.90499877929688;3744.950439453125;256.7491149902344;20.44573402404785;594.399169921875;327.6600036621094;111.03834533691406;425.3206787109375;16.933610916137695;202.068115234375;36.48113250732422;76.34500122070312
2023-03-28;28.44116973876953;92.93590545654297;86.12944793701172;117.98999786376953;66.22802734375;185.61236572265625;302.32000732421875;329.226318359375;171.72665405273438;7588.18310546875;659.55615234375;110.67581939697266;63.37784194946289;351.3328552246094;185.24497985839844;313.25;488.1400146484375;523.8800048828125;250.82479858398438;;10.274455070495605;219.31358337402344;3772.146728515625;259.9324951171875;20.51597785949707;577.2114868164062;323.5199890136719;110.43635559082031;427.0406799316406;16.77334213256836;199.91632080078125;36.78841781616211;76.50499725341797
2023-03-29;28.673341751098633;94.6081771850586;86.57733154296875;119.26000213623047;66.97034454345703;188.4935760498047;305.29998779296875;333.1676025390625;171.47915649414062;7656.3349609375;670.6219482421875;113.74039459228516;64.31644439697266;353.9890441894531;186.20193481445312;314.239990234375;487.6199951171875;530.8689575195312;253.66343688964844;;10.338384628295898;222.4198760986328;3797.911376953125;262.5837097167969;20.707979202270508;594.9884643554688;332.0299987792969;111.27137756347656;429.3537902832031;17.17401123046875;204.5685577392578;37.56624984741211;77.23500061035156
2023-03-30;28.7894287109375;93.78164672851562;88.31399536132812;125.05999755859375;66.58279418945312;190.69949340820312;305.0799865722656;336.2615051269531;173.20263671875;7621.28564453125;677.864013671875;115.67591094970703;65.79138946533203;354.60357666015625;188.61947631835938;312.1600036621094;493.54998779296875;531.3611450195312;255.71359252929688;;10.416013717651367;223.7388153076172;3868.525634765625;265.8050537109375;20.726707458496094;612.5689697265625;338.42999267578125;112.00930786132812;431.9832458496094;17.744224548339844;207.04910278320312;38.27686309814453;77.75
2023-03-31;29.244487762451172;95.20404052734375;88.88984680175781;126.44000244140625;66.71675872802734;191.59988403320312;308.7699890136719;339.7101135253906;175.57701110839844;7660.22900390625;696.239501953125;118.37995147705078;66.23834228515625;352.888916015625;192.5815887451172;315.07000732421875;500.0799865722656;534.4127807617188;259.89263916015625;;10.489075660705566;228.31703186035156;3894.767822265625;274.64068603515625;20.932758331298828;614.042236328125;345.4800109863281;112.68896484375;435.63092041015625;18.01045799255371;211.13348388671875;38.61295700073242;77.86000061035156
2023-04-03;29.341999053955078;94.78118133544922;89.48396301269531;128.6699981689453;67.19522094726562;191.73492431640625;310.30999755859375;341.1881408691406;174.46775817871094;7535.60986328125;685.5308837890625;117.43116760253906;66.19364166259766;360.5403747558594;193.4797821044922;316.3299865722656;489.2699890136719;535.3971557617188;260.3657531738281;;10.37491512298584;228.08763122558594;3866.617431640625;276.39056396484375;20.937440872192383;606.676025390625;348.2799987792969;112.2423324584961;435.729736328125;18.14556312561035;212.2592010498047;39.342777252197266;77.4800033569336
2023-04-04;29.620609283447266;95.97290802001953;89.15491485595703;127.0199966430664;67.48229217529297;191.96002197265625;309.07000732421875;341.3260498046875;176.9705047607422;7644.65185546875;686.0426635742188;117.72528839111328;65.47852325439453;359.76727294921875;193.58889770507812;314.4200134277344;484.010009765625;533.7236938476562;263.3916931152344;;10.434280395507812;221.64566040039062;3837.035400390625;272.7664489746094;20.956172943115234;607.1671142578125;346.75;112.9608383178711;431.9931945800781;18.08198356628418;213.90289306640625;39.246742248535156;77.05500030517578
2023-04-05;29.629894256591797;97.64517211914062;90.25175476074219;123.58000183105469;68.32439422607422;191.86997985839844;310.3900146484375;339.54266357421875;178.9415283203125;7679.70068359375;679.6116943359375;116.00798797607422;64.22705841064453;369.8569030761719;196.43455505371094;321.94000244140625;476.69000244140625;529.3924560546875;267.4131164550781;;10.6899995803833;210.60641479492188;3626.146484375;271.4564514160156;21.58368682861328;595.3812255859375;342.3500061035156;112.88316345214844;433.05548095703125;17.811779022216797;210.67523193359375;39.17952346801758;76.62999725341797
2023-04-06;29.73204803466797;97.59712982177734;90.5168228149414;121.86000061035156;67.98946380615234;194.79620361328125;312.510009765625;335.8575134277344;178.85903930664062;7810.1630859375;686.7669067382812;116.46340942382812;65.92547607421875;366.8042907714844;194.89842224121094;321.6600036621094;472.5199890136719;;266.703369140625;;10.740229606628418;210.58729553222656;3638.5517578125;269.6587219238281;21.829999923706055;596.1670532226562;339.3299865722656;113.60166931152344;431.3724060058594;17.517730712890625;215.2776641845703;38.632164001464844;77.25
2023-04-11;29.964223861694336;97.83738708496094;90.16033172607422;128.07000732421875;67.2813491821289;194.84121704101562;313.70001220703125;336.8921203613281;175.63204956054688;7718.64501953125;682.2286376953125;116.38749694824219;65.74669647216797;362.9190979003906;195.38528442382812;324.8299865722656;478.1300048828125;532.2471313476562;267.6890563964844;;10.671734809875488;219.6863250732422;3667.17919921875;272.84295654296875;21.617494583129883;599.7026977539062;338.2099914550781;112.7083969116211;434.3525085449219;17.66475486755371;213.03622436523438;39.94775390625;78.76000213623047
2023-04-12;29.92707633972168;96.82826232910156;90.29745483398438;126.19000244140625;67.18565368652344;196.6419677734375;314.54998779296875;337.7592468261719;175.77871704101562;7767.3251953125;686.5834350585938;116.52033996582031;66.10425567626953;359.3410949707031;193.32029724121094;326.3699951171875;470.8999938964844;543.5673828125;268.4677429199219;;10.744796752929688;222.52499389648438;3717.754638671875;274.6024475097656;21.63681411743164;592.6312255859375;331.0299987792969;113.23270416259766;438.0850524902344;17.77005386352539;213.18563842773438;40.20703125;78.83499908447266
2023-04-13;29.068035125732422;97.26073455810547;91.1749267578125;130.77999877929688;67.40575408935547;197.27223205566406;318.04998779296875;342.7646789550781;174.11940002441406;7808.21533203125;684.3335571289062;115.67591094970703;65.8360824584961;361.0854797363281;194.5542755126953;333.3500061035156;480.010009765625;549.6704711914062;269.48291015625;;10.653467178344727;220.8619384765625;3725.388427734375;275.530029296875;21.54505157470703;592.4347534179688;346.19000244140625;112.59187316894531;438.1147155761719;17.978670120239258;219.511474609375;40.9560432434082;79.26000213623047
2023-04-14;28.95445442199707;97.26073455810547;90.92813873291016;134.3000030517578;66.80288696289062;197.27223205566406;319.739990234375;342.7547607421875;174.62359619140625;7747.8525390625;664.9925537109375;113.62654876708984;66.86407470703125;358.7861022949219;192.52284240722656;333.5199890136719;482.489990234375;563.3530883789062;269.42376708984375;;10.470810890197754;223.28005981445312;3771.192626953125;273.6844482421875;21.458118438720703;595.6759643554688;338.6300048828125;112.59187316894531;435.5405578613281;18.052183151245117;220.6471405029297;41.561031341552734;79.3499984741211
2023-04-17;29.465579986572266;95.8575668334961;91.34858703613281;139.0399932861328;67.23351287841797;194.93125915527344;323.7900085449219;343.8879699707031;176.12709045410156;7660.22900390625;683.5900268554688;116.83343505859375;67.2663345336914;360.0547180175781;194.31082153320312;327.739990234375;481.5199890136719;572.606201171875;267.2060546875;;10.507341384887695;224.1498260498047;3797.911376953125;273.6749267578125;21.58368682861328;571.9078369140625;332.7200012207031;112.98025512695312;438.5206604003906;18.109800338745117;218.0271453857422;42.185211181640625;79.59500122070312
2023-04-18;29.21001625061035;96.01134490966797;92.61909484863281;143.75;67.46317291259766;197.18218994140625;324.6300048828125;347.0015563964844;175.44869995117188;7693.3310546875;681.2918701171875;117.3742446899414;66.72998809814453;357.0615539550781;193.27830505371094;325.1499938964844;482.1199951171875;568.5701904296875;267.5510559082031;;10.521042823791504;225.52615356445312;3806.49951171875;275.18572998046875;21.689939498901367;578.0953979492188;333.70001220703125;113.32980346679688;437.3326110839844;18.14158821105957;217.0608367919922;43.69285202026367;79.33499908447266
2023-04-19;29.493976593017578;99.80758666992188;92.78361511230469;144.3699951171875;67.3292007446289;199.65821838378906;323.0899963378906;346.86358642578125;176.2646026611328;7720.591796875;682.6437377929688;118.74998474121094;65.61260986328125;352.39337158203125;194.1513214111328;328.45001220703125;487.70001220703125;552.3281860351562;269.0689392089844;;10.685433387756348;224.0828857421875;3825.584716796875;277.78668212890625;21.738235473632812;556.78271484375;323.1199951171875;112.65013122558594;438.6593017578125;18.074037551879883;214.87918090820312;42.08917999267578;78.5199966430664
2023-04-20;29.5886287689209;98.75040435791016;88.3962631225586;145.72999572753906;67.9703369140625;200.10841369628906;323.82000732421875;347.7306823730469;174.50442504882812;7816.23095703125;680.7705078125;116.93779754638672;65.65729522705078;356.0803527832031;194.3611602783203;329.1499938964844;490.6099853515625;550.4579467773438;266.89068603515625;;10.804210662841797;224.11158752441406;3804.591064453125;279.660888671875;21.714088439941406;563.166748046875;325.3500061035156;112.2423324584961;438.78802490234375;18.155494689941406;212.2592010498047;41.21531677246094;78.26000213623047
2023-04-21;29.749542236328125;98.84651947021484;89.3651351928711;147.17999267578125;68.24783325195312;200.37852478027344;324.3299865722656;346.5581359863281;173.93603515625;7945.9775390625;688.4760131835938;117.25090026855469;66.10425567626953;356.66510009765625;195.5867156982422;331.0899963378906;495.6499938964844;572.9998779296875;277.17083740234375;;10.813347816467285;222.58233642578125;3790.27734375;277.85357666015625;21.617494583129883;569.8453369140625;327.9800109863281;118.1263198852539;440.9859313964844;18.28861427307129;212.07986450195312;41.39777374267578;77.62000274658203
2023-04-24;29.89625358581543;100.43202209472656;89.89527130126953;151.1300048828125;68.71672821044922;201.458984375;326.04998779296875;342.5577392578125;171.63497924804688;7894.865234375;688.5049438476562;116.8808822631836;65.97016143798828;358.70684814453125;195.1754150390625;332.8399963378906;503.6099853515625;567.684326171875;282.13848876953125;;10.799641609191895;224.52256774902344;3816.996337890625;280.46417236328125;21.30839729309082;563.0684814453125;329.0199890136719;116.39801025390625;443.3126220703125;18.191259384155273;211.98023986816406;41.339664459228516;77.18499755859375
2023-04-25;29.92938232421875;101.79381561279297;90.20604705810547;145.3300018310547;69.37701416015625;201.77410888671875;324.3399963378906;340.1436462402344;172.1575164794922;7953.8408203125;685.646728515625;114.46147155761719;65.38912963867188;360.06463623046875;185.84938049316406;331.92999267578125;483.2300109863281;568.27490234375;277.9396667480469;;10.808778762817383;223.13670349121094;3837.989990234375;277.251220703125;21.472606658935547;553.7379150390625;322.54998779296875;119.01959228515625;433.015869140625;18.03231430053711;206.76019287109375;40.40011978149414;76.20999908447266
2023-04-26;29.683284759521484;101.40473937988281;89.75817108154297;147.77999877929688;69.21432495117188;200.96376037597656;320.5299987792969;335.07916259765625;169.53561401367188;7849.650390625;682.44091796875;112.97187805175781;65.92547607421875;356.0505676269531;186.1431427001953;323.29998779296875;481.44000244140625;546.9141845703125;274.0760192871094;;10.817915916442871;217.75564575195312;3712.029052734375;273.1776123046875;21.472606658935547;546.6664428710938;321.1499938964844;118.16515350341797;426.7685852050781;18.63829231262207;208.6031494140625;40.36138153076172;76.15499877929688
2023-04-27;29.73534393310547;101.25882720947266;90.32485961914062;124.31999969482422;70.64014434814453;203.7099151611328;326.2300109863281;350.36151123046875;169.0589141845703;7945.9775390625;695.080810546875;115.92261505126953;66.68529510498047;360.58001708984375;188.611083984375;339.3699951171875;484.6199951171875;549.6704711914062;278.3831787109375;;10.808778762817383;220.68032836914062;3665.2705078125;278.628173828125;21.501585006713867;554.1307983398438;325.8500061035156;120.02938842773438;448.4807434082031;18.892602920532227;237.65219116210938;41.455894470214844;76.48500061035156
2023-04-28;29.55076789855957;101.21019744873047;91.37602233886719;123.66999816894531;73.41522979736328;204.79037475585938;328.54998779296875;357.2587890625;170.30567932128906;8203.50390625;699.1749267578125;118.83538055419922;67.71328735351562;361.0061950683594;190.30673217773438;340.7300109863281;492.1600036621094;553.5093994140625;283.20294189453125;;10.76309585571289;224.64682006835938;3681.4931640625;281.4777526855469;21.134531021118164;564.9571533203125;329.92999267578125;119.29146575927734;450.26287841796875;17.815752029418945;239.40548706054688;42.124229431152344;76.53500366210938
2023-05-02;29.744808197021484;100.77246856689453;88.57906341552734;120.16000366210938;74.25731658935547;200.19847106933594;325.8599853515625;350.7950744628906;170.08566284179688;8227.09375;678.9840087890625;116.20724487304688;66.1489486694336;357.79498291015625;189.6687774658203;346.0299987792969;467.3800048828125;555.8718872070312;276.5104675292969;;10.740254402160645;217.57406616210938;3616.6044921875;279.8235168457031;20.641908645629883;564.3660888671875;317.54998779296875;118.4176025390625;456.14385986328125;18.151521682739258;238.32958984375;43.35434341430664;76.63999938964844
2023-05-03;29.70221519470215;101.74517822265625;87.61933135986328;120.12999725341797;73.70230102539062;201.0988311767578;323.2200012207031;344.8338623046875;166.2353057861328;8175.982421875;673.6346435546875;117.80119323730469;67.35572052001953;351.2734069824219;189.70237731933594;346.3599853515625;478.8299865722656;552.8203735351562;274.21392822265625;;10.717411041259766;214.52508544921875;3652.865478515625;281.0283508300781;20.554973602294922;566.7302856445312;319.29998779296875;119.77693939208984;451.8865966796875;18.439611434936523;236.1280059814453;43.74177932739258;76.5
2023-05-04;29.441917419433594;102.52334594726562;86.26655578613281;109.8499984741211;73.96067810058594;198.93792724609375;320.0;342.409912109375;168.6188507080078;8227.09375;704.25390625;118.48432922363281;67.75797271728516;351.887939453125;186.134765625;346.5899963378906;469.510009765625;538.4486083984375;273.6423034667969;;10.822484970092773;211.65774536132812;3675.767578125;278.331787109375;20.63707733154297;568.7005004882812;320.7799987792969;118.3787612915039;448.975830078125;18.41179656982422;232.63136291503906;42.79255676269531;76.58499908447266
2023-05-05;29.640689849853516;101.55064392089844;87.3451156616211;114.4800033569336;74.21904754638672;205.01380920410156;323.8800048828125;348.9919128417969;169.718994140625;8215.298828125;714.54736328125;120.73294830322266;67.8920669555664;362.62176513671875;187.9143829345703;348.0899963378906;488.489990234375;;274.0660705566406;;10.78136920928955;216.3697509765625;3733.0224609375;283.71539306640625;20.680543899536133;576.8768920898438;322.760009765625;118.63121032714844;453.5696716308594;18.648225784301758;231.8941650390625;43.96455001831055;76.69999694824219
2023-05-08;29.62175941467285;102.18289947509766;87.3451156616211;116.75;74.74535369873047;206.01065063476562;326.1400146484375;349.96734619140625;170.2323760986328;;714.6632080078125;120.8468017578125;67.17694091796875;365.287841796875;186.83151245117188;344.0899963378906;485.5299987792969;564.0421142578125;273.7901611328125;;10.78136920928955;213.84649658203125;;282.64434814453125;20.574291229248047;582.491943359375;331.2099914550781;119.4273910522461;453.6983947753906;18.366100311279297;232.38233947753906;44.574771881103516;
2023-05-09;30.1044921875;100.48066711425781;87.42738342285156;116.91000366210938;74.53484344482422;204.96633911132812;324.8699951171875;350.0560302734375;169.26058959960938;8236.923828125;703.2110595703125;119.47106170654297;65.38912963867188;385.2688903808594;187.0077667236328;344.8299865722656;479.3699951171875;561.9749755859375;270.1137390136719;;10.772232055664062;211.265869140625;3731.11376953125;267.6888122558594;20.656396865844727;575.793212890625;332.1400146484375;119.03900909423828;453.00537109375;18.65617561340332;232.48191833496094;44.53602981567383;76.21499633789062
2023-05-10;29.418254852294922;99.75113677978516;86.9246597290039;116.45999908447266;74.53484344482422;201.59613037109375;322.989990234375;356.8646240234375;169.8839874267578;8313.591796875;724.4833984375;121.52043151855469;64.94217681884766;390.9578857421875;187.62057495117188;350.0400085449219;485.1099853515625;561.8765869140625;274.5392150878906;;10.758526802062988;206.01864624023438;3718.70849609375;268.6546630859375;20.5259952545166;590.6682739257812;335.4200134277344;119.11668395996094;454.7379455566406;18.562793731689453;232.1930389404297;44.39073944091797;76.29000091552734
2023-05-11;29.35672950744629;100.91837310791016;86.86981964111328;116.80000305175781;74.98458862304688;200.88412475585938;322.6400146484375;355.0023498535156;168.206298828125;8358.806640625;717.8689575195312;119.30027770996094;65.11241912841797;388.5693359375;184.74130249023438;350.3999938964844;486.7300109863281;568.7671508789062;274.10552978515625;;10.753959655761719;207.3567352294922;3768.32958984375;264.4471435546875;20.806116104125977;584.462158203125;344.760009765625;118.74773406982422;453.90631103515625;18.51908302307129;234.89273071289062;43.296226501464844;76.37999725341797
2023-05-12;29.366195678710938;100.82111358642578;86.94294738769531;115.4000015258789;74.52526092529297;201.26385498046875;322.489990234375;354.0663146972656;169.553955078125;8407.953125;713.8037719726562;118.75946807861328;64.19469451904297;386.5078125;185.32054138183594;347.4100036621094;487.4700012207031;578.6107177734375;271.90753173828125;;10.840757369995117;207.64346313476562;3756.878662109375;265.833740234375;20.922025680541992;587.7130126953125;339.8900146484375;119.76486206054688;457.1240539550781;18.811145782470703;232.9202423095703;43.35434341430664;75.80500030517578
2023-05-15;29.370929718017578;102.03699493408203;86.83324432373047;118.38999938964844;74.38172149658203;199.8872833251953;323.5299987792969;356.1748962402344;169.02223205566406;8311.6259765625;714.7984008789062;118.86383819580078;64.74532318115234;387.6772766113281;187.10850524902344;348.6499938964844;489.8800048828125;571.9171142578125;273.5338439941406;;10.817915916442871;209.07713317871094;3747.3359375;267.0672912597656;21.09589385986328;586.7279052734375;335.8900146484375;118.83660125732422;457.2923889160156;18.809158325195312;237.95103454589844;43.51900100708008;75.86000061035156
2023-05-16;29.503442764282227;101.453369140625;85.79125213623047;113.44999694824219;74.4487075805664;198.4632568359375;323.75;353.386474609375;166.47364807128906;8327.3525390625;691.6527709960938;115.04022979736328;64.2405776977539;392.52386474609375;182.65113830566406;345.1499938964844;491.92999267578125;563.7468872070312;271.61187744140625;;10.822484970092773;203.22776794433594;3743.51953125;263.5292053222656;21.260101318359375;595.1997680664062;333.75;119.80435943603516;455.2627258300781;18.63829231262207;237.9112091064453;43.95486831665039;76.50499725341797
2023-05-17;29.24787712097168;98.87569427490234;85.45305633544922;116.66999816894531;73.90326690673828;198.3208465576172;327.3900146484375;355.642822265625;167.31704711914062;8103.24560546875;703.09521484375;116.41597747802734;63.55228805541992;397.40020751953125;182.82801818847656;341.20001220703125;487.1199951171875;566.0109252929688;271.5034484863281;;10.653453826904297;206.17160034179688;3762.604248046875;264.1125183105469;21.091062545776367;599.3372802734375;339.9599914550781;120.81161499023438;449.9162902832031;18.93830108642578;241.56723022460938;44.41010665893555;76.65499877929688
2023-05-18;29.186351776123047;98.77842712402344;84.63958740234375;115.37000274658203;73.94153594970703;199.41261291503906;329.760009765625;358.4608459472656;166.67535400390625;8221.1962890625;696.3746948242188;115.80874633789062;62.26747131347656;394.3277282714844;181.9857940673828;339.4599914550781;492.05999755859375;;275.3868408203125;;10.511834144592285;206.66258239746094;3813.1796875;263.39532470703125;21.047597885131836;631.0576171875;371.2900085449219;122.4903793334961;453.9558410644531;19.647594451904297;245.91064453125;45.64022445678711;77.0250015258789
2023-05-19;29.096433639526367;98.4379653930664;85.17886352539062;109.0;73.74058532714844;201.50119018554688;330.3900146484375;360.05706787109375;166.6845245361328;8291.9677734375;698.6920776367188;116.75753021240234;61.90038299560547;394.139404296875;182.60903930664062;341.70001220703125;488.1000061035156;;278.4127197265625;;10.626044273376465;208.6170654296875;3829.4013671875;266.7039489746094;21.110382080078125;633.81591796875;365.3599853515625;122.92488861083984;453.1737060546875;19.472753524780273;244.7052459716797;46.25043869018555;77.09500122070312
2023-05-22;29.030174255371094;99.11886596679688;85.06917572021484;107.11000061035156;72.60185241699219;200.88412475585938;329.1300048828125;366.8854064941406;166.7853546142578;8327.3525390625;701.7240600585938;117.86762237548828;61.25798034667969;392.910400390625;184.12503051757812;339.9700012207031;486.25;580.677978515625;273.0607604980469;;10.616907119750977;209.9168243408203;3834.1728515625;262.96502685546875;20.989641189575195;633.6188354492188;363.010009765625;122.15462493896484;452.738037109375;19.391294479370117;247.37506103515625;46.04703903198242;78.11000061035156
2023-05-23;29.04910659790039;98.77842712402344;84.9503402709961;106.13999938964844;72.39132690429688;200.88412475585938;323.1099853515625;356.87451171875;164.17259216308594;8333.25;676.0149536132812;117.21295928955078;62.818111419677734;389.6496887207031;184.35243225097656;333.510009765625;461.0799865722656;562.171875;263.9140625;;10.639749526977539;207.94308471679688;3768.32958984375;259.6181945800781;21.129701614379883;625.5409545898438;355.989990234375;120.2981185913086;445.5105895996094;18.868762969970703;245.80105590820312;44.8944091796875;77.81999969482422
2023-05-24;29.034908294677734;97.757080078125;84.41107177734375;104.08999633789062;72.21907806396484;195.47276306152344;320.20001220703125;350.972412109375;165.08018493652344;8160.2548828125;655.0303955078125;114.8219985961914;61.441524505615234;392.910400390625;181.6405029296875;333.8500061035156;463.510009765625;551.9344482421875;261.0950927734375;;10.598634719848633;202.69590759277344;3709.166259765625;258.98712158203125;20.999300003051758;612.4390869140625;364.8500061035156;118.71810913085938;437.5008850097656;18.72174072265625;248.26165771484375;44.468223571777344;77.70500183105469
2023-05-25;28.750947952270508;96.7649154663086;82.95775604248047;104.31999969482422;71.94156646728516;195.18797302246094;319.0199890136719;353.9555969238281;162.28407287597656;8195.640625;686.1530151367188;115.73284912109375;60.0190544128418;391.8796691894531;179.7034149169922;332.6300048828125;458.05999755859375;551.7376098632812;260.2967834472656;;10.402193069458008;203.1099090576172;3714.8916015625;260.2110595703125;20.419742584228516;642.8788452148438;359.0;119.29086303710938;444.9759216308594;18.88266944885254;251.72840881347656;46.57008361816406;78.06500244140625
2023-05-26;28.79827308654785;96.84273529052734;83.03086853027344;106.73999786376953;71.89371490478516;196.8968048095703;320.6000061035156;356.3855895996094;161.96324157714844;8339.1484375;707.3898315429688;118.55073547363281;60.1108283996582;384.5057067871094;181.58152770996094;329.989990234375;468.94000244140625;559.9077758789062;260.6121520996094;;10.498129844665527;204.7273712158203;3748.29052734375;261.84619140625;20.323150634765625;671.9393920898438;378.8800048828125;121.10787200927734;445.49078369140625;19.069429397583008;261.0428161621094;46.986576080322266;78.5999984741211
2023-05-29;28.85506820678711;96.88164520263672;;;;197.2290802001953;;;;;;;60.1108283996582;;;;;;;;10.470718383789062;;;;20.3376407623291;666.1273193359375;;120.35736083984375;;;;;
2023-05-30;28.287147521972656;93.96351623535156;82.45503234863281;114.33000183105469;69.25261688232422;196.84934997558594;322.19000244140625;359.89239501953125;163.36582946777344;8335.2158203125;712.5899047851562;117.94351959228516;58.688358306884766;380.8583984375;178.49061584472656;325.29998779296875;466.2200012207031;549.276611328125;260.385498046875;;10.502697944641113;201.2805938720703;3695.80712890625;262.07574462890625;20.062349319458008;672.9244384765625;392.9800109863281;120.55487060546875;447.2431640625;18.827037811279297;261.5210266113281;45.833946228027344;78.23500061035156
2023-05-31;28.07417869567871;91.90138244628906;82.27223205566406;112.27999877929688;70.24781799316406;189.85256958007812;321.0799865722656;362.95465087890625;163.8700714111328;8404.021484375;723.3004150390625;118.17123413085938;57.58708953857422;387.9151306152344;178.9959259033203;323.57000732421875;464.7699890136719;549.3751220703125;260.3952941894531;;10.415899276733398;196.8036346435547;3631.8720703125;257.36151123046875;20.0382022857666;661.497314453125;395.2300109863281;120.65361785888672;449.70843505859375;18.616437911987305;263.712646484375;43.402774810791016;77.66000366210938
2023-06-01;27.823347091674805;91.92083740234375;82.40933990478516;105.16000366210938;70.43919372558594;193.85885620117188;323.1199951171875;364.49560546875;165.0343475341797;8313.591796875;730.7803955078125;116.35904693603516;58.229496002197266;386.31719970703125;178.92013549804688;323.6199951171875;469.8399963378906;540.7127075195312;264.02252197265625;;10.516403198242188;199.16246032714844;3651.9111328125;261.2151184082031;20.327980041503906;667.1123046875;403.1300048828125;121.3448715209961;448.3025817871094;19.20453453063965;271.5726318359375;44.0323600769043;78.30000305175781
2023-06-02;27.785484313964844;91.7457504272461;83.89007568359375;110.04000091552734;71.07076263427734;199.50753784179688;329.4800109863281;371.44989013671875;169.8748321533203;8348.9775390625;735.0004272460938;118.52227020263672;60.47791290283203;387.2402648925781;182.74378967285156;333.7799987792969;470.8299865722656;532.0502319335938;270.32073974609375;;10.580360412597656;209.69534301757812;3732.06787109375;268.74072265625;18.48595428466797;664.5511474609375;400.4700012207031;122.80638122558594;454.3022766113281;19.472753524780273;271.5726318359375;45.785518646240234;79.50499725341797
2023-06-05;27.970056533813477;92.29046630859375;82.30879211425781;109.66000366210938;71.08990478515625;199.3176727294922;328.5799865722656;373.4947204589844;170.7640838623047;8514.1083984375;730.605712890625;118.24712371826172;60.43203353881836;392.35174560546875;183.4175567626953;334.4200134277344;465.2799987792969;;268.31988525390625;;10.571224212646484;210.13827514648438;3705.34912109375;267.53582763671875;18.773801803588867;665.1421508789062;403.5400085449219;121.54237365722656;450.3717956542969;19.57010841369629;270.3572692871094;44.051727294921875;79.82499694824219
2023-06-06;27.955860137939453;92.75736236572266;83.74382781982422;115.95999908447266;70.12340545654297;199.83981323242188;333.4100036621094;374.5615234375;169.00390625;8624.1962890625;720.0794677734375;119.38566589355469;60.753231048583984;386.0492248535156;183.5354766845703;330.4100036621094;459.5299987792969;554.0015869140625;267.2947692871094;;10.67629623413086;214.5574493408203;3681.4931640625;266.3118591308594;18.59800148010254;659.2315673828125;399.2900085449219;121.8583755493164;449.46087646484375;19.87806510925293;270.0882568359375;45.37870788574219;80.29499816894531
2023-06-07;27.856473922729492;92.6795425415039;84.31966400146484;121.08999633789062;69.08036804199219;198.27337646484375;335.4200134277344;369.63232421875;167.35374450683594;8592.7431640625;716.8973999023438;121.50145721435547;60.79912185668945;381.7417297363281;185.7252197265625;324.6499938964844;450.70001220703125;537.4642333984375;269.6011657714844;;10.534675598144531;218.29307556152344;3707.257568359375;270.0603332519531;18.3526554107666;657.9509887695312;399.7699890136719;121.9571304321289;446.09466552734375;19.407188415527344;262.5968933105469;46.163265228271484;80.1449966430664
2023-06-08;27.875404357910156;91.53175354003906;84.24653625488281;116.56999969482422;69.94158935546875;198.3208465576172;335.95001220703125;377.5052185058594;171.04298400878906;8590.7763671875;727.9085693359375;118.51278686523438;60.15671157836914;386.3072814941406;185.9105224609375;332.5799865722656;453.0;540.9095458984375;269.5617370605469;;10.457015037536621;218.45675659179688;3736.83935546875;270.9783020019531;18.215492248535156;652.8284301757812;409.3699951171875;122.05587768554688;447.728271484375;19.353546142578125;263.5731506347656;46.38604736328125;79.76000213623047
2023-06-09;27.600910186767578;90.55904388427734;84.63043975830078;116.19000244140625;69.82676696777344;197.41896057128906;335.2900085449219;379.32281494140625;170.48037719726562;8502.314453125;721.4959106445312;115.09715270996094;60.982666015625;390.9621887207031;183.24070739746094;334.1099853515625;450.8699951171875;537.2673950195312;267.88616943359375;;10.502697944641113;218.19680786132812;3685.31005859375;266.39794921875;18.39708709716797;656.6702270507812;420.0199890136719;121.66087341308594;447.3125;19.558185577392578;263.9417724609375;46.11484146118164;80.05500030517578
2023-06-12;27.643505096435547;90.40341186523438;84.6852798461914;115.61000061035156;69.67366790771484;198.03604125976562;333.6000061035156;380.5674743652344;165.41688537597656;8529.8349609375;731.3816528320312;113.49371337890625;61.62506866455078;392.3119812011719;189.11935424804688;340.6000061035156;460.4800109863281;538.4486083984375;272.27227783203125;;10.548382759094238;221.18142700195312;3750.198974609375;266.7230224609375;18.35845184326172;661.497314453125;423.9700012207031;122.13488006591797;449.5005187988281;19.719118118286133;270.0185241699219;46.56039047241211;80.37000274658203
2023-06-13;27.90380096435547;91.41503143310547;85.27940368652344;114.80000305175781;69.58753204345703;198.36831665039062;336.3900146484375;385.80291748046875;163.93197631835938;8553.42578125;734.0109252929688;115.13511657714844;60.202598571777344;394.0290832519531;192.86721801757812;342.1000061035156;468.4700012207031;537.0704956054688;275.8304443359375;;10.479856491088867;229.7598876953125;3740.656494140625;272.3839416503906;18.257993698120117;670.4617309570312;435.7300109863281;123.69514465332031;451.3915710449219;19.9058780670166;270.28753662109375;47.26746368408203;80.73500061035156
2023-06-14;28.093109130859375;91.37612915039062;85.0600357055664;114.72000122070312;69.97987365722656;199.1278076171875;335.8999938964844;388.3020935058594;167.40907287597656;8510.1767578125;752.628173828125;116.00798797607422;60.79912185668945;388.32208251953125;191.16592407226562;340.9599914550781;466.9700012207031;537.0704956054688;280.1179504394531;;10.571224212646484;225.59103393554688;3858.983154296875;276.1993713378906;18.489816665649414;671.5453491210938;440.8599853515625;123.91239166259766;451.9064025878906;19.842302322387695;272.309814453125;47.829254150390625;80.40499877929688
2023-06-15;28.026851654052734;92.07646942138672;86.58647155761719;115.08999633789062;70.29566192626953;199.17527770996094;339.82000732421875;395.1081848144531;168.06390380859375;8616.3330078125;756.3438720703125;116.31378936767578;60.5696907043457;397.0760803222656;194.1810760498047;349.0799865722656;481.4200134277344;543.5673828125;282.37982177734375;;10.589497566223145;228.3638458251953;3899.0615234375;278.0353088378906;18.704254150390625;663.7630615234375;445.2699890136719;123.22113800048828;456.5597229003906;19.80256462097168;280.75750732421875;48.62350082397461;80.47000122070312
2023-06-16;28.47645378112793;92.89353942871094;86.73271179199219;109.94999694824219;70.40090942382812;199.6499481201172;338.30999755859375;390.39630126953125;169.80709838867188;8571.119140625;755.373779296875;117.18336486816406;60.753231048583984;403.16021728515625;197.30569458007812;347.8900146484375;483.0299987792969;543.2720336914062;286.5183410644531;;10.799641609191895;227.03518676757812;4001.167236328125;280.3398742675781;18.762208938598633;649.9715576171875;431.9599914550781;124.95915222167969;454.2231750488281;19.385334014892578;279.9306640625;48.110145568847656;80.27999877929688
2023-06-19;28.20195960998535;91.55120849609375;;;;199.36514282226562;;;;8498.3818359375;;;59.10133361816406;;;;;532.9361572265625;;;10.69456958770752;;3914.329833984375;;18.65209197998047;651.3507690429688;;123.59638977050781;;;;;80.47000122070312
2023-06-20;28.353403091430664;91.57066345214844;86.66873168945312;105.94999694824219;70.10427856445312;198.6531219482422;338.6700134277344;387.0672912597656;168.49740600585938;8488.5517578125;756.955078125;115.47286987304688;58.596588134765625;407.2593078613281;194.947509765625;342.69000244140625;482.2200012207031;536.5783081054688;281.79705810546875;32.0;10.913851737976074;224.4549102783203;3921.00927734375;276.63922119140625;18.586410522460938;646.622314453125;434.70001220703125;123.02363586425781;451.2232360839844;19.134994506835938;283.24798583984375;47.780826568603516;80.19499969482422
2023-06-21;28.220890045166016;91.45393371582031;88.06720733642578;108.58000183105469;69.98944091796875;198.3208465576172;338.6099853515625;384.37054443359375;167.4920654296875;8394.1923828125;745.080322265625;115.32952880859375;56.11873245239258;411.3583679199219;196.21923828125;343.2799987792969;485.82000732421875;538.0548706054688;283.45648193359375;32.52000045776367;10.804210662841797;224.57046508789062;4002.120849609375;276.4862365722656;18.58061408996582;636.377197265625;424.45001220703125;121.46337127685547;451.79742431640625;18.811145782470703;280.5682373046875;48.48789978027344;79.95500183105469
2023-06-22;28.211423873901367;92.50445556640625;88.63221740722656;107.05999755859375;70.5635986328125;197.8936309814453;336.9599914550781;383.51116943359375;167.95323181152344;8301.796875;724.6974487304688;113.38969421386719;56.04429244995117;414.08782958984375;197.84469604492188;348.1600036621094;490.7200012207031;534.5111694335938;290.7853088378906;33.25;10.740254402160645;222.346435546875;3989.715576171875;275.4056701660156;18.771867752075195;642.1893310546875;422.4800109863281;121.56212615966797;457.43096923828125;18.640277862548828;283.7959289550781;49.669586181640625;79.5
2023-06-23;28.623167037963867;92.8546371459961;89.19722747802734;106.01000213623047;69.95116424560547;198.5581817626953;335.25;385.6053466796875;167.55665588378906;8278.2060546875;723.8435668945312;111.7078628540039;54.34598159790039;412.648681640625;197.77732849121094;347.0;487.7799987792969;535.6924438476562;291.77301025390625;33.75;10.667159080505371;223.38623046875;3994.48681640625;273.7322692871094;18.891643524169922;631.2545166015625;424.0199890136719;121.04862213134766;456.2330017089844;18.107812881469727;287.6312561035156;49.272457122802734;78.54499816894531
2023-06-26;28.61843490600586;91.43448638916016;89.63255310058594;104.79000091552734;70.07556915283203;198.60565185546875;334.1199951171875;382.29620361328125;164.9926300048828;8270.3427734375;737.2609252929688;113.72415161132812;52.79323959350586;410.9911804199219;198.91432189941406;347.45001220703125;481.82000732421875;529.09716796875;291.2495422363281;33.75;10.653453826904297;225.5139923095703;3961.087646484375;273.8565979003906;19.024940490722656;637.6577758789062;415.94000244140625;120.10061645507812;455.6290283203125;17.9548282623291;277.4103088378906;49.70832824707031;78.69999694824219
2023-06-27;29.015979766845703;90.18942260742188;89.43804168701172;107.08000183105469;70.74541473388672;200.59930419921875;335.3399963378906;386.2474670410156;165.04794311523438;8215.298828125;742.3832397460938;115.50153350830078;52.308006286621094;411.6263732910156;200.52296447753906;347.1199951171875;484.20001220703125;517.7769775390625;293.946044921875;34.27000045776367;10.772232055664062;230.70339965820312;4010.708740234375;278.65692138671875;19.227787017822266;639.9234619140625;417.0799865722656;119.29086303710938;466.19305419921875;17.89522361755371;285.9576721191406;49.77613067626953;79.19999694824219
2023-06-28;29.333066940307617;90.46177673339844;89.1045913696289;107.12999725341797;70.06599426269531;200.93157958984375;334.1499938964844;386.7511901855469;168.9124298095703;8246.7529296875;746.24462890625;115.2435302734375;52.79323959350586;412.102783203125;200.39662170410156;350.7799987792969;491.3399963378906;524.17529296875;295.84246826171875;34.2599983215332;10.84532642364502;230.23165893554688;4117.5849609375;278.5707702636719;19.347562789916992;654.7986450195312;429.8399963378906;121.8583755493164;466.46038818359375;18.13761329650879;284.20440673828125;50.14419937133789;79.75499725341797
2023-06-29;29.32833480834961;90.75359344482422;90.48469543457031;108.20999908447266;69.5321044921875;200.36196899414062;336.9100036621094;391.01861572265625;169.11534118652344;8177.947265625;753.8409423828125;116.10354614257812;53.521087646484375;417.7303771972656;202.5358428955078;348.17999267578125;494.489990234375;525.0612182617188;296.75115966796875;35.41999816894531;10.831621170043945;232.99484252929688;4109.951171875;281.8507080078125;19.25096893310547;658.4434204101562;428.239990234375;121.838623046875;471.4007873535156;17.873369216918945;280.45867919921875;51.43242645263672;80.13500213623047
2023-06-30;29.5886287689209;91.60956573486328;90.41986083984375;112.44000244140625;70.16699981689453;202.403076171875;341.0;396.0071105957031;170.89540100097656;8223.1630859375;760.544677734375;117.18336486816406;56.96623229980469;424.11224365234375;203.25172424316406;351.9100036621094;502.2300109863281;541.1063842773438;299.7538146972656;34.0099983215332;10.918418884277344;236.03729248046875;4147.16650390625;288.1321716308594;19.29540252685547;653.1239624023438;440.489990234375;123.5766372680664;476.0244140625;17.889263153076172;285.8879699707031;52.410709381103516;80.2300033569336
2023-07-03;29.89625358581543;93.41880798339844;91.2164306640625;117.05999755859375;70.71533966064453;202.92523193359375;342.0;392.08544921875;171.69784545898438;8111.10888671875;759.9819946289062;118.34918212890625;58.32488250732422;417.6509704589844;204.812255859375;347.57000732421875;490.17999267578125;532.8377685546875;293.92626953125;36.84000015258789;11.096588134765625;239.15672302246094;4175.79345703125;285.765869140625;19.266422271728516;656.177734375;441.44000244140625;121.58187866210938;472.6483154296875;18.189271926879883;284.93157958984375;52.8950080871582;80.66000366210938
2023-07-04;29.777935028076172;93.47716522216797;;;;202.403076171875;;;;8099.31396484375;;;59.489437103271484;;;;;531.4596557617188;;;11.114860534667969;;4115.67578125;;19.279945373535156;659.133056640625;;121.8583755493164;;;;;80.80000305175781
2023-07-05;29.844194412231445;92.73790740966797;90.26239013671875;114.26000213623047;70.43636322021484;197.03921508789062;341.55999755859375;394.7327880859375;169.56729125976562;8063.92822265625;766.540283203125;118.48295593261719;61.04218292236328;415.65606689453125;205.32203674316406;348.32000732421875;492.4599914550781;539.4329833984375;294.68682861328125;37.0;10.808778762817383;234.2465057373047;4095.636962890625;277.01214599609375;19.258695602416992;649.4790649414062;445.8999938964844;121.4436264038086;472.2324523925781;18.165430068969727;293.24981689453125;52.50757598876953;80.375
2023-07-06;29.7542724609375;91.76520538330078;90.3087158203125;111.43000030517578;70.10929870605469;192.9095001220703;341.4599914550781;390.54443359375;169.01388549804688;7947.943359375;758.022216796875;117.52737426757812;59.004207611083984;412.79754638671875;205.3416290283203;345.760009765625;491.2300109863281;532.6408081054688;290.8446044921875;33.9900016784668;10.67629623413086;233.18740844726562;3996.3955078125;276.88702392578125;18.94766616821289;630.2694702148438;438.8399963378906;119.84386444091797;472.2621765136719;17.978670120239258;290.8788757324219;52.110443115234375;79.23999786376953
2023-07-07;29.541301727294922;92.07646942138672;90.49395751953125;112.43000030517578;69.26274871826172;193.6689910888672;340.8999938964844;388.46014404296875;167.81488037109375;7951.875;749.2617797851562;116.57179260253906;58.42192840576172;411.6958312988281;204.18484497070312;338.17999267578125;498.010009765625;528.60498046875;287.9110412597656;32.220001220703125;10.503507614135742;236.65345764160156;3985.898193359375;275.92510986328125;18.83561897277832;630.860595703125;438.1000061035156;119.92286682128906;472.3544006347656;18.08794593811035;289.4244079589844;51.84892654418945;79.2750015258789
2023-07-10;29.564966201782227;91.43448638916016;90.54027557373047;117.37000274658203;69.35894012451172;195.42530822753906;341.1300048828125;393.5770568847656;167.2153778076172;7942.04541015625;760.0692749023438;116.3997802734375;59.295345306396484;411.6561584472656;206.34156799316406;344.4599914550781;521.2100219726562;522.600341796875;292.10888671875;30.649999618530273;10.451858520507812;243.59515380859375;4008.80029296875;278.9841003417969;18.816301345825195;635.589111328125;441.7099914550781;120.7918701171875;471.6008605957031;18.02635383605957;292.9808349609375;53.1468391418457;79.18000030517578
2023-07-11;29.143760681152344;91.18157958984375;91.32757568359375;120.44000244140625;68.1949462890625;197.3240203857422;343.3699951171875;391.591552734375;168.1653594970703;7867.34326171875;763.6394653320312;117.74716186523438;59.87762451171875;410.62396240234375;207.57679748535156;341.739990234375;514.8200073242188;509.212890625;291.0717468261719;30.850000381469727;10.451858520507812;247.04193115234375;4068.917724609375;277.6662292480469;18.787322998046875;625.6395263671875;440.2099914550781;121.58187866210938;472.86004638671875;17.809789657592773;297.1549072265625;53.989524841308594;79.34500122070312
2023-07-12;28.987581253051758;92.29046630859375;91.69808197021484;126.41999816894531;68.68555450439453;200.40943908691406;345.3500061035156;401.6080322265625;167.224609375;7849.650390625;767.277587890625;119.67744445800781;61.43036651611328;405.7109375;208.8806610107422;346.05999755859375;525.6799926757812;508.9176025390625;291.614990234375;31.149999618530273;10.559850692749023;247.465576171875;4134.76171875;283.0531311035156;18.96118927001953;644.2579345703125;444.04998779296875;123.91239166259766;473.1673889160156;18.127681732177734;308.162841796875;52.46882629394531;80.01499938964844
2023-07-13;28.769878387451172;93.1075439453125;93.07817840576172;125.98999786376953;69.0992202758789;201.40625;343.5400085449219;407.01141357421875;168.98623657226562;7953.8408203125;777.5223388671875;121.31148529052734;62.30377960205078;406.6241149902344;207.57679748535156;349.0199890136719;532.7999877929688;514.7254028320312;292.345947265625;32.209999084472656;10.658453941345215;245.0200958251953;4139.5322265625;287.57427978515625;19.0944881439209;653.1239624023438;450.3800048828125;126.32190704345703;474.77362060546875;18.63829231262207;312.2173767089844;53.892662048339844;79.83499908447266
2023-07-14;29.04910659790039;94.56660461425781;92.16120147705078;124.04000091552734;69.5321044921875;199.69741821289062;341.0899963378906;410.9527893066406;171.670166015625;8148.4609375;781.6843872070312;122.07596588134766;62.78901290893555;406.4355163574219;208.58656311035156;352.739990234375;536.8900146484375;523.3878173828125;292.9188232421875;32.52000045776367;10.62558650970459;242.7864227294922;4180.56494140625;287.2664794921875;19.20267105102539;674.69775390625;441.9100036621094;127.1119155883789;473.5639953613281;18.356164932250977;307.6946105957031;53.67957305908203;79.93000030517578
2023-07-17;29.224214553833008;93.94407653808594;91.6517562866211;127.0999984741211;69.20502471923828;199.5550079345703;344.25;412.3061828613281;170.85853576660156;8158.28955078125;783.469482421875;122.29573822021484;61.09070587158203;408.58929443359375;208.41009521484375;357.9800109863281;551.8400268554688;527.62060546875;288.2764892578125;33.11000061035156;10.536375045776367;245.62664794921875;4167.20556640625;287.8917541503906;19.07903480529785;654.7986450195312;450.04998779296875;126.79590606689453;472.473388671875;18.59061050415039;309.4379577636719;52.9821891784668;80.3499984741211
2023-07-18;29.08223533630371;94.7027816772461;91.09601593017578;127.33999633789062;69.35894012451172;200.1246337890625;345.3399963378906;416.7117919921875;172.5186767578125;8166.15234375;772.2350463867188;118.49250793457031;60.653995513916016;407.5669860839844;208.53753662109375;358.9800109863281;547.469970703125;523.781494140625;286.1825256347656;33.45000076293945;10.498812675476074;249.50665283203125;4193.92529296875;286.9105529785156;18.73709487915039;654.3060913085938;474.79998779296875;126.6181640625;476.1121520996094;18.89459228515625;310.8625183105469;52.139503479003906;80.42500305175781
2023-07-19;29.17688751220703;95.07240295410156;91.48503875732422;129.88999938964844;70.4267349243164;199.93475341796875;342.42999267578125;417.38348388671875;171.9007568359375;8256.58203125;788.4755249023438;117.32669830322266;62.0611686706543;407.914306640625;212.84121704101562;358.57000732421875;547.75;523.8800048828125;283.18975830078125;33.36000061035156;10.489420890808105;249.21788024902344;4286.48681640625;287.2279968261719;18.818233489990234;642.1893310546875;477.5899963378906;126.40090942382812;478.521484375;18.789289474487305;314.8074645996094;52.59474182128906;81.40499877929688
2023-07-20;29.716413497924805;94.80004119873047;90.93856048583984;121.83999633789062;71.0712661743164;203.49485778808594;346.6099853515625;418.628173828125;172.85072326660156;8278.2060546875;786.32177734375;118.26316833496094;60.459903717041016;415.63616943359375;214.3999481201172;361.82000732421875;542.8599853515625;543.4688720703125;283.3873291015625;32.9900016784668;10.667844772338867;250.29620361328125;4357.1015625;289.8733215332031;18.959259033203125;610.8628540039062;437.4200134277344;124.8011474609375;477.49029541015625;18.52703094482422;301.3688049316406;51.916725158691406;81.3949966430664
2023-07-21;29.839460372924805;96.1812973022461;90.32723999023438;122.80999755859375;71.16747283935547;203.73219299316406;345.760009765625;418.13421630859375;174.5570068359375;8170.08447265625;783.0328979492188;119.86857604980469;60.314334869384766;411.14996337890625;214.89993286132812;362.4599914550781;554.5999755859375;545.9298095703125;281.6390075683594;32.900001525878906;10.822790145874023;249.12158203125;4377.140625;291.2200622558594;18.997894287109375;616.1825561523438;427.5;119.5673599243164;495.1288757324219;18.554845809936523;293.1402282714844;51.877986907958984;81.5199966430664
2023-07-24;29.777935028076172;95.51984405517578;90.41986083984375;122.66000366210938;71.49454498291016;204.34927368164062;349.6300048828125;417.6501770019531;176.19871520996094;8203.50390625;794.6553344726562;121.36882781982422;60.653995513916016;410.0879821777344;214.51759338378906;357.04998779296875;554.030029296875;541.4016723632812;281.6784973144531;33.790000915527344;10.771142959594727;248.2935791015625;4376.18603515625;290.60443115234375;19.21619415283203;606.528564453125;428.3699951171875;118.28359985351562;490.9447937011719;18.608489990234375;290.50030517578125;52.404659271240234;82.2249984741211
2023-07-25;29.678550720214844;95.42257690429688;90.0215835571289;121.87000274658203;71.5715103149414;205.15623474121094;347.5799865722656;422.3226318359375;176.36474609375;8254.6162109375;792.103759765625;121.454833984375;59.8291015625;408.1922607421875;217.34097290039062;358.05999755859375;556.6699829101562;537.5626831054688;282.02423095703125;33.75;10.724187850952148;248.21653747558594;4379.04931640625;294.2117004394531;19.127330780029297;619.0393676757812;427.70001220703125;118.89585876464844;490.1515808105469;18.614450454711914;293.3493957519531;53.02887725830078;82.56500244140625
2023-07-26;29.773204803466797;95.4420394897461;90.98487091064453;119.80000305175781;70.86925506591797;204.8714141845703;349.79998779296875;423.19189453125;183.30975341796875;8323.4208984375;788.7666015625;123.53800964355469;60.5084228515625;400.7682800292969;214.53720092773438;351.9100036621094;556.1599731445312;522.2066040039062;278.71533203125;33.099998474121094;10.733580589294434;246.6857147216797;4348.51318359375;291.4798278808594;18.905166625976562;608.2032470703125;422.6700134277344;117.84909057617188;489.64593505859375;18.6243839263916;297.433837890625;52.58997344970703;81.94499969482422
2023-07-27;30.042964935302734;95.32530975341797;91.3090591430664;102.30000305175781;69.60906982421875;207.7669677734375;349.30999755859375;390.8605651855469;183.2267608642578;8331.2841796875;772.3128051757812;119.39077758789062;59.68353271484375;402.47540283203125;211.80206298828125;349.6400146484375;545.9600219726562;523.8800048828125;272.92730712890625;33.0099983215332;10.813401222229004;248.93865966796875;4437.25830078125;291.3643493652344;19.125396728515625;643.0758056640625;413.1700134277344;121.75962829589844;487.0085754394531;18.628358840942383;310.5238037109375;52.385154724121094;82.55500030517578
2023-07-28;30.109224319458008;94.21642303466797;92.4946517944336;108.13999938964844;72.18717193603516;208.1941680908203;349.80999755859375;387.3834228515625;183.92770385742188;8382.396484375;773.564208984375;118.15806579589844;60.071720123291016;399.875;210.41978454589844;354.04998779296875;552.780029296875;520.1394653320312;269.89501953125;31.729999542236328;10.742969512939453;249.12158203125;4438.21240234375;291.8837890625;19.225854873657227;643.2728271484375;425.7799987792969;122.0361328125;488.208251953125;18.57073974609375;324.2414245605469;51.312286376953125;83.58999633789062
2023-07-31;29.706947326660156;86.70712280273438;92.36497497558594;108.3499984741211;71.311767578125;206.390380859375;351.9599914550781;389.7048034667969;183.50343322753906;8317.5234375;785.7493286132812;119.20921325683594;60.653995513916016;399.38861083984375;209.72372436523438;352.3399963378906;554.72998046875;537.5626831054688;269.4604187011719;31.959999084472656;10.663148880004883;251.09524536132812;4437.25830078125;293.7115173339844;19.165966033935547;642.48486328125;438.9700012207031;122.84588623046875;488.8527526855469;18.596567153930664;317.3876037597656;51.61463928222656;83.9749984741211
2023-08-01;29.787403106689453;86.64876556396484;91.00338745117188;107.0;71.52339935302734;204.96633911132812;352.260009765625;393.4585266113281;184.30584716796875;8203.50390625;781.13134765625;118.66452026367188;59.58648681640625;401.9890441894531;209.4100341796875;347.739990234375;532.2999877929688;541.5001220703125;270.50738525390625;30.809999465942383;10.484725952148438;255.12937927246094;4443.9384765625;290.9026184082031;18.99403190612793;636.412841796875;438.6199951171875;122.5101318359375;488.4560852050781;18.57471466064453;321.48193359375;52.05353927612305;83.75
2023-08-02;29.65015411376953;87.54084014892578;90.71625518798828;104.30000305175781;72.48538208007812;201.02651977539062;351.19000244140625;389.447998046875;184.15826416015625;8144.5283203125;781.58740234375;118.18671417236328;59.97467041015625;409.97882080078125;210.71388244628906;358.3999938964844;519.1799926757812;535.4955444335938;266.0824279785156;30.0;10.249958038330078;252.46246337890625;4398.13330078125;287.93023681640625;18.520727157592773;620.9122924804688;429.70001220703125;120.8708724975586;486.9787902832031;18.09390640258789;313.1139221191406;51.64390563964844;82.25
2023-08-03;29.0538387298584;87.83493041992188;90.23461151123047;103.7699966430664;72.42765808105469;200.78916931152344;353.80999755859375;379.0462341308594;187.08201599121094;8048.2021484375;736.7564086914062;118.31095123291016;59.9261474609375;431.86383056640625;211.027587890625;347.739990234375;507.7699890136719;528.3096923828125;267.4256896972656;30.290000915527344;10.095010757446289;233.61102294921875;4409.58544921875;271.0961608886719;18.296630859375;611.4342651367188;431.0;119.36985778808594;486.7904357910156;17.887277603149414;311.9981994628906;52.190086364746094;82.55500030517578
2023-08-04;29.08696746826172;87.95256042480469;89.11386108398438;105.91000366210938;71.10974884033203;203.16256713867188;349.989990234375;382.12823486328125;189.13880920410156;7999.05517578125;735.2623291015625;116.81068420410156;60.751041412353516;418.61370849609375;210.99818420410156;340.4800109863281;504.0799865722656;522.5018920898438;265.3909912109375;29.770000457763672;10.132575035095215;227.7091522216797;4460.16015625;273.6067810058594;18.209697723388672;613.2113647460938;431.6000061035156;120.0413589477539;482.56671142578125;17.919065475463867;309.5475769042969;51.92675018310547;82.99500274658203
2023-08-07;29.418254852294922;87.73690032958984;90.04009246826172;104.4800033569336;71.43682861328125;204.15939331054688;362.5799865722656;385.6250915527344;192.17320251464844;8065.89453125;751.163330078125;118.9034194946289;60.362857818603516;419.07025146484375;210.8899688720703;345.32000732421875;508.3399963378906;537.1689453125;269.2331848144531;30.209999084472656;10.109098434448242;228.41197204589844;4455.388671875;276.3675842285156;18.147878646850586;617.2593994140625;440.760009765625;121.2856216430664;488.5057373046875;17.968734741210938;315.3553771972656;53.223941802978516;82.2750015258789
2023-08-08;29.697481155395508;87.73690032958984;89.98452758789062;104.05999755859375;70.60951232910156;201.8809356689453;363.7300109863281;381.80224609375;189.1572265625;8132.734375;751.376708984375;117.93827819824219;60.21728515625;424.52911376953125;210.36866760253906;344.4700012207031;509.760009765625;629.8963012695312;264.32421875;30.6299991607666;10.174832344055176;229.46142578125;4427.71484375;272.7507019042969;17.923782348632812;606.991455078125;438.29998779296875;120.65361785888672;487.0978088378906;17.84555435180664;311.4503173828125;56.159698486328125;81.7750015258789
2023-08-09;29.493976593017578;88.01138305664062;89.95674133300781;102.94999694824219;70.99431610107422;203.6372528076172;358.0199890136719;382.938232421875;190.47613525390625;8113.07470703125;751.376708984375;117.15470123291016;60.26580810546875;425.1344909667969;212.68019104003906;345.1099853515625;518.75;621.824462890625;263.8205261230469;30.059999465942383;10.141965866088867;229.7117462158203;4406.72216796875;274.53985595703125;18.238676071166992;606.30029296875;428.8999938964844;121.68062591552734;484.4009704589844;16.659427642822266;304.0485534667969;55.17460632324219;81.91999816894531
2023-08-10;29.602827072143555;88.81523132324219;89.6973876953125;103.0;70.9173583984375;213.60549926757812;356.9800109863281;383.0863952636719;188.88973999023438;8211.3671875;750.9887084960938;116.73424530029297;61.18775177001953;430.74224853515625;210.51620483398438;347.3800048828125;507.489990234375;614.244873046875;264.75885009765625;30.40999984741211;10.278129577636719;228.3927459716797;4400.04296875;275.4152526855469;18.244470596313477;616.2720336914062;429.9800109863281;124.129638671875;483.82586669921875;16.97532844543457;304.5765380859375;54.61867141723633;82.2699966430664
2023-08-11;29.564363479614258;88.2662582397461;89.06755065917969;100.58999633789062;71.15785217285156;211.9441375732422;358.3500061035156;382.9678649902344;189.78440856933594;8128.80078125;751.0662231445312;118.02427673339844;59.7320556640625;436.7668151855469;214.43104553222656;349.8599853515625;505.510009765625;610.8980102539062;266.2700500488281;30.639999389648438;10.2687406539917;229.8369140625;4344.6962890625;277.8008728027344;18.145944595336914;598.0069580078125;421.6600036621094;123.6358871459961;484.94622802734375;17.003143310546875;300.4921569824219;55.437950134277344;81.81500244140625
2023-08-14;29.482627868652344;89.16812896728516;88.7804183959961;99.22000122070312;70.4267349243164;212.9409637451172;358.4800109863281;383.9556579589844;190.41156005859375;8148.4609375;747.1953125;117.99560546875;58.81011199951172;434.7221984863281;214.4212188720703;349.3699951171875;507.70001220703125;609.6182861328125;267.5639953613281;26.899999618530273;10.217090606689453;228.267578125;4350.42138671875;279.6670837402344;18.36424446105957;597.5132446289062;427.7799987792969;125.55165100097656;491.98583984375;16.68326759338379;305.0248107910156;55.359920501708984;81.26499938964844
2023-08-15;29.43454933166504;88.56034088134766;87.650390625;97.80000305175781;69.5321044921875;210.04541015625;354.5;382.3356628417969;189.23098754882812;8059.99658203125;737.50341796875;117.24070739746094;57.83964920043945;427.685302734375;212.62115478515625;349.7799987792969;509.3699951171875;613.4573974609375;265.4700012207031;27.18000030517578;9.996408462524414;223.91575622558594;4322.748046875;274.289794921875;18.317882537841797;592.8729858398438;423.70001220703125;124.60364532470703;490.59771728515625;16.595848083496094;300.80096435546875;54.35532760620117;80.625
2023-08-16;29.21337890625;88.56034088134766;87.05760192871094;94.01000213623047;69.22425079345703;210.5200958251953;354.1099853515625;382.0392761230469;189.99652099609375;8018.71435546875;731.255615234375;116.4380111694336;57.45146560668945;426.4049377441406;211.58837890625;343.4100036621094;499.54998779296875;623.8916625976562;263.7711181640625;27.100000381469727;10.057448387145996;223.69432067871094;4347.55908203125;275.04010009765625;18.37197494506836;594.3540649414062;415.45001220703125;125.53190612792969;491.4206848144531;16.339550018310547;293.17010498046875;53.85791015625;80.38999938964844
2023-08-17;29.23261070251465;87.54084014892578;86.51111602783203;92.47000122070312;68.49314880371094;210.7099609375;353.19000244140625;379.6982116699219;188.1795654296875;7973.00439453125;731.3429565429688;114.86128234863281;56.62656784057617;413.82977294921875;209.41453552246094;343.8699951171875;486.4200134277344;627.4354248046875;262.34881591796875;26.520000457763672;9.921282768249512;224.2334747314453;4268.35595703125;273.67413330078125;18.366178512573242;585.1720581054688;403.0;122.35213470458984;482.5865783691406;16.371337890625;284.005126953125;53.50678634643555;80.51499938964844
2023-08-18;29.362428665161133;87.36438751220703;87.40029907226562;94.80000305175781;68.42581176757812;209.95046997070312;352.55999755859375;377.34716796875;187.9028778076172;7935.48876953125;727.3944702148438;116.07489013671875;55.510536193847656;417.2837219238281;210.9194793701172;344.82000732421875;483.7300109863281;618.73193359375;265.7367248535156;26.079999923706055;9.977628707885742;224.9266815185547;4210.1474609375;273.9819641113281;18.360382080078125;590.6022338867188;404.5299987792969;122.62863159179688;480.2168884277344;16.42299461364746;282.172119140625;53.5750617980957;80.17500305175781
2023-08-21;29.43454933166504;87.08989715576172;87.37252044677734;98.08000183105469;68.04103088378906;209.6182098388672;352.0899963378906;373.8700866699219;186.86065673828125;7965.1064453125;723.4846801757812;114.80396270751953;54.87973403930664;422.6631164550781;212.09983825683594;350.739990234375;481.9700012207031;623.6770629882812;271.44573974609375;25.110000610351562;9.954151153564453;224.90744018554688;4213.9638671875;274.35711669921875;18.445384979248047;592.0831909179688;408.2900085449219;123.41864013671875;481.852783203125;16.407102584838867;288.7968444824219;54.66743850708008;80.47000122070312
2023-08-22;29.112411499023438;87.54084014892578;87.09464263916016;98.51000213623047;67.54078674316406;209.90301513671875;350.57000732421875;378.868408203125;183.9922637939453;7939.43798828125;733.7473754882812;115.64485931396484;55.559059143066406;415.259033203125;211.2637481689453;350.3999938964844;488.3500061035156;628.02880859375;271.4555969238281;25.139999389648438;10.029276847839355;225.860595703125;4280.76123046875;274.22247314453125;18.445384979248047;611.4342651367188;413.1700134277344;126.00590515136719;483.41937255859375;16.271997451782227;286.50555419921875;54.4235954284668;80.8949966430664
2023-08-23;28.588340759277344;87.18793487548828;87.3632583618164;99.20999908447266;68.76251220703125;210.5200958251953;354.260009765625;386.95867919921875;185.15438842773438;8024.34130859375;740.8912963867188;117.60381317138672;57.16032791137695;418.1373291015625;211.42112731933594;350.6000061035156;503.0299987792969;644.7432861328125;273.76690673828125;25.360000610351562;10.188919067382812;225.5621337890625;4308.4345703125;274.8765563964844;18.650161743164062;617.456787109375;427.54998779296875;127.2699203491211;488.8725891113281;16.413061141967773;293.12030029296875;55.428199768066406;82.29000091552734
2023-08-24;28.775850296020508;87.08989715576172;87.14095306396484;95.0999984741211;68.15645599365234;211.13717651367188;354.29998779296875;382.3060302734375;184.56411743164062;8067.77978515625;745.7350463867188;116.3328857421875;56.96623229980469;420.1819152832031;209.01126098632812;346.7699890136719;486.0199890136719;638.7102661132812;269.2431335449219;26.479999542236328;10.193613052368164;223.7681121826172;4243.54541015625;275.72314453125;18.501407623291016;595.9335327148438;406.92999267578125;124.44564056396484;484.5496520996094;16.103116989135742;285.6588134765625;55.311153411865234;82.50499725341797
2023-08-25;28.905668258666992;87.75650024414062;88.05793762207031;95.55999755859375;68.78175354003906;210.8523712158203;355.92999267578125;384.4347839355469;187.43251037597656;8077.65234375;751.3488159179688;117.21202850341797;56.77214050292969;420.1322326660156;208.71617126464844;350.05999755859375;492.67999267578125;631.98486328125;269.92462158203125;27.469999313354492;10.296911239624023;225.02879333496094;4301.7548828125;277.32952880859375;18.599933624267578;586.6531372070312;416.0299987792969;124.58390045166016;490.5779113769531;16.113052368164062;284.41357421875;54.823486328125;82.9000015258789
2023-08-28;29.146066665649414;88.12902069091797;88.80819702148438;96.83999633789062;68.8298568725586;213.32069396972656;355.54998779296875;386.5734558105469;187.5247344970703;;758.7266845703125;118.49250793457031;57.7911262512207;420.23150634765625;208.76536560058594;351.6000061035156;493.0799865722656;639.4025268554688;274.13232421875;26.81999969482422;10.334474563598633;225.58152770996094;;278.8301696777344;18.798913955688477;598.796875;418.05999755859375;126.26265716552734;491.4206848144531;16.30577278137207;289.15545654296875;55.77931594848633;
2023-08-29;29.203763961791992;88.77601623535156;89.15090942382812;97.3499984741211;68.76251220703125;214.08018493652344;358.2900085449219;388.6230163574219;186.96212768554688;8095.4228515625;770.5195922851562;119.54366302490234;58.56749725341797;418.52435302734375;207.87025451660156;351.260009765625;511.489990234375;640.3915405273438;275.9201354980469;27.049999237060547;10.559850692749023;223.1668701171875;4348.51318359375;282.485595703125;18.8955078125;605.2142333984375;429.989990234375;127.19091796875;493.9093322753906;16.413061141967773;296.8560485839844;55.1063346862793;84.18499755859375
2023-08-30;28.982595443725586;88.8740463256836;89.623291015625;96.83999633789062;68.84908294677734;213.70045471191406;361.05999755859375;388.5041809082031;186.72232055664062;8091.4736328125;772.4199829101562;120.11700439453125;58.664546966552734;418.4449462890625;208.8833770751953;350.760009765625;510.80999755859375;636.9299926757812;276.3251037597656;27.239999771118164;10.315692901611328;225.00938415527344;4324.65673828125;284.2748107910156;18.88198471069336;602.9434814453125;434.6700134277344;127.23041534423828;498.3412170410156;16.361404418945312;293.97705078125;54.316314697265625;83.80500030517578
2023-08-31;29.016250610351562;88.05059051513672;88.97492218017578;97.33999633789062;68.55088806152344;212.98843383789062;360.20001220703125;386.99920654296875;186.93443298339844;8073.70361328125;761.5433349609375;118.68362426757812;59.97467041015625;409.8371276855469;204.69313049316406;348.3399963378906;511.4100036621094;630.0068359375;273.895263671875;27.549999237060547;10.292216300964355;223.07958984375;4335.15380859375;284.2459716796875;19.069374084472656;600.1790771484375;433.67999267578125;127.2106704711914;494.81158447265625;16.528297424316406;294.7640380859375;54.85274887084961;84.08999633789062
2023-09-01;29.222993850708008;87.79571533203125;88.6229476928711;99.86000061035156;67.04056549072266;212.89349365234375;362.4599914550781;390.3457946777344;187.12814331054688;8071.728515625;757.7813720703125;119.05631256103516;59.489437103271484;409.85699462890625;203.19801330566406;351.1000061035156;511.2900085449219;643.45751953125;277.3621520996094;27.170000076293945;10.179527282714844;229.47988891601562;4341.8330078125;286.6796569824219;19.053918838500977;603.9307861328125;439.8800048828125;126.5984115600586;495.2874755859375;16.93956756591797;295.2521667480469;66.50798797607422;84.43000030517578
2023-09-04;29.203763961791992;87.0702896118164;;;;211.99160766601562;;;;8063.8310546875;;;58.71306610107422;;;;;648.2048950195312;;;10.080925941467285;;4297.9375;;18.986305236816406;608.9660034179688;;126.40090942382812;;;;;84.73999786376953
2023-09-05;27.42961311340332;86.54093170166016;87.53924560546875;98.38999938964844;66.9155044555664;210.7099609375;360.4700012207031;389.6626281738281;186.7960968017578;8053.95849609375;749.048828125;116.6291275024414;57.93669891357422;404.6783447265625;201.10287475585938;348.260009765625;496.010009765625;654.5345458984375;270.88275146484375;26.31999969482422;9.991713523864746;224.8251190185547;4227.3232421875;281.5621032714844;19.191082000732422;611.532958984375;448.67999267578125;126.65765380859375;489.1898498535156;16.79651641845703;299.0078125;66.42019653320312;85.0
2023-09-06;27.617124557495117;86.20763397216797;86.65006256103516;96.36000061035156;67.04056549072266;210.04541015625;361.6700134277344;390.25677490234375;187.83831787109375;8158.60595703125;748.415283203125;115.98888397216797;58.22783660888672;408.7735900878906;201.2504425048828;344.32000732421875;487.9599914550781;656.4137573242188;271.1988220214844;25.989999771118164;10.038667678833008;228.55865478515625;4176.74853515625;282.1874084472656;19.26255989074707;608.9660034179688;445.760009765625;127.34892272949219;490.7861328125;16.98725128173828;298.03155517578125;68.73173522949219;84.70999908447266
2023-09-07;27.770980834960938;84.81560516357422;86.39996337890625;96.27999877929688;67.3387680053711;210.04541015625;361.79998779296875;389.69232177734375;190.36990356445312;8071.728515625;755.861328125;117.83316802978516;57.5970344543457;416.0991516113281;201.8897705078125;343.9599914550781;477.2099914550781;668.8754272460938;268.55169677734375;27.0;10.198308944702148;225.51365661621094;4163.388671875;280.99456787109375;19.333072662353516;585.9619140625;443.1400146484375;128.63267517089844;490.13177490234375;16.93360710144043;297.5334777832031;67.27850341796875;84.69000244140625
2023-09-08;27.809444427490234;85.28614807128906;86.76119995117188;93.37000274658203;67.16561889648438;210.99476623535156;363.1499938964844;386.8506774902344;190.09170532226562;8158.60595703125;751.8556518554688;117.04003143310547;57.4999885559082;418.2461853027344;199.9815216064453;343.04998779296875;465.7900085449219;670.1611328125;270.220947265625;26.1200008392334;10.24526309967041;227.76344299316406;4169.1142578125;287.1510314941406;19.453813552856445;579.2483520507812;442.79998779296875;129.83743286132812;487.32586669921875;16.732938766479492;296.75640869140625;68.76100158691406;85.05999755859375
2023-09-11;27.790212631225586;84.99205017089844;87.55776977539062;92.75;68.65670013427734;213.3681640625;365.5199890136719;385.5140075683594;190.95411682128906;8194.1474609375;754.9549560546875;116.73424530029297;57.54851150512695;421.34735107421875;198.62413024902344;347.2200012207031;471.510009765625;676.3920288085938;269.13446044921875;26.5;10.156049728393555;226.51248168945312;4169.1142578125;291.27777099609375;19.73393440246582;570.0665283203125;445.3599853515625;127.28965759277344;493.62176513671875;16.92764663696289;306.3896179199219;70.38006591796875;85.25499725341797
2023-09-12;27.86713981628418;84.10978698730469;87.48367309570312;91.86000061035156;68.35847473144531;215.31434631347656;367.7799987792969;383.4644775390625;191.16738891601562;8227.7138671875;753.4735717773438;116.56224060058594;55.898719787597656;419.5582580566406;198.28970336914062;346.54998779296875;470.1199951171875;674.018310546875;257.6669921875;27.610000610351562;10.146660804748535;228.27740478515625;4088.956787109375;290.64288330078125;19.840187072753906;569.8690185546875;434.69000244140625;125.01839447021484;489.4872741699219;16.969369888305664;300.5120544433594;68.98533630371094;84.63500213623047
2023-09-13;27.670013427734375;83.63923645019531;88.22467041015625;89.51000213623047;68.57972717285156;215.8365020751953;367.82000732421875;385.9991760253906;192.34507751464844;8142.81103515625;749.409423828125;115.85511016845703;55.316444396972656;417.9480285644531;201.16188049316406;346.8399963378906;458.2900085449219;666.3038940429688;259.26708984375;28.81999969482422;10.127878189086914;226.50279235839844;4076.552734375;291.5952453613281;19.777400970458984;567.4006958007812;412.239990234375;124.95915222167969;491.2620544433594;16.774660110473633;303.8991394042969;68.71223449707031;84.8499984741211
2023-09-14;27.70366859436035;83.61963653564453;89.20648193359375;90.72000122070312;69.62828826904297;219.77633666992188;369.5;392.27655029296875;192.7067413330078;8259.3056640625;762.3132934570312;118.80785369873047;56.62656784057617;417.0732727050781;200.30613708496094;349.4200134277344;462.0799865722656;675.4029541015625;260.940185546875;29.0;10.334474563598633;229.86776733398438;4223.5068359375;294.45220947265625;20.014053344726562;574.6080322265625;400.489990234375;125.80840301513672;495.1685485839844;17.185930252075195;310.5337829589844;69.40472412109375;85.80999755859375
2023-09-15;27.99695587158203;83.3255386352539;88.72483825683594;87.98999786376953;69.20502471923828;221.62757873535156;367.8599853515625;384.4248962402344;191.78871154785156;8235.6123046875;756.5143432617188;118.53842163085938;55.656105041503906;417.60009765625;198.34869384765625;348.8999938964844;450.69000244140625;659.1829833984375;253.71328735351562;29.219999313354492;10.409600257873535;228.248291015625;4219.68994140625;290.614013671875;19.941608428955078;554.6644897460938;396.94000244140625;125.63065338134766;491.5892333984375;17.237586975097656;299.16717529296875;67.58084869384766;85.52999877929688
2023-09-18;28.078693389892578;83.93333435058594;89.80854797363281;87.62000274658203;69.12806701660156;219.77633666992188;370.42999267578125;385.67242431640625;191.538330078125;8283.0;749.9356689453125;118.1053695678711;53.860748291015625;424.71697998046875;197.87657165527344;352.0;450.2699890136719;643.259765625;253.14901733398438;28.719999313354492;10.381427764892578;231.1284637451172;4093.728271484375;288.1321716308594;19.922290802001953;550.419189453125;394.3999938964844;125.09739685058594;494.91070556640625;17.237586975097656;301.3987121582031;67.4443130493164;85.30000305175781
2023-09-19;28.18446922302246;84.4234848022461;90.1419906616211;89.68000030517578;68.7913818359375;221.53265380859375;370.4800109863281;385.4645080566406;191.47340393066406;8312.6171875;737.0415649414062;116.98907470703125;53.860748291015625;429.46820068359375;201.31927490234375;358.260009765625;457.3800048828125;639.8970336914062;251.7432098388672;28.299999237060547;10.45655345916748;227.57919311523438;4100.40869140625;287.8436584472656;19.94643783569336;546.3712158203125;396.20001220703125;124.2481460571289;498.4801025390625;17.193878173828125;303.9090881347656;68.17581176757812;84.88999938964844
2023-09-20;28.19408416748047;85.54102325439453;90.50321960449219;87.94000244140625;68.91641998291016;219.681396484375;366.82000732421875;382.4248352050781;190.94483947753906;8269.1787109375;738.4742431640625;116.35395812988281;55.025306701660156;437.21124267578125;201.840576171875;352.30999755859375;455.3500061035156;655.3258056640625;251.66403198242188;28.850000381469727;10.573938369750977;225.75608825683594;4192.01611328125;283.6014404296875;20.04785919189453;549.5306396484375;386.29998779296875;123.89263916015625;499.8582763671875;16.85810661315918;298.5296325683594;67.23948669433594;85.18000030517578
2023-09-21;28.170045852661133;85.54102325439453;88.84525299072266;86.08000183105469;68.02178192138672;218.30482482910156;363.2799987792969;368.6324462890625;187.51376342773438;8233.6376953125;714.8885498046875;110.23360443115234;53.618133544921875;435.60101318359375;201.78160095214844;354.2799987792969;438.6499938964844;635.2486572265625;250.90174865722656;27.93000030517578;10.339170455932617;221.8867950439453;4185.33642578125;276.1463317871094;19.917461395263672;544.9890747070312;384.1499938964844;122.4903793334961;491.4107971191406;16.419021606445312;294.6046142578125;66.7518081665039;83.98999786376953
2023-09-22;28.088308334350586;84.91363525390625;87.92826080322266;86.44999694824219;67.75243377685547;220.39340209960938;360.1600036621094;368.0185546875;187.05935668945312;8271.15234375;713.3292236328125;109.77169036865234;53.278472900390625;436.0185241699219;201.79141235351562;349.5299987792969;435.69000244140625;634.3585815429688;249.7434539794922;27.780000686645508;10.292216300964355;223.79718017578125;4142.39599609375;275.73272705078125;19.864334106445312;548.1483764648438;379.80999755859375;123.49763488769531;490.7563781738281;16.36736488342285;297.9418640136719;68.32210540771484;84.92500305175781
2023-09-25;27.87675666809082;83.79609680175781;86.80751037597656;86.30999755859375;67.05980682373047;217.73521423339844;361.7099914550781;367.79083251953125;186.2526092529297;8200.0712890625;714.732666015625;108.98258972167969;52.065391540527344;443.7318115234375;205.0078887939453;350.6700134277344;437.239990234375;630.2046508789062;251.97091674804688;28.559999465942383;10.11379337310791;224.50509643554688;4354.2392578125;278.58966064453125;19.506940841674805;547.65478515625;384.79998779296875;122.86563110351562;488.39666748046875;16.544189453125;299.6851806640625;68.30259704589844;85.04499816894531
2023-09-26;27.722902297973633;82.97264099121094;85.53950500488281;83.86000061035156;67.8871078491211;218.77951049804688;359.4200134277344;360.47381591796875;185.30673217773438;8190.19873046875;692.9793090820312;107.29853820800781;51.77425003051758;440.3621826171875;201.99798583984375;351.69000244140625;432.4200134277344;642.9630126953125;245.97161865234375;28.350000381469727;10.156049728393555;222.1195526123047;4410.5390625;275.7904052734375;19.314720153808594;535.7084350585938;379.25;119.46861267089844;479.3443603515625;16.152790069580078;297.8222961425781;67.22972106933594;84.43000030517578
2023-09-27;27.357494354248047;81.81587982177734;84.83505249023438;84.55999755859375;67.32916259765625;215.45675659179688;357.7799987792969;359.47381591796875;185.79818725585938;8158.60595703125;689.1490478515625;107.0579605102539;50.80378723144531;441.7040710449219;201.49632263183594;349.6499938964844;436.8599853515625;640.3915405273438;244.7836151123047;29.290000915527344;9.98232364654541;222.99232482910156;4288.39501953125;274.4052429199219;19.042329788208008;541.4346923828125;377.5899963378906;119.7451171875;482.4873962402344;16.401140213012695;296.60699462890625;66.27391052246094;84.8949966430664
2023-09-28;27.472885131835938;81.07085418701172;87.39926147460938;85.87000274658203;67.15978240966797;216.97572326660156;357.05999755859375;364.8897705078125;187.0037384033203;8134.91259765625;702.6668701171875;107.90478515625;51.04640197753906;439.3781433105469;199.93235778808594;352.5;436.9800109863281;644.34765625;248.13967895507812;28.65999984741211;9.925978660583496;224.31117248535156;4412.4482421875;275.9539794921875;19.173694610595703;543.8042602539062;376.3599853515625;119.96236419677734;483.340087890625;16.50120735168457;302.8033142089844;66.81034851074219;84.58499908447266
2023-09-29;27.424806594848633;81.81587982177734;86.95779418945312;88.2300033569336;67.1694564819336;214.27005004882812;350.29998779296875;361.8006286621094;185.66836547851562;8128.98974609375;707.8226928710938;107.98177337646484;52.25947952270508;432.2314453125;197.75856018066406;347.739990234375;437.2699890136719;636.8311157226562;243.5164337158203;28.59000015258789;9.949455261230469;221.54739379882812;4334.19970703125;274.28924560546875;19.191082000732422;551.9988403320312;377.6000061035156;121.2856216430664;480.1574401855469;16.427453994750977;299.0675964355469;67.20046997070312;85.08000183105469
2023-10-02;27.14113426208496;80.6395263671875;85.85884857177734;87.87999725341797;66.28870391845703;211.42198181152344;348.0799865722656;363.0976257324219;185.6034698486328;8075.67822265625;694.58740234375;105.37388610839844;52.210960388183594;434.7860107421875;196.29295349121094;347.8299865722656;430.95001220703125;629.8090209960938;244.73414611816406;27.729999542236328;9.639562606811523;218.72544860839844;4286.48681640625;270.1081237792969;19.247106552124023;549.3331909179688;380.3299865722656;121.32512664794922;479.76080322265625;16.275955200195312;305.6524658203125;66.0300521850586;85.00499725341797
2023-10-03;27.15555763244629;80.56109619140625;84.78807830810547;85.94000244140625;65.42730712890625;209.76060485839844;343.0400085449219;352.8994445800781;187.0037384033203;8034.2138671875;683.37939453125;103.44925689697266;50.65821838378906;435.8495178222656;197.18804931640625;345.1499938964844;425.2099914550781;618.8308715820312;241.53646850585938;27.170000076293945;9.289288520812988;217.12535095214844;4213.9638671875;272.7310485839844;19.00948715209961;540.1512451171875;376.75;120.77212524414062;475.93359375;16.188247680664062;299.7948303222656;65.58140563964844;84.68499755859375
2023-10-04;27.391149520874023;81.11006927490234;85.7837142944336;85.48999786376953;66.47261047363281;208.5264434814453;343.69000244140625;358.7015075683594;188.46890258789062;7947.3359375;697.7549438476562;104.33458709716797;49.54218292236328;439.36822509765625;197.96510314941406;352.9700012207031;433.2099914550781;627.7321166992188;240.92269897460938;27.219999313354492;9.404793739318848;220.7716064453125;4236.86572265625;275.7216796875;19.003690719604492;550.419189453125;376.8999938964844;120.47586822509766;483.99444580078125;16.309843063354492;304.4171447753906;65.54239654541016;83.93000030517578
2023-10-05;27.60750961303711;82.03155517578125;86.39424133300781;84.2699966430664;62.97863006591797;209.5232696533203;345.05999755859375;357.71142578125;192.32655334472656;7976.953125;702.6864624023438;104.92160034179688;49.78479766845703;443.1155090332031;197.50277709960938;355.1400146484375;430.5199890136719;628.8200073242188;242.97195434570312;27.489999771118164;9.517483711242676;218.59938049316406;4271.21875;270.863037109375;19.146648406982422;541.4346923828125;372.5899963378906;120.61412048339844;485.6952209472656;16.51715660095215;303.63018798828125;64.55732727050781;83.33999633789062
2023-10-06;27.035356521606445;80.6983413696289;86.57270050048828;84.81999969482422;61.323585510253906;212.9409637451172;346.3399963378906;360.46392822265625;196.5272979736328;8081.60107421875;705.28857421875;104.80613708496094;49.83332061767578;442.60858154296875;198.09295654296875;360.6199951171875;445.9800109863281;638.2156982421875;242.92245483398438;27.1299991607666;9.522178649902344;220.73280334472656;4412.4482421875;272.02447509765625;19.405517578125;554.0722045898438;381.510009765625;122.01637268066406;491.3049621582031;16.539081573486328;314.2296447753906;64.77188873291016;83.76499938964844
2023-10-09;27.069013595581055;80.6787338256836;86.70419311523438;85.19999694824219;61.72040939331055;211.23211669921875;345.45001220703125;362.85015869140625;200.07896423339844;8050.00927734375;712.8224487304688;105.33539581298828;50.2700309753418;449.05950927734375;199.0962677001953;355.20001220703125;442.25;632.973876953125;246.4567108154297;28.0;9.61608600616455;221.1885986328125;4383.8203125;275.1312561035156;19.627681732177734;548.0496215820312;385.95001220703125;120.7128677368164;496.0013122558594;16.644731521606445;317.14849853515625;65.52289581298828;83.04000091552734
2023-10-10;27.60270118713379;82.91382598876953;88.3385238647461;86.94000244140625;61.58491134643555;213.8428497314453;348.55999755859375;365.92938232421875;200.3849639892578;8152.68359375;720.0345458984375;106.17261505126953;50.90083312988281;451.7731018066406;199.26348876953125;360.57000732421875;450.70001220703125;642.9630126953125;250.53546142578125;28.600000381469727;9.864938735961914;222.26499938964844;4504.0556640625;278.65423583984375;19.782230377197266;564.8336791992188;373.32000732421875;122.60888671875;493.648193359375;16.865997314453125;320.6152648925781;66.30316162109375;84.0
2023-10-11;27.76136589050293;83.12948608398438;87.4931869506836;86.58000183105469;60.87837219238281;215.45675659179688;348.42999267578125;368.2264709472656;201.32156372070312;8160.5810546875;735.3068237304688;108.16462707519531;50.90083312988281;453.91015625;196.6175537109375;365.25;445.8800048828125;674.3150024414062;241.62559509277344;29.25;9.987018585205078;223.08929443359375;4490.69580078125;281.5384216308594;19.849843978881836;559.897216796875;365.92999267578125;123.28038024902344;498.4537353515625;17.035432815551758;326.572509765625;68.60494232177734;83.88999938964844
2023-10-12;26.66033363342285;82.52169799804688;86.2909164428711;84.80000305175781;59.078155517578125;215.029541015625;345.6600036621094;362.20660400390625;204.06643676757812;8186.24951171875;724.4593505859375;105.51824188232422;49.83332061767578;456.4547119140625;194.63059997558594;368.0;428.30999755859375;702.4031982421875;232.61672973632812;28.75;9.935369491577148;220.6552276611328;4574.669921875;276.6024169921875;19.77256965637207;581.2229614257812;361.20001220703125;124.07038879394531;498.7217712402344;17.25869369506836;322.92645263671875;67.34676361083984;84.4000015258789
2023-10-13;26.568981170654297;81.48258209228516;86.65723419189453;82.7300033569336;59.55240249633789;211.5169219970703;345.0899963378906;360.117431640625;203.43588256835938;8107.27001953125;723.7868041992188;105.51824188232422;48.387332916259766;459.7745666503906;198.26019287109375;371.0;426.17999267578125;708.634033203125;235.0421905517578;29.459999084472656;9.91658878326416;220.8297882080078;4525.04931640625;276.28302001953125;19.70012664794922;566.3146362304688;355.67999267578125;120.65361785888672;494.2935485839844;16.97364044189453;313.49249267578125;66.36168670654297;84.45999908447266
2023-10-16;26.708412170410156;81.38455200195312;87.46501159667969;85.7300033569336;60.60737228393555;212.89349365234375;346.2300109863281;363.90960693359375;202.91656494140625;8117.14208984375;732.3341674804688;106.7403793334961;48.620243072509766;452.5483703613281;198.0437774658203;374.0;429.54998779296875;699.1394653320312;237.02215576171875;30.110000610351562;9.874330520629883;221.34375;4561.310546875;277.8896484375;19.666318893432617;562.3654174804688;360.82000732421875;121.12762451171875;498.3345642089844;17.023473739624023;319.9278869628906;66.0886001586914;84.66500091552734
2023-10-17;26.56417465209961;80.992431640625;87.71861267089844;87.2300033569336;61.497806549072266;213.1782989501953;345.3900146484375;363.68182373046875;200.76516723632812;8089.49951171875;724.0596923828125;104.05551147460938;48.057373046875;452.50860595703125;199.62741088867188;373.5;436.0899963378906;705.1724853515625;241.52658081054688;30.959999084472656;9.83676815032959;221.87710571289062;4566.08154296875;281.548095703125;19.65182876586914;565.62353515625;355.7200012207031;121.77937316894531;496.3686218261719;17.085268020629883;322.76702880859375;66.22514343261719;84.3550033569336
2023-10-18;26.520902633666992;81.50218200683594;87.5495376586914;85.30000305175781;62.08820343017578;211.99160766601562;340.8900146484375;356.34503173828125;200.29225158691406;7971.02978515625;714.3233032226562;100.44683074951172;47.358638763427734;452.9757385253906;198.4470672607422;367.54998779296875;425.32000732421875;704.9746704101562;240.08120727539062;29.549999237060547;9.74755573272705;217.13510131835938;4380.00341796875;274.2698974609375;19.77256965637207;546.1737670898438;346.19000244140625;119.6266098022461;489.3887023925781;16.764333724975586;315.7637939453125;65.24005889892578;83.1500015258789
2023-10-19;26.458398818969727;81.83548736572266;85.22015380859375;84.44999694824219;62.14626693725586;210.04541015625;338.6600036621094;354.02813720703125;198.5581512451172;8121.09130859375;685.942626953125;98.71464538574219;46.85399627685547;450.54052734375;196.16505432128906;364.79998779296875;425.67999267578125;676.6886596679688;241.6057891845703;29.139999389648438;9.775728225708008;214.99192810058594;4382.88134765625;271.58892822265625;19.656660079956055;555.355712890625;401.7699890136719;125.68990325927734;484.0569763183594;16.712505340576172;311.61962890625;65.37660217285156;82.7699966430664
2023-10-20;26.174726486206055;81.01203918457031;86.93901062011719;85.55999755859375;62.0398063659668;206.390380859375;335.8599853515625;346.5725402832031;197.34336853027344;8123.06591796875;687.7066040039062;98.57030487060547;47.494503021240234;450.0832824707031;196.5880126953125;361.8599853515625;427.0;670.260009765625;238.7150421142578;28.459999084472656;9.738164901733398;212.55789184570312;4301.326171875;269.6145324707031;19.516599655151367;540.1512451171875;400.9599914550781;122.37187957763672;478.6855163574219;16.582937240600586;307.4754333496094;64.28422546386719;81.78500366210938
2023-10-23;26.381471633911133;81.32572937011719;85.39860534667969;84.8499984741211;61.9333381652832;206.77012634277344;336.8399963378906;346.7408752441406;198.08522033691406;8079.626953125;681.6932983398438;97.01134490966797;47.106319427490234;447.2901916503906;194.68960571289062;367.6600036621094;427.7200012207031;674.7106323242188;238.52694702148438;27.75;9.667734146118164;209.75534057617188;4301.326171875;265.83990478515625;19.49728012084961;545.5814208984375;406.8399963378906;122.37187957763672;474.4161682128906;16.56698989868164;312.8150634765625;64.28423309326172;80.96499633789062
2023-10-24;26.689180374145508;82.7177505493164;85.31407928466797;89.16000366210938;63.44320297241211;207.10240173339844;338.6300048828125;344.5032043457031;198.67869567871094;8142.81103515625;686.27392578125;97.86781311035156;47.979736328125;449.3278503417969;195.39781188964844;369.3800048828125;430.7699890136719;674.4139404296875;227.81529235839844;28.350000381469727;9.775728225708008;212.5675811767578;4326.27294921875;268.3272705078125;19.52625846862793;555.4544067382812;413.7300109863281;124.18889617919922;479.11248779296875;16.78825569152832;311.3606262207031;65.66720581054688;81.94999694824219
2023-10-25;26.780534744262695;83.83529663085938;84.56265258789062;87.5199966430664;63.578704833984375;209.00111389160156;336.8999938964844;345.6814270019531;198.52105712890625;8178.35107421875;664.9202270507812;95.01934051513672;46.659908294677734;450.27215576171875;194.4535369873047;363.0400085449219;412.67999267578125;684.7986450195312;223.10296630859375;27.1200008392334;9.888415336608887;211.96633911132812;4277.33935546875;265.6560363769531;19.787059783935547;553.5784912109375;411.25;123.43838500976562;477.7820129394531;16.485261917114258;298.39019775390625;65.06888580322266;81.48500061035156
2023-10-26;26.84303855895996;82.69815063476562;84.26209259033203;86.3499984741211;63.53998947143555;208.43150329589844;336.1600036621094;344.82000732421875;199.77293395996094;8200.0712890625;701.2440185546875;95.87580108642578;46.83458709716797;448.9203796386719;202.54881286621094;361.2799987792969;397.42999267578125;669.0731811523438;219.58851623535156;27.899999618530273;9.883720397949219;211.50086975097656;4258.150390625;268.7337646484375;19.690467834472656;553.4798583984375;403.5400085449219;123.22113800048828;476.9579162597656;16.140405654907227;287.252685546875;63.273963928222656;80.91000366210938
2023-10-27;27.01131820678711;81.79627227783203;82.15813446044922;85.9800033569336;62.92055892944336;207.5296173095703;331.7099914550781;339.09710693359375;193.83807373046875;8103.32080078125;692.3555297851562;93.65284729003906;47.164546966552734;445.3320617675781;195.7027587890625;355.2799987792969;391.3699951171875;652.9521484375;223.03366088867188;27.530000686645508;9.738164901733398;208.72740173339844;4144.931640625;267.27227783203125;19.690467834472656;553.0848999023438;397.8699951171875;123.45813751220703;472.18218994140625;15.955020904541016;295.6008605957031;64.69617462158203;81.08000183105469
2023-10-30;27.218063354492188;82.7177505493164;83.9615249633789;87.4800033569336;63.859397888183594;209.8555450439453;337.4100036621094;341.6615295410156;195.97093200683594;8138.8623046875;697.170166015625;95.15406799316406;47.533321380615234;446.7236633300781;194.91586303710938;357.45001220703125;396.3900146484375;670.260009765625;221.10321044921875;27.290000915527344;9.771032333374023;211.0741729736328;4224.568359375;271.676025390625;19.777400970458984;544.9890747070312;410.0799865722656;124.03089141845703;481.3464050292969;16.293895721435547;301.5082702636719;65.15717315673828;81.73500061035156
2023-10-31;26.924774169921875;83.07066345214844;83.74549865722656;89.31999969482422;64.08198547363281;209.713134765625;341.3299865722656;345.8596496582031;197.94610595703125;8174.40234375;711.116943359375;96.95360565185547;49.93037033081055;452.617919921875;196.46014404296875;362.1099853515625;399.4700012207031;669.5676879882812;223.8751678466797;28.399999618530273;9.860243797302246;209.75534057617188;4241.8388671875;273.3600769042969;19.777400970458984;558.1200561523438;411.69000244140625;125.15664672851562;485.089599609375;16.555030822753906;300.1235046386719;65.62797546386719;81.12999725341797
2023-11-01;27.30941390991211;83.07066345214844;83.60459899902344;87.41000366210938;64.6723861694336;212.89349365234375;343.75;347.9289855957031;195.59071350097656;8255.357421875;720.3659057617188;97.77156829833984;51.77425003051758;456.82244873046875;200.611083984375;369.3299865722656;395.3500061035156;680.1502685546875;223.10296630859375;28.260000228881836;9.893110275268555;211.45237731933594;4351.21875;274.29888916015625;20.043031692504883;565.494384765625;420.19000244140625;126.22315979003906;483.6797180175781;16.949718475341797;310.6632995605469;67.354248046875;81.80000305175781
2023-11-02;27.381534576416016;84.03136444091797;85.41738891601562;82.79000091552734;65.7854232788086;212.2764129638672;349.0199890136719;372.2068176269531;197.12081909179688;8253.3818359375;743.8151245117188;100.77400970458984;54.49155044555664;444.9046630859375;201.80126953125;376.54998779296875;419.44000244140625;701.7108764648438;225.6373291015625;29.440000534057617;10.095010757446289;211.345703125;4446.20703125;280.3092956542969;20.64673614501953;588.6566772460938;424.7099914550781;128.49441528320312;490.5305480957031;17.25470733642578;309.68701171875;67.33464050292969;83.26499938964844
2023-11-03;27.237295150756836;85.20771789550781;85.96216583251953;83.93000030517578;66.60810852050781;209.80807495117188;351.80999755859375;379.1178283691406;193.4578857421875;8188.2236328125;751.1929931640625;102.5350570678711;56.14133834838867;450.03363037109375;206.77842712402344;376.20001220703125;429.29998779296875;676.3920288085938;228.52806091308594;29.850000381469727;10.029276847839355;219.04547119140625;4438.53125;283.7742004394531;20.661224365234375;591.6261596679688;432.3599853515625;127.6649169921875;498.9600830078125;17.426136016845703;313.40283203125;68.17816162109375;83.55500030517578
2023-11-06;27.251718521118164;84.93323516845703;85.44557189941406;82.19999694824219;66.04673767089844;209.95046997070312;346.6300048828125;380.8505554199219;197.556640625;8207.96875;742.3823852539062;100.9760971069336;54.78268814086914;457.23992919921875;206.1095428466797;385.760009765625;423.0199890136719;693.4031372070312;228.68649291992188;29.709999084472656;9.925978660583496;213.3433837890625;4436.6123046875;281.93524169921875;20.622589111328125;585.6870727539062;434.739990234375;127.1119155883789;499.6153564453125;17.28061866760254;314.5982666015625;70.59103393554688;84.37999725341797
2023-11-07;27.492116928100586;85.07048034667969;85.73673248291016;84.4000015258789;66.28870391845703;207.7669677734375;346.1700134277344;380.7713623046875;196.9260711669922;8346.18359375;738.7568969726562;100.30247497558594;54.394500732421875;455.2818298339844;204.28355407714844;378.25;422.4700012207031;697.95263671875;230.7753448486328;29.170000076293945;9.827376365661621;212.99424743652344;4498.01806640625;246.2796173095703;20.506677627563477;593.0118408203125;434.6099853515625;130.1139373779297;503.4478759765625;17.493911743164062;317.6067810058594;70.23792266845703;85.32499694824219
2023-11-08;25.5112247467041;84.59993743896484;84.72233581542969;82.9800033569336;66.80166625976562;209.57073974609375;346.29998779296875;382.5634765625;197.1022491455078;8405.41796875;740.6476440429688;101.1685562133789;54.34598159790039;457.8959655761719;203.168212890625;376.9599914550781;427.7300109863281;707.4472045898438;229.23097229003906;28.479999542236328;9.827376365661621;210.90931701660156;4573.8173828125;251.57376098632812;20.60809898376465;593.9027709960938;436.6499938964844;131.5161895751953;507.41937255859375;17.450056076049805;318.5631408691406;71.09125518798828;85.13999938964844
2023-11-09;25.852590560913086;84.81560516357422;84.34661865234375;79.23999786376953;66.7242431640625;211.042236328125;348.17999267578125;383.85064697265625;200.65390014648438;8427.1376953125;737.7920532226562;99.38827514648438;55.99576950073242;459.0787353515625;201.6284637451172;368.57000732421875;418.75;687.8646240234375;225.28094482421875;28.450000762939453;10.001104354858398;208.92135620117188;4655.37255859375;255.5032196044922;20.78679656982422;597.3672485351562;435.1499938964844;133.03695678710938;506.1087951660156;16.29190444946289;319.3301696777344;70.85585021972656;84.92500305175781
2023-11-10;25.722774505615234;83.05106353759766;84.25269317626953;79.69000244140625;66.8984603881836;210.75743103027344;350.55999755859375;390.0784912109375;201.33084106445312;8444.908203125;747.7915649414062;100.61042785644531;55.316444396972656;466.46405029296875;202.1219940185547;373.6499938964844;428.7300109863281;684.0073852539062;230.48826599121094;28.209999084472656;10.001104354858398;212.3930206298828;4618.9130859375;256.926025390625;20.704692840576172;601.8214721679688;447.239990234375;133.17520141601562;513.4660034179688;17.13111686706543;327.51885986328125;72.09171295166016;85.0250015258789
2023-11-13;25.96317481994629;83.60002899169922;84.53448486328125;77.2699966430664;67.07266998291016;210.1878204345703;350.010009765625;390.9101867675781;201.30300903320312;8340.259765625;743.1815185546875;98.61841583251953;53.618133544921875;467.8059387207031;201.75677490234375;378.9200134277344;432.3900146484375;685.8865966796875;227.6865997314453;30.920000076293945;10.057448387145996;210.8511199951172;4654.41357421875;256.5097961425781;20.90753746032715;606.2757568359375;444.6199951171875;133.72821044921875;513.3170166015625;16.610843658447266;327.9372863769531;72.35652923583984;84.70999908447266
2023-11-14;26.073759078979492;83.99214935302734;84.91018676757812;85.13999938964844;67.84695434570312;213.13082885742188;354.25;399.9203186035156;196.36965942382812;8215.8671875;770.3790893554688;105.2103042602539;57.5970344543457;451.0871887207031;205.33966064453125;369.95001220703125;454.25;675.3040161132812;235.2005615234375;32.47999954223633;10.221786499023438;216.23321533203125;4712.94140625;259.7811279296875;20.815773010253906;614.9862060546875;448.6499938964844;134.55770874023438;520.9622192382812;16.957693099975586;335.0301818847656;72.47423553466797;85.19499969482422
2023-11-15;25.838167190551758;83.69805145263672;86.15941619873047;89.51000213623047;67.7405014038086;213.13082885742188;356.7900085449219;398.0885925292969;195.72056579589844;8279.05078125;765.4491577148438;106.34584045410156;56.86918640136719;443.6920166015625;207.1952667236328;349.3399963378906;460.55999755859375;666.6005859375;238.65562438964844;32.68000030517578;10.118487358093262;216.9799041748047;4607.39892578125;264.8236083984375;20.680543899536133;621.4202880859375;461.94000244140625;135.54522705078125;517.1694946289062;17.366334915161133;331.4438781738281;71.54243469238281;85.4749984741211
2023-11-16;25.746814727783203;81.81587982177734;85.73673248291016;87.81999969482422;68.35025024414062;214.697265625;359.8599853515625;399.9896240234375;196.76841735839844;8308.66796875;764.8318481445312;106.11487579345703;55.70463180541992;448.0655212402344;207.99473571777344;343.0;466.6400146484375;670.9523315429688;238.0121307373047;32.439998626708984;10.334474563598633;216.65988159179688;4584.37109375;264.8042907714844;20.733671188354492;619.1435546875;466.95001220703125;134.7354736328125;521.3593139648438;17.462018966674805;332.9182434082031;71.15010833740234;85.22000122070312
2023-11-17;25.602575302124023;81.58061218261719;86.36605072021484;91.18000030517578;68.35991668701172;216.92825317382812;358.92999267578125;404.0887145996094;197.90902709960938;8440.958984375;759.2158813476562;105.92240905761719;56.62656784057617;447.489013671875;208.97190856933594;350.5;463.69000244140625;686.677734375;243.9124755859375;31.889999389648438;10.395514488220215;218.67697143554688;4624.66943359375;261.3103332519531;20.82060432434082;622.3110961914062;465.9100036621094;135.50572204589844;520.9821166992188;17.47198486328125;333.7650451660156;72.18978881835938;85.74500274658203
2023-11-20;25.439102172851562;81.22769927978516;86.76993560791016;94.56999969482422;68.63093566894531;217.21307373046875;361.3299865722656;407.4749450683594;196.59222412109375;8535.734375;768.7227783203125;106.81736755371094;57.11180114746094;450.2423095703125;208.35995483398438;356.8399963378906;472.92999267578125;695.3811645507812;245.92213439941406;32.31999969482422;10.447163581848145;217.37750244140625;4550.7900390625;263.4009094238281;20.883390426635742;623.3009643554688;474.4700012207031;138.1719970703125;520.9821166992188;17.450056076049805;338.6762390136719;71.95439147949219;86.13999938964844
2023-11-21;25.520841598510742;81.32572937011719;87.16444396972656;92.5999984741211;68.68900299072266;218.6845703125;361.0;409.67303466796875;199.89346313476562;8571.275390625;772.62353515625;106.44207763671875;55.267921447753906;451.5742492675781;209.61346435546875;354.7799987792969;477.7099914550781;693.0075073242188;246.07061767578125;32.63999938964844;10.367342948913574;217.0283966064453;4675.521484375;267.4561767578125;20.854412078857422;619.341552734375;474.95001220703125;137.697998046875;523.3948364257812;17.300554275512695;335.6976623535156;72.20940399169922;85.72000122070312
2023-11-22;25.6987361907959;82.54130554199219;88.12250518798828;93.69999694824219;69.1922836303711;219.30165100097656;361.79998779296875;410.99981689453125;200.6260528564453;8754.904296875;778.533447265625;107.33702087402344;56.48100280761719;454.69537353515625;208.85345458984375;353.2300109863281;478.3299865722656;694.4910278320312;250.4760284423828;32.849998474121094;10.418991088867188;219.36361694335938;4716.77880859375;265.4527587890625;20.999300003051758;626.8643188476562;478.0;139.39649963378906;524.7152709960938;17.460023880004883;340.19049072265625;73.24909210205078;85.93499755859375
2023-11-23;25.756431579589844;82.01194763183594;;;;220.53582763671875;;;;8772.673828125;;;56.43247985839844;;;;;701.5130615234375;;;10.451858520507812;;4693.75146484375;;21.0572566986084;623.39990234375;;140.71975708007812;;;;;85.75
2023-11-24;25.862207412719727;82.34524536132812;88.61091613769531;94.58999633789062;69.31812286376953;220.91555786132812;362.67999267578125;410.99981689453125;201.40504455566406;8745.03125;779.1705322265625;107.77969360351562;56.09281539916992;458.5917663574219;209.9589385986328;353.0400085449219;478.17999267578125;708.8319091796875;249.65435791015625;33.45000076293945;10.50820255279541;220.32115173339844;4711.98095703125;265.6753845214844;21.15384864807129;625.87451171875;479.55999755859375;139.3175048828125;521.8458862304688;17.270652770996094;336.94293212890625;72.9842758178711;85.34500122070312
2023-11-27;25.679502487182617;81.77666473388672;88.3385238647461;96.16000366210938;69.18260955810547;218.8269805908203;361.3399963378906;409.06488037109375;200.9784393310547;8784.521484375;780.5621337890625;107.65458679199219;56.77214050292969;459.1086120605469;209.99838256835938;350.19000244140625;479.6300048828125;702.2054443359375;248.85247802734375;33.54999923706055;10.573938369750977;219.26589965820312;4733.09033203125;262.93634033203125;21.20697593688965;622.2120971679688;479.1700134277344;139.8310089111328;521.2600708007812;17.332447052001953;333.4263610839844;73.03331756591797;85.1050033569336
2023-11-28;25.46314239501953;81.58061218261719;88.43245697021484;101.08999633789062;69.13421630859375;218.87445068359375;360.04998779296875;409.7892150878906;200.24588012695312;8800.31640625;781.0521850585938;107.88554382324219;56.43247985839844;458.82037353515625;209.57398986816406;347.0400085449219;470.79998779296875;680.3480834960938;244.17974853515625;31.0;10.592718124389648;218.6210174560547;4706.22509765625;259.7714538574219;21.129701614379883;613.402587890625;479.0;140.75926208496094;522.1239013671875;17.388261795043945;337.6999816894531;72.6115493774414;85.61499786376953
2023-11-29;25.328519821166992;81.09046173095703;87.96282196044922;103.69999694824219;68.17604064941406;219.30165100097656;358.69000244140625;411.4364318847656;199.22581481933594;8796.3681640625;792.2154541015625;108.78050994873047;56.67509460449219;453.9498596191406;211.31114196777344;351.0;466.739990234375;681.8316040039062;246.5854034423828;29.530000686645508;10.616195678710938;218.81646728515625;4723.49560546875;257.9132080078125;21.18765640258789;622.8060302734375;477.19000244140625;142.73426818847656;522.0841674804688;17.163009643554688;330.9358825683594;73.62181091308594;85.51499938964844
2023-11-30;25.540071487426758;82.2472152709961;87.69043731689453;105.61000061035156;68.7761001586914;218.9219207763672;360.0;412.6171875;202.489990234375;8792.4189453125;798.7820434570312;110.59927368164062;55.850196838378906;468.3622131347656;214.09454345703125;354.80999755859375;465.82000732421875;687.8646240234375;247.97137451171875;29.440000534057617;10.653759002685547;219.0216522216797;4783.94140625;261.8523254394531;21.226295471191406;616.6690063476562;473.9700012207031;143.66253662109375;534.4156494140625;17.13311004638672;325.9050598144531;74.41630554199219;85.78500366210938
2023-12-01;25.46795082092285;81.75707244873047;88.3385238647461;106.55999755859375;68.5438232421875;223.33642578125;357.07000732421875;418.73956298828125;203.584228515625;8877.322265625;808.004638671875;113.80379486083984;56.72361755371094;462.4798278808594;216.1278076171875;351.1600036621094;482.6000061035156;691.0294799804688;249.8325653076172;31.1299991607666;10.728885650634766;221.1223602294922;4835.75341796875;263.87518310546875;21.487096786499023;631.0216674804688;465.739990234375;144.86729431152344;536.7290649414062;17.170984268188477;323.5839538574219;70.55179595947266;85.8550033569336
2023-12-04;25.67469596862793;82.69815063476562;87.28654479980469;105.05999755859375;68.93096160888672;223.19403076171875;356.6600036621094;420.9126281738281;203.80679321289062;8875.34765625;805.956298828125;115.79580688476562;57.64555740356445;457.1548156738281;219.11846923828125;350.6300048828125;516.6099853515625;684.6008911132812;254.56471252441406;31.639999389648438;10.813401222229004;225.88072204589844;4824.240234375;261.4651794433594;21.588518142700195;624.1917114257812;453.8999938964844;144.49205017089844;532.92626953125;17.007526397705078;318.8022155761719;67.9917984008789;85.82499694824219
2023-12-05;26.083375930786133;82.69815063476562;86.92023468017578;102.19999694824219;68.4083251953125;226.6591796875;355.0299987792969;419.8806457519531;202.471435546875;8825.9853515625;805.1232299804688;114.17910766601562;59.246822357177734;458.63787841796875;214.20310974121094;354.1499938964844;518.9500122070312;679.5568237304688;249.98104858398438;30.940000534057617;10.869745254516602;223.42825317382812;4833.83544921875;253.59654235839844;21.820341110229492;636.7626953125;455.1499938964844;145.30178833007812;531.7249755859375;17.22281265258789;317.07879638671875;67.96237182617188;85.98500061035156
2023-12-06;25.847782135009766;84.01174926757812;85.56767272949219;103.66999816894531;68.99871063232422;228.7477569580078;352.3800048828125;415.42535400390625;198.67869567871094;8808.21484375;792.2056274414062;114.56404113769531;60.605472564697266;455.45281982421875;215.0420684814453;353.4599914550781;521.5599975585938;671.05126953125;249.8622589111328;30.90999984741211;10.949565887451172;225.35308837890625;4849.18701171875;252.88034057617188;21.863807678222656;642.40478515625;446.7300109863281;145.30178833007812;531.5562133789062;17.621488571166992;316.2419738769531;66.33417510986328;86.33999633789062
2023-12-07;26.040103912353516;85.18811798095703;85.58645629882812;104.11000061035156;69.30842590332031;229.88699340820312;352.70001220703125;414.15521240234375;196.42298889160156;8867.4501953125;793.9795532226562;114.4677963256836;59.9261474609375;453.5318298339844;214.80519104003906;353.95001220703125;523.0800170898438;658.8862915039062;251.40663146972656;31.06999969482422;11.024691581726074;225.4410400390625;4845.3486328125;253.58689880371094;21.829999923706055;640.0292358398438;452.0;145.26229858398438;530.9901733398438;17.643415451049805;325.3471984863281;67.2757797241211;86.41999816894531
2023-12-08;26.22761344909668;85.7566909790039;85.76492309570312;103.73999786376953;68.80513763427734;231.45343017578125;353.0799865722656;412.1706848144531;197.2525634765625;8983.9453125;785.8057250976562;115.33389282226562;60.21728515625;455.75140380859375;213.78857421875;350.1499938964844;531.3499755859375;661.2598876953125;254.95077514648438;30.65999984741211;11.076340675354004;225.2944793701172;4931.701171875;254.80636596679688;21.8444881439209;642.9987182617188;453.760009765625;146.32879638671875;532.7774047851562;17.800893783569336;331.4837341308594;67.38367462158203;86.44499969482422
2023-12-11;26.169918060302734;85.6978759765625;87.34290313720703;104.5999984741211;69.44393157958984;232.97239685058594;357.05999755859375;420.4760437011719;200.80389404296875;9033.3076171875;781.3070068359375;117.40287780761719;60.023193359375;459.8222961425781;213.34439086914062;356.2900085449219;536.1199951171875;661.8533325195312;259.39581298828125;31.270000457763672;11.034082412719727;229.9258270263672;4991.18896484375;256.0549011230469;22.008697509765625;652.501220703125;459.8900146484375;145.49929809570312;536.3617553710938;17.80687141418457;324.04217529296875;67.913330078125;86.49500274658203
2023-12-12;25.78046989440918;86.03118133544922;87.23957824707031;104.91999816894531;69.94721221923828;233.0673370361328;360.0199890136719;423.5123596191406;199.5921630859375;9130.0576171875;786.8739624023438;117.4702377319336;59.246822357177734;459.9815673828125;214.72622680664062;357.7300109863281;545.0399780273438;653.7433471679688;260.3659973144531;31.809999465942383;10.98243236541748;229.29071044921875;4989.27001953125;258.74554443359375;22.003868103027344;656.6585693359375;463.0;145.47955322265625;539.588623046875;18.018169403076172;332.94818115234375;68.64895629882812;86.36000061035156
2023-12-13;25.22755241394043;87.011474609375;88.66728210449219;106.80000305175781;70.76021575927734;232.54519653320312;362.0299987792969;431.8970947265625;198.68801879882812;9203.11328125;793.489501953125;124.37007141113281;59.440914154052734;458.6478271484375;218.59535217285156;405.07000732421875;557.5599975585938;664.4247436523438;266.19049072265625;32.18000030517578;11.034082412719727;233.8634490966797;5029.56787109375;260.6618957519531;21.78653335571289;662.3004760742188;479.9800109863281;144.66978454589844;546.8464965820312;18.297245025634766;333.4661560058594;68.53125762939453;86.65499877929688
2023-12-14;24.982343673706055;89.30537414550781;88.92088317871094;107.86000061035156;68.42767333984375;226.89651489257812;358.1199951171875;434.3975830078125;195.89169311523438;9181.3935546875;789.255615234375;131.953125;61.96411895751953;439.61712646484375;220.16470336914062;406.6000061035156;554.1799926757812;656.9082641601562;273.7117614746094;32.720001220703125;11.104512214660645;242.57899475097656;5190.2314453125;262.1040344238281;20.999300003051758;675.2674560546875;469.8299865722656;140.75926208496094;534.9915771484375;18.422826766967773;331.9021301269531;71.0422134399414;86.62999725341797
2023-12-15;25.179471969604492;88.77601623535156;88.72362518310547;107.11000061035156;68.42767333984375;228.03573608398438;356.5;432.4130554199219;192.69456481933594;9082.669921875;787.7266235351562;130.02587890625;61.57593536376953;437.41741943359375;216.65093994140625;410.67999267578125;541.0700073242188;656.5125732421875;268.2940673828125;32.439998626708984;11.043473243713379;235.99346923828125;5196.10986328125;262.1523742675781;20.854412078857422;687.6404418945312;472.05999755859375;139.71249389648438;537.6921997070312;18.476648330688477;333.6455078125;70.24773406982422;87.01000213623047
2023-12-18;25.241975784301758;89.14852905273438;89.11811828613281;103.62999725341797;68.7761001586914;228.5104217529297;359.6499938964844;433.0382080078125;196.85177612304688;9155.7265625;789.696533203125;128.49571228027344;61.18775177001953;445.4497375488281;217.07533264160156;404.6499938964844;539.97998046875;670.6555786132812;265.10894775390625;32.810001373291016;10.98243236541748;236.79469299316406;5149.0859375;262.4814758300781;20.801284790039062;669.724365234375;486.1199951171875;139.43600463867188;539.10205078125;18.380966186523438;343.3085632324219;71.9642105102539;86.95999908447266
2023-12-19;25.121776580810547;89.5798568725586;89.48443603515625;105.26000213623047;68.76642608642578;230.21926879882812;361.79998779296875;433.2862548828125;198.49227905273438;9128.0830078125;793.3719482421875;129.53196716308594;61.62445831298828;445.93743896484375;221.14186096191406;403.1400146484375;545.7000122070312;674.8095092773438;267.0934143066406;33.63999938964844;11.104512214660645;238.91493225097656;5217.66259765625;263.75897216796875;20.748159408569336;669.9223022460938;495.0199890136719;139.49525451660156;537.7021484375;18.263357162475586;349.0267639160156;72.12112426757812;86.41000366210938
2023-12-20;25.352558135986328;89.93276977539062;87.59895324707031;100.87999725341797;67.1017074584961;229.98193359375;355.3500061035156;424.5244445800781;196.72125244140625;9163.6240234375;778.61181640625;126.35541534423828;62.59492492675781;443.87713623046875;217.3319549560547;400.25;539.7999877929688;687.3700561523438;261.427734375;32.63999938964844;11.043473243713379;235.01638793945312;5262.72705078125;259.5295104980469;20.931686401367188;672.4959106445312;489.2699890136719;137.4609832763672;531.1292724609375;17.956377029418945;347.9508361816406;71.03238677978516;86.54000091552734
2023-12-21;25.270824432373047;89.34458923339844;88.39885711669922;102.33000183105469;68.19539642333984;229.4123077392578;356.1400146484375;429.3469543457031;199.25660705566406;9137.955078125;785.6390380859375;126.82997131347656;62.01264572143555;450.5955810546875;219.26651000976562;400.6300048828125;552.6099853515625;692.6118774414062;266.6667785644531;34.70000076293945;11.066949844360352;238.40684509277344;5262.72705078125;263.0040588378906;20.917198181152344;675.6633911132812;491.6099853515625;135.86123657226562;536.4511108398438;18.490602493286133;352.7425231933594;73.87683868408203;86.9000015258789
2023-12-22;25.141008377075195;89.97198486328125;88.50360870361328;98.18000030517578;68.92127990722656;230.314208984375;356.4700012207031;431.4803161621094;199.75994873046875;9165.5986328125;783.7572631835938;128.2245330810547;61.91559982299805;452.07867431640625;221.11224365234375;405.25;554.0399780273438;687.468994140625;267.8971252441406;34.849998474121094;11.13737964630127;231.5575408935547;5217.66259765625;264.0686950683594;21.037939071655273;676.6532592773438;486.760009765625;136.5129852294922;538.98291015625;18.36701202392578;352.04522705078125;74.25935363769531;86.44999694824219
2023-12-27;25.05927085876465;90.28568267822266;89.30351257324219;94.51000213623047;69.88914489746094;229.45977783203125;356.95001220703125;436.6004333496094;201.16258239746094;9189.2919921875;790.8040771484375;129.9484100341797;63.12868118286133;455.353271484375;223.71798706054688;408.04998779296875;557.1099853515625;684.4030151367188;269.11761474609375;35.25;11.113903045654297;234.3422088623047;5272.5234375;266.8271179199219;20.91236686706543;677.9400634765625;491.7900085449219;138.09298706054688;539.87646484375;18.739774703979492;356.46832275390625;75.77967071533203;87.12000274658203
2023-12-28;25.05927085876465;90.03079986572266;89.58918762207031;95.2699966430664;70.35160827636719;228.46295166015625;357.57000732421875;438.4262390136719;201.6212158203125;9175.470703125;797.8803100585938;130.9265594482422;62.83753967285156;455.36322021484375;224.11280822753906;409.2699890136719;557.02001953125;690.5349731445312;268.3833312988281;35.22999954223633;11.104512214660645;235.06524658203125;5286.23828125;265.4140625;20.878559112548828;678.9298706054688;490.510009765625;137.89549255371094;542.2594604492188;18.867351531982422;356.9564514160156;75.21077728271484;88.05000305175781
2023-12-29;25.01599884033203;90.12882995605469;89.58918762207031;93.41000366210938;70.5171127319336;229.69711303710938;356.6600036621094;437.1164245605469;201.21990966796875;9155.7265625;789.3535766601562;129.09616088867188;61.7700309753418;460.817626953125;224.33981323242188;406.8900146484375;555.0499877929688;690.43603515625;268.5818176269531;34.900001525878906;11.146770477294922;234.0784149169922;5299.953125;266.6998291015625;21.008960723876953;674.7725830078125;486.8800048828125;137.73748779296875;541.286376953125;18.875324249267578;352.613037109375;75.03422546386719;88.12000274658203
2024-01-02;25.592960357666016;89.26616668701172;90.99854278564453;93.7699966430664;71.8898696899414;232.54519653320312;362.4599914550781;433.0183410644531;199.9109344482422;9023.4345703125;794.3422241210938;130.37452697753906;61.43036651611328;471.2088928222656;229.54141235351562;410.9100036621094;547.6900024414062;689.447021484375;273.18585205078125;34.459999084472656;11.15146541595459;235.6514892578125;5282.3193359375;266.37835693359375;21.21663475036621;657.54931640625;468.5;135.6242218017578;530.6824340820312;18.59824562072754;344.97222900390625;73.35699462890625;88.5250015258789
2024-01-03;26.006446838378906;88.85443878173828;90.86521911621094;88.69000244140625;71.34466552734375;230.26673889160156;366.75;426.5387878417969;192.43923950195312;8908.9140625;780.640625;126.40383911132812;60.411380767822266;478.0965270996094;223.75746154785156;410.7099914550781;535.0599975585938;695.8756713867188;269.9709777832031;33.29999923706055;11.113903045654297;232.27081298828125;5127.53369140625;263.8360595703125;21.525732040405273;638.8414306640625;470.260009765625;135.40696716308594;527.21728515625;18.414854049682617;343.1591491699219;75.13230895996094;88.33999633789062
2024-01-04;26.025680541992188;88.44271850585938;91.0937728881836;89.77999877929688;71.34466552734375;233.0673370361328;363.67999267578125;426.35028076171875;193.7100067138672;8895.0927734375;779.0528564453125;126.18109893798828;61.04218292236328;472.3335876464844;222.29666137695312;416.1499938964844;538.5;720.89794921875;270.9830322265625;33.0;11.297022819519043;230.47299194335938;5143.2080078125;263.24188232421875;21.699600219726562;639.831298828125;474.6700134277344;134.7354736328125;520.43603515625;18.14973258972168;345.799072265625;74.5143814086914;87.83999633789062
2024-01-05;25.96317481994629;87.91334533691406;90.75096130371094;86.45999908447266;71.15967559814453;231.54837036132812;365.5899963378906;424.6236877441406;190.318115234375;8865.4755859375;772.6920776367188;126.44258117675781;60.26580810546875;475.9565734863281;222.49407958984375;416.5;537.3599853515625;717.8319091796875;273.7017822265625;32.900001525878906;11.301717758178711;232.7007293701172;5149.0859375;263.1444396972656;21.670621871948242;637.653564453125;474.05999755859375;135.3674774169922;519.3438110351562;18.18362045288086;350.6107177734375;74.3868637084961;87.94999694824219
2024-01-08;25.98240852355957;88.40350341796875;91.69368743896484;104.02999877929688;71.7633056640625;232.1654510498047;368.17999267578125;428.8309631347656;191.19712829589844;8893.1181640625;787.2660522460938;128.97027587890625;60.459903717041016;474.4039001464844;223.0566864013672;419.1199951171875;543.9600219726562;712.0956420898438;279.3080139160156;33.290000915527344;11.264154434204102;235.64170837402344;5221.5810546875;265.7646789550781;21.772045135498047;646.7601318359375;485.0299987792969;137.04623413085938;525.7670288085938;18.418840408325195;357.295166015625;77.83943176269531;87.95999908447266
2024-01-09;25.939136505126953;89.01129150390625;91.02710723876953;100.12000274658203;71.79251861572266;231.21609497070312;366.8999938964844;426.8464050292969;188.31163024902344;8904.96484375;782.7869873046875;128.87342834472656;59.537960052490234;478.81317138671875;225.22813415527344;421.010009765625;553.0399780273438;715.1615600585938;277.16473388671875;32.349998474121094;11.118016242980957;233.9220733642578;5268.60400390625;261.13787841796875;21.743066787719727;647.8489379882812;482.0899963378906;137.5399932861328;528.4913940429688;18.361034393310547;356.0698547363281;75.63253784179688;87.5
2024-01-10;25.66988754272461;89.2465591430664;89.96057891845703;105.16000366210938;71.14994812011719;229.93446350097656;367.9200134277344;429.7835693359375;189.0186767578125;8976.046875;788.37353515625;129.33828735351562;59.68353271484375;481.430908203125;222.44471740722656;423.760009765625;554.239990234375;729.7991943359375;280.3102111816406;31.049999237060547;11.084585189819336;233.73643493652344;5301.9130859375;260.0372009277344;21.689939498901367;644.7803955078125;478.3299865722656;140.2655029296875;527.2783203125;19.166358947753906;369.0602111816406;76.75069427490234;87.38999938964844
2024-01-11;25.862207412719727;91.18755340576172;90.60811614990234;104.9000015258789;70.85787200927734;227.5135955810547;363.3399963378906;430.8353271484375;187.65235900878906;9023.4345703125;785.0902709960938;127.17862701416016;59.39239501953125;486.5568542480469;220.07589721679688;430.0799865722656;558.7100219726562;720.996826171875;280.3399658203125;29.989999771118164;11.003396987915039;232.11448669433594;5288.19775390625;257.7286376953125;21.598176956176758;642.3058471679688;492.2300109863281;140.10751342773438;529.3663940429688;19.39759063720703;368.2632751464844;78.1827163696289;87.37999725341797
2024-01-12;25.46795082092285;91.24637603759766;90.72237396240234;103.38999938964844;71.18888854980469;229.45977783203125;363.6199951171875;433.6236572265625;188.74159240722656;9066.8740234375;798.7919311523438;127.40135955810547;60.751041412353516;483.0533142089844;220.5792694091797;433.3999938964844;535.2899780273438;717.6341552734375;280.0025939941406;30.729999542236328;11.151446342468262;231.7138671875;5296.03466796875;257.28057861328125;21.738235473632812;642.7017822265625;492.1600036621094;143.05027770996094;531.1461791992188;19.883975982666016;373.06488037109375;77.7903823852539;87.69000244140625
2024-01-15;25.568920135498047;91.67770385742188;;;;229.55471801757812;;;;9092.5419921875;;;60.993656158447266;;;;;717.6341552734375;;;11.141894340515137;;5233.33642578125;;21.897615432739258;641.6129760742188;;142.7540283203125;;;;;87.57499694824219
2024-01-16;25.424678802490234;91.61888122558594;89.99866485595703;100.7300033569336;70.92601776123047;230.36166381835938;361.1000061035156;433.1770935058594;189.75439453125;9106.36328125;802.8101806640625;125.87118530273438;60.411380767822266;486.21844482421875;218.89144897460938;437.489990234375;520.0;723.4693603515625;278.6432189941406;31.219999313354492;11.032052040100098;229.388427734375;5235.296875;253.69602966308594;22.003868103027344;645.6712646484375;481.239990234375;142.77377319335938;534.2086791992188;19.567028045654297;366.0616760253906;77.9963607788086;87.08000183105469
2024-01-17;25.46314239501953;90.59937286376953;89.23685455322266;99.47000122070312;71.3641357421875;232.4502716064453;359.2900085449219;434.3479919433594;193.92974853515625;9035.28125;782.9535522460938;122.85926055908203;57.83964920043945;483.55096435546875;220.10549926757812;433.760009765625;515.47998046875;724.3594970703125;275.72601318359375;30.0;10.936535835266113;227.7371826171875;5233.33642578125;253.39405822753906;21.96040153503418;642.9987182617188;480.3299865722656;143.0107879638672;534.1290893554688;19.417524337768555;366.9681701660156;76.17201232910156;85.30000305175781
2024-01-18;24.684249877929688;89.30537414550781;88.74166870117188;100.5;70.98443603515625;232.92494201660156;362.3800048828125;436.20355224609375;193.86285400390625;9047.12890625;777.9354858398438;122.27819061279297;57.01475524902344;490.6974182128906;224.36941528320312;432.9800109863281;525.280029296875;724.2606201171875;282.61224365234375;30.0;10.759832382202148;227.8446502685547;5286.23828125;253.286865234375;22.110118865966797;669.1304321289062;485.30999755859375;145.4202880859375;538.85205078125;19.505233764648438;374.69866943359375;76.90763092041016;85.67500305175781
2024-01-19;24.487119674682617;89.65828704833984;87.91320037841797;101.3499984741211;70.92601776123047;234.63377380371094;366.989990234375;438.5353698730469;193.0507354736328;9023.4345703125;786.7073364257812;124.38944244384766;56.52952575683594;482.336669921875;223.214599609375;435.0199890136719;523.8200073242188;724.3594970703125;285.539306640625;30.670000076293945;10.716850280761719;223.9558868408203;5301.9130859375;253.881103515625;22.29364585876465;679.3257446289062;482.95001220703125;147.0200653076172;545.3646850585938;19.738460540771484;381.9908142089844;81.5960464477539;85.80500030517578
2024-01-22;24.645782470703125;89.59947204589844;88.01795196533203;102.08999633789062;71.18888854980469;237.19705200195312;368.05999755859375;441.0260009765625;194.21636962890625;9088.5927734375;786.2957153320312;124.67998504638672;57.01475524902344;485.0439453125;222.83953857421875;440.1099853515625;531.4299926757812;718.6231689453125;286.07513427734375;31.399999618530273;10.755056381225586;228.5188446044922;5431.2275390625;254.16354370117188;22.506149291992188;700.310302734375;485.7099914550781;148.46180725097656;546.7765502929688;19.852081298828125;380.3271484375;79.94086456298828;86.24500274658203
2024-01-23;24.61212730407715;89.36420440673828;87.41802978515625;101.98999786376953;72.44482421875;232.97239685058594;372.1400146484375;443.040283203125;194.88522338867188;9019.486328125;783.0908203125;123.97299194335938;56.28690719604492;483.1030578613281;223.74758911132812;439.70001220703125;531.52001953125;713.1835327148438;282.7015380859375;31.81999969482422;10.554473876953125;230.78565979003906;5272.5234375;256.41363525390625;22.453025817871094;699.9143676757812;492.19000244140625;147.4940643310547;549.6600952148438;19.68463706970215;383.7341613769531;81.21179962158203;86.21499633789062
2024-01-24;24.958303451538086;88.95246887207031;86.54193115234375;100.19999694824219;71.9969711303711;235.91542053222656;376.5899963378906;442.4548645019531;195.17184448242188;8954.3271484375;779.385986328125;121.48405456542969;56.91770935058594;482.73480224609375;220.45095825195312;427.55999755859375;520.2100219726562;717.040771484375;276.7678527832031;31.010000228881836;10.626110076904297;230.3948211669922;5335.22119140625;250.4913330078125;22.467514038085938;767.9161987304688;544.8699951171875;158.7516326904297;544.6488037109375;19.52516746520996;389.2132263183594;82.47289276123047;86.41999816894531
2024-01-25;24.8044490814209;88.932861328125;86.85618591308594;100.66000366210938;72.5324478149414;234.34898376464844;380.8500061035156;445.8682861328125;196.4521484375;8970.1240234375;799.0760498046875;122.22007751464844;56.62656784057617;484.05859375;223.7081298828125;429.9599914550781;522.4400024414062;715.9528198242188;283.8028564453125;31.100000381469727;10.573576927185059;233.37490844726562;5407.71630859375;256.8130187988281;22.453025817871094;803.5504150390625;562.0;158.7516326904297;548.5564575195312;19.33978271484375;391.68377685546875;81.81278228759766;86.875
2024-01-26;24.939071655273438;90.08961486816406;86.51336669921875;102.95999908447266;73.1555404663086;235.53567504882812;385.3999938964844;443.1495056152344;197.570068359375;8954.3271484375;794.832275390625;122.86894226074219;57.06327819824219;483.0035095214844;222.00057983398438;430.1700134277344;524.97998046875;723.9639282226562;281.23297119140625;30.920000076293945;10.47806167602539;235.11410522460938;5394.00146484375;255.1083984375;22.264667510986328;789.098876953125;570.4199829101562;158.00112915039062;546.5479125976562;19.014860153198242;392.6401672363281;82.97535705566406;86.93499755859375
2024-01-29;25.160240173339844;91.22676849365234;87.32279205322266;104.4000015258789;73.72022247314453;234.0641632080078;383.17999267578125;446.33465576171875;195.6591339111328;8800.31640625;815.198486328125;123.85678100585938;57.7911262512207;484.18798828125;224.19174194335938;435.82000732421875;532.0599975585938;737.5134887695312;284.5074157714844;32.22999954223633;10.525819778442383;235.3388214111328;5421.43115234375;254.3583526611328;22.226032257080078;796.6216430664062;575.7899780273438;159.9761505126953;552.7623291015625;19.379650115966797;399.49395751953125;82.17732238769531;87.54000091552734
2024-01-30;25.078502655029297;91.18755340576172;87.37993621826172;103.94000244140625;74.32384490966797;235.06100463867188;387.1499938964844;451.0479736328125;196.92987060546875;8887.1953125;824.822998046875;122.5396728515625;57.74260330200195;487.7313537597656;223.41201782226562;446.0799865722656;521.030029296875;739.986083984375;299.2522277832031;31.479999542236328;10.597455978393555;237.23435974121094;5525.275390625;252.5563507080078;22.095630645751953;793.1571655273438;562.8499755859375;160.39089965820312;558.3702392578125;19.415531158447266;398.5376281738281;83.54678344726562;86.98999786376953
2024-01-31;25.011192321777344;91.46204376220703;86.51336669921875;101.4800033569336;73.28209686279297;235.25086975097656;383.739990234375;444.8859558105469;196.6719207763672;8827.9599609375;813.2481079101562;122.69462585449219;58.81011199951172;497.5552673339844;219.41458129882812;433.3800048828125;515.0800170898438;766.2940063476562;302.53656005859375;30.959999084472656;10.673868179321289;233.81459045410156;5509.60107421875;249.0789337158203;21.970060348510742;790.0886840820312;564.1099853515625;158.79115295410156;533.940185546875;19.48529815673828;388.6553955078125;81.6551513671875;87.87999725341797
2024-02-01;24.842910766601562;90.48174285888672;88.8368911743164;100.80999755859375;74.51856231689453;232.8300018310547;386.44000244140625;453.6874084472656;196.62413024902344;8800.31640625;829.4784545898438;126.32636260986328;56.43247985839844;499.506103515625;221.3787384033203;433.8699951171875;527.280029296875;777.7667236328125;312.2209167480469;31.020000457763672;10.626110076904297;237.40045166015625;5535.07177734375;252.82908630371094;21.955570220947266;804.2433471679688;567.510009765625;160.27239990234375;542.699951171875;19.71254539489746;393.2777099609375;84.51229858398438;87.70500183105469
2024-02-02;25.112159729003906;91.18755340576172;88.55122375488281;98.18000030517578;74.83985137939453;233.44708251953125;390.75;450.5419006347656;197.35031127929688;8762.8017578125;826.6753540039062;125.17388916015625;56.09281539916992;502.0939636230469;218.66441345214844;424.67999267578125;527.1400146484375;772.8215942382812;307.02154541015625;30.540000915527344;10.554473876953125;239.04193115234375;5640.87451171875;251.4751434326172;21.90727424621582;810.4793090820312;564.6400146484375;161.5956573486328;546.48828125;19.64676284790039;473.1824645996094;85.04431915283203;87.94999694824219
2024-02-05;25.203510284423828;91.99139404296875;87.25614166259766;96.20999908447266;73.34052276611328;232.97239685058594;390.760009765625;448.0513000488281;195.69737243652344;8713.439453125;819.7559204101562;122.9076919555664;55.607582092285156;505.5676574707031;216.78909301757812;428.8900146484375;572.1199951171875;800.9097900390625;308.21221923828125;30.90999984741211;10.52104377746582;235.58309936523438;5631.07763671875;212.36630249023438;21.829999923706055;820.44482421875;562.0599975585938;162.4646759033203;542.779541015625;19.453405380249023;457.6617431640625;84.44332885742188;88.625
2024-02-06;25.03523063659668;92.91287994384766;87.28470611572266;99.0;73.26263427734375;235.53567504882812;393.739990234375;449.78778076171875;193.7482147216797;8709.490234375;821.3240356445312;126.38448333740234;54.976783752441406;504.5026550292969;219.39483642578125;416.1300048828125;567.0;804.5691528320312;304.4416809082031;31.239999771118164;10.315685272216797;245.7740020751953;5658.50830078125;212.39552307128906;21.892786026000977;826.791015625;555.8800048828125;164.32118225097656;542.19287109375;19.327821731567383;452.9896240234375;81.4581069946289;89.82499694824219
2024-02-07;24.794832229614258;92.83445739746094;87.07521057128906;99.97000122070312;72.64927673339844;232.8300018310547;397.6600036621094;456.1680908203125;196.30885314941406;8748.98046875;829.8704223632812;125.01892852783203;54.29745864868164;514.5654296875;220.8062744140625;419.0799865722656;572.3099975585938;813.1737060546875;304.89813232421875;31.59000015258789;10.191514015197754;242.42263793945312;5719.24755859375;209.7947540283203;21.593347549438477;842.8547973632812;559.2999877929688;165.9011993408203;545.5635986328125;19.387622833251953;467.8030090332031;82.50244140625;89.78500366210938
2024-02-08;25.193897247314453;93.5794906616211;84.76119995117188;104.30999755859375;72.78558349609375;231.5009002685547;397.489990234375;433.25653076171875;194.9138641357422;8679.873046875;838.2991943359375;127.50787353515625;54.394500732421875;491.92169189453125;219.90809631347656;423.05999755859375;573.6099853515625;804.8658447265625;303.0921936035156;31.479999542236328;10.143756866455078;244.19113159179688;5774.1083984375;214.20730590820312;21.419479370117188;847.9119873046875;558.530029296875;165.9011993408203;542.232666015625;19.21619415283203;468.2114562988281;83.54678344726562;89.73500061035156
2024-02-09;25.184280395507812;92.71682739257812;84.8659439086914;107.54000091552734;71.23756408691406;230.69395446777344;398.3599853515625;434.50677490234375;195.95533752441406;8723.3115234375;838.720703125;128.30201721191406;53.278472900390625;499.0084228515625;219.70082092285156;422.9100036621094;572.2100219726562;822.7671508789062;303.945556640625;31.799999237060547;10.210617065429688;246.00851440429688;5742.759765625;214.13909912109375;21.409822463989258;868.7354736328125;561.3200073242188;166.2172088623047;547.1246337890625;19.136459350585938;466.3286437988281;84.92608642578125;89.19499969482422
