Date;AD.AS;HEIA.AS;PM;ALV.DE;BRK-B;SPGI;KKR;CME;LSEG.L;EQIX;AED.BR;MDT;BAYN.DE;UNH;LH;VRTX;IDXX;NOVO-B.CO;HCA;DHL.DE;CMI;EOAN.DE;CRH.L;APD;DTE.DE;ASML.AS;NFLX;SAP.DE;0992.HK;SONY;META;DELL;EMSM.L
2023-09-25;27.876758575439453;83.79609680175781;87.77156066894531;217.73521423339844;361.7099914550781;368.4349670410156;63.07766342163086;191.8022003173828;8200.0712890625;718.1204223632812;52.065391540527344;77.35041046142578;46.1340446472168;502.6260986328125;205.62144470214844;350.6700134277344;437.239990234375;630.2046508789062;252.5050811767578;37.025089263916016;225.6183319091797;11.049951553344727;4373.35791015625;281.97650146484375;19.506940841674805;550.1171264648438;384.79998779296875;122.86563110351562;7.600464344024658;82.72095489501953;299.92694091796875;68.81987762451172;85.04499816894531
2023-09-26;27.722900390625;82.97264099121094;86.48946380615234;218.77951049804688;359.4200134277344;361.10516357421875;61.052825927734375;190.82815551757812;8190.19921875;696.2639770507812;51.77425003051758;76.36381530761719;45.496612548828125;497.86859130859375;202.6025390625;351.69000244140625;432.4200134277344;642.9630126953125;246.49307250976562;36.576934814453125;223.220947265625;10.953907012939453;4429.9052734375;279.14324951171875;19.314720153808594;538.1170043945312;379.25;119.46861267089844;7.456151485443115;80.76395416259766;298.06256103515625;67.73887634277344;84.43000030517578
2023-09-27;27.357494354248047;81.81587982177734;85.77718353271484;215.45675659179688;357.7799987792969;360.1033935546875;61.62851333618164;191.33425903320312;8158.6064453125;692.4155883789062;50.80378723144531;75.65774536132812;45.53645324707031;496.1744079589844;202.09939575195312;349.6499938964844;436.8599853515625;640.3916015625;245.30255126953125;36.15738296508789;224.09805297851562;10.809840202331543;4307.22509765625;277.7412109375;19.042329788208008;543.869140625;377.5899963378906;119.7451171875;7.552359580993652;82.00570678710938;296.84619140625;66.77581024169922;84.8949966430664
2023-09-28;27.472885131835938;81.07085418701172;88.36988067626953;216.97572326660156;357.05999755859375;365.52880859375;62.08509826660156;192.57571411132812;8134.91259765625;705.9974975585938;51.04640197753906;76.11234283447266;45.16793441772461;502.4488220214844;200.5307159423828;352.5;436.9800109863281;644.34765625;248.6657257080078;36.42436981201172;225.42343139648438;10.641761779785156;4431.82275390625;279.3087463378906;19.173694610595703;546.2493286132812;376.3599853515625;119.96236419677734;7.523497581481934;82.50604248046875;303.04754638671875;67.31631469726562;84.58499908447266
2023-09-29;27.424806594848633;81.81587982177734;87.92353057861328;214.27005004882812;350.29998779296875;362.4342346191406;61.142154693603516;191.20057678222656;8128.9892578125;711.1776733398438;52.25947952270508;75.79315185546875;45.26753616333008;496.6274719238281;198.3504180908203;347.739990234375;437.2699890136719;636.8311157226562;244.03268432617188;36.743797302246094;222.64596557617188;10.757015228271484;4353.23046875;277.6238098144531;19.191082000732422;554.4806518554688;377.6000061035156;121.2856216430664;7.7640180587768555;82.13726806640625;299.3088073730469;67.70940399169922;85.08000183105469
2023-10-02;27.14113426208496;80.6395263671875;86.81237030029297;211.42198181152344;348.0799865722656;363.7336120605469;60.53669357299805;191.1337432861328;8075.677734375;697.879638671875;52.210960388183594;75.22248077392578;44.68488693237305;506.851806640625;196.8804168701172;347.8299865722656;430.95001220703125;629.8090209960938;245.25296020507812;36.2098274230957;219.81002807617188;10.464078903198242;4305.30859375;273.391845703125;19.247106552124023;551.8030395507812;380.3299865722656;121.32512664794922;;81.3797836303711;305.89898681640625;66.53013610839844;85.00499725341797
2023-10-03;27.15555763244629;80.56109619140625;85.72970581054688;209.76060485839844;343.0400085449219;353.5174560546875;58.56148147583008;192.57571411132812;8034.2138671875;686.6185302734375;50.65821838378906;74.03277587890625;43.70383834838867;501.82830810546875;197.77821350097656;345.1499938964844;425.2099914550781;618.8308715820312;242.0485076904297;36.16691970825195;218.20199584960938;10.171142578125;4232.46728515625;276.046630859375;19.00948715209961;542.5797729492188;376.75;120.77212524414062;7.629326343536377;80.94123840332031;300.0366516113281;66.07807922363281;84.68499755859375
2023-10-04;27.391149520874023;81.11006927490234;86.73638916015625;208.5264434814453;343.69000244140625;359.3297424316406;59.32575607299805;194.0845489501953;7947.3359375;701.0621948242188;49.54218292236328;73.77161407470703;44.0872917175293;502.9610290527344;198.55760192871094;352.9700012207031;433.2099914550781;627.7320556640625;241.4334259033203;36.200294494628906;221.8663330078125;10.286396026611328;4255.4697265625;279.0736389160156;19.003690719604492;552.8939208984375;376.8999938964844;120.47586822509766;7.677431106567383;81.5492172241211;304.6626892089844;66.03877258300781;83.93000030517578
2023-10-05;27.607507705688477;82.03155517578125;87.35369873046875;209.5232696533203;345.05999755859375;358.3378601074219;59.97092819213867;198.05712890625;7976.953125;706.01708984375;49.78479766845703;73.65554809570312;43.693878173828125;508.48687744140625;198.0939178466797;355.1400146484375;430.5199890136719;628.8200073242188;243.48703002929688;36.510189056396484;219.6833038330078;10.363231658935547;4289.97412109375;274.15594482421875;19.146648406982422;543.869140625;372.5899963378906;120.61412048339844;7.677431106567383;82.58577728271484;303.8750915527344;65.04622650146484;83.33999633789062
2023-10-06;27.035356521606445;80.6983413696289;87.53414154052734;212.9409637451172;346.3399963378906;361.0952453613281;61.5689582824707;202.38307189941406;8081.6015625;708.6316528320312;49.83332061767578;73.62653350830078;43.89805603027344;516.938232421875;198.6858367919922;360.6199951171875;445.9800109863281;638.2156982421875;243.43743896484375;37.2443962097168;221.8273162841797;10.2767915725708;4431.82275390625;275.3315124511719;19.405517578125;556.5633544921875;381.510009765625;122.01637268066406;7.869847774505615;82.6954116821289;314.4831237792969;65.2624282836914;83.76499938964844
2023-10-09;27.069013595581055;80.6787338256836;87.66709899902344;211.23211669921875;345.45001220703125;363.485595703125;61.142154693603516;206.04055786132812;8050.00927734375;716.201171875;50.2700309753418;72.66895294189453;43.265602111816406;518.6126708984375;199.69215393066406;355.20001220703125;442.25;632.9739379882812;246.9791717529297;;222.2853546142578;10.425660133361816;4403.06884765625;278.47607421875;19.627681732177734;550.5137329101562;385.95001220703125;120.7128677368164;7.9660563468933105;83.2236557006836;317.404296875;66.01911926269531;83.04000091552734
2023-10-10;27.60270118713379;82.91382598876953;89.319580078125;213.8428497314453;348.55999755859375;366.57025146484375;61.60866165161133;206.35568237304688;8152.68310546875;723.4474487304688;50.90083312988281;73.68456268310547;44.58030319213867;516.3767700195312;199.85987854003906;360.57000732421875;450.70001220703125;642.9630126953125;251.0665740966797;37.368350982666016;223.36712646484375;10.636959075927734;4523.83251953125;282.0419006347656;19.782230377197266;567.3733520507812;373.32000732421875;122.60888671875;8.187335968017578;84.32998657226562;320.8739013671875;66.80530548095703;84.0
2023-10-11;27.76136589050293;83.12948608398438;88.46485137939453;215.45675659179688;348.42999267578125;368.87139892578125;62.631011962890625;207.3201904296875;8160.58056640625;738.7919921875;50.90083312988281;70.50233459472656;44.674922943115234;516.2683715820312;197.20599365234375;365.25;445.8800048828125;674.3150024414062;242.1378173828125;37.22532653808594;224.1955108642578;10.608145713806152;4510.41455078125;284.961181640625;19.849843978881836;562.4146118164062;365.92999267578125;123.28038024902344;8.196956634521484;85.17716979980469;326.8359680175781;69.12451171875;83.88999938964844
2023-10-12;26.66033363342285;82.52169799804688;87.24922943115234;215.029541015625;345.6600036621094;362.8409423828125;60.84438705444336;210.14683532714844;8186.24951171875;727.8931274414062;49.83332061767578;68.95475006103516;44.082313537597656;517.6572265625;195.21310424804688;368.0;428.30999755859375;702.4032592773438;233.10986328125;37.258697509765625;221.74935913085938;10.425660133361816;4594.75732421875;279.9651184082031;19.77256965637207;583.836181640625;361.20001220703125;124.07038879394531;8.437477111816406;86.29346466064453;323.1869201660156;67.8568115234375;84.4000015258789
2023-10-13;26.568981170654297;81.48258209228516;87.61962127685547;211.5169219970703;345.0899963378906;360.74810791015625;59.80219268798828;209.4974822998047;8107.26953125;727.2174682617188;48.387332916259766;69.60279846191406;43.38512420654297;531.3093872070312;198.85357666015625;371.0;426.17999267578125;708.6340942382812;235.5404510498047;37.12043762207031;221.92477416992188;10.540914535522461;4544.91796875;279.641845703125;19.70012664794922;568.86083984375;355.67999267578125;120.65361785888672;8.30278491973877;84.86820220947266;313.745361328125;66.86426544189453;84.45999908447266
2023-10-16;26.70841407775879;81.38455200195312;88.43636322021484;212.89349365234375;346.2300109863281;364.546875;59.89152526855469;208.96270751953125;8117.14208984375;735.8053588867188;48.620243072509766;69.3996810913086;43.41998291015625;529.9598999023438;198.6365203857422;374.0;429.54998779296875;699.1394653320312;237.52462768554688;37.20148849487305;222.44129943847656;10.564926147460938;4581.33935546875;281.2679748535156;19.666318893432617;564.8938598632812;360.82000732421875;121.12762451171875;8.01416015625;85.11737060546875;320.1859436035156;66.58909606933594;84.66500091552734
2023-10-17;26.56417465209961;80.992431640625;88.69277954101562;213.1782989501953;345.3900146484375;364.31878662109375;59.990779876708984;206.74722290039062;8089.4990234375;727.4916381835938;48.057373046875;70.42495727539062;43.02656936645508;528.6005859375;200.2248992919922;373.5;436.0899963378906;705.1724853515625;242.03860473632812;36.91543197631836;222.977294921875;10.560123443603516;4586.130859375;284.970947265625;19.65182876586914;568.1666870117188;355.7200012207031;121.77937316894531;8.27392292022705;85.42634582519531;323.02740478515625;66.7266845703125;84.3550033569336
2023-10-18;26.520902633666992;81.50218200683594;88.52183532714844;211.99160766601562;340.8900146484375;356.9691162109375;57.519287109375;206.2601776123047;7971.02978515625;717.7091064453125;47.358638763427734;70.31856536865234;42.354278564453125;528.0194702148438;199.04100036621094;367.54998779296875;425.32000732421875;704.9746704101562;240.5901641845703;36.6484489440918;218.21176147460938;10.545716285705566;4399.23486328125;277.604248046875;19.77256965637207;548.62939453125;346.19000244140625;119.6266098022461;7.4369096755981445;83.82167053222656;316.0185241699219;65.73413848876953;83.1500015258789
2023-10-19;26.458398818969727;81.83548736572266;86.16657257080078;210.04541015625;338.6600036621094;354.6481628417969;55.196678161621094;204.4744110107422;8121.09130859375;689.1939086914062;46.85399627685547;69.98002624511719;41.97580337524414;523.6558227539062;196.75216674804688;364.79998779296875;425.67999267578125;676.6886596679688;242.1179656982422;36.085872650146484;216.0579833984375;10.478485107421875;4402.12646484375;274.89068603515625;19.656660079956055;557.8526000976562;401.7699890136719;125.68990325927734;7.908330917358398;83.56253051757812;311.8710021972656;65.87171173095703;82.7699966430664
2023-10-20;26.174726486206055;81.01203918457031;87.90452575683594;206.390380859375;335.8599853515625;347.1794738769531;54.50188064575195;203.2234344482422;8123.06591796875;690.9662475585938;47.494503021240234;70.31856536865234;41.30849075317383;519.1248779296875;197.1763916015625;361.8599853515625;427.0;670.260009765625;239.22109985351562;35.661556243896484;213.61187744140625;10.468880653381348;4320.212890625;272.89227294921875;19.516599655151367;542.5797729492188;400.9599914550781;122.37187957763672;7.917951583862305;82.91468811035156;307.7234802246094;64.77108001708984;81.78500366210938
2023-10-23;26.3814697265625;81.32572937011719;86.34701538085938;206.77012634277344;336.8399963378906;347.3481140136719;54.81950378417969;203.98739624023438;8079.626953125;684.9244384765625;47.106319427490234;70.01870727539062;40.82046127319336;513.7467651367188;195.2722930908203;367.6600036621094;427.7200012207031;674.7106323242188;239.0325927734375;36.01435852050781;210.79541015625;10.492892265319824;4320.212890625;269.0717468261719;19.49728012084961;548.0343627929688;406.8399963378906;122.37187957763672;;82.83494567871094;313.0674133300781;64.77107238769531;80.96499633789062
2023-10-24;26.689180374145508;82.7177505493164;86.26153564453125;207.10240173339844;338.6300048828125;345.10650634765625;55.802146911621094;204.5985565185547;8142.810546875;689.52685546875;47.979736328125;69.60279846191406;41.11925506591797;517.1253662109375;195.98265075683594;369.3800048828125;430.7699890136719;674.4139404296875;228.29824829101562;35.771209716796875;213.62161254882812;10.656168937683105;4345.26904296875;271.58935546875;19.52625846862793;557.9517211914062;413.7300109863281;124.18889617919922;8.004539489746094;83.94127655029297;311.61175537109375;66.16452026367188;81.94999694824219
2023-10-25;26.780534744262695;83.83529663085938;85.50177764892578;209.00111389160156;336.8999938964844;346.28680419921875;54.47210693359375;204.43621826171875;8178.3515625;668.0718383789062;46.659908294677734;69.06114959716797;40.870262145996094;522.2571411132812;195.03553771972656;363.0400085449219;412.67999267578125;684.7986450195312;223.575927734375;35.07037353515625;213.01739501953125;10.660970687866211;4296.12109375;268.8856201171875;19.787059783935547;556.0674438476562;411.25;123.43838500976562;8.591410636901855;82.42630004882812;298.630859375;65.56168365478516;81.48500061035156
2023-10-26;26.84303855895996;82.69815063476562;85.19786834716797;208.43150329589844;336.1600036621094;345.4239196777344;54.16440963745117;205.72540283203125;8200.0712890625;704.5678100585938;46.83458709716797;68.06488800048828;40.59636306762695;520.4348754882812;203.155029296875;361.2799987792969;397.42999267578125;669.0731811523438;220.0540313720703;34.67466735839844;212.54962158203125;10.670574188232422;4276.84765625;272.0008239746094;19.690467834472656;555.96826171875;403.5400085449219;123.22113800048828;8.726101875305176;80.70203399658203;287.48443603515625;63.75315475463867;80.91000366210938
2023-10-27;27.01131820678711;81.79627227783203;83.0705337524414;207.5296173095703;331.7099914550781;339.69097900390625;53.697898864746094;199.6137237548828;8103.32080078125;695.63720703125;47.164546966552734;67.15568542480469;40.34736633300781;516.7904663085938;196.2884979248047;355.2799987792969;391.3699951171875;652.9521484375;223.50648498535156;34.82246017456055;209.7624053955078;10.670574188232422;4163.13134765625;270.5215759277344;19.690467834472656;555.5716552734375;397.8699951171875;123.45813751220703;8.803068161010742;79.77510833740234;295.8392639160156;65.18614196777344;81.08000183105469
2023-10-30;27.218061447143555;82.7177505493164;84.89396667480469;209.8555450439453;337.4100036621094;342.2598876953125;54.6507682800293;201.8101043701172;8138.86181640625;700.474609375;47.533321380615234;67.67798614501953;40.516685485839844;522.0404663085938;195.4992218017578;357.45001220703125;396.3900146484375;670.260009765625;221.57192993164062;34.90827941894531;212.12081909179688;10.651366233825684;4243.11767578125;274.9788513183594;19.777400970458984;547.4393920898438;410.0799865722656;124.03089141845703;9.245627403259277;81.469482421875;301.75146484375;65.65062713623047;81.73500061035156
2023-10-31;26.924774169921875;83.07066345214844;84.67552947998047;209.713134765625;341.3299865722656;346.4653625488281;54.988243103027344;203.84417724609375;8174.40283203125;714.4874877929688;49.93037033081055;68.2486572265625;40.49676513671875;527.52685546875;197.0481414794922;362.1099853515625;399.4700012207031;669.5676879882812;224.34974670410156;35.05130386352539;210.79541015625;10.776224136352539;4260.46435546875;276.6833801269531;19.777400970458984;560.6295166015625;411.69000244140625;125.15664672851562;8.754964828491211;82.775146484375;300.3656311035156;66.125;81.12999725341797
2023-11-01;27.30941390991211;83.07066345214844;84.5330810546875;212.89349365234375;343.75;348.538330078125;56.5267219543457;201.41856384277344;8255.357421875;723.7803955078125;51.77425003051758;68.52915954589844;40.108333587646484;523.6262817382812;201.21145629882812;369.3299865722656;395.3500061035156;680.1502075195312;223.575927734375;35.05130386352539;212.50088500976562;10.949104309082031;4370.32470703125;277.63360595703125;20.043031692504883;568.0369262695312;420.19000244140625;126.22315979003906;8.601031303405762;84.74859619140625;310.9139099121094;67.86434173583984;81.80000305175781
2023-11-02;27.381532669067383;84.03136444091797;86.36600494384766;212.2764129638672;349.0199890136719;372.858642578125;58.2835693359375;202.99424743652344;8253.3818359375;747.3406982421875;54.49155044555664;69.7285385131836;41.11427688598633;528.0884399414062;202.40524291992188;376.54998779296875;419.44000244140625;701.7109375;226.1156768798828;36.02389144897461;212.39369201660156;10.953907012939453;4465.72998046875;283.717041015625;20.64673614501953;591.3032836914062;424.7099914550781;128.49441528320312;8.937760353088379;86.27352905273438;309.9367980957031;67.8445816040039;83.26499938964844
2023-11-03;27.237293243408203;85.20771789550781;86.91683197021484;209.80807495117188;351.80999755859375;379.78179931640625;60.635948181152344;199.22216796875;8188.2236328125;754.7534790039062;56.14133834838867;70.18315124511719;41.89114761352539;522.9368896484375;207.39727783203125;376.20001220703125;429.29998779296875;676.3919677734375;229.01254272460938;35.98098373413086;220.13162231445312;10.92029094696045;4458.0205078125;287.2240905761719;20.661224365234375;594.2861938476562;432.3599853515625;127.6649169921875;9.149418830871582;87.13068389892578;313.6556091308594;68.69449615478516;83.55500030517578
2023-11-06;27.251718521118164;84.93323516845703;86.39450073242188;209.95046997070312;346.6300048828125;381.517578125;58.93865966796875;203.44305419921875;8207.96875;745.9012451171875;54.78268814086914;71.01497650146484;41.89114761352539;525.4584350585938;206.72640991210938;385.760009765625;423.0199890136719;693.403076171875;229.17127990722656;35.470855712890625;214.40126037597656;10.81944465637207;4456.09326171875;285.36279296875;20.622589111328125;588.3204345703125;434.739990234375;127.1119155883789;9.303352355957031;86.40310668945312;314.8520202636719;71.12562561035156;84.37999725341797
2023-11-07;27.49211883544922;85.07048034667969;86.68890380859375;207.7669677734375;346.1700134277344;381.438232421875;61.87665939331055;202.79371643066406;8346.18359375;742.2584838867188;54.394500732421875;70.10576629638672;41.597328186035156;529.7628784179688;204.89495849609375;378.25;422.4700012207031;697.95263671875;231.2645721435547;35.40410614013672;214.05043029785156;10.910686492919922;4517.76904296875;249.273681640625;20.506677627563477;595.6781616210938;434.6099853515625;130.1139373779297;9.207144737243652;87.46955871582031;317.86297607421875;70.76985168457031;85.32499694824219
2023-11-08;25.5112247467041;84.59993743896484;85.66322326660156;209.57073974609375;346.29998779296875;383.23345947265625;61.946144104003906;202.97515869140625;8405.4189453125;744.158203125;54.34598159790039;69.36099243164062;41.263675689697266;528.6793823242188;203.77627563476562;376.9599914550781;427.7300109863281;707.447265625;229.71693420410156;36.41960144042969;211.9551239013672;10.824247360229492;4593.900390625;254.63217163085938;20.60809898376465;596.572998046875;436.6499938964844;131.5161895751953;8.851173400878906;87.25028991699219;318.8200378417969;71.62964630126953;85.13999938964844
2023-11-09;25.852590560913086;84.81560516357422;85.2833480834961;211.042236328125;348.17999267578125;384.5228576660156;61.83695602416992;206.6326141357422;8427.1376953125;741.2890625;55.99576950073242;67.79405212402344;41.637168884277344;530.915283203125;202.23193359375;368.57000732421875;418.75;687.8645629882812;225.75851440429688;37.172882080078125;209.95730590820312;10.93950080871582;4675.81396484375;258.60943603515625;20.78679656982422;600.0530395507812;435.1499938964844;133.03695678710938;8.735723495483398;81.45951843261719;319.5877380371094;71.3924560546875;84.92500305175781
2023-11-10;25.722776412963867;83.05106353759766;85.18836975097656;210.75743103027344;350.55999755859375;390.7616882324219;63.07766342163086;207.3297119140625;8444.908203125;751.3360595703125;55.316444396972656;68.36473083496094;39.99379348754883;533.0922241210938;202.72691345214844;373.6499938964844;428.7300109863281;684.0073852539062;230.9768829345703;37.153812408447266;213.44619750976562;10.997126579284668;4639.19384765625;260.0494384765625;20.704692840576172;604.52734375;447.239990234375;133.17520141601562;8.70686149597168;85.65558624267578;327.7830810546875;72.63768005371094;85.0250015258789
2023-11-13;25.96317481994629;83.60002899169922;85.4732894897461;210.1878204345703;350.010009765625;391.5948181152344;63.494544982910156;207.3011016845703;8340.2607421875;746.7042236328125;53.618133544921875;69.7188720703125;40.08841323852539;534.4317626953125;202.36062622070312;378.9200134277344;432.3900146484375;685.8865966796875;228.1692657470703;37.42556381225586;211.89666748046875;10.862665176391602;4674.85009765625;259.62823486328125;20.90753746032715;609.0016479492188;444.6199951171875;133.72821044921875;9.110936164855957;83.0542221069336;328.2018127441406;72.9045181274414;84.70999908447266
2023-11-14;26.073759078979492;83.99214935302734;85.85316467285156;213.13082885742188;354.25;400.62066650390625;66.13477325439453;202.2207489013672;8215.8662109375;774.0305786132812;57.5970344543457;70.212158203125;40.476844787597656;532.353515625;205.95423889160156;369.95001220703125;454.25;675.3040161132812;235.69918823242188;38.33617401123047;217.30540466308594;10.97791862487793;4733.634765625;262.9393310546875;20.815773010253906;617.7513427734375;448.6499938964844;134.55770874023438;9.072453498840332;84.78845977783203;335.3004455566406;73.02310180664062;85.19499969482422
2023-11-15;25.838167190551758;83.69805145263672;87.11627197265625;213.13082885742188;356.7900085449219;398.7857666015625;65.9164047241211;201.55226135253906;8279.05078125;769.0773315429688;56.86918640136719;71.5953140258789;40.92504119873047;530.3341674804688;207.8153839111328;349.3399963378906;460.55999755859375;666.6006469726562;239.16156005859375;38.5125732421875;218.0558319091797;10.838653564453125;4627.62939453125;268.04315185546875;20.680543899536133;624.2142333984375;461.94000244140625;135.54522705078125;9.409181594848633;86.83168029785156;331.71124267578125;72.08425903320312;85.4749984741211
2023-11-16;25.746814727783203;81.81587982177734;86.68890380859375;214.697265625;359.8599853515625;400.69012451171875;65.70246887207031;202.63136291503906;8308.66796875;768.4569702148438;55.70463180541992;72.42715454101562;40.43700408935547;531.7230834960938;208.6172637939453;343.0;466.6400146484375;670.9523315429688;238.51669311523438;38.598388671875;217.7342071533203;11.05955696105957;4604.5009765625;268.0235900878906;20.733671188354492;621.9273681640625;466.95001220703125;134.7354736328125;9.159040451049805;87.31008911132812;333.1867980957031;71.6889419555664;85.22000122070312
2023-11-17;25.602575302124023;81.58061218261719;87.32520294189453;216.92825317382812;358.92999267578125;404.7964172363281;66.58805847167969;203.80593872070312;8440.958984375;762.8145141601562;56.62656784057617;72.31107330322266;41.28359603881836;528.2459716796875;209.5973358154297;350.5;463.69000244140625;686.677734375;244.42953491210938;38.63176345825195;219.7612762451172;11.09797477722168;4644.9755859375;264.48712158203125;20.82060432434082;625.1090698242188;465.9100036621094;135.50572204589844;9.274490356445312;87.35992431640625;334.0342712402344;72.73650360107422;85.74500274658203
2023-11-20;25.439102172851562;81.22769927978516;87.73358154296875;217.21307373046875;361.3299865722656;408.18853759765625;67.75225067138672;202.44992065429688;8535.7353515625;772.3663940429688;57.11180114746094;72.69798278808594;33.86848449707031;527.0738525390625;208.9835662841797;356.8399963378906;472.92999267578125;695.3811645507812;246.44346618652344;39.03224182128906;218.45538330078125;11.088369369506836;4570.77197265625;266.6031188964844;20.883390426635742;626.1033325195312;474.4700012207031;138.1719970703125;9.47652816772461;87.25028991699219;338.9494934082031;72.49932098388672;86.13999938964844
2023-11-21;25.520841598510742;81.32572937011719;88.13245391845703;218.6845703125;361.0;410.3905334472656;67.88160705566406;205.8495635986328;8571.275390625;776.2855834960938;55.267921447753906;76.04463195800781;33.84856414794922;531.49658203125;210.24081420898438;354.7799987792969;477.7099914550781;693.0075073242188;246.59225463867188;38.994102478027344;218.10455322265625;11.088369369506836;4696.05126953125;270.70770263671875;20.854412078857422;622.1262817382812;474.95001220703125;137.697998046875;9.159040451049805;86.50276947021484;335.9684753417969;72.75627899169922;85.72000122070312
2023-11-22;25.6987361907959;82.54130554199219;89.10115051269531;219.30165100097656;361.79998779296875;411.7195739746094;68.11046600341797;206.60397338867188;8754.9033203125;782.2235717773438;56.48100280761719;75.80282592773438;32.683258056640625;535.6039428710938;209.47854614257812;353.2300109863281;478.3299865722656;694.4910278320312;251.00701904296875;39.20387649536133;220.4513397216797;11.141194343566895;4737.48974609375;268.6799011230469;20.999300003051758;629.6828002929688;478.0;139.39649963378906;9.236007690429688;87.30011749267578;340.4648742675781;73.8038330078125;85.93499755859375
2023-11-23;25.75642967224121;82.01194763183594;;220.53582763671875;;;;;8772.673828125;;56.43247985839844;;32.817718505859375;;;;;701.5130615234375;;39.26585388183594;;11.21803092956543;4714.36083984375;;21.0572566986084;626.2028198242188;;140.71975708007812;9.293731689453125;;;;85.75
2023-11-24;25.862207412719727;82.34524536132812;89.59500122070312;220.91555786132812;362.67999267578125;411.7195739746094;68.85674285888672;207.4061279296875;8745.03125;782.8636474609375;56.09281539916992;76.38317108154297;32.51394271850586;538.8938598632812;210.58731079101562;353.0400085449219;478.17999267578125;708.8318481445312;250.18359375;39.69016647338867;221.4136505126953;11.323678970336914;4732.67138671875;268.9051818847656;21.15384864807129;628.6885375976562;479.55999755859375;139.3175048828125;9.168660163879395;86.35326385498047;337.2146911621094;73.5370101928711;85.34500122070312
2023-11-27;25.679502487182617;81.77666473388672;89.319580078125;218.8269805908203;361.3399963378906;409.7812805175781;68.71745300292969;206.96682739257812;8784.5205078125;784.261962890625;56.77214050292969;76.41218566894531;31.53289794921875;535.4365844726562;210.6269073486328;350.19000244140625;479.6300048828125;702.2053833007812;249.38002014160156;39.852264404296875;220.35316467285156;11.419724464416504;4753.87255859375;266.1329345703125;21.20697593688965;625.0096435546875;479.1700134277344;139.8310089111328;9.361078262329102;86.66223907470703;333.6952819824219;73.58641815185547;85.1050033569336
2023-11-28;25.46314239501953;81.58061218261719;89.41455078125;218.87445068359375;360.04998779296875;410.5069274902344;69.03585815429688;206.21243286132812;8800.3173828125;784.7542724609375;56.43247985839844;76.05430603027344;30.43233299255371;532.4224853515625;210.20123291015625;347.0400085449219;470.79998779296875;680.3480834960938;244.69737243652344;40.24797439575195;219.70509338378906;11.510966300964355;4726.8896484375;262.9295349121094;21.129701614379883;616.1605224609375;479.0;140.75926208496094;9.458084106445312;86.94131469726562;337.9723815917969;73.16146850585938;85.61499786376953
2023-11-29;25.328519821166992;81.09046173095703;88.93970489501953;219.30165100097656;358.69000244140625;412.1569519042969;74.3692626953125;205.16197204589844;8796.3681640625;795.970458984375;56.67509460449219;76.27677154541016;30.546871185302734;526.9556274414062;211.94357299804688;351.0;466.739990234375;681.8316040039062;247.108154296875;40.91543960571289;219.90147399902344;11.501362800598145;4744.2353515625;261.0487060546875;21.18765640258789;625.6062622070312;477.19000244140625;142.73426818847656;9.312575340270996;85.81504821777344;331.20281982421875;74.17937469482422;85.51499938964844
2023-11-30;25.540071487426758;82.2472152709961;88.6642837524414;218.9219207763672;360.0;413.33978271484375;75.46380615234375;208.52342224121094;8792.4189453125;802.5682373046875;55.850196838378906;76.67333984375;31.234102249145508;544.6757202148438;214.7353057861328;354.80999755859375;465.82000732421875;687.8645629882812;248.49705505371094;41.039398193359375;220.10769653320312;11.462944984436035;4804.94775390625;265.03570556640625;21.226295471191406;619.441650390625;473.9700012207031;143.66253662109375;9.361077308654785;85.6655502319336;326.1679382324219;74.9798812866211;85.78500366210938
2023-12-01;25.467952728271484;81.75707244873047;89.319580078125;223.33642578125;357.07000732421875;419.4728698730469;74.49862670898438;209.65025329589844;8877.322265625;811.83447265625;56.72361755371094;77.36975860595703;30.985105514526367;540.7915649414062;216.774658203125;351.1600036621094;482.6000061035156;691.0294799804688;250.36216735839844;41.95000457763672;222.21881103515625;11.554186820983887;4856.9873046875;267.0831298828125;21.487096786499023;633.8588256835938;465.739990234375;144.86729431152344;9.302874565124512;85.85491943359375;323.844970703125;71.08610534667969;85.8550033569336
2023-12-04;25.67469596862793;82.69815063476562;88.25592041015625;223.19403076171875;356.6600036621094;421.6497802734375;74.84689331054688;209.8794708251953;8875.34765625;809.7764892578125;57.64555740356445;77.14730072021484;30.701250076293945;541.8984985351562;219.77427673339844;350.6300048828125;516.6099853515625;684.600830078125;255.1043701171875;41.80698013305664;227.0007781982422;11.573395729064941;4845.42333984375;264.64385986328125;21.588518142700195;626.9981689453125;453.8999938964844;144.49205017089844;9.58419132232666;85.03763580322266;319.0593566894531;68.50672149658203;85.82499694824219
2023-12-05;26.083375930786133;82.69815063476562;87.88552856445312;226.6591796875;355.0299987792969;420.6159973144531;75.06580352783203;208.5043182373047;8825.9853515625;808.9393920898438;59.246822357177734;76.23809051513672;31.577716827392578;543.8555297851562;214.84422302246094;354.1499938964844;518.9500122070312;679.5568237304688;250.510986328125;42.493507385253906;224.53614807128906;11.683847427368164;4855.06005859375;256.6795654296875;21.820341110229492;639.6256713867188;455.1499938964844;145.30178833007812;8.60443115234375;86.11405944824219;317.3345642089844;68.47706604003906;85.98500061035156
2023-12-06;25.847782135009766;84.01174926757812;86.51795959472656;228.7477569580078;352.3800048828125;416.1528625488281;74.35932159423828;204.5985565185547;8808.21484375;795.9606323242188;60.605472564697266;76.45087432861328;32.25996780395508;543.134033203125;215.68568420410156;353.4599914550781;521.5599975585938;671.0512084960938;250.39193725585938;42.77956771850586;226.4705352783203;11.837518692016602;4870.478515625;255.9546661376953;21.863807678222656;645.2931518554688;446.7300109863281;145.30178833007812;9.467784881591797;88.1074447631836;316.4970703125;66.8365478515625;86.33999633789062
2023-12-07;26.040103912353516;85.18811798095703;86.53695678710938;229.88699340820312;352.70001220703125;414.88055419921875;75.11555480957031;202.275634765625;8867.44921875;797.7429809570312;59.9261474609375;76.94417572021484;31.70221519470215;541.888671875;215.44808959960938;353.95001220703125;523.0800170898438;658.8862915039062;251.93959045410156;43.19434356689453;226.55889892578125;11.909552574157715;4866.62353515625;256.6697998046875;21.829999923706055;642.9067993164062;452.0;145.26229858398438;9.25437068939209;88.21707916259766;325.609619140625;67.7852783203125;86.41999816894531
2023-12-08;26.227615356445312;85.7566909790039;86.71739959716797;231.45343017578125;353.0799865722656;412.89251708984375;76.56830596923828;203.12994384765625;8983.9453125;789.5303344726562;60.21728515625;76.75072479248047;31.76695442199707;543.3712158203125;214.4284210205078;350.1499938964844;531.3499755859375;661.2598876953125;255.49124145507812;43.761688232421875;226.41162109375;11.991189956665039;4953.35546875;257.904052734375;21.8444881439209;645.8897094726562;453.760009765625;146.32879638671875;9.273773193359375;89.00446319580078;331.7511291503906;67.89399719238281;86.44499969482422
2023-12-11;26.169918060302734;85.6978759765625;88.31290435791016;232.97239685058594;357.05999755859375;421.2124328613281;76.846923828125;206.78707885742188;9033.3076171875;785.0103149414062;60.023193359375;77.10860443115234;31.36357879638672;537.3521118164062;213.98292541503906;356.2900085449219;536.1199951171875;661.8533325195312;259.9457092285156;43.90471267700195;231.06593322753906;11.92876148223877;5013.10498046875;259.1678466796875;22.008697509765625;655.4349365234375;459.8900146484375;145.49929809570312;9.564789772033691;89.03436279296875;324.3035583496094;68.42765808105469;86.49500274658203
2023-12-12;25.78046989440918;86.03118133544922;88.20842742919922;233.0673370361328;360.0199890136719;424.25408935546875;77.15538024902344;205.53924560546875;9130.056640625;790.6036987304688;59.246822357177734;77.4568099975586;31.214181900024414;539.3682861328125;215.36888122558594;357.7300109863281;545.0399780273438;653.7433471679688;260.9179382324219;44.10018539428711;230.42767333984375;11.957574844360352;5011.177734375;261.8911437988281;22.003868103027344;659.6109008789062;463.0;145.47955322265625;9.516287803649902;90.09085845947266;333.2167053222656;69.16886138916016;86.36000061035156
2023-12-13;25.227550506591797;87.011474609375;89.6519775390625;232.54519653320312;362.0299987792969;432.6534729003906;79.18526458740234;204.60816955566406;9203.11328125;797.2506103515625;59.440914154052734;79.21720886230469;30.935306549072266;542.6199951171875;219.2495880126953;405.07000732421875;557.5599975585938;664.4247436523438;266.7547912597656;43.952392578125;235.02308654785156;12.063224792480469;5051.65234375;263.830810546875;21.78653335571289;665.2783203125;479.9800109863281;144.66978454589844;9.652095794677734;91.48622131347656;333.7351379394531;69.0502700805664;86.65499877929688
2023-12-14;24.982343673706055;89.30537414550781;89.90839385986328;226.89651489257812;358.1199951171875;435.1584167480469;82.5982437133789;201.72853088378906;9181.39453125;792.9965209960938;61.96411895751953;80.69707489013672;31.76695442199707;528.0219116210938;220.82363891601562;406.6000061035156;554.1799926757812;656.9082641601562;274.2920227050781;43.48040008544922;243.78182983398438;12.135257720947266;5213.021484375;265.2904357910156;20.999300003051758;678.3035278320312;469.8299865722656;140.75926208496094;9.991617202758789;92.1141357421875;332.1698913574219;71.58023834228516;86.62999725341797
2023-12-15;25.179471969604492;88.77601623535156;89.70895385742188;228.03573608398438;356.5;433.17034912109375;83.39427947998047;198.43612670898438;9082.6689453125;791.4603271484375;61.57593536376953;79.90393829345703;31.976110458374023;524.9382934570312;217.29934692382812;410.67999267578125;541.0700073242188;656.5126342773438;268.8628234863281;44.023902893066406;237.16366577148438;12.02480697631836;5218.92529296875;265.33941650390625;20.854412078857422;690.732177734375;472.05999755859375;139.71249389648438;9.933412551879883;92.38324737548828;333.91461181640625;70.77974700927734;87.01000213623047
2023-12-18;25.241975784301758;89.14852905273438;90.10783386230469;228.5104217529297;359.6499938964844;433.7966003417969;84.05101013183594;202.71719360351562;9155.7255859375;793.4396362304688;61.18775177001953;80.33920288085938;31.981090545654297;520.4214477539062;217.7250213623047;404.6499938964844;539.97998046875;670.6555786132812;265.67095947265625;43.61865997314453;237.96885681152344;11.751078605651855;5171.6953125;265.6724853515625;20.801284790039062;672.7355346679688;486.1199951171875;139.43600463867188;9.91401195526123;91.90483093261719;343.58551025390625;72.50920867919922;86.95999908447266
2023-12-19;25.121776580810547;89.5798568725586;90.47821807861328;230.21926879882812;361.79998779296875;434.04510498046875;84.26991271972656;204.4065704345703;9128.0830078125;797.1324462890625;61.62445831298828;80.04659271240234;32.06575012207031;517.9406127929688;221.80372619628906;403.1400146484375;545.7000122070312;674.8095092773438;267.6596374511719;43.628196716308594;240.099609375;11.78469467163086;5240.57275390625;266.9655456542969;20.748159408569336;672.934326171875;495.0199890136719;139.49525451660156;9.952814102172852;91.31678771972656;349.3082580566406;72.66732788085938;86.41000366210938
2023-12-20;25.35256004333496;89.93276977539062;88.57179260253906;229.98193359375;355.3500061035156;425.2679443359375;81.62310791015625;202.58282470703125;9163.6240234375;782.3023681640625;62.59492492675781;78.6225814819336;32.4243049621582;509.9250183105469;217.982421875;400.25;539.7999877929688;687.3701171875;261.9819030761719;42.784332275390625;236.18173217773438;11.80870532989502;5285.83447265625;262.68463134765625;20.931686401367188;675.51953125;489.2699890136719;137.4609832763672;10.069221496582031;89.7818832397461;348.2315368652344;71.57035064697266;86.54000091552734
2023-12-21;25.270824432373047;89.34458923339844;89.38058471679688;229.4123077392578;356.1400146484375;430.0988464355469;81.44400787353516;205.1936798095703;9137.955078125;789.3628540039062;62.01264572143555;79.93930053710938;32.484066009521484;513.8290405273438;219.9227752685547;400.6300048828125;552.6099853515625;692.6118774414062;267.2320861816406;42.86061477661133;239.58900451660156;11.765485763549805;5285.83447265625;266.2014465332031;20.917198181152344;678.7012329101562;491.6099853515625;135.86123657226562;10.088622093200684;92.45301055908203;353.027099609375;74.43632507324219;86.9000015258789
2023-12-22;25.141008377075195;89.97198486328125;89.48649597167969;230.314208984375;356.4700012207031;432.2359619140625;81.5136489868164;205.71202087402344;9165.59765625;787.47216796875;61.91559982299805;79.90028381347656;32.57370376586914;514.2540283203125;221.77403259277344;405.25;554.0399780273438;687.4689331054688;268.4650573730469;43.0942268371582;232.7057342529297;11.813508033752441;5240.57275390625;267.279052734375;21.037939071655273;679.6954956054688;486.760009765625;136.5129852294922;9.991617202758789;91.8350601196289;352.32916259765625;74.8217544555664;86.44999694824219
2023-12-27;25.05927085876465;90.28568267822266;90.29528045654297;229.45977783203125;356.95001220703125;437.3651123046875;82.92660522460938;207.1564483642578;9189.29296875;794.5523681640625;63.12868118286133;80.38795471191406;33.330650329589844;516.7052001953125;224.38755798339844;408.04998779296875;557.1099853515625;684.4030151367188;269.6881408691406;42.84154510498047;235.5042266845703;11.698254585266113;5295.67431640625;270.0709533691406;20.91236686706543;680.9880981445312;491.7900085449219;138.09298706054688;10.36023998260498;93.6988754272461;356.7558288574219;76.35356903076172;87.12000274658203
2023-12-28;25.05927085876465;90.03079986572266;90.5841293334961;228.46295166015625;357.57000732421875;439.1940612792969;83.16542053222656;207.6287384033203;9175.470703125;801.6622314453125;62.83753967285156;80.6903305053711;33.355552673339844;518.7906494140625;224.78353881835938;409.2699890136719;557.02001953125;690.5349731445312;268.9523010253906;42.62223434448242;236.23085021972656;11.655034065246582;5309.44970703125;268.6407165527344;20.878559112548828;681.982421875;490.510009765625;137.89549255371094;10.631855964660645;94.33676147460938;357.2443542480469;75.7803726196289;88.05000305175781
2023-12-29;25.016000747680664;90.12882995605469;90.5841293334961;229.69711303710938;356.6600036621094;437.8819885253906;82.43903350830078;207.21551513671875;9155.7255859375;793.0950927734375;61.7700309753418;80.34894561767578;33.494991302490234;520.3423461914062;225.01121520996094;406.8900146484375;555.0499877929688;690.43603515625;269.15118408203125;42.7700309753418;235.23912048339844;11.669440269470215;5323.22509765625;269.9421081542969;21.008960723876953;677.806396484375;486.8800048828125;137.73748779296875;10.593053817749023;94.37662506103516;352.8974914550781;75.60248565673828;88.12000274658203
2024-01-02;25.592958450317383;89.26616668701172;92.0091323852539;232.54519653320312;362.4599914550781;433.7767028808594;80.90667724609375;205.8675079345703;9023.4345703125;798.1072998046875;61.43036651611328;80.797607421875;34.187198638916016;533.0626220703125;230.2283935546875;410.9100036621094;547.6900024414062;689.447021484375;273.7649841308594;42.81770324707031;236.8199920654297;11.707858085632324;5305.513671875;269.61676025390625;21.21663475036621;660.5057373046875;468.5;135.6242218017578;10.709461212158203;92.99122619628906;345.2505187988281;73.91254425048828;88.5250015258789
2024-01-03;26.006446838378906;88.85443878173828;91.87433624267578;230.26673889160156;366.75;427.2857971191406;79.49372100830078;198.17318725585938;8908.9140625;784.3406982421875;60.411380767822266;81.14873504638672;34.266876220703125;535.7212524414062;224.42715454101562;410.7099914550781;535.0599975585938;695.8756713867188;270.54327392578125;42.28850173950195;233.42254638671875;11.717462539672852;5150.04833984375;267.0435485839844;21.525732040405273;641.7137451171875;470.260009765625;135.40696716308594;10.224431037902832;92.07426452636719;343.43597412109375;75.70130920410156;88.33999633789062
2024-01-04;26.025678634643555;88.44271850585938;92.10542297363281;233.0673370361328;363.67999267578125;427.0969543457031;79.56338500976562;199.4818115234375;8895.0927734375;782.7454833984375;61.04218292236328;81.8607406616211;35.093544006347656;539.0718383789062;222.9619903564453;416.1499938964844;538.5;720.89794921875;271.5575256347656;42.12163543701172;231.61581420898438;11.933564186096191;5165.79150390625;266.442138671875;21.699600219726562;642.7080078125;474.6700134277344;134.7354736328125;10.379640579223633;90.74867248535156;346.0780029296875;75.07870483398438;87.83999633789062
2024-01-05;25.96317481994629;87.91334533691406;91.75880432128906;231.54837036132812;365.5899963378906;425.36737060546875;80.86687469482422;195.98886108398438;8865.4755859375;776.3546142578125;60.26580810546875;82.48495483398438;35.07860565185547;531.1253662109375;223.1599884033203;416.5;537.3599853515625;717.8319702148438;274.2820129394531;42.32664489746094;233.85459899902344;11.986388206481934;5171.6953125;266.3435363769531;21.670621871948242;640.5205688476562;474.05999755859375;135.3674774169922;9.97221565246582;90.91810607910156;350.89349365234375;74.95022583007812;87.94999694824219
2024-01-08;25.982406616210938;88.40350341796875;92.7120132446289;232.1654510498047;368.17999267578125;429.5820007324219;81.71266174316406;196.8940887451172;8893.1181640625;790.99755859375;60.459903717041016;84.4356460571289;35.09852600097656;530.2754516601562;223.72427368164062;419.1199951171875;543.9600219726562;712.0956420898438;279.9001159667969;42.51734924316406;236.8101806640625;12.04881763458252;5244.50830078125;268.99566650390625;21.772045135498047;649.6680297851562;485.0299987792969;137.04623413085938;9.85580825805664;92.09420776367188;357.5833435058594;78.4289321899414;87.95999908447266
2024-01-09;25.93913459777832;89.01129150390625;92.03801727294922;231.21609497070312;366.8999938964844;427.593994140625;80.9962387084961;193.92259216308594;8904.96484375;786.497314453125;59.537960052490234;84.52342987060547;35.45210266113281;532.1038818359375;225.9022216796875;421.010009765625;553.0399780273438;715.16162109375;277.7523193359375;42.66514205932617;235.0819854736328;12.279324531555176;5291.73828125;264.31256103515625;21.743066787719727;650.76171875;482.0899963378906;137.5399932861328;10.302035331726074;91.80516052246094;356.3570251464844;76.205322265625;87.5
2024-01-10;25.66988754272461;89.2465591430664;90.95964813232422;229.93446350097656;367.9200134277344;430.5362548828125;82.01117706298828;194.65072631835938;8976.046875;792.1103515625;59.68353271484375;84.93307495117188;34.62044906616211;531.38232421875;223.11048889160156;423.760009765625;554.239990234375;729.7991943359375;280.9044494628906;42.674678802490234;234.89541625976562;12.111246109008789;5325.193359375;263.198486328125;21.689939498901367;647.679443359375;478.3299865722656;140.2655029296875;10.069221496582031;95.83179473876953;369.35791015625;77.33195495605469;87.38999938964844
2024-01-11;25.862207412719727;91.18755340576172;91.61437225341797;227.5135955810547;363.3399963378906;431.58990478515625;81.46391296386719;193.2436981201172;9023.4345703125;788.8114013671875;59.39239501953125;84.94281768798828;33.65434646606445;533.3985595703125;220.7345428466797;430.0799865722656;558.7100219726562;720.9968872070312;280.9342346191406;42.5936279296875;233.2654266357422;12.01039981842041;5311.41748046875;260.8619079589844;21.598176956176758;645.1937255859375;492.2300109863281;140.10751342773438;10.263233184814453;96.98795318603516;368.560302734375;78.77481842041016;87.37999725341797
2024-01-12;25.467952728271484;91.24637603759766;91.72991180419922;229.45977783203125;363.6199951171875;434.383056640625;81.38430786132812;194.36537170410156;9066.8740234375;802.5780639648438;60.751041412353516;85.26468658447266;34.11249923706055;515.4401245117188;221.2394256591797;433.3999938964844;535.2899780273438;717.6340942382812;280.5961608886719;43.07992172241211;232.86285400390625;12.16887378692627;5319.28955078125;260.40838623046875;21.738235473632812;645.5914306640625;492.1600036621094;143.05027770996094;10.2438325881958;99.41987609863281;373.3658447265625;78.3795166015625;87.69000244140625
2024-01-15;25.568918228149414;91.67770385742188;;229.55471801757812;;;;;9092.5419921875;;60.993656158447266;;33.41530990600586;;;;;717.6340942382812;;42.660377502441406;;12.164071083068848;5256.3154296875;;21.897615432739258;644.4977416992188;;142.7540283203125;10.20503044128418;;;;87.57499694824219
2024-01-16;25.424678802490234;91.61888122558594;90.99815368652344;230.36166381835938;361.1000061035156;433.93572998046875;81.14549255371094;195.40835571289062;9106.36328125;806.6154174804688;60.411380767822266;84.40638732910156;33.395389556884766;513.1076049804688;219.5465850830078;437.489990234375;520.0;723.4693603515625;279.2339172363281;42.43629837036133;230.52589416503906;12.07282829284668;5258.2841796875;256.7802429199219;22.003868103027344;648.5743408203125;481.239990234375;142.77377319335938;9.632695198059082;97.83514404296875;366.35693359375;78.58704376220703;87.08000183105469
2024-01-17;25.46314239501953;90.59937286376953;90.2278823852539;232.4502716064453;359.2900085449219;435.10870361328125;80.7972183227539;199.70811462402344;9035.28125;786.6647338867188;57.83964920043945;83.92847442626953;33.07169723510742;518.8302612304688;220.76425170898438;433.760009765625;515.47998046875;724.3595581054688;276.310546875;41.62104415893555;228.86642456054688;12.039213180541992;5256.3154296875;256.474609375;21.96040153503418;645.8897094726562;480.3299865722656;143.0107879638672;9.283473014831543;97.0876235961914;367.26422119140625;76.7488784790039;85.30000305175781
2024-01-18;24.684247970581055;89.30537414550781;89.72720336914062;232.92494201660156;362.3800048828125;436.96746826171875;81.15544128417969;199.63922119140625;9047.1279296875;781.6229248046875;57.01475524902344;84.16255187988281;32.38944625854492;510.3302917480469;225.0409393310547;432.9800109863281;525.280029296875;724.2605590820312;283.2113342285156;42.078731536865234;228.9744415283203;11.837518692016602;5309.44970703125;256.36614990234375;22.110118865966797;672.138916015625;485.30999755859375;145.4202880859375;9.390179634094238;97.52616882324219;375.00091552734375;77.49007415771484;85.67500305175781
2024-01-19;24.48712158203125;89.65828704833984;88.88953399658203;234.63377380371094;366.989990234375;439.3034362792969;83.77239990234375;198.80291748046875;9023.4345703125;790.4362182617188;56.52952575683594;84.35761260986328;32.25996780395508;497.6990051269531;223.8826446533203;435.0199890136719;523.8200073242188;724.3595581054688;286.1446533203125;41.69255447387695;225.06639099121094;11.981586456298828;5325.193359375;256.96759033203125;22.29364585876465;682.3800659179688;482.95001220703125;147.0200653076172;9.467784881591797;98.69229125976562;382.2989501953125;82.21399688720703;85.80500030517578
2024-01-22;24.645784378051758;89.59947204589844;88.99543762207031;237.19705200195312;368.05999755859375;441.7983703613281;83.84205627441406;200.0032958984375;9088.5927734375;790.0226440429688;57.01475524902344;84.33811950683594;32.72309875488281;507.019287109375;223.5064697265625;440.1099853515625;531.4299926757812;718.6231689453125;286.6816101074219;42.28373718261719;229.6519775390625;11.967179298400879;5455.07568359375;257.2534484863281;22.506149291992188;703.458984375;485.7099914550781;148.46180725097656;9.52598762512207;99.26040649414062;380.6339416503906;80.5462875366211;86.24500274658203
2024-01-23;24.61212730407715;89.36420440673828;88.38885498046875;232.97239685058594;372.1400146484375;443.8161926269531;83.57337951660156;200.69204711914062;9019.4853515625;786.8026123046875;56.28690719604492;84.21131134033203;32.38944625854492;509.5198669433594;224.41726684570312;439.70001220703125;531.52001953125;713.1835327148438;283.3008117675781;42.28850173950195;231.93002319335938;11.866332054138184;5295.67431640625;259.5308837890625;22.453025817871094;703.061279296875;492.19000244140625;147.4940643310547;9.661796569824219;98.42318725585938;384.043701171875;81.82685089111328;86.21499633789062
2024-01-24;24.958303451538086;88.95246887207031;87.5030288696289;235.91542053222656;376.5899963378906;443.229736328125;82.92660522460938;200.9872283935547;8954.3271484375;783.0802612304688;56.91770935058594;82.63125610351562;32.494022369384766;507.2564697265625;221.11074829101562;427.55999755859375;520.2100219726562;717.040771484375;277.35455322265625;42.88444900512695;231.53724670410156;11.933564186096191;5358.6474609375;253.53659057617188;22.467514038085938;771.368896484375;544.8699951171875;158.7516326904297;9.739400863647461;97.6258316040039;389.5271911621094;83.09748077392578;86.41999816894531
2024-01-25;24.8044490814209;88.932861328125;87.8207778930664;234.34898376464844;380.8500061035156;446.649169921875;84.92664337158203;202.30569458007812;8970.123046875;802.8635864257812;56.62656784057617;83.67488098144531;32.494022369384766;487.6572570800781;224.3776397705078;429.9599914550781;522.4400024414062;715.952880859375;284.4045104980469;43.170509338378906;234.53213500976562;11.92876148223877;5431.4609375;259.93511962890625;22.453025817871094;807.1632690429688;562.0;158.7516326904297;9.952814102172852;96.69891357421875;391.999755859375;82.43238830566406;86.875
2024-01-26;24.939071655273438;90.08961486816406;87.47415161132812;235.53567504882812;385.3999938964844;443.92559814453125;86.31969451904297;203.45687866210938;8954.3271484375;798.5997314453125;57.06327819824219;84.40638732910156;32.185264587402344;497.3432312011719;222.6649932861328;430.1700134277344;524.97998046875;723.9639282226562;281.82916259765625;43.246788024902344;236.27993774414062;11.91435432434082;5417.685546875;258.20977783203125;22.264667510986328;792.646728515625;570.4199829101562;158.00112915039062;8.963353157043457;95.07431030273438;392.95684814453125;83.60375213623047;86.93499755859375
2024-01-29;25.160240173339844;91.22676849365234;88.29256439208984;234.0641632080078;383.17999267578125;447.1163635253906;86.72766876220703;201.48902893066406;8800.3173828125;819.0625;57.7911262512207;85.28419494628906;30.621572494506836;498.6676330566406;224.86273193359375;435.82000732421875;532.0599975585938;737.5135498046875;285.11053466796875;42.736656188964844;236.5057830810547;11.947970390319824;5445.236328125;257.45062255859375;22.226032257080078;800.2032470703125;575.7899780273438;159.9761505126953;8.536526679992676;96.89825439453125;399.8161926269531;82.7996826171875;87.54000091552734
2024-01-30;25.078502655029297;91.18755340576172;88.35034942626953;235.06100463867188;387.1499938964844;451.837890625;87.33463287353516;202.7976531982422;8887.1943359375;828.7326049804688;57.74260330200195;84.8257827758789;29.959239959716797;497.7484436035156;224.08065795898438;446.0799865722656;521.030029296875;739.9860229492188;299.8866271972656;42.37908935546875;238.41070556640625;11.92876148223877;5549.5361328125;255.626708984375;22.095630645751953;796.7232666015625;562.8499755859375;160.39089965820312;8.294012069702148;97.0776596069336;398.85906982421875;84.17950439453125;86.98999786376953
2024-01-31;25.011192321777344;91.46204376220703;87.47415161132812;235.25086975097656;383.739990234375;445.66510009765625;86.1505355834961;202.53199768066406;8827.9599609375;817.1028442382812;58.81011199951172;85.3817367553711;28.783977508544922;505.7837829589844;220.07125854492188;433.3800048828125;515.0800170898438;766.2940063476562;303.17791748046875;42.45060348510742;234.97398376464844;12.063224792480469;5533.79296875;252.1070098876953;21.970060348510742;793.6409912109375;564.1099853515625;158.79115295410156;7.925389289855957;97.42649841308594;388.9688720703125;82.27355194091797;87.87999725341797
2024-02-01;24.842912673950195;90.48174285888672;89.82347869873047;232.8300018310547;386.44000244140625;454.4819641113281;87.71276092529297;202.4827880859375;8800.3173828125;833.4100341796875;56.43247985839844;85.91816711425781;28.16148567199707;501.2373352050781;222.0413055419922;433.8699951171875;527.280029296875;777.7666625976562;312.8828125;42.32664489746094;238.57765197753906;12.058422088623047;5559.3759765625;255.9027557373047;21.955570220947266;807.8593139648438;567.510009765625;160.27239990234375;7.925389289855957;98.5627212524414;393.5949401855469;85.15232849121094;87.70500183105469
2024-02-02;25.112159729003906;91.18755340576172;89.53463745117188;233.44708251953125;390.75;451.3309326171875;89.07595825195312;203.2305908203125;8762.8017578125;830.5936889648438;56.09281539916992;85.4695053100586;28.57482147216797;504.2913818359375;219.31887817382812;424.67999267578125;527.1400146484375;772.8215942382812;307.6723937988281;42.278968811035156;240.22726440429688;11.717462539672852;5665.64306640625;254.53237915039062;21.90727424621582;814.123291015625;564.6400146484375;161.5956573486328;7.731377124786377;98.23381805419922;473.56414794921875;85.68838500976562;87.94999694824219
2024-02-05;25.20351219177246;91.99139404296875;88.22516632080078;232.97239685058594;390.760009765625;448.8359680175781;88.01126098632812;201.52838134765625;8713.439453125;823.6414794921875;55.607582092285156;84.6112060546875;28.475221633911133;497.1059875488281;217.43792724609375;428.8900146484375;572.1199951171875;800.9097290039062;308.8656005859375;41.93093490600586;236.75125122070312;11.7318696975708;5655.8037109375;214.9480743408203;21.829999923706055;824.1336669921875;562.0599975585938;162.4646759033203;7.653772354125977;97.26702117919922;458.0309143066406;85.08284759521484;88.625
2024-02-06;25.03523063659668;92.91287994384766;88.25405883789062;235.53567504882812;393.739990234375;450.57550048828125;93.11582946777344;199.52114868164062;8709.490234375;825.2171020507812;54.976783752441406;85.57679748535156;29.087753295898438;504.7262878417969;220.0514678955078;416.1300048828125;567.0;804.5691528320312;305.0870666503906;42.340946197509766;246.99269104003906;11.688650131225586;5683.3544921875;214.97764587402344;21.892786026000977;830.5083618164062;555.8800048828125;164.32118225097656;8.226107597351074;96.63911437988281;453.35498046875;82.07501983642578;89.82499694824219
2024-02-07;24.794832229614258;92.83445739746094;88.042236328125;232.8300018310547;397.6600036621094;456.9670104980469;94.2601089477539;202.15809631347656;8748.9794921875;833.803955078125;54.29745864868164;85.0111083984375;28.584781646728516;513.3447875976562;221.46713256835938;419.0799865722656;572.3099975585938;813.1737060546875;305.54449462890625;40.13355255126953;243.6247100830078;11.631022453308105;5744.3603515625;212.3452606201172;21.593347549438477;846.6444091796875;559.2999877929688;165.9011993408203;7.876885890960693;96.93811798095703;468.1803283691406;83.12726593017578;89.78500366210938
2024-02-08;25.193897247314453;93.5794906616211;85.70252990722656;231.5009002685547;397.489990234375;434.0152893066406;96.07109069824219;200.7215576171875;8679.873046875;842.2726440429688;54.394500732421875;84.05525970458984;27.633615493774414;514.0366821289062;220.56626892089844;423.05999755859375;573.6099853515625;804.8658447265625;303.7347106933594;40.739036560058594;245.40199279785156;11.549384117126465;5799.46240234375;216.8114471435547;21.419479370117188;851.7242431640625;558.530029296875;165.9011993408203;7.954490661621094;96.08096313476562;468.5891418457031;84.17950439453125;89.73500061035156
2024-02-09;25.184280395507812;92.71682739257812;85.80844116210938;230.69395446777344;398.3599853515625;435.2677307128906;96.5487060546875;201.79403686523438;8723.3125;842.6961059570312;53.278472900390625;82.89459991455078;27.67345428466797;512.1883544921875;220.3583526611328;422.9100036621094;572.2100219726562;822.7672119140625;304.58990478515625;40.3910026550293;247.22837829589844;11.486955642700195;5767.9755859375;216.742431640625;21.409822463989258;872.641357421875;561.3200073242188;166.2172088623047;7.876885890960693;95.68228912353516;466.7048034667969;85.56925964355469;89.19499969482422
2024-02-12;25.314096450805664;92.0110092163086;86.6557388305664;233.77935791015625;397.7099914550781;426.9577941894531;97.13578033447266;203.4962615966797;8770.7001953125;837.0042724609375;54.443023681640625;82.97262573242188;28.211286544799805;511.61517333984375;225.16961669921875;418.5299987792969;565.5599975585938;821.4814453125;308.408203125;40.27181625366211;252.2067108154297;11.530176162719727;5779.78271484375;219.45367431640625;21.501585006713867;874.1354370117188;557.8499755859375;165.6641845703125;;95.84176635742188;467.4924011230469;85.98619079589844;90.01000213623047
2024-02-13;24.934263229370117;91.28558349609375;85.87583923339844;233.25721740722656;394.79998779296875;419.95001220703125;95.40440368652344;204.09642028808594;8711.46484375;819.9683837890625;53.278472900390625;81.52911376953125;27.79795265197754;510.83428955078125;221.0909423828125;416.0400085449219;555.6599731445312;823.1627807617188;302.8199462890625;39.93331527709961;249.89920043945312;11.405317306518555;5679.4189453125;214.54385375976562;21.458118438720703;847.3416748046875;554.52001953125;160.72665405273438;;95.54275512695312;458.73876953125;83.36550903320312;88.37000274658203
2024-02-14;25.61699867248535;85.42339324951172;85.90472412109375;232.21292114257812;398.67999267578125;418.6876220703125;95.47406005859375;211.7218780517578;8748.9794921875;820.096435546875;53.278472900390625;81.61690521240234;27.95730972290039;510.92327880859375;225.82301330566406;417.8800048828125;560.5599975585938;837.6024780273438;303.70489501953125;40.190765380859375;255.7612762451172;11.304471015930176;5787.654296875;213.95230102539062;21.347036361694336;850.0310668945312;579.3300170898438;162.82017517089844;7.915688514709473;91.44635772705078;471.8592529296875;85.41043853759766;89.36000061035156
2024-02-15;25.80451011657715;86.89383697509766;85.67363739013672;233.54202270507812;403.45001220703125;421.9479675292969;95.90765380859375;207.6287384033203;8790.4443359375;861.61279296875;54.394500732421875;82.63125610351562;27.94236946105957;514.8174438476562;219.90298461914062;426.2900085449219;568.8300170898438;839.1849365234375;305.9223327636719;40.55786895751953;260.99493408203125;11.3861083984375;5909.66552734375;223.7522430419922;21.385671615600586;857.4017944335938;593.4600219726562;162.326416015625;8.090299606323242;91.68555450439453;482.5770263671875;82.11473083496094;89.70999908447266
2024-02-16;26.266080856323242;87.18793487548828;86.3187484741211;234.58631896972656;405.989990234375;421.03350830078125;95.34947204589844;208.8488006591797;8774.6484375;843.158935546875;54.054840087890625;82.33865356445312;28.495141983032227;515.4796142578125;214.468017578125;422.20001220703125;555.5399780273438;841.55859375;306.8072814941406;40.73427200317383;261.6626281738281;11.290063858032227;6029.708984375;223.65365600585938;21.42913818359375;871.1473388671875;583.9500122070312;163.01766967773438;8.129101753234863;88.54598236083984;471.899169921875;83.59382629394531;90.26000213623047
2024-02-19;26.39589500427246;87.69768524169922;;236.0578155517578;;;;;8750.955078125;;53.812225341796875;;28.783977508544922;;;;;848.5806274414062;;40.99648666381836;;11.371702194213867;6057.25927734375;;21.51124382019043;856.10693359375;;162.18817138671875;8.119400978088379;;;;90.45999908447266
2024-02-20;26.66514015197754;86.42329406738281;86.30911254882812;236.76983642578125;407.1499938964844;423.4588928222656;92.837646484375;207.59922790527344;8731.2099609375;841.691650390625;52.987327575683594;83.7333984375;28.649518966674805;514.9953002929688;213.5077362060547;420.6400146484375;551.2100219726562;834.0419921875;306.8371276855469;40.98218536376953;257.10650634765625;11.558988571166992;6041.51611328125;224.8761749267578;21.506412506103516;834.3930053710938;575.1300048828125;161.0229034423828;7.993293285369873;87.55925750732422;470.3338928222656;81.85662078857422;90.29499816894531
2024-02-21;26.60264015197754;86.50171661376953;87.20455169677734;238.00399780273438;409.25;421.7889099121094;93.35597229003906;211.54478454589844;8668.0263671875;851.5291748046875;53.618133544921875;83.78216552734375;28.813858032226562;515.8947143554688;215.7450714111328;419.6300048828125;554.77001953125;821.67919921875;309.85992431640625;41.09660339355469;258.4320983886719;11.506163597106934;6124.16845703125;224.88604736328125;21.45328712463379;830.7076416015625;573.3499755859375;160.25265502929688;8.303712844848633;86.6024398803711;467.1201477050781;80.7944564819336;90.23999786376953
2024-02-22;26.54013442993164;87.40359497070312;87.80152130126953;242.18118286132812;415.1600036621094;432.6137390136719;95.4591064453125;214.49656677246094;8731.2099609375;867.3735961914062;54.200408935546875;82.96287536621094;28.79393768310547;520.3720092773438;215.58668518066406;426.7799987792969;571.3099975585938;843.8333129882812;311.07305908203125;41.48278045654297;259.7859802246094;11.338086128234863;6055.29150390625;228.23812866210938;21.58368682861328;873.338623046875;588.469970703125;165.1309356689453;8.575329780578613;88.02770233154297;485.1849670410156;87.14762878417969;90.69000244140625
2024-02-23;26.5930233001709;87.36438751220703;88.15776824951172;234.01669311523438;417.2200012207031;435.6454162597656;95.489013671875;214.45721435546875;8808.21484375;868.821044921875;53.957794189453125;83.55783081054688;28.69931983947754;521.1034545898438;216.96275329589844;430.1099853515625;576.2899780273438;839.679443359375;313.5788269042969;41.43510818481445;260.8631591796875;11.333284378051758;6114.32958984375;229.50994873046875;21.376012802124023;861.585205078125;583.5599975585938;167.6787109375;8.294012069702148;87.61906433105469;483.08905029296875;89.68889617919922;90.15499877929688
2024-02-26;26.458398818969727;85.28614807128906;87.06013488769531;233.20973205566406;409.1400146484375;431.7109375;95.489013671875;215.91343688964844;8786.4951171875;864.222412109375;52.89028549194336;81.60713958740234;28.47024154663086;519.2057495117188;214.01283264160156;433.4800109863281;569.8699951171875;834.8331909179688;311.4310302734375;40.92497253417969;263.0767822265625;11.275656700134277;6151.7197265625;226.12828063964844;21.298738479614258;866.3662719726562;587.6500244140625;170.83872985839844;8.633532524108887;85.78514862060547;480.803466796875;92.09117889404297;90.22000122070312
2024-02-27;26.636293411254883;85.6978759765625;86.82904815673828;235.44073486328125;408.9100036621094;426.1627502441406;95.70829772949219;215.9232635498047;8820.0615234375;863.9155883789062;53.18142318725586;81.77294921875;29.018033981323242;507.4442443847656;214.23135375976562;430.9200134277344;575.0700073242188;824.7452392578125;312.22650146484375;40.84392547607422;265.37939453125;11.237238883972168;6084.810546875;228.4648895263672;21.36152458190918;875.7291870117188;601.6699829101562;172.61624145507812;8.643233299255371;85.5060806274414;486.1031494140625;90.89004516601562;90.55999755859375
2024-02-28;26.67475700378418;84.67835998535156;87.06013488769531;235.962890625;412.1400146484375;427.7066955566406;95.53884887695312;217.29092407226562;8798.3427734375;882.5386962890625;51.38606643676758;81.3047866821289;28.445343017578125;492.48046875;213.3473663330078;426.9700012207031;571.6799926757812;824.9429931640625;310.2974548339844;41.18242263793945;267.1779479980469;11.270853996276855;6100.55419921875;229.13531494140625;21.24078369140625;865.9678344726562;596.47998046875;169.96971130371094;8.361915588378906;84.87816619873047;483.07904052734375;92.56768035888672;89.58499908447266
2024-02-29;26.463205337524414;83.73726654052734;86.61722564697266;240.99449157714844;409.3999938964844;426.7006530761719;97.94103240966797;216.80880737304688;8762.8017578125;879.5206298828125;51.09492874145508;81.3047866821289;27.977230072021484;487.85491943359375;214.3704071044922;420.739990234375;575.22998046875;810.7011108398438;309.93951416015625;40.91543960571289;265.4485168457031;11.342888832092285;;230.74234008789062;21.23595428466797;867.0635375976562;602.9199829101562;170.72023010253906;8.410419464111328;85.52600860595703;489.17718505859375;93.96736145019531;90.04499816894531
2024-03-01;26.424741744995117;83.4823989868164;86.49205780029297;239.0482940673828;407.1099853515625;427.32818603515625;98.60885620117188;215.6871337890625;8901.0166015625;891.108154296875;51.77425003051758;81.53886413574219;28.216266632080078;483.8323059082031;216.52572631835938;432.760009765625;576.8699951171875;841.55859375;310.21795654296875;40.56740188598633;267.0791320800781;11.390910148620605;6494.13818359375;232.6747283935547;21.23595428466797;890.4707641601562;619.3400268554688;171.1744842529297;8.81784439086914;87.72869873046875;501.3235168457031;123.67835235595703;90.90499877929688
2024-03-04;26.458398818969727;85.01166534423828;86.95421600341797;239.23817443847656;403.3900146484375;423.7721862792969;98.29986572265625;217.79273986816406;8954.3271484375;904.1006469726562;50.80378723144531;82.96287536621094;27.967269897460938;476.261474609375;217.6182861328125;424.0299987792969;571.280029296875;867.56982421875;312.3060302734375;40.43391036987305;268.11676025390625;11.285261154174805;6527.5927734375;235.05078125;21.27458953857422;909.594970703125;615.8300170898438;173.03099060058594;9.448383331298828;86.19380187988281;497.22149658203125;120.888916015625;90.46499633789062
2024-03-05;26.424741744995117;84.40387725830078;87.20455169677734;241.5640869140625;400.739990234375;420.6544189453125;96.29638671875;216.36602783203125;8926.6845703125;886.1802368164062;50.80378723144531;82.51421356201172;25.850801467895508;467.6429748535156;214.688232421875;415.44000244140625;558.3200073242188;845.613525390625;313.7578430175781;39.75214385986328;268.15631103515625;11.501362800598145;6381.96630859375;236.20428466796875;21.496753692626953;895.9490356445312;598.5;171.31272888183594;9.380478858947754;85.37651062011719;489.2669982910156;116.8884048461914;90.08000183105469
2024-03-06;26.544940948486328;84.65875244140625;87.70523071289062;241.7064971923828;403.9599914550781;424.4694519042969;96.68511962890625;216.159423828125;9134.0068359375;897.1541748046875;50.94935607910156;83.4407958984375;26.53803062438965;467.0993957519531;216.3270721435547;411.8500061035156;557.4600219726562;839.58056640625;321.57342529296875;37.253929138183594;270.2217102050781;11.453340530395508;6352.447265625;239.67469787597656;21.48226547241211;908.598876953125;597.6900024414062;173.09024047851562;9.312575340270996;86.48283386230469;495.1255798339844;117.63291931152344;90.48999786376953
2024-03-07;26.83342170715332;85.09009552001953;88.10962677001953;243.3203887939453;402.3900146484375;424.9973449707031;97.66194152832031;211.2039794921875;9181.39453125;896.5802612304688;50.51264572143555;83.0506591796875;26.298994064331055;473.2074279785156;216.88330078125;410.5400085449219;563.219970703125;909.50439453125;322.8262939453125;37.52568435668945;263.0767822265625;11.554186820983887;6354.41552734375;241.71551513671875;21.322887420654297;945.4528198242188;608.510009765625;175.5590057373047;9.26407241821289;86.6124038696289;511.1943054199219;119.6182861328125;90.13999938964844
2024-03-08;26.924774169921875;84.97245025634766;89.23615264892578;245.69378662109375;403.1499938964844;426.5512390136719;98.32976531982422;210.65997314453125;9145.853515625;900.5779418945312;51.48311233520508;83.0311508178711;26.16951560974121;472.8799743652344;216.02911376953125;413.5899963378906;561.4099731445312;895.0646362304688;323.53228759765625;36.657981872558594;265.43865966796875;11.515769004821777;6322.9287109375;238.2056884765625;21.168338775634766;919.7546997070312;604.8200073242188;174.72950744628906;9.312575340270996;86.92137908935547;504.9664306640625;115.39937591552734;89.72000122070312
2024-03-11;26.49205207824707;84.46269989013672;90.9018783569336;247.07037353515625;404.760009765625;425.0072937011719;97.07386016845703;214.40870666503906;9199.1650390625;884.2109985351562;52.065391540527344;83.39202880859375;26.71232795715332;485.3625793457031;217.05213928222656;414.4700012207031;548.3099975585938;885.2733154296875;319.435546875;36.92973327636719;266.9704284667969;11.501362800598145;6265.859375;244.4464874267578;21.06691551208496;881.0082397460938;600.9299926757812;171.35223388671875;9.089461326599121;86.47286987304688;482.6498718261719;115.01223754882812;89.66000366210938
2024-03-12;26.66514015197754;84.97245025634766;91.15220642089844;250.48806762695312;404.9800109863281;426.9297180175781;98.85804748535156;215.37802124023438;9248.52734375;883.4688720703125;51.53163146972656;83.62610626220703;26.38365364074707;485.56103515625;215.39344787597656;412.45001220703125;546.8400268554688;904.757080078125;321.7225646972656;37.134742736816406;266.5948791503906;11.338086128234863;6401.6455078125;241.41973876953125;20.960664749145508;888.7774047851562;611.0800170898438;174.78875732421875;9.302874565124512;87.4595947265625;498.77850341796875;112.71914672851562;90.0
2024-03-13;26.679567337036133;85.46260070800781;91.77804565429688;252.0070343017578;408.1300048828125;426.3520202636719;97.64200592041016;216.97047424316406;9276.169921875;858.156494140625;51.53163146972656;82.98238372802734;26.254175186157227;484.2214660644531;214.29095458984375;413.20001220703125;540.1799926757812;895.5591430664062;320.0818786621094;37.04415512084961;267.0593566894531;12.020004272460938;6507.9130859375;243.80563354492188;20.902708053588867;875.4303588867188;609.4500122070312;173.32725524902344;9.535688400268555;87.5492935180664;494.6065979003906;109.19511413574219;88.76499938964844
2024-03-14;26.636293411254883;84.32544708251953;90.4589614868164;251.20008850097656;406.7300109863281;421.8099060058594;96.525634765625;217.01992797851562;9280.1181640625;855.6727294921875;51.24049377441406;82.30939483642578;25.92051887512207;485.2137451171875;207.5965118408203;408.7699890136719;535.5800170898438;914.3505859375;323.6091613769531;36.78194046020508;260.47772216796875;12.341754913330078;6550.44873046875;241.68594360351562;20.844751358032227;877.5220336914062;613.010009765625;172.71498107910156;9.293173789978027;86.8117446899414;490.8738708496094;105.67108154296875;89.0
2024-03-15;26.496862411499023;83.71766662597656;90.7670669555664;253.14625549316406;408.1300048828125;421.1524963378906;96.3860855102539;215.1307373046875;9329.4814453125;841.4927368164062;50.4641227722168;81.50961303710938;26.129676818847656;487.0196533203125;207.79518127441406;407.69000244140625;529.77001953125;894.0756225585938;320.80926513671875;37.320674896240234;271.605224609375;12.197687149047852;6512.859375;241.18313598632812;21.06691551208496;854.3140258789062;605.8800048828125;169.772216796875;9.215568542480469;87.09081268310547;483.1589050292969;106.2170639038086;89.30999755859375
2024-03-18;26.10741424560547;82.6197280883789;91.78768920898438;252.71905517578125;408.4100036621094;420.0966491699219;94.84112548828125;216.50559997558594;9280.1181640625;851.6453857421875;50.94935607910156;81.59739685058594;26.109756469726562;483.2788391113281;208.12294006347656;411.3800048828125;529.8099975585938;904.1636962890625;325.99053955078125;36.743797302246094;282.75244140625;12.082432746887207;6530.6650390625;242.1493377685547;20.94617462158203;867.3623046875;618.3900146484375;170.0684814453125;9.244669914245605;88.7353515625;496.0138854980469;105.84976959228516;89.37999725341797
2024-03-19;26.179534912109375;82.95303344726562;91.45069122314453;257.32342529296875;411.760009765625;422.3079528808594;95.44914245605469;214.00315856933594;9270.24609375;835.7435302734375;50.94935607910156;82.03630065917969;25.766141891479492;489.50030517578125;209.5432586669922;415.20001220703125;534.4199829101562;887.3502807617188;329.2886047363281;37.01555252075195;277.7026062011719;11.899948120117188;6572.2109375;238.41273498535156;21.158679962158203;866.1669921875;620.739990234375;171.0757293701172;9.128263473510742;88.70545196533203;495.2752990722656;106.73326110839844;89.11499786376953
2024-03-20;25.996829986572266;82.54130554199219;91.41163635253906;257.2759704589844;416.1099853515625;424.3598327636719;98.27992248535156;211.29299926757812;9319.609375;816.2495727539062;50.94935607910156;81.96802520751953;26.109756469726562;490.40325927734375;207.9441680908203;412.1099853515625;529.5;892.0975952148438;327.6744079589844;37.01555252075195;283.7505798339844;12.020004272460938;6619.6923828125;235.58316040039062;21.134531021118164;871.0477294921875;627.6900024414062;171.37197875976562;9.118562698364258;89.32341003417969;504.5372314453125;110.25727844238281;89.11499786376953
2024-03-21;26.155494689941406;82.65894317626953;90.00590515136719;259.0797424316406;413.7799987792969;426.8699645996094;101.31005859375;213.73609924316406;9438.078125;803.1481323242188;51.96834182739258;82.02703094482422;26.373693466186523;487.8829040527344;209.86109924316406;415.7099914550781;532.0900268554688;884.0865478515625;327.6644592285156;37.11566925048828;287.9703063964844;11.842321395874023;6677.06591796875;232.1719207763672;21.18282699584961;919.655029296875;622.7100219726562;178.3042755126953;9.380478858947754;88.42638397216797;506.7729187011719;113.20555877685547;90.55000305175781
2024-03-22;26.27569580078125;84.67835998535156;88.71731567382812;258.0829162597656;411.6000061035156;417.4869079589844;100.43291473388672;212.16342163085938;9528.9052734375;792.5897216796875;53.13290023803711;81.70249938964844;26.637630462646484;486.2754821777344;211.81777954101562;415.6600036621094;530.719970703125;883.7877197265625;328.7505187988281;37.90232467651367;286.92279052734375;11.962377548217773;6750.2666015625;233.37472534179688;21.110382080078125;902.52294921875;628.010009765625;178.0277862548828;9.438682556152344;88.32671356201172;508.58935546875;111.41871643066406;90.47000122070312
2024-03-25;26.117029190063477;84.8940200805664;88.98089599609375;261.2632751464844;409.9200134277344;416.8394775390625;100.52262115478516;212.84591674804688;9455.8486328125;784.2281494140625;53.569610595703125;81.85984802246094;26.732248306274414;482.117919921875;212.30447387695312;416.0299987792969;529.7100219726562;891.0596313476562;326.1399841308594;37.98814010620117;284.3731689453125;12.077630996704102;6793.791015625;234.21273803710938;21.293909072875977;909.395751953125;627.4600219726562;178.48204040527344;8.623832702636719;85.6755142211914;502.0420837402344;112.17316436767578;90.41000366210938
2024-03-26;26.37185287475586;86.9722671508789;88.22921752929688;262.97210693359375;411.57000732421875;417.8454895019531;100.72197723388672;210.56106567382812;9550.6240234375;791.6991577148438;53.812225341796875;82.31221771240234;27.205341339111328;488.4981384277344;212.07603454589844;418.4599914550781;530.5999755859375;884.8834228515625;326.528564453125;38.33140563964844;288.3853759765625;12.255313873291016;6823.466796875;234.47894287109375;21.46294593811035;896.845458984375;629.239990234375;180.3188018798828;8.93425178527832;86.43299865722656;494.9259948730469;113.81108856201172;90.19499969482422
2024-03-27;26.568981170654297;87.93295288085938;90.03519439697266;263.3993225097656;416.92999267578125;421.1524963378906;100.18372344970703;213.25144958496094;9469.6708984375;806.7797241210938;54.54007339477539;85.47882843017578;28.305904388427734;489.281982421875;215.10540771484375;417.32000732421875;539.5700073242188;877.9103393554688;330.4942321777344;38.60792922973633;291.2215881347656;12.341754913330078;6777.9638671875;239.67469787597656;21.641645431518555;891.666015625;613.530029296875;179.7657928466797;8.827545166015625;86.54000091552734;492.8999328613281;110.86282348632812;90.30500030517578
2024-03-28;26.65552520751953;87.58004760742188;89.43971252441406;263.7315979003906;420.5199890136719;423.7821350097656;100.25350189208984;212.94480895996094;9368.970703125;816.6949462890625;55.267921447753906;85.70501708984375;28.31586456298828;490.86962890625;216.9826202392578;418.010009765625;539.9299926757812;;332.32757568359375;38.059654235839844;291.18206787109375;12.375370025634766;6754.22314453125;240.60824584960938;21.733407974243164;888.6778564453125;607.3300170898438;178.20553588867188;8.798442840576172;85.73999786376953;484.6360168457031;113.27503967285156;90.9800033569336
2024-04-02;26.588214874267578;87.2271499633789;89.63495635986328;260.0290832519531;418.9200134277344;424.4395446777344;97.58219909667969;212.4601593017578;9303.8125;784.3765869140625;54.92825698852539;83.78734588623047;27.882612228393555;454.59271240234375;210.5166473388672;409.4200134277344;521.6699829101562;863.7649536132812;328.1626892089844;37.368350982666016;292.3876953125;12.255313873291016;6586.06005859375;238.1949005126953;21.569198608398438;887.1837768554688;614.2100219726562;174.84800720214844;8.691736221313477;85.33000183105469;496.4031066894531;117.57335662841797;91.25499725341797
2024-04-03;26.780534744262695;86.38407897949219;88.83446502685547;260.5037841796875;420.239990234375;424.7881774902344;99.22684478759766;209.72032165527344;9240.62890625;780.6559448242188;54.78268814086914;83.59066009521484;28.649518966674805;456.1802978515625;210.80467224121094;408.80999755859375;524.0399780273438;875.4199829101562;331.0024108886719;37.77836608886719;291.20184326171875;12.16887378692627;6649.3681640625;237.95655822753906;21.520902633666992;901.4273071289062;630.0800170898438;175.99351501464844;8.400718688964844;85.7699966430664;505.7548828125;127.63916778564453;91.51000213623047
2024-04-04;26.886308670043945;86.32526397705078;87.95588684082031;258.6050720214844;415.32000732421875;426.7405090332031;97.85132598876953;209.8983612060547;9293.9404296875;772.8682861328125;56.23838424682617;82.528564453125;28.445343017578125;451.85406494140625;209.78164672851562;404.010009765625;518.0999755859375;857.2899780273438;323.99774169921875;38.03581619262695;291.2808837890625;12.116048812866211;6661.23876953125;235.48362731933594;21.520902633666992;897.7418823242188;617.1400146484375;175.7960205078125;;84.55000305175781;509.9267883300781;126.22956085205078;92.08999633789062
2024-04-05;26.530517578125;85.4037857055664;87.35063171386719;255.18736267089844;418.6199951171875;429.8980407714844;100.60236358642578;208.7806854248047;9258.3994140625;776.2029418945312;56.23838424682617;83.157958984375;27.324857711791992;452.2112731933594;209.831298828125;406.6700134277344;519.5399780273438;864.1634521484375;327.6146240234375;37.215789794921875;297.1312255859375;11.895146369934082;6698.828125;237.04286193847656;21.250442504882812;902.1245727539062;636.1799926757812;175.20350646972656;8.400718688964844;84.81999969482422;526.3148193359375;131.74887084960938;91.69000244140625
2024-04-08;26.290117263793945;85.3841781616211;88.17064666748047;254.90257263183594;415.9700012207031;432.4081726074219;101.32003021240234;210.4324951171875;9118.2099609375;779.9434204101562;56.91770935058594;81.53531646728516;27.215301513671875;452.4692687988281;208.69900512695312;404.2200012207031;514.7000122070312;868.2476806640625;326.8374328613281;37.58766174316406;296.81500244140625;11.938365936279297;6694.87158203125;236.0000762939453;21.30839729309082;910.093017578125;628.4099731445312;175.00601196289062;8.575329780578613;84.31999969482422;518.2406005859375;126.2196273803711;92.1500015258789
2024-04-09;26.165109634399414;86.1095962524414;88.90279388427734;250.63046264648438;414.69000244140625;433.2947082519531;99.94449615478516;207.49484252929688;9072.796875;792.85693359375;57.64555740356445;82.41056060791016;27.28502082824707;456.16046142578125;208.62948608398438;404.4800109863281;519.8099975585938;854.401123046875;327.704345703125;37.31114196777344;298.4751892089844;11.995992660522461;6528.6865234375;238.01614379882812;21.45328712463379;895.7498168945312;618.2000122070312;170.26597595214844;8.497724533081055;84.63999938964844;515.8951416015625;122.82465362548828;92.17500305175781
2024-04-10;26.222806930541992;86.22723388671875;87.58492279052734;250.0608367919922;409.1099853515625;422.377685546875;98.6885986328125;209.69065856933594;9151.77734375;767.8512573242188;56.18986129760742;80.96493530273438;27.464298248291016;446.5653076171875;205.76895141601562;397.5799865722656;504.1400146484375;862.669189453125;326.5783996582031;37.20625686645508;298.74200439453125;11.856728553771973;6572.2109375;234.2918701171875;21.829999923706055;909.6945190429688;618.5800170898438;169.15997314453125;8.497724533081055;84.12999725341797;518.8194580078125;122.46728515625;92.12000274658203
2024-04-11;26.222806930541992;86.0899887084961;87.30182647705078;247.7823944091797;407.6099853515625;421.2620544433594;100.12391662597656;210.4522705078125;9187.3173828125;765.7238159179688;56.62656784057617;80.80757904052734;26.91152572631836;438.2998046875;205.10348510742188;400.2300109863281;503.1000061035156;865.95654296875;326.0702209472656;37.18718338012695;299.29541015625;11.80870532989502;6574.189453125;234.62953186035156;21.209999084472656;905.5111083984375;628.780029296875;169.08096313476562;8.37161636352539;84.05999755859375;522.1429443359375;123.13237762451172;92.15499877929688
2024-04-12;26.19329833984375;86.26644897460938;86.73562622070312;248.73175048828125;403.260009765625;416.1720886230469;96.97418212890625;207.2178955078125;9195.2158203125;756.0560302734375;56.57804489135742;78.80140686035156;26.856746673583984;435.7993469238281;204.3386993408203;396.54998779296875;497.7900085449219;876.6153564453125;321.6562194824219;36.98694610595703;295.115234375;11.962377548217773;6629.58447265625;229.94190979003906;21.18000030517578;903.9174194335938;622.8300170898438;168.92295837402344;8.090299606323242;83.98999786376953;510.90484619140625;116.89833068847656;92.01499938964844
2024-04-15;26.537559509277344;85.91353607177734;86.4915771484375;250.63046264648438;400.260009765625;407.9544372558594;95.52887725830078;203.98350524902344;9151.77734375;736.3246459960938;56.43247985839844;78.8997573852539;26.35377311706543;442.1795349121094;201.94500732421875;397.3599853515625;491.2900085449219;875.8184814453125;321.4668884277344;37.177650451660156;292.29876708984375;11.861530303955078;6483.18359375;229.57444763183594;21.1299991607666;907.3040771484375;607.1500244140625;169.51547241210938;8.303712844848633;82.30000305175781;499.257568359375;116.94796752929688;91.44999694824219
2024-04-16;26.350675582885742;85.16850280761719;87.37016296386719;245.8836669921875;396.9200134277344;406.9583435058594;95.97742462158203;204.2307891845703;9035.28125;734.3753051757812;56.04429244995117;77.93599700927734;25.975297927856445;465.25946044921875;200.56439208984375;394.1700134277344;489.57000732421875;864.1634521484375;312.7583923339844;36.45297622680664;291.1128845214844;11.597406387329102;6336.78271484375;226.19775390625;20.829999923706055;909.794189453125;617.52001953125;168.25146484375;7.983592510223389;82.97000122070312;498.7884521484375;120.19403839111328;89.94999694824219
2024-04-17;26.517887115478516;85.4429931640625;88.4244613647461;248.16212463378906;397.739990234375;410.4944152832031;94.32281494140625;206.149658203125;9013.5625;726.8745727539062;55.656105041503906;77.7688217163086;26.144617080688477;475.2812194824219;198.61766052246094;393.1000061035156;478.239990234375;867.9487915039062;309.9087219238281;36.51972198486328;287.9307861328125;11.659836769104004;6297.21484375;227.43919372558594;20.8799991607666;849.0349731445312;613.6900024414062;166.6516876220703;8.012694358825684;81.58000183105469;493.2093505859375;118.7447280883789;90.13999938964844
2024-04-18;26.694934844970703;86.26644897460938;89.02970123291016;248.73175048828125;399.8900146484375;411.7494812011719;93.04696655273438;207.36624145507812;8998.9228515625;732.1091918945312;56.04429244995117;77.87699890136719;26.13465690612793;489.3613586425781;198.10116577148438;393.4800109863281;477.7900085449219;859.3818969726562;295.9292907714844;36.510189056396484;287.9900817871094;11.775090217590332;6198.29541015625;231.42169189453125;20.950000762939453;836.9827270507812;610.5599975585938;167.0664520263672;7.954490661621094;81.87999725341797;500.8244934082031;117.50387573242188;90.80500030517578
2024-04-19;26.930997848510742;87.8741455078125;91.53854370117188;249.87098693847656;405.0799865722656;410.94268798828125;92.31934356689453;210.71932983398438;8947.1357421875;740.1739501953125;56.77214050292969;78.16218566894531;26.219316482543945;497.2498474121094;200.117431640625;394.2799987792969;476.3500061035156;862.8684692382812;304.010009765625;36.557865142822266;284.1755065917969;11.89034366607666;6184.44677734375;230.0511474609375;21.15999984741211;817.7589111328125;555.0399780273438;163.7286834716797;7.954490661621094;81.30000305175781;480.1347961425781;114.02948760986328;90.68000030517578
2024-04-22;27.157228469848633;89.40341186523438;91.82164001464844;253.19374084472656;408.7799987792969;415.2955322265625;94.16333770751953;213.13275146484375;9062.66015625;746.8434448242188;58.42192840576172;79.23411560058594;27.205341339111328;487.4264831542969;201.6967010498047;399.9200134277344;479.57000732421875;871.9334106445312;309.1912841796875;36.85345458984375;286.9820861816406;11.981586456298828;6140.92236328125;232.75250244140625;21.610000610351562;809.98974609375;554.5999755859375;164.02493286132812;7.876885890960693;81.55999755859375;480.79351806640625;115.140625;91.19999694824219
2024-04-23;27.422800064086914;88.8936538696289;95.33597564697266;256.8013000488281;408.739990234375;411.6399230957031;97.65196990966797;214.40870666503906;8961.078125;753.9285888671875;58.81011199951172;79.94217681884766;27.235219955444336;482.4155578613281;206.5635528564453;404.9100036621094;493.79998779296875;887.8718872070312;318.2784118652344;37.234859466552734;289.2550048828125;12.02480697631836;6225.9931640625;232.10696411132812;21.75;831.0064086914062;577.75;172.6754913330078;8.0029935836792;81.80999755859375;495.1355895996094;120.21302795410156;91.50499725341797
2024-04-24;27.304767608642578;90.63858795166016;96.66361236572266;253.19374084472656;405.95001220703125;411.65985107421875;96.45586395263672;210.2742156982422;8771.8583984375;748.9215087890625;58.13079071044922;79.0472640991211;26.861724853515625;483.5268859863281;206.5337677001953;400.760009765625;494.260009765625;875.3203735351562;317.8699035644531;36.65321350097656;288.8992614746094;11.995992660522461;6182.46875;233.07029724121094;21.770000457763672;831.5044555664062;555.1199951171875;173.3667449951172;8.39101791381836;82.70999908447266;492.5406494140625;119.78451538085938;91.62999725341797
2024-04-25;27.422800064086914;90.97188568115234;93.80332946777344;249.39630126953125;404.9100036621094;413.87115478515625;94.5620346069336;210.22476196289062;8853.521484375;730.6248779296875;57.45146560668945;77.93599700927734;26.78702735900879;490.0361022949219;197.00860595703125;397.70001220703125;489.239990234375;863.4661254882812;312.9875793457031;36.233665466308594;288.1778259277344;11.957574844360352;6129.0517578125;233.46755981445312;21.670000076293945;830.4088134765625;564.7999877929688;168.07369995117188;8.555928230285645;82.44000244140625;440.5219421386719;124.47824096679688;91.54499816894531
2024-04-26;27.54083251953125;89.59947204589844;92.75879669189453;252.05450439453125;402.1000061035156;414.1500244140625;95.22986602783203;208.64219665527344;8897.3408203125;723.9554443359375;58.42192840576172;78.41787719726562;27.28999900817871;491.51458740234375;197.05825805664062;397.4800109863281;499.29998779296875;883.18994140625;305.5843505859375;37.03462219238281;287.7134094238281;11.919157028198242;6233.90625;234.460693359375;21.850000381469727;857.2090454101562;561.22998046875;171.82623291015625;8.75964069366455;82.33000183105469;442.4282531738281;124.62771606445312;92.70999908447266
2024-04-29;27.649028778076172;90.47205352783203;93.32499694824219;252.81398010253906;400.9599914550781;413.681884765625;94.970703125;207.33657836914062;8753.931640625;718.7406005859375;59.68353271484375;79.51930236816406;27.59000015258789;485.2435302734375;202.78924560546875;396.20001220703125;505.3399963378906;881.3969116210938;310.29730224609375;37.091835021972656;290.1938171386719;11.9719820022583;6263.58251953125;236.4866943359375;21.790000915527344;846.129638671875;559.489990234375;169.27847290039062;8.730539321899414;82.98999786376953;431.7789611816406;127.25859069824219;92.8550033569336
2024-04-30;27.973617553710938;90.53155517578125;92.68070220947266;253.0988006591797;396.7300109863281;414.1998291015625;92.76787567138672;207.3563690185547;8809.7021484375;703.6698608398438;58.37340545654297;78.90958404541016;27.350000381469727;479.95477294921875;200.00819396972656;392.80999755859375;492.760009765625;899.12841796875;308.7030944824219;37.435096740722656;279.1651611328125;11.909552574157715;6168.61962890625;234.7189178466797;21.489999771118164;831.1574096679688;550.6400146484375;167.5799560546875;8.66263484954834;82.56999969482422;429.3337707519531;124.20916748046875;92.90499877929688
2024-05-02;27.67853546142578;89.81761932373047;94.99430084228516;253.8582763671875;400.6000061035156;415.3254089355469;96.814697265625;205.2198944091797;9018.8408203125;691.3897705078125;60.314334869384766;79.57830810546875;28.1299991607666;489.1529846191406;198.89576721191406;400.1600036621094;475.82000732421875;869.7418823242188;307.7265930175781;37.683013916015625;276.9910583496094;12.020004272460938;6192.3603515625;242.0185089111328;21.729999542236328;809.8969116210938;565.1500244140625;166.4344482421875;8.81784439086914;84.08000183105469;440.82135009765625;122.96349334716797;93.9749984741211
2024-05-03;27.639192581176758;89.61929321289062;95.08216094970703;250.82034301757812;400.8699951171875;423.51318359375;94.70158386230469;205.38803100585938;9124.4052734375;692.8543090820312;60.84809112548828;80.33554077148438;28.020000457763672;488.63702392578125;199.9585418701172;401.0799865722656;480.6000061035156;847.3284301757812;306.6504821777344;37.94999694824219;277.435791015625;12.120850563049316;6342.7177734375;244.1835479736328;21.65999984741211;834.3515014648438;579.3400268554688;168.58721923828125;8.895448684692383;84.54000091552734;451.08135986328125;124.6675796508789;94.22000122070312
2024-05-06;27.61952018737793;88.80619812011719;95.13096618652344;255.567138671875;404.9200134277344;424.0909423828125;97.93106842041016;205.73422241210938;;686.4717407226562;60.945133209228516;80.40438079833984;28.059999465942383;490.5520935058594;199.68040466308594;402.5;476.8699951171875;848.1253662109375;308.94219970703125;38.41999816894531;280.2522277832031;12.111246109008789;;245.9016876220703;21.739999771118164;845.0316162109375;596.969970703125;169.33770751953125;8.93425178527832;84.83999633789062;464.77471923828125;128.88296508789062;
2024-05-07;27.796567916870117;89.9167709350586;95.20906829833984;258.70001220703125;406.1400146484375;426.87994384765625;99.21687316894531;206.07052612304688;9269.806640625;704.4219360351562;61.67298126220703;80.54206848144531;28.485000610351562;497.08111572265625;200.13731384277344;410.239990234375;483.67999267578125;879.205322265625;313.3163757324219;38.59000015258789;283.53314208984375;12.389776229858398;6358.544921875;246.94447326660156;21.719999313354492;852.6176147460938;606.0;172.18173217773438;9.167065620422363;81.6500015258789;467.3297424316406;127.10911560058594;93.65499877929688
2024-05-08;28.416236877441406;91.80078125;95.91193389892578;259.7442932128906;406.3699951171875;427.52740478515625;99.34645080566406;209.5323944091797;9142.33203125;685.4624633789062;61.57593536376953;80.19786834716797;28.475000381469727;499.313720703125;200.24656677246094;418.82000732421875;487.07000732421875;879.8031005859375;308.3045349121094;38.310001373291016;285.6578369140625;12.457008361816406;6309.0849609375;244.580810546875;21.639999389648438;843.4346313476562;609.469970703125;174.25550842285156;9.118562698364258;78.3499984741211;471.6812438964844;131.1550750732422;93.95500183105469
2024-05-09;28.97688865661621;92.69320678710938;97.0931396484375;263.29998779296875;408.82000732421875;430.5953369140625;101.88817596435547;211.2831268310547;9124.4052734375;764.3483276367188;61.52741622924805;81.38780975341797;28.690000534057617;503.1041259765625;204.755859375;418.989990234375;500.82000732421875;;320.7295837402344;38.970001220703125;291.1128845214844;12.567459106445312;6374.3720703125;248.8910369873047;21.899999618530273;846.3292846679688;612.0900268554688;175.5590057373047;9.91401195526123;77.47000122070312;474.49578857421875;131.22482299804688;93.18499755859375
2024-05-10;29.2031192779541;92.9708480834961;97.28838348388672;265.5;412.04998779296875;429.8781433105469;102.97150421142578;206.18922424316406;9090.544921875;749.7526245117188;60.993656158447266;81.46646881103516;28.954999923706055;508.8393859863281;206.2655792236328;422.7799987792969;509.82000732421875;;325.4723815917969;39.58000183105469;295.0954284667969;12.673108100891113;6706.7412109375;248.83145141601562;21.969999313354492;862.8984985351562;610.8699951171875;173.86050415039062;9.81700611114502;75.37000274658203;475.2742614746094;132.31106567382812;93.25499725341797
2024-05-13;29.370330810546875;93.3079833984375;96.92718505859375;266.1000061035156;411.2200012207031;426.3321228027344;100.08594512939453;207.63331604003906;9056.6845703125;768.76171875;60.702518463134766;82.13520050048828;29.3799991607666;507.77764892578125;208.94732666015625;429.92999267578125;503.0199890136719;906.400390625;316.0365295410156;39.58000183105469;288.0197448730469;12.668306350708008;6506.92431640625;248.54342651367188;22.010000228881836;851.4197998046875;616.5900268554688;174.47274780273438;9.85580825805664;76.1500015258789;467.1001892089844;130.55714416503906;92.91999816894531
2024-05-14;29.094921112060547;93.1691665649414;97.46409606933594;265.3999938964844;410.239990234375;426.3520202636719;102.2825698852539;208.50372314453125;9010.873046875;781.556396484375;59.635009765625;82.90227508544922;29.219999313354492;509.901123046875;209.77171325683594;428.5899963378906;521.1099853515625;906.5;319.3445739746094;39.38999938964844;291.705810546875;12.524239540100098;6479.2265625;246.85508728027344;22.010000228881836;839.142578125;613.6599731445312;172.4977264404297;9.933412551879883;81.2300033569336;470.9327392578125;133.65640258789062;93.09500122070312
2024-05-15;28.622793197631836;94.06159210205078;98.17672729492188;263.29998779296875;412.760009765625;433.991943359375;107.50452423095703;205.9913787841797;9080.5859375;801.2086181640625;61.91559982299805;83.3153076171875;29.325000762939453;513.5426635742188;211.76812744140625;437.489990234375;548.530029296875;913.5726318359375;325.78125;39.75;288.7016296386719;12.716328620910645;6544.513671875;249.87425231933594;22.1200008392334;849.4235229492188;613.52001953125;173.90000915527344;;83.4800033569336;480.6038818359375;148.64442443847656;93.99500274658203
2024-05-16;28.750661849975586;94.53754425048828;98.26458740234375;266.29998779296875;413.1199951171875;436.3028259277344;103.98993682861328;210.41270446777344;9192.126953125;791.1351318359375;62.0;84.22005462646484;28.649999618530273;517.23388671875;211.68865966796875;440.6400146484375;540.9400024414062;909.3888549804688;321.5466003417969;40.279998779296875;284.46209716796875;12.869999885559082;6506.92431640625;255.2769317626953;21.889999389648438;857.5084838867188;610.52001953125;176.74000549316406;10.049819946289062;83.38999938964844;472.31005859375;145.79429626464844;94.42500305175781
2024-05-17;28.81951332092285;95.7076187133789;97.45433807373047;267.3999938964844;416.94000244140625;440.1477355957031;104.47918701171875;210.81822204589844;9297.69140625;791.461669921875;60.900001525878906;84.49540710449219;28.579999923706055;520.56787109375;209.16583251953125;445.2099914550781;543.4500122070312;899.8257446289062;321.696044921875;39.970001220703125;282.1990661621094;12.699999809265137;6398.11279296875;260.89813232421875;22.0;851.4197998046875;621.0999755859375;177.02000427246094;9.91401195526123;83.75;470.99261474609375;149.003173828125;94.92500305175781
2024-05-20;28.986724853515625;95.88610076904297;97.22004699707031;267.79998779296875;413.0;436.0239562988281;104.71881103515625;208.96861267089844;9289.724609375;786.9592895507812;60.29999923706055;83.1087875366211;28.665000915527344;513.2251586914062;205.4312744140625;445.8699951171875;530.0700073242188;;323.8781433105469;39.880001068115234;281.4875183105469;12.670000076293945;6366.45849609375;264.384033203125;22.209999084472656;863.09814453125;640.8200073242188;179.3800048828125;9.91401195526123;83.58999633789062;467.9285583496094;144.94723510742188;95.05000305175781
2024-05-21;29.114595413208008;95.54896545410156;97.84481811523438;267.20001220703125;414.3699951171875;438.1455993652344;106.32633972167969;208.0586395263672;9307.650390625;788.1730346679688;59.79999923706055;83.75784301757812;28.315000534057617;519.4962158203125;203.9513397216797;442.0;518.4400024414062;923.6338500976562;319.96234130859375;39.18000030517578;282.5943298339844;12.699999809265137;6291.27978515625;262.84466552734375;22.1299991607666;852.1185302734375;650.6099853515625;180.0;9.87520980834961;82.0;463.72674560546875;146.73106384277344;94.30999755859375
2024-05-22;29.035905838012695;94.20040893554688;98.66482543945312;266.6000061035156;413.989990234375;440.5660705566406;105.6074447631836;209.1763153076172;9251.8798828125;777.4483642578125;60.70000076293945;84.33806610107422;28.395000457763672;517.313232421875;199.8294219970703;447.5299987792969;517.9400024414062;919.4500122070312;317.2621154785156;39.099998474121094;283.6319885253906;12.539999961853027;6253.6904296875;262.834716796875;22.110000610351562;852.5177612304688;640.469970703125;179.32000732421875;11.078083992004395;81.26000213623047;466.8706359863281;147.26918029785156;94.11000061035156
2024-05-23;28.63262939453125;93.66495513916016;97.27861785888672;264.0;405.8800048828125;434.5696716308594;103.82020568847656;209.75990295410156;9289.724609375;763.5899047851562;59.0;80.03068542480469;27.584999084472656;512.8282470703125;195.7571258544922;450.79998779296875;516.0999755859375;933.7946166992188;314.1832580566406;38.619998931884766;282.2104797363281;12.329999923706055;6306.40966796875;261.196044921875;21.770000457763672;874.7764892578125;635.6699829101562;181.36000061035156;10.981077194213867;80.80000305175781;464.87451171875;153.0391845703125;93.41999816894531
2024-05-24;28.544105529785156;93.80377960205078;97.55195617675781;264.8999938964844;407.4100036621094;436.52197265625;106.26643371582031;212.57884216308594;9285.7412109375;762.1871337890625;59.20000076293945;80.92559051513672;27.6299991607666;504.2353210449219;199.0269012451172;456.95001220703125;516.5;925.2276611328125;317.5510559082031;38.939998626708984;283.2144775390625;12.350000381469727;6372.0595703125;262.79498291015625;21.760000228881836;878.8688354492188;646.75;180.05999755859375;10.728862762451172;80.29000091552734;477.29034423828125;159.62631225585938;93.69999694824219
2024-05-27;28.573612213134766;93.76411437988281;;266.20001220703125;;;;;;;59.5;;28.270000457763672;;;;;916.1627197265625;;39.040000915527344;;12.449999809265137;;;21.760000228881836;880.9649658203125;;180.4199981689453;11.679520606994629;;;;
2024-05-28;28.357221603393555;92.59404754638672;97.66909790039062;265.8999938964844;403.8999938964844;429.31036376953125;105.2779541015625;206.22877502441406;9130.380859375;764.7638549804688;59.849998474121094;80.6404037475586;27.799999237060547;499.78009033203125;195.57769775390625;446.8800048828125;505.3999938964844;912.1781005859375;317.5111999511719;39.20000076293945;276.60406494140625;12.399999618530273;6248.716796875;262.81488037109375;21.719999313354492;894.3401489257812;649.0;177.22000122070312;11.466107368469238;79.87000274658203;478.987060546875;165.5059356689453;93.51000213623047
2024-05-29;28.14082908630371;91.56279754638672;97.22980499267578;263.8999938964844;404.0899963378906;424.1896667480469;103.04139709472656;203.64720153808594;9008.8818359375;756.1184692382812;58.79999923706055;80.13886260986328;26.924999237060547;480.9668884277344;191.8992156982422;441.1300048828125;498.3500061035156;907.9942016601562;323.9578552246094;38.43000030517578;272.7073974609375;12.25;6129.3525390625;258.4847717285156;21.6200008392334;886.8540649414062;654.6199951171875;175.82000732421875;11.272095680236816;78.44999694824219;473.4378356933594;178.59054565429688;93.37000274658203
2024-05-30;28.17033576965332;90.92818450927734;97.0443344116211;265.70001220703125;408.6099853515625;420.8257751464844;103.6704330444336;202.66799926757812;9058.6767578125;756.7252807617188;59.75;79.26361846923828;28.05500030517578;477.920654296875;192.83628845214844;443.04998779296875;499.7699890136719;913.3734741210938;333.8919372558594;38.38999938964844;277.4589538574219;12.255000114440918;6181.0771484375;258.71319580078125;22.010000228881836;879.367919921875;647.6599731445312;168.5800018310547;11.175089836120605;80.79000091552734;466.14202880859375;169.33265686035156;93.29000091552734
2024-05-31;28.071977615356445;91.1066665649414;98.96744537353516;268.29998779296875;414.3999938964844;426.7350769042969;102.68194580078125;200.76890563964844;9124.4052734375;759.063232421875;59.75;80.02085876464844;28.239999771118164;491.534423828125;194.30169677734375;455.3399963378906;496.95001220703125;923.7334594726562;338.5251770019531;38.65999984741211;280.0534362792969;12.279999732971191;6085.58544921875;264.8706970214844;22.290000915527344;869.1868286132812;641.6199951171875;165.9600067138672;10.884072303771973;82.33999633789062;465.9224853515625;139.0775909423828;92.33499908447266
2024-06-03;28.249025344848633;90.47205352783203;100.50984954833984;270.79998779296875;414.7900085449219;428.4819030761719;103.01144409179688;199.55230712890625;9112.455078125;747.6024169921875;60.400001525878906;80.75841522216797;28.625;493.58837890625;194.40138244628906;470.17999267578125;492.42999267578125;920.3465576171875;331.5005798339844;38.650001525878906;273.5821533203125;12.444999694824219;6210.91796875;269.0517883300781;22.639999389648438;878.8688354492188;633.7899780273438;168.25999450683594;11.000478744506836;83.5999984741211;476.5617370605469;131.57362365722656;93.08000183105469
2024-06-04;28.130992889404297;90.35307312011719;101.32009887695312;262.0;409.5299987792969;431.05718994140625;101.154296875;201.56019592285156;9243.9130859375;760.7545166015625;60.099998474121094;81.88934326171875;28.334999084472656;501.5760498046875;196.066162109375;474.95001220703125;491.05999755859375;932.5992431640625;330.8031005859375;38.56999969482422;271.48468017578125;12.5600004196167;6004.02001953125;268.4459533691406;22.25;871.282958984375;631.6199951171875;168.60000610351562;10.981077194213867;86.02999877929688;476.0627136230469;135.2907257080078;90.93000030517578
2024-06-05;28.17033576965332;93.18900299072266;101.59343719482422;262.79998779296875;409.8500061035156;435.4991455078125;103.2410888671875;198.3060302734375;9303.6669921875;754.7156372070312;60.25;80.94525909423828;28.594999313354492;499.2243957519531;197.38204956054688;483.0400085449219;495.8399963378906;;335.6954040527344;39.2400016784668;277.1507873535156;12.649999618530273;6013.96728515625;268.47576904296875;22.610000610351562;941.8519287109375;650.27001953125;171.52000427246094;10.748263359069824;86.63999938964844;494.09759521484375;137.18417358398438;91.93000030517578
2024-06-06;27.688371658325195;93.86328125;101.75939178466797;263.8999938964844;411.0799865722656;433.8721008300781;99.33709716796875;199.29513549804688;9387.322265625;758.9140014648438;59.79999923706055;80.97476959228516;28.385000228881836;498.0337219238281;197.790771484375;485.5299987792969;497.8399963378906;969.5565185546875;335.6057434082031;39.720001220703125;272.5881042480469;12.569999694824219;6000.04150390625;267.8699645996094;22.6299991607666;955.7261962890625;648.52001953125;177.72000122070312;11.078083992004395;87.2300033569336;492.8001403808594;133.49696350097656;92.44000244140625
2024-06-07;27.61952018737793;93.70462036132812;101.14437866210938;261.5;413.7200012207031;427.96282958984375;97.83940124511719;198.32025146484375;9393.2978515625;749.5224609375;58.0;82.67608642578125;28.09000015258789;486.8906555175781;195.98641967773438;483.0400085449219;497.510009765625;980.2153930664062;336.2234802246094;39.5;270.2520751953125;12.329999923706055;6047.787109375;277.6126708984375;22.59000015258789;957.1236572265625;641.469970703125;177.36000061035156;10.32143783569336;85.44999694824219;492.0016784667969;129.520751953125;93.03500366210938
2024-06-10;27.708044052124023;93.96243286132812;101.21271514892578;259.3999938964844;410.80999755859375;429.2205505371094;108.78255462646484;197.46473693847656;9361.4287109375;758.6156005859375;58.0;81.7614974975586;27.475000381469727;491.1672668457031;195.30853271484375;483.2799987792969;508.260009765625;984.5984497070312;340.02972412109375;39.209999084472656;271.54437255859375;12.3149995803833;6169.140625;280.37359619140625;22.610000610351562;961.6152954101562;644.5;176.82000732421875;;85.63999938964844;501.6229553222656;131.99217224121094;93.36000061035156
2024-06-11;27.747386932373047;93.64512634277344;101.3493881225586;256.1000061035156;408.5;428.0326843261719;110.0406265258789;197.6636962890625;9303.6669921875;756.3771362304688;56.45000076293945;80.59123229980469;27.079999923706055;492.3778381347656;196.80386352539062;481.5299987792969;506.20001220703125;978.2230834960938;335.0975646972656;38.68000030517578;270.0830993652344;12.28499984741211;6061.712890625;278.8838806152344;22.610000610351562;957.423095703125;648.5499877929688;175.39999389648438;10.534850120544434;85.0;506.48345947265625;131.18496704101562;93.28500366210938
2024-06-12;27.422800064086914;94.7755355834961;100.20722961425781;259.70001220703125;408.7699890136719;439.45196533203125;111.31865692138672;194.7091827392578;9365.412109375;757.5410766601562;58.04999923706055;80.86659240722656;27.825000762939453;489.2522277832031;195.74716186523438;475.7900085449219;514.280029296875;985.7938232421875;339.58135986328125;39.0;270.58013916015625;12.390000343322754;6167.1513671875;281.1085205078125;22.540000915527344;983.774169921875;650.0599975585938;181.39999389648438;10.379640579223633;83.95999908447266;507.8507995605469;131.35438537597656;93.98999786376953
2024-06-13;27.649028778076172;93.76411437988281;99.55317687988281;256.29998779296875;405.9200134277344;436.39752197265625;109.19193267822266;194.61965942382812;9323.5849609375;762.6646118164062;57.29999923706055;80.30604553222656;27.344999313354492;493.449462890625;195.86679077148438;479.0299987792969;506.1199951171875;975.9319458007812;339.6710205078125;38.630001068115234;268.7709655761719;12.295000076293945;6135.32080078125;283.35302734375;22.530000686645508;964.7095336914062;653.260009765625;177.97999572753906;10.534850120544434;84.0999984741211;503.1200256347656;134.5532989501953;94.00499725341797
2024-06-14;27.61952018737793;94.04175567626953;99.76792907714844;253.39999389648438;405.5400085449219;433.612548828125;109.01220703125;196.10189819335938;9395.2890625;762.326416015625;56.29999923706055;79.69631958007812;27.065000534057617;493.2708740234375;199.25619506835938;480.7300109863281;504.0;987.1884765625;336.9056701660156;37.75;264.8941650390625;12.430000305175781;5998.0517578125;273.2528076171875;22.6299991607666;951.2345581054688;669.3800048828125;174.77999877929688;10.418442726135254;82.22000122070312;503.67950439453125;134.513427734375;94.66000366210938
2024-06-17;27.629356384277344;93.08983612060547;99.62151336669922;255.60000610351562;407.32000732421875;432.5145568847656;110.00068664550781;195.564697265625;9395.2890625;758.46630859375;56.849998474121094;78.6243896484375;26.1299991607666;487.5013427734375;200.93093872070312;473.69000244140625;504.3299865722656;976.7288208007812;334.90899658203125;37.65999984741211;268.3037414550781;12.375;6077.6279296875;271.2366943359375;22.56999969482422;967.6041870117188;675.8300170898438;175.75999450683594;10.379640579223633;81.12000274658203;506.14715576171875;141.5390625;95.22000122070312
2024-06-18;27.77689552307129;91.68179321289062;98.83078002929688;257.0;407.95001220703125;435.0599365234375;110.31021118164062;195.50502014160156;9449.0673828125;769.8674926757812;57.25;78.4277114868164;26.139999389648438;479.3502197265625;205.8555145263672;467.2799987792969;503.6000061035156;977.4261474609375;340.07037353515625;37.970001220703125;272.1606750488281;12.444999694824219;6081.60693359375;272.8157958984375;22.56999969482422;981.9774780273438;685.6699829101562;176.0;10.748263359069824;79.62999725341797;499.0139465332031;148.6344451904297;95.80500030517578
2024-06-19;27.717880249023438;91.91976928710938;;258.1000061035156;;;;;9496.87109375;;56.0;;25.6200008392334;;;;;980.4146118164062;;37.7599983215332;;12.505000114440918;6031.87158203125;;22.889999389648438;964.7095336914062;;176.27999877929688;11.71832275390625;;;;95.21499633789062
2024-06-20;27.708044052124023;93.03034210205078;98.79173278808594;260.0;409.1499938964844;437.91473388671875;109.88087463378906;197.45480346679688;9564.591796875;759.6800537109375;56.95000076293945;78.84074401855469;26.0;482.8079833984375;206.73277282714844;471.3800048828125;495.9599914550781;989.9776611328125;337.80413818359375;38.150001525878906;276.65374755859375;12.5649995803833;5970.2001953125;270.203857421875;22.889999389648438;987.0680541992188;679.030029296875;179.6999969482422;11.679520606994629;80.83000183105469;501.22186279296875;148.0066375732422;95.65499877929688
2024-06-21;27.747386932373047;92.15775299072266;98.81151580810547;259.6000061035156;409.6199951171875;438.423828125;108.65276336669922;193.4656982421875;9614.38671875;761.0728759765625;57.20000076293945;80.28636932373047;26.0;480.8847961425781;204.6094207763672;468.7099914550781;495.7300109863281;984.1004028320312;338.3532409667969;37.689998626708984;275.29193115234375;12.614999771118164;5866.75146484375;271.0380859375;22.8799991607666;961.6152954101562;686.1199951171875;181.05999755859375;11.601916313171387;80.52999877929688;494.3084411621094;144.55857849121094;96.06500244140625
2024-06-24;27.688371658325195;91.72145080566406;100.73988342285156;261.5;413.9800109863281;444.16339111328125;107.30484008789062;194.0625762939453;9586.501953125;748.3385620117188;58.150001525878906;79.69631958007812;26.655000686645508;488.24871826171875;207.35084533691406;474.95001220703125;491.489990234375;984.5984497070312;340.79913330078125;38.150001525878906;282.2701416015625;12.604999542236328;5842.87841796875;269.0418701171875;23.149999618530273;946.742919921875;669.02001953125;179.4600067138672;11.291497230529785;81.12000274658203;498.43450927734375;137.08450317382812;95.625
2024-06-25;27.5998477935791;92.77252960205078;100.90799713134766;260.20001220703125;410.9700012207031;447.96649169921875;107.25491333007812;193.0876922607422;9558.6162109375;739.0465087890625;57.0;79.07677459716797;26.149999618530273;482.7880554199219;207.1913299560547;473.82000732421875;491.0799865722656;1024.046142578125;339.88067626953125;38.099998474121094;281.43511962890625;12.59000015258789;5729.482421875;265.25799560546875;23.31999969482422;948.4397583007812;672.4099731445312;181.72000122070312;10.942275047302246;82.08000183105469;510.1133728027344;139.8648681640625;95.06999969482422
2024-06-26;27.40312957763672;92.59404754638672;100.8288803100586;259.1000061035156;410.260009765625;447.5472412109375;105.617431640625;194.18194580078125;9480.9365234375;738.0615844726562;56.29999923706055;78.72274017333984;25.985000610351562;482.3296813964844;202.60569763183594;474.0;488.6099853515625;1003.1268920898438;339.91064453125;38.2599983215332;279.9937744140625;12.494999885559082;5681.73681640625;261.8912658691406;23.31999969482422;944.8463745117188;677.6900024414062;186.02000427246094;11.039281845092773;82.86000061035156;512.6309814453125;137.7621612548828;95.19499969482422
2024-06-27;27.36378288269043;90.80919647216797;100.44320678710938;259.3999938964844;407.95001220703125;448.09625244140625;105.69731140136719;194.51022338867188;9451.0595703125;748.099853515625;56.79999923706055;78.01467895507812;26.110000610351562;484.72119140625;204.26051330566406;472.510009765625;493.9599914550781;998.7438354492188;342.7159423828125;37.970001220703125;278.8207702636719;12.385000228881836;5789.16455078125;261.26556396484375;23.3700008392334;958.2215576171875;684.3400268554688;187.44000244140625;10.845269203186035;84.27999877929688;519.0648193359375;138.9480438232422;94.80999755859375
2024-06-28;27.137556076049805;89.53997039794922;100.20587158203125;259.5;406.79998779296875;445.1915283203125;105.07826232910156;195.5746612548828;9361.4287109375;752.7159423828125;56.650001525878906;78.09404754638672;26.3799991607666;507.4605712890625;202.87484741210938;468.7200012207031;487.20001220703125;1001.7322387695312;320.74273681640625;37.790000915527344;275.281982421875;12.255000114440918;5864.76171875;256.2799987792969;23.479999542236328;962.413818359375;674.8800048828125;189.52000427246094;10.69006061553955;84.94999694824219;503.73944091796875;137.4333038330078;96.0250015258789
2024-07-01;27.501487731933594;89.04418182373047;100.12676239013672;262.5;405.19000244140625;445.5109558105469;104.3493881225586;194.4803924560547;9265.8232421875;755.7801513671875;56.75;76.51649475097656;26.170000076293945;492.9021911621094;202.4960479736328;471.25;476.3999938964844;1000.7361450195312;314.593017578125;38.52000045776367;270.6695861816406;12.204999923706055;5739.42919921875;247.33999633789062;23.68000030517578;952.5321655273438;673.6099853515625;185.67999267578125;;85.30999755859375;504.1990051269531;142.3263397216797;96.09500122070312
2024-07-02;27.36378288269043;89.26232147216797;100.51243591308594;258.70001220703125;407.1000061035156;449.63348388671875;105.76720428466797;196.05215454101562;9190.134765625;752.4971313476562;56.650001525878906;76.76453399658203;25.854999542236328;496.4794921875;202.0972900390625;473.7799987792969;477.2300109863281;989.6788330078125;319.1653747558594;38.54999923706055;265.9577941894531;12.114999771118164;5600.17138671875;251.0;23.510000228881836;964.1106567382812;679.5800170898438;185.1999969482422;10.709461212158203;86.66000366210938;509.014404296875;142.97409057617188;95.71499633789062
2024-07-03;27.54083251953125;89.20283508300781;100.29486846923828;260.0;405.7699890136719;448.62530517578125;105.89700317382812;195.03746032714844;9200.09375;745.155029296875;57.849998474121094;76.56609344482422;26.225000381469727;488.1590270996094;203.2237548828125;470.2799987792969;477.489990234375;963.77880859375;326.00390625;39.63999938964844;270.4608154296875;12.25;5641.94873046875;253.0;23.760000228881836;983.9737548828125;682.510009765625;187.66000366210938;10.69006061553955;85.6500015258789;509.4739685058594;142.17684936523438;96.13999938964844
2024-07-04;27.609683990478516;89.53997039794922;;261.6000061035156;;;;;9235.9462890625;;57.79999923706055;;26.204999923706055;;;;;966.2692260742188;;39.880001068115234;;12.239999771118164;5622.0546875;;23.75;982.3767700195312;;187.02000427246094;10.942275047302246;;;;96.31500244140625
2024-07-05;27.668699264526367;88.94501495361328;100.98711395263672;260.8999938964844;411.1700134277344;452.4483337402344;105.91697692871094;195.3756866455078;9273.7900390625;750.6168212890625;58.45000076293945;77.00265502929688;26.165000915527344;486.2856750488281;203.94151306152344;474.57000732421875;486.0;970.2538452148438;319.7643737792969;40.119998931884766;265.04327392578125;12.354999542236328;5655.87451171875;252.6699981689453;23.829999923706055;991.1604614257812;690.6500244140625;189.0800018310547;;86.81999969482422;539.3953857421875;138.47967529296875;96.4749984741211
2024-07-08;27.72771644592285;87.97327423095703;101.45188903808594;262.20001220703125;409.0799865722656;455.0636291503906;104.90852355957031;193.95315551757812;9235.9462890625;753.0343017578125;57.54999923706055;76.23867797851562;26.05500030517578;487.6109619140625;202.3265838623047;481.8900146484375;483.7300109863281;980.8130493164062;315.68121337890625;40.290000915527344;268.0154724121094;12.175000190734863;5769.2705078125;254.89999389648438;23.899999618530273;996.0513916015625;685.739990234375;187.83999633789062;10.651256561279297;86.5999984741211;528.8155517578125;145.46543884277344;96.33999633789062
2024-07-09;27.75722312927246;88.1517562866211;100.54209899902344;259.8999938964844;410.5199890136719;459.4656066894531;105.41773986816406;193.60496520996094;9196.1103515625;762.8934936523438;57.849998474121094;76.27836608886719;25.350000381469727;490.37115478515625;198.72784423828125;485.989990234375;477.8900146484375;962.2846069335938;316.3800354003906;39.560001373291016;267.0810546875;12.119999885559082;5832.93115234375;254.6999969482422;23.639999389648438;980.8795776367188;685.739990234375;184.75999450683594;11.019879341125488;90.44000244140625;529.494873046875;145.23623657226562;96.58999633789062
2024-07-10;28.337549209594727;88.50872802734375;101.62001037597656;262.29998779296875;413.7900085449219;465.1552734375;109.28179168701172;192.57040405273438;9178.18359375;771.9766235351562;58.45000076293945;76.45695495605469;26.125;499.1600036621094;199.74464416503906;491.6199951171875;483.3900146484375;972.4453735351562;314.8226623535156;39.970001220703125;272.4588623046875;12.279999732971191;5860.783203125;255.66000366210938;23.850000381469727;1000.143798828125;677.6500244140625;185.8000030517578;10.942275047302246;92.7300033569336;534.180419921875;145.26614379882812;96.41999816894531
2024-07-11;28.376893997192383;88.68721008300781;103.83515930175781;264.1000061035156;418.7799987792969;472.3621826171875;108.6827163696289;194.77882385253906;9331.5517578125;793.7044677734375;59.5;77.45905303955078;26.639999389648438;502.577880859375;205.60630798339844;492.1300048828125;487.7799987792969;963.57958984375;316.9790344238281;40.29999923706055;278.37347412109375;12.5;6059.72314453125;258.0;23.760000228881836;987.2676391601562;652.75;186.4600067138672;11.136286735534668;95.62999725341797;512.2113647460938;140.2335968017578;96.63500213623047
2024-07-12;28.34738540649414;88.58805084228516;104.77461242675781;266.70001220703125;424.44000244140625;477.4529724121094;110.56980895996094;192.42117309570312;9389.314453125;800.7083740234375;59.29999923706055;77.3399887084961;26.934999465942383;509.7225341796875;205.52655029296875;488.739990234375;492.739990234375;976.5296020507812;323.77764892578125;40.83000183105469;283.1647644042969;12.470000267028809;6121.39501953125;261.30999755859375;23.8799991607666;1000.3434448242188;647.5999755859375;188.74000549316406;10.884072303771973;96.06999969482422;498.39453125;139.0875701904297;96.2699966430664
2024-07-15;28.101484298706055;88.01293182373047;103.90438079833984;265.20001220703125;434.4200134277344;481.6752624511719;114.7833251953125;195.98251342773438;9443.0927734375;800.5292358398438;59.79999923706055;76.476806640625;26.385000228881836;513.5489501953125;206.84243774414062;490.8500061035156;482.70001220703125;969.5565185546875;316.4499206542969;40.869998931884766;287.2105712890625;12.274999618530273;6155.21484375;259.8399963378906;23.799999237060547;987.3674926757812;656.4500122070312;187.75999450683594;10.631855964660645;95.62999725341797;495.6871337890625;136.7456817626953;95.91500091552734
2024-07-16;28.209680557250977;87.85427856445312;104.9229507446289;263.20001220703125;438.8999938964844;487.90399169921875;116.49069213867188;196.34063720703125;9409.232421875;808.4484252929688;59.29999923706055;77.48881530761719;26.05500030517578;546.9306030273438;215.82431030273438;488.9800109863281;499.5199890136719;966.2692260742188;318.376708984375;40.58000183105469;297.6480712890625;12.1899995803833;6260.6533203125;267.5299987792969;23.809999465942383;975.9885864257812;656.3200073242188;187.22000122070312;10.418442726135254;96.12999725341797;489.3232116699219;133.79591369628906;96.1500015258789
2024-07-17;28.671974182128906;88.7467041015625;107.10843658447266;263.0;445.6099853515625;488.98199462890625;113.60513305664062;200.40931701660156;9365.412109375;799.01708984375;59.75;80.62409210205078;26.68000030517578;571.25439453125;215.10655212402344;488.3699951171875;496.4700012207031;915.4653930664062;322.4399108886719;40.20000076293945;293.3438415527344;12.375;6183.06640625;270.4700012207031;24.040000915527344;869.2866821289062;647.4600219726562;183.25999450683594;10.302035331726074;95.95999908447266;461.5496826171875;124.73733520507812;95.375
2024-07-18;29.193283081054688;88.96485137939453;106.26786804199219;262.6000061035156;441.82000732421875;483.8114013671875;114.73340606689453;199.56373596191406;9431.1416015625;790.988525390625;60.599998474121094;80.57447814941406;26.969999313354492;562.345947265625;213.98008728027344;488.1199951171875;470.739990234375;883.5884399414062;321.1919860839844;40.369998931884766;296.4552307128906;12.444999694824219;6109.45849609375;266.5899963378906;24.260000228881836;836.9466552734375;643.0399780273438;180.5800018310547;10.224431037902832;93.19999694824219;475.396484375;124.90674591064453;94.61000061035156
2024-07-19;28.957218170166016;88.66737365722656;105.931640625;259.3999938964844;434.4700012207031;478.9701843261719;114.97303009033203;198.80770874023438;9383.3388671875;782.7808837890625;60.75;78.85802459716797;26.260000228881836;563.3324584960938;210.71031188964844;491.57000732421875;468.20001220703125;902.614990234375;321.62127685546875;39.849998474121094;289.4173583984375;12.380000114440918;6087.5751953125;262.9100036621094;24.190000534057617;827.9633178710938;633.3400268554688;181.5;9.87520980834961;92.83000183105469;476.3356018066406;125.35519409179688;93.62999725341797
2024-07-22;29.38016700744629;89.30198669433594;106.03053283691406;262.29998779296875;435.9800109863281;486.4366455078125;117.68885803222656;198.83755493164062;9397.28125;794.759033203125;60.79999923706055;78.67942810058594;27.309999465942383;556.5565185546875;213.67105102539062;495.9100036621094;475.2900085449219;905.5038452148438;324.83587646484375;40.66999816894531;290.51080322265625;12.510000228881836;6234.791015625;248.5500030517578;24.309999465942383;848.9244384765625;647.5;183.6199951171875;10.263233184814453;92.80999755859375;486.9354553222656;128.2949981689453;93.72000122070312
2024-07-23;29.114595413208008;88.90536499023438;108.34456634521484;262.6000061035156;434.010009765625;494.6617126464844;117.7787094116211;196.4102783203125;9415.20703125;798.847900390625;59.75;78.77864837646484;26.969999313354492;552.7400512695312;206.4436798095703;490.32000732421875;470.4100036621094;918.752685546875;339.6011657714844;40.27000045776367;281.96197509765625;12.619999885559082;6310.38818359375;256.0;24.149999618530273;859.30517578125;642.760009765625;196.74000549316406;10.185628890991211;91.66999816894531;488.2242431640625;125.8499984741211;93.58000183105469
2024-07-24;29.350658416748047;88.33023834228516;110.20372009277344;259.70001220703125;432.79998779296875;480.7868957519531;115.5521469116211;196.2212677001953;9397.28125;790.0732421875;59.75;79.34418487548828;26.975000381469727;557.7721557617188;208.83619689941406;490.79998779296875;471.3399963378906;898.9292602539062;343.3648376464844;39.90999984741211;279.8943786621094;12.680000305175781;6198.9814453125;260.20001220703125;24.020000457763672;830.0594482421875;635.989990234375;193.82000732421875;9.97221565246582;89.19000244140625;460.8303527832031;116.12000274658203;93.2249984741211
2024-07-25;28.908037185668945;88.92518615722656;111.94418334960938;258.8999938964844;433.2900085449219;482.453857421875;116.53063201904297;198.3401641845703;9335.53515625;765.3607177734375;59.650001525878906;77.84600067138672;27.530000686645508;557.702392578125;209.0654754638672;492.260009765625;470.67999267578125;878.2091674804688;352.2000427246094;40.09000015258789;281.48486328125;12.84000015258789;6141.2890625;258.6400146484375;24.209999084472656;798.1187133789062;634.0900268554688;195.22000122070312;9.58419132232666;86.02999877929688;452.9778747558594;111.43000030517578;92.77999877929688
2024-07-26;29.28180694580078;89.93659973144531;112.1024169921875;261.1000061035156;437.6600036621094;488.9320983886719;118.32787322998047;199.4940948486328;9439.109375;768.4647216796875;59.54999923706055;78.08412170410156;27.46500015258789;567.7069091796875;210.24179077148438;495.260009765625;469.7099914550781;870.339599609375;354.18670654296875;40.47999954223633;288.6519470214844;12.854999542236328;6298.45166015625;260.9800109863281;24.239999771118164;818.9800415039062;631.3699951171875;195.77999877929688;9.603591918945312;87.31999969482422;465.25616455078125;113.55999755859375;93.9000015258789
2024-07-29;29.340822219848633;80.81404113769531;113.13087463378906;258.79998779296875;438.30999755859375;488.94207763671875;118.41773223876953;197.88255310058594;9429.150390625;772.5635375976562;60.099998474121094;79.37394714355469;27.434999465942383;564.7474365234375;210.09225463867188;498.1499938964844;472.6300048828125;880.7992553710938;358.130126953125;40.61000061035156;289.4670715332031;12.9399995803833;6352.16552734375;265.739990234375;24.170000076293945;806.2999877929688;626.9600219726562;192.8800048828125;9.75880241394043;86.4000015258789;465.2661437988281;111.19999694824219;93.2300033569336
2024-07-30;29.43918228149414;81.29000091552734;113.42754364013672;261.8999938964844;441.260009765625;487.6244812011719;119.80559539794922;196.17152404785156;9429.150390625;764.8235473632812;60.349998474121094;80.1776123046875;27.600000381469727;574.2935791015625;212.39505004882812;502.6000061035156;474.69000244140625;892.9523315429688;360.7457275390625;41.029998779296875;287.3199157714844;12.9399995803833;6507.33935546875;264.2300109863281;24.09000015258789;805.7000122070312;622.5800170898438;192.02000427246094;9.720000267028809;88.37999725341797;462.74853515625;108.61000061035156;93.625
2024-07-31;29.291643142700195;82.0199966430664;113.8824462890625;260.79998779296875;438.5;483.8513488769531;123.2602767944336;192.69973754882812;9431.1416015625;786.1832885742188;58.79999923706055;79.69144439697266;27.4950008392334;574.1241455078125;214.7676239013672;495.7200012207031;476.1199951171875;908.4923095703125;362.44287109375;41.25;290.0634765625;12.96500015258789;6596.8623046875;263.8500061035156;24.170000076293945;850.5;628.3499755859375;195.02000427246094;10.079999923706055;88.58999633789062;474.37744140625;113.68000030517578;94.56999969482422
2024-08-01;29.183446884155273;81.41999816894531;116.15692901611328;253.89999389648438;431.80999755859375;489.64080810546875;119.56596374511719;195.28616333007812;9811.57421875;807.0158081054688;59.5;79.86011505126953;27.270000457763672;570.7461547851562;232.66160583496094;505.7799987792969;477.8399963378906;912.2776489257812;362.51275634765625;38.65999984741211;304.2684326171875;12.614999771118164;6403.89013671875;287.4700012207031;23.959999084472656;829.9000244140625;624.8499755859375;191.4600067138672;10.039999961853027;84.93000030517578;497.2655944824219;108.43000030517578;94.55999755859375
2024-08-02;29.38016700744629;81.37999725341797;116.512939453125;251.3000030517578;428.3599853515625;485.1589660644531;108.45307159423828;198.78781127929688;9700.0341796875;802.5090942382812;60.599998474121094;80.87213897705078;27.354999542236328;587.7459106445312;235.26345825195312;494.4599914550781;468.6300048828125;867.9487915039062;355.7640686035156;37.06999969482422;288.6320495605469;12.579999923706055;6019.935546875;281.739990234375;24.1200008392334;737.0999755859375;613.6400146484375;186.16000366210938;9.6899995803833;81.61000061035156;487.6747741699219;102.29000091552734;92.26000213623047
2024-08-05;28.908037185668945;80.04000091552734;112.3001937866211;245.5;413.7200012207031;471.1344299316406;106.06674194335938;196.19142150878906;9548.6572265625;764.2962036132812;59.0;79.70137023925781;26.94499969482422;567.9461059570312;227.8566436767578;476.9100036621094;455.0799865722656;845.435791015625;349.5943908691406;36.709999084472656;280.9679260253906;11.975000381469727;5978.15771484375;278.4700012207031;23.790000915527344;746.0;598.5499877929688;181.22000122070312;9.569999694824219;82.37999725341797;475.276611328125;98.18000030517578;87.6050033569336
2024-08-06;28.780170440673828;80.0;112.93309020996094;244.60000610351562;422.1400146484375;478.6108703613281;109.43155670166016;201.3245086669922;9476.953125;780.5821533203125;58.75;80.14784240722656;25.315000534057617;566.3417358398438;225.16506958007812;474.2900085449219;469.3699951171875;884.5845947265625;352.3398132324219;36.59000015258789;290.5704345703125;11.944999694824219;5960.25341796875;278.55999755859375;23.739999771118164;780.0999755859375;609.5700073242188;185.39999389648438;9.680000305175781;83.05000305175781;493.61907958984375;94.66999816894531;88.5250015258789
2024-08-07;30.235898971557617;80.80000305175781;114.45600891113281;249.1999969482422;427.0199890136719;477.2532958984375;108.62281036376953;203.93084716796875;9648.2470703125;776.2843627929688;60.150001525878906;80.45541381835938;26.114999771118164;564.079833984375;218.67538452148438;465.8900146484375;467.07000732421875;825.2138671875;351.680908203125;37.040000915527344;290.2523498535156;12.130000114440918;6109.45849609375;277.44000244140625;23.920000076293945;796.0;611.47998046875;187.97999572753906;9.779999732971191;84.55999755859375;488.45404052734375;87.88999938964844;90.80999755859375
2024-08-08;29.989999771118164;80.81999969482422;114.99990844726562;253.89999389648438;431.5400085449219;486.306884765625;112.60667419433594;204.08004760742188;9713.9765625;805.3245239257812;59.45000076293945;81.56665802001953;26.350000381469727;564.2391967773438;224.03860473632812;465.9599914550781;483.9100036621094;860.6768798828125;360.0668640136719;36.33000183105469;295.4710998535156;12.199999809265137;6354.1552734375;279.2099914550781;24.3700008392334;794.2999877929688;630.3499755859375;188.27999877929688;9.859999656677246;84.43000030517578;509.144287109375;91.45999908447266;91.40499877929688
2024-08-09;29.809999465942383;79.72000122070312;114.72301483154297;255.89999389648438;431.6700134277344;487.6244812011719;113.69499969482422;205.58218383789062;9787.6728515625;814.67626953125;60.650001525878906;81.39798736572266;25.96500015258789;556.78564453125;225.75323486328125;468.45001220703125;482.8399963378906;915.06689453125;360.2964782714844;36.16999816894531;292.2205810546875;12.225000381469727;6469.54052734375;278.2300109863281;24.610000610351562;784.0;633.9400024414062;189.9199981689453;10.020000457763672;84.4000015258789;517.2765502929688;92.55000305175781;91.51000213623047
2024-08-12;29.719999313354492;79.31999969482422;114.8021240234375;255.89999389648438;430.3900146484375;483.591796875;112.69000244140625;205.51254272460938;9897.2216796875;814.8851928710938;61.04999923706055;80.55464172363281;25.959999084472656;563.2925415039062;222.64295959472656;464.510009765625;479.92999267578125;889.4657592773438;360.7956237792969;36.040000915527344;289.2086181640625;12.324999809265137;6382.0068359375;273.92999267578125;24.729999542236328;784.5999755859375;633.1400146484375;189.3000030517578;10.279999732971191;84.72000122070312;515.458251953125;95.2699966430664;91.9749984741211
2024-08-13;29.760000228881836;79.45999908447266;116.60194396972656;256.8999938964844;432.4100036621094;488.8023376464844;115.80999755859375;206.48744201660156;9931.08203125;825.3810424804688;61.20000076293945;81.62618255615234;25.985000610351562;572.2109375;223.8491973876953;467.5899963378906;487.82000732421875;910.783447265625;368.2431640625;36.0099983215332;290.00384521484375;12.385000228881836;6378.02783203125;276.54998779296875;24.760000228881836;789.5;648.02001953125;191.5800018310547;10.119999885559082;89.05999755859375;528.0362548828125;99.94000244140625;91.94499969482422
2024-08-14;29.81999969482422;79.76000213623047;115.89981079101562;259.0;438.4700012207031;491.7569580078125;118.37999725341797;206.7659912109375;9951.0;837.170166015625;61.599998474121094;81.10033416748047;25.834999084472656;577.6217651367188;220.6392364501953;471.44000244140625;474.94000244140625;906.5;370.9586181640625;36.470001220703125;290.2523498535156;12.024999618530273;6465.5615234375;276.489990234375;24.950000762939453;799.2999877929688;661.6799926757812;192.0800018310547;10.119999885559082;88.98999786376953;526.2579956054688;102.94999694824219;92.04499816894531
2024-08-15;30.1200008392334;79.9000015258789;116.58216094970703;263.5;440.8399963378906;492.0364685058594;120.22000122070312;204.21932983398438;9964.0;825.8187866210938;61.650001525878906;82.99539184570312;26.274999618530273;577.5619506835938;223.85916137695312;472.0;485.5199890136719;928.2000122070312;371.26812744140625;37.5;298.015869140625;11.989999771118164;6487.4453125;273.8800048828125;25.0;832.0;663.219970703125;195.97999572753906;10.020000457763672;88.45999908447266;536.81787109375;110.20999908447266;92.9800033569336
2024-08-16;30.059999465942383;79.68000030517578;116.75027465820312;267.0;444.510009765625;489.9801940917969;119.08000183105469;206.7958221435547;9970.0;824.4060668945312;61.650001525878906;83.93795013427734;29.0;575.6387939453125;226.78997802734375;477.3699951171875;492.260009765625;919.0;373.14495849609375;37.75;299.8548583984375;12.220000267028809;6485.45556640625;276.0400085449219;25.149999618530273;832.5;674.0700073242188;196.8000030517578;9.680000305175781;90.23999786376953;526.9172973632812;111.30000305175781;92.71499633789062
2024-08-19;30.170000076293945;79.76000213623047;117.13594055175781;269.70001220703125;448.7699890136719;494.84136962890625;120.18000030517578;207.78065490722656;9976.0;826.1172485351562;61.099998474121094;84.15623474121094;29.084999084472656;576.7349243164062;225.45416259765625;488.04998779296875;496.989990234375;914.9000244140625;373.5841979980469;38.2400016784668;299.5268249511719;12.244999885559082;6497.39208984375;274.1700134277344;25.219999313354492;829.4000244140625;688.530029296875;197.24000549316406;9.649999618530273;91.44999694824219;528.7755737304688;111.87000274658203;92.61499786376953
2024-08-20;30.020000457763672;79.22000122070312;117.66007232666016;270.5;448.3599853515625;496.95751953125;118.6500015258789;207.61154174804688;9948.0;825.5800170898438;61.099998474121094;84.71184539794922;28.270000457763672;578.5983276367188;224.9756622314453;487.3699951171875;494.010009765625;908.2999877929688;374.682373046875;37.91999816894531;298.5228271484375;12.390000343322754;6485.45556640625;273.4200134277344;25.079999923706055;832.5999755859375;698.5399780273438;195.89999389648438;9.430000305175781;90.79000091552734;526.2279663085938;110.70999908447266;92.16999816894531
2024-08-21;30.09000015258789;80.62000274658203;118.66875457763672;271.6000061035156;446.6000061035156;498.07550048828125;118.76000213623047;208.30789184570312;9966.0;817.989990234375;61.099998474121094;86.85494995117188;28.110000610351562;576.0274658203125;228.11582946777344;486.1099853515625;494.989990234375;899.5999755859375;376.0401306152344;37.9900016784668;301.8529052734375;12.364999771118164;6571.0;275.5199890136719;25.0;843.2999877929688;697.1199951171875;196.5;9.279999732971191;92.79000091552734;534.64990234375;111.69999694824219;92.48999786376953
2024-08-22;30.149999618530273;79.5999984741211;118.76763916015625;272.3999938964844;449.0299987792969;497.81597900390625;118.7300033569336;208.52674865722656;10010.0;818.9500122070312;61.349998474121094;87.1426773071289;27.709999084472656;576.6751098632812;229.46160888671875;479.8900146484375;491.7300109863281;921.5;382.47930908203125;38.08000183105469;304.0099792480469;12.4350004196167;6724.0;274.42999267578125;25.079999923706055;833.0;688.9600219726562;196.5399932861328;9.569999694824219;91.29000091552734;531.4230346679688;108.9800033569336;91.38999938964844
2024-08-23;30.190000534057617;79.80000305175781;118.81709289550781;276.1000061035156;453.3800048828125;499.6825866699219;122.2300033569336;205.97015380859375;10010.0;827.9600219726562;61.849998474121094;87.65860748291016;27.864999771118164;582.4447021484375;230.16940307617188;481.239990234375;488.1300048828125;912.0;388.1298522949219;38.349998474121094;309.30999755859375;12.609999656677246;6822.0;275.8599853515625;25.190000534057617;818.7999877929688;686.72998046875;195.6199951171875;9.289999961853027;92.38999938964844;527.4967651367188;112.01000213623047;92.12999725341797
2024-08-26;30.309999465942383;80.62000274658203;119.9048843383789;275.0;454.489990234375;501.1099853515625;122.1500015258789;207.3429412841797;;818.9000244140625;62.70000076293945;88.64085388183594;27.55500030517578;585.055419921875;229.47158813476562;482.6400146484375;484.07000732421875;903.2000122070312;387.8503112792969;38.290000915527344;310.1499938964844;12.654999732971191;;278.760009765625;25.18000030517578;797.0;688.4400024414062;194.1999969482422;9.430000305175781;92.80999755859375;520.6233520507812;111.66999816894531;
2024-08-27;30.6200008392334;81.54000091552734;121.05201721191406;276.29998779296875;460.6300048828125;505.3900146484375;122.38999938964844;211.292236328125;10135.0;817.97998046875;61.79999923706055;88.10508728027344;27.540000915527344;585.2745971679688;229.4915313720703;480.29998779296875;482.55999755859375;904.0999755859375;389.5274963378906;38.400001525878906;306.3699951171875;12.704999923706055;6650.0;277.9100036621094;25.329999923706055;794.2000122070312;695.719970703125;195.25999450683594;9.569999694824219;96.06999969482422;518.605224609375;111.86000061035156;91.58999633789062
2024-08-28;30.790000915527344;81.76000213623047;121.21024322509766;280.70001220703125;464.5899963378906;505.2699890136719;121.62999725341797;213.99806213378906;10220.0;813.7000122070312;62.04999923706055;87.63876342773438;27.610000610351562;586.4603881835938;229.97999572753906;489.7300109863281;481.4800109863281;902.2999877929688;389.5274963378906;38.540000915527344;306.07000732421875;12.850000381469727;6614.0;276.7900085449219;25.56999969482422;799.4000244140625;683.8400268554688;195.1999969482422;9.449999809265137;96.75;516.2874755859375;111.55999755859375;91.2300033569336
2024-08-29;30.8799991607666;82.0199966430664;121.19046783447266;280.8999938964844;468.3699951171875;508.04998779296875;122.16999816894531;212.98338317871094;10230.0;818.739990234375;60.599998474121094;87.49986267089844;27.809999465942383;589.479736328125;229.69000244140625;493.3500061035156;487.2799987792969;922.2000122070312;392.1331481933594;38.900001525878906;309.30999755859375;12.699999809265137;6688.0;277.1000061035156;25.709999084472656;823.0;692.47998046875;199.02000427246094;9.470000267028809;96.80999755859375;517.72607421875;110.73999786376953;91.82499694824219
2024-08-30;31.059999465942383;81.45999908447266;121.92225646972656;280.8999938964844;475.9200134277344;513.239990234375;123.7699966430664;214.61483764648438;10250.0;834.3599853515625;61.0;87.88681030273438;27.864999771118164;588.1145629882812;229.88999938964844;495.8900146484375;481.3299865722656;938.0999755859375;394.928466796875;39.20000076293945;312.8500061035156;12.8100004196167;6744.0;278.8500061035156;25.709999084472656;812.0;701.3499755859375;197.72000122070312;9.59000015258789;97.55999755859375;520.8131713867188;115.54000091552734;91.80999755859375
2024-09-02;31.170000076293945;81.41999816894531;;281.8999938964844;;;;;10155.0;;61.150001525878906;;28.030000686645508;;;;;929.0999755859375;;39.720001220703125;;12.90999984741211;6868.0;;25.8799991607666;818.7000122070312;;199.86000061035156;9.430000305175781;;;;91.86499786376953
2024-09-03;31.43000030517578;81.44000244140625;124.3154067993164;282.0;476.8299865722656;510.79998779296875;118.2699966430664;211.53099060058594;10160.0;832.1500244140625;60.5;88.26383209228516;27.809999465942383;596.5645751953125;229.7100067138672;475.70001220703125;469.010009765625;927.4000244140625;395.1680603027344;39.33000183105469;304.32000732421875;12.9399995803833;6784.0;275.19000244140625;25.81999969482422;782.7999877929688;675.3200073242188;198.1999969482422;9.4399995803833;95.4800033569336;511.2722473144531;110.7699966430664;91.4749984741211
2024-09-04;31.200000762939453;81.5;125.2054214477539;280.8999938964844;478.57000732421875;513.3099975585938;117.66999816894531;214.87347412109375;10140.0;827.5900268554688;60.95000076293945;90.31763458251953;27.889999389648438;602.045166015625;228.0800018310547;478.57000732421875;471.2900085449219;904.7000122070312;393.640625;;301.7300109863281;13.0;6512.0;274.6700134277344;26.1200008392334;736.4000244140625;679.6799926757812;193.5800018310547;9.350000381469727;94.45999908447266;512.2512817382812;109.05999755859375;90.94499969482422
2024-09-05;31.020000457763672;82.33999633789062;123.7912826538086;283.6000061035156;464.9200134277344;517.0;118.44000244140625;218.23585510253906;10095.0;821.739990234375;62.400001525878906;88.69046783447266;28.975000381469727;593.3858642578125;227.33999633789062;468.57000732421875;469.17999267578125;885.2000122070312;397.0848693847656;39.029998779296875;296.6499938964844;13.164999961853027;6334.0;273.54998779296875;26.290000915527344;720.0;683.6199951171875;191.44000244140625;9.3100004196167;94.36000061035156;516.3673706054688;107.16000366210938;90.62000274658203
2024-09-06;31.079999923706055;81.08000183105469;124.41429138183594;280.20001220703125;459.4200134277344;510.6400146484375;116.23999786376953;219.35000610351562;10180.0;817.9600219726562;63.5;89.18655395507812;28.90999984741211;594.77099609375;223.91000366210938;468.0;472.3500061035156;881.5;387.3312072753906;38.470001220703125;293.2099914550781;13.289999961853027;6426.0;268.7099914550781;26.020000457763672;681.0;665.77001953125;190.72000122070312;;90.05000305175781;499.7931823730469;102.0;89.53500366210938
2024-09-09;31.270000457763672;81.9800033569336;126.03610229492188;283.70001220703125;459.6099853515625;515.8300170898438;118.45999908447266;218.5399932861328;10375.0;831.7999877929688;63.45000076293945;89.91084289550781;28.68000030517578;592.0007934570312;226.91000366210938;471.1099853515625;480.3399963378906;887.0;384.3062744140625;39.0;296.80999755859375;13.425000190734863;6392.0;273.82000732421875;26.229999542236328;676.5;675.4199829101562;192.5800018310547;9.140000343322754;91.05000305175781;504.30889892578125;105.88999938964844;90.5
2024-09-10;31.040000915527344;81.86000061035156;125.3438720703125;282.8999938964844;458.9200134277344;519.9500122070312;118.05999755859375;218.47999572753906;10375.0;864.780029296875;64.94999694824219;90.27794647216797;27.614999771118164;596.9133911132812;220.3300018310547;470.7799987792969;495.95001220703125;875.2999877929688;385.7837829589844;39.119998931884766;295.2200012207031;13.470000267028809;6482.0;275.2300109863281;26.110000610351562;672.5;673.6199951171875;192.5399932861328;8.979999542236328;92.9800033569336;504.30889892578125;106.63999938964844;90.27999877929688
2024-09-11;30.780000686645508;82.36000061035156;123.87039947509766;283.29998779296875;453.1000061035156;515.8099975585938;118.29000091552734;218.58999633789062;10375.0;867.7000122070312;65.0;89.64295196533203;27.010000228881836;587.6661376953125;218.2899932861328;474.739990234375;490.260009765625;890.5;388.00006103515625;39.2400016784668;293.3599853515625;13.4350004196167;6430.0;277.7099914550781;26.260000228881836;698.0999755859375;681.469970703125;194.4199981689453;9.0;93.7699966430664;511.3421630859375;108.80000305175781;90.04499816894531
2024-09-12;30.899999618530273;83.04000091552734;123.26716613769531;284.70001220703125;450.8699951171875;520.010009765625;120.36000061035156;217.3000030517578;10470.0;868.8099975585938;64.8499984741211;89.29569244384766;26.790000915527344;586.3408203125;220.05999755859375;478.6499938964844;497.0400085449219;914.2000122070312;391.0150451660156;40.220001220703125;297.25;13.369999885559082;6588.0;280.0199890136719;26.56999969482422;722.4000244140625;686.7999877929688;199.17999267578125;9.09000015258789;93.62000274658203;525.0990600585938;112.1500015258789;90.68000030517578
2024-09-13;30.90999984741211;82.5199966430664;124.22640991210938;286.6000061035156;447.6099853515625;519.4500122070312;122.80000305175781;216.99000549316406;10480.0;871.5399780273438;64.80000305175781;89.29569244384766;26.979999542236328;592.2200317382812;221.1300048828125;485.3699951171875;500.54998779296875;918.5;394.0199890136719;39.810001373291016;302.1300048828125;13.539999961853027;6646.0;284.1300048828125;26.81999969482422;734.0;697.0599975585938;200.64999389648438;9.229999542236328;93.44000244140625;524.1199951171875;114.30000305175781;91.69499969482422
2024-09-16;30.989999771118164;81.95999908447266;124.57252502441406;287.5;451.7799987792969;527.3800048828125;126.54000091552734;218.52999877929688;10500.0;876.5700073242188;64.30000305175781;89.40483093261719;26.709999084472656;589.1400146484375;225.75999450683594;489.42999267578125;511.3800048828125;922.0999755859375;403.42999267578125;39.619998931884766;301.07000732421875;13.654999732971191;6682.0;288.8699951171875;26.90999984741211;719.9000244140625;696.5;200.14999389648438;9.399999618530273;93.11000061035156;533.280029296875;115.4000015258789;91.44999694824219
2024-09-17;31.139999389648438;81.4800033569336;121.86292266845703;288.3999938964844;456.67999267578125;522.3800048828125;127.97000122070312;218.17999267578125;10430.0;864.3300170898438;63.45000076293945;87.93641662597656;27.46500015258789;577.9600219726562;227.00999450683594;481.260009765625;512.27001953125;903.4000244140625;397.5;39.810001373291016;301.5899963378906;13.699999809265137;6752.0;291.1300048828125;26.68000030517578;726.0;706.9099731445312;200.64999389648438;9.4399995803833;90.55000305175781;536.3200073242188;116.81999969482422;91.98500061035156
2024-09-18;30.8799991607666;80.4000015258789;119.61810302734375;288.3999938964844;456.6000061035156;519.52001953125;129.25;216.3000030517578;10380.0;860.9500122070312;63.400001525878906;87.44032287597656;27.924999237060547;580.6500244140625;227.22000122070312;474.1600036621094;511.29998779296875;882.2000122070312;399.8900146484375;39.900001525878906;300.6499938964844;13.53499984741211;6776.0;287.29998779296875;26.469999313354492;715.0;690.469970703125;199.5800018310547;;90.48999786376953;537.9500122070312;115.98999786376953;91.33499908447266
2024-09-19;30.559999465942383;81.05999755859375;118.41163635253906;291.79998779296875;459.7099914550781;524.219970703125;132.8000030517578;214.75999450683594;10320.0;870.989990234375;63.29999923706055;88.76984405517578;28.969999313354492;577.0700073242188;224.58999633789062;477.8999938964844;517.0599975585938;898.2000122070312;403.5199890136719;39.619998931884766;309.1400146484375;13.180000305175781;6974.0;287.7200012207031;26.020000457763672;747.9000244140625;704.3200073242188;206.10000610351562;9.380000114440918;93.2300033569336;559.0999755859375;117.7699966430664;91.58499908447266
2024-09-20;30.469999313354492;79.26000213623047;119.44998931884766;291.79998779296875;455.30999755859375;523.6699829101562;133.22999572753906;213.16000366210938;10315.0;877.2000122070312;63.099998474121094;88.64085388183594;28.65999984741211;575.0;222.22000122070312;464.9200134277344;506.739990234375;850.0;404.6600036621094;37.88999938964844;308.239990234375;13.260000228881836;6924.0;287.9800109863281;26.06999969482422;716.7000122070312;701.030029296875;204.5;9.390000343322754;93.08999633789062;561.3499755859375;117.5;91.30999755859375
2024-09-23;30.899999618530273;78.5199966430664;119.74665832519531;294.8999938964844;454.9800109863281;521.0800170898438;132.60000610351562;215.86000061035156;10355.0;881.9199829101562;63.75;89.15679168701172;28.584999084472656;573.4099731445312;224.72000122070312;460.0;507.6600036621094;832.4000244140625;405.70001220703125;37.72999954223633;313.4800109863281;13.375;6848.0;292.04998779296875;26.239999771118164;718.2999877929688;705.3699951171875;206.85000610351562;9.630000114440918;94.20999908447266;564.4099731445312;117.56999969482422;91.66000366210938
2024-09-24;31.110000610351562;78.08000183105469;119.86532592773438;295.70001220703125;454.55999755859375;518.1099853515625;132.38999938964844;218.16000366210938;10235.0;887.5800170898438;63.25;89.05757141113281;28.9950008392334;575.1900024414062;220.60000610351562;462.989990234375;506.3800048828125;837.4000244140625;401.79998779296875;38.33000183105469;323.55999755859375;13.449999809265137;6858.0;295.5899963378906;26.469999313354492;727.5999755859375;722.260009765625;206.85000610351562;9.930000305175781;95.55999755859375;563.3300170898438;117.30999755859375;92.2699966430664
