Date;AD.AS;HEIA.AS;PM;ALV.DE;BRK-B;SPGI;KKR;CME;LSEG.L;EQIX;AED.BR;MDT;BAYN.DE;UNH;LH;VRTX;IDXX;NOVO-B.CO;HCA;DHL.DE;CMI;EOAN.DE;CRH.L;APD;DTE.DE;ASML.AS;NFLX;SAP.DE;0992.HK;SONY;META;DELL;EMSM.L
2023-09-26;-0.005519227940296023;-0.009826899366148;-0.014607201387574209;0.004796175337669517;-0.0063309780803446625;-0.01989442947194775;-0.03210070544880261;-0.005078381781819519;-0.0012039005472632702;-0.0304356269949434;-0.005591843283904718;-0.012754879359051396;-0.013816956723891494;-0.00946530102030041;-0.014681861826335574;0.002908686156827711;-0.011023641282346897;0.020244791590498412;-0.023809456185888367;-0.012104074787461894;-0.010625841540747416;-0.008691851719132782;0.012929964673124461;-0.010047830008552139;-0.009853963746870531;-0.021813758367109082;-0.014423045657565803;-0.02764823980560649;-0.018987373935251628;-0.02365785954605437;-0.006216113421176228;-0.015707689682860737;-0.00723144073150328
2023-09-27;-0.013180656829850368;-0.013941477041283123;-0.008235457153878634;-0.01518768324641473;-0.004562947490867053;-0.0027741780527748006;0.009429332708180915;0.0026521427839214518;-0.0038573876646582628;-0.005527197727758226;-0.018744120841929002;-0.009246132391955486;0.0008756849358713126;-0.0034028725233627988;-0.0024834008145951936;-0.005800587252296818;0.010267729952258886;-0.003999314240539453;-0.004829836506610952;-0.011470393883290964;0.003929316328215915;-0.013152093626295103;-0.027693634109257848;-0.005022649040129834;-0.014102734258196081;0.010689378301547592;-0.004377069643004328;0.002314453231019309;0.012903184134384516;0.015375084558288954;-0.004080920544605959;-0.01421733210041598;0.005507477628921897
2023-09-28;0.004217885457407533;-0.009106125074845428;0.030225953298709696;0.00704998394495715;-0.0020124132795563687;0.015066270232853451;0.007408663712675789;0.006488409782952509;-0.0029041537687926056;0.019615256224207345;0.0047755248046466026;0.0060086045516352105;-0.008092831194959405;0.012645581799169747;-0.0077619223141845994;0.008151025749365104;0.0002747462317223004;0.006177555542339341;0.01371031169904624;0.007384020220202903;0.005914279041486337;-0.015548650063313074;0.028927593386702588;0.00564387040403358;0.00689856881215456;0.004376398310715013;-0.0032575306503285217;0.0018142452433962397;-0.0038215870420620357;0.0061012301821661286;0.020890801903474143;0.008094315196027102;-0.0036515409723980596
2023-09-29;-0.001750035962971741;0.009189808621567375;-0.005050930183909452;-0.012469935239939;-0.01893241979456317;-0.008466019372083688;-0.015187921084523714;-0.007140761935882534;-0.0007281381050678881;0.007337385471143376;0.02376421252373051;-0.004193682221792505;0.0022051428051663713;-0.011585956305431133;-0.010872637846607747;-0.013503573803191449;0.0006635956337892601;-0.011665349372245393;-0.018631604209404462;0.008769609244661192;-0.012321105233410123;0.010830297733713579;-0.017733625535222064;-0.006032523311673033;0.0009068356667738531;0.01506880248820397;0.003294773090170011;0.011030604933047972;0.031969237005795126;-0.004469665529646449;-0.012337136724086428;0.0058394357475062275;0.005852133971032902
2023-10-02;-0.010343640228877904;-0.014378057867889926;-0.012637803225233446;-0.013291956746431244;-0.006337428769809583;0.003585139915857294;-0.009902515271821288;-0.0003495465192548952;-0.006558198288460493;-0.018698611003236776;-0.000928427434881085;-0.007529322472710875;-0.012871237985093154;0.02058753350311049;-0.0074111324536257905;0.000258803532576124;-0.014453259920481298;-0.011026620014623623;0.005000460828743947;-0.014532245395272425;-0.012737430443264697;-0.027232119584933767;-0.011008347787697215;-0.015243520050230996;0.0029193013395212297;-0.004829045514441965;0.007229821039784534;0.00032571878139919797;0.0;-0.00922217714159601;0.022017993727613927;-0.017416604101925803;-0.0008815770571520831
2023-10-03;0.0005314210608167169;-0.0009726021383622552;-0.012471315850506648;-0.007858108882008663;-0.014479367449347413;-0.0280869176427907;-0.032628344572307455;0.007544302750543741;-0.005134413302676055;-0.016136175601667246;-0.029739770976247915;-0.015815815734595118;-0.02195481853784509;-0.009911178118218844;0.004560111387064136;-0.007704892560275178;-0.013319458381162774;-0.017430918021306918;-0.013065907591773396;-0.0011849742983415235;-0.007315554438695804;-0.02799446829321106;-0.016918951802779802;0.009710549886454256;-0.01234572060901229;-0.01671478034820373;-0.009412843316748076;-0.004558012170168602;-0.017348197057349135;-0.0053888718731750496;-0.01916428447864249;-0.006794768674891705;-0.003764480973633022
2023-10-04;0.008675641709019466;0.00681436958344972;0.011742526585055924;-0.005883666181198621;0.0018948049215643525;0.016441299509843743;0.013050807081842697;0.007835021387976981;-0.010813494776672261;0.021035937589725773;-0.022030689136570913;-0.0035276511126152155;0.008773905991594999;0.0022571882234820873;0.003940719323620279;0.022656837498203908;0.01881423334532628;0.014383872057442071;-0.002541150916311574;0.0009227986968805002;0.01679332557860147;0.01133141607258592;0.005434759410172463;0.010965567836191514;-0.00030492313910090996;0.0190094590020482;0.00039812580354170457;-0.002453024805550874;0.006305243853117037;0.007511360497986175;0.015418241647520148;-0.0005948514407020378;-0.00891536016040606
2023-10-05;0.007898835521655378;0.011360931005443442;0.007117077114804138;0.004780334595615443;0.003986136074531466;-0.002760368004904201;0.010875076220634439;0.02046829578934739;0.003726681209013538;0.0070676967836977855;0.0048971347603707915;-0.0015733148916379225;-0.008923513519991322;0.010986633296578008;-0.0023352622993388916;0.006147869281325935;-0.006209465373527068;0.0017331465715979544;0.008505881562559159;0.008560553611340227;-0.00983938908265014;0.007469635830221089;0.008108245798548408;-0.017621492703138508;0.007522627550997418;-0.01632280611581416;-0.011435387711302258;0.001147551458541729;0.0;0.012710852340188428;-0.002585146406653527;-0.015029747566785545;-0.007029714823541755
2023-10-06;-0.02072447792757981;-0.01625245069772807;0.0020656573525907884;0.016311763831539317;0.003709496285727809;0.007694931406577066;0.02664674599019312;0.021841894896960534;0.013118848244454195;0.0037032573657103107;0.0009746539403834298;-0.00039392263247628456;0.004672916778708069;0.016620596037785873;0.002988072282817944;0.01543047880474635;0.03591011420416379;0.01494178112740041;-0.00020367025071998945;0.020109650820657077;0.0097595603023235;-0.008341035809058095;0.03306514883505529;0.004287952346635704;0.013520338684872568;0.023340566542531915;0.023940560711257275;0.011625937258802344;0.025062636872591026;0.0013275215542107865;0.03490918644354091;0.0033238174426872824;0.005099628874888573
2023-10-09;0.0012449280610637992;-0.0002429733203004325;0.0015189211450086226;-0.008024980331843845;-0.0025696833754975668;0.006619722559362273;-0.0069321229524310635;0.018072094309013353;-0.00390916143439235;0.010681881077026834;0.008763420784588805;-0.013005916763666359;-0.014407333163474756;0.003239146133025894;0.00506486599608702;-0.015029623935286729;-0.008363628177143756;-0.008213148420421867;0.0145488418015991;0.0;0.002064841867767786;0.014485898613372017;-0.006488054204030647;0.011421002047979467;0.011448504434798945;-0.010869600977504112;0.011637971030259209;-0.010683033065235659;0.012224959763435628;0.006387827423668835;0.009288807172219471;0.011594588171231157;-0.008655148085761066
2023-10-10;0.019715812313155556;0.0277036098250516;0.01884950110097705;0.012359545854213394;0.009002707314129887;0.008486321874053404;0.007629874353391353;0.0015294295210113162;0.012754498111445578;0.010117655681151971;0.012548274634054613;0.01397584112740713;0.030386751048200544;-0.004311311705965104;0.0008399158708720655;0.015118228977023751;0.01910686762471725;0.01578117850914773;0.016549583168247617;0.0033281455887015365;0.004866590749818878;0.020267200336769875;0.02742715956832753;0.01280478556737541;0.007874014217693626;0.030625247169586034;-0.03272445778816946;0.015706850623973034;0.027777812695307436;0.013293466410091215;0.010931183119911925;0.011908462685384036;0.011560682489023755
2023-10-11;0.005748158569462758;0.0026010148807276146;-0.009569331808130577;0.007547163079702601;-0.0003729770591092141;0.006277507385670011;0.016594262622690037;0.004674007740174568;0.0009686947027540693;0.021210308342310746;0.0;-0.043187174796228134;0.0021224564258515155;-0.000209921212172115;-0.013278727611973684;0.012979428628885126;-0.010694491221812208;0.04876173143252149;-0.03556330326325696;-0.0038274218909585267;0.0037086227168905417;-0.0027087969330247263;-0.0029660622253518953;0.010350522384401817;0.003417895777945601;-0.0087398187039478;-0.019795388683841564;0.005476711747768759;0.0011750667789238722;0.010046049596048157;0.018580715430539296;0.034715899000777206;-0.0013095310756138234
2023-10-12;-0.03966059384191678;-0.0073113417942156644;-0.013741298711154926;-0.0019828367554111104;-0.007949915540851227;-0.01634839827791068;-0.028526202155345293;0.013634199793095325;0.003145480288273772;-0.01475227785539901;-0.02097239763213854;-0.021950826771730214;-0.0132649228353936;0.0026901802568550792;-0.01010562289404937;0.007529089664613187;-0.03940523713064137;0.04165450380644353;-0.03728436226584786;0.0008964588032704945;-0.010910797116180815;-0.017202401377918175;0.01869956131258288;-0.017532434430745036;-0.003892943571343843;0.03808857269023358;-0.012925916332146126;0.006408226056133781;0.029342655819596386;0.013105564125498903;-0.011164768289413707;-0.018339372876447158;0.0060794151858512
2023-10-13;-0.0034265311164010104;-0.012592032531690167;0.004245216239937122;-0.016335518375586555;-0.0016490404391014124;-0.005767911578314133;-0.017128849790573497;-0.0030899966984173632;-0.009647883362911003;-0.0009282395371178476;-0.02901648301765236;0.009398169093576492;-0.015815624796100103;0.026372974130368654;0.01864870919466366;0.008152173913043459;-0.004973044978995866;0.008870737540922047;0.010426790760123872;-0.0037108084000809782;0.0007910509403501464;0.011054878126310008;-0.010847004956289874;-0.0011546892231294459;-0.0036638135397594196;-0.025649903633572557;-0.015282445583324256;-0.02753897177458775;-0.015963562364987638;-0.016516458769813336;-0.029213926210382102;-0.01462706630711863;0.0007108715344674721
2023-10-16;0.005247958369532624;-0.0012030803125631095;0.009321450280852961;0.006508092318459946;0.0033035285303411044;0.010530248133109543;0.001493801089075264;-0.0025526549264593967;0.0012177415041767503;0.011809246889417757;0.004813453071552454;-0.0029182356901441553;0.0008034713337994326;-0.002539927464450531;-0.0010915381963937376;0.008086253369272267;0.007907445621810893;-0.013398492936549822;0.008423931545085805;0.0021834568231098306;0.0023274790770282383;0.002277943897330603;0.00801365106459051;0.005815042259866177;-0.0017161186382586013;-0.006973550827577335;0.014451233564669153;0.003928656771705175;-0.03476240397394881;0.0029359452599349023;0.02052805577149197;-0.004115342787960774;0.0024272061718786375
2023-10-17;-0.005400523791462941;-0.004818117832960711;0.002899444430593423;0.0013377830057910156;-0.002426122263340713;-0.0006256764069264564;0.001657239612937511;-0.010602296675034983;-0.0034055171266297313;-0.011298804232281912;-0.011576865726387497;0.014773499934864098;-0.00906065634607034;-0.0025649373944975906;0.007996409236153745;-0.0013368983957219305;0.015225256037194823;0.00862920821765667;0.019004248505789523;-0.00768938368135752;0.002409604173107649;-0.0004545894396598138;0.0010458740412955247;0.013165282730953853;-0.0007367991763987947;0.005793702819197888;-0.014134488110391752;0.005380677280297119;0.03241297390026188;0.0036299901833047876;0.008874409506118619;0.0020662316970530004;-0.0036614605237298425
2023-10-18;-0.0016289615242834898;0.006293802468763765;-0.0019273746380689127;-0.005566660818777547;-0.013028749556006747;-0.02017373432295766;-0.041197876947312806;-0.002355752504209385;-0.014644817675113386;-0.013446933579479126;-0.014539585481830652;-0.0015107131172582555;-0.01562501523828419;-0.0010993474810959691;-0.005912845654899024;-0.01593042090235941;-0.024696711926698423;-0.00028051993734212743;-0.005984336892603248;-0.007232287905985624;-0.021372281195425447;-0.0013642982465963405;-0.04075243420315755;-0.025850702639814704;0.006144002776608204;-0.034386550509015956;-0.026790730761816484;-0.017677569777869384;-0.10116280423433499;-0.018784313872588387;-0.021697479877584858;-0.014874799908529579;-0.014284888662216444
2023-10-19;-0.002356775542696643;0.004089526816088984;-0.02660657393335053;-0.009180540358143752;-0.006541731615776314;-0.006501832409975594;-0.04037965462501958;-0.008657835081084309;0.018825864095621148;-0.039730856830195505;-0.010655764180493521;-0.004814363344307848;-0.008935937573178898;-0.008264179082566825;-0.01149930724801873;-0.007481975489954329;0.0008463870623609537;-0.04012344262770551;0.006350224327956289;-0.015350616742431211;-0.009870128271809442;-0.006375212120472207;0.0006572964736744069;-0.009774929709506996;-0.0058621402493661545;0.01681135873932993;0.16054763621220602;0.05068515664745865;0.06338939994216597;-0.003091563470437042;-0.013124300176866055;0.002092873586698074;-0.00457011275813668
2023-10-20;-0.010721447458123867;-0.010062238371873478;0.02016969149616732;-0.017401138611674805;-0.008267933267196548;-0.021059432269427636;-0.012587669023028991;-0.006118010348171499;0.00024314581624151899;0.0025716113343960956;0.013670269246620403;0.004837653566309941;-0.01589755450550523;-0.008652524477605339;0.0021561381535324387;-0.008059217488446735;0.003100938138814735;-0.009500159062068692;-0.011964687694167253;-0.011758518641457272;-0.011321525446807201;-0.0009165880317685282;-0.01860772853141046;-0.007269846478835995;-0.007125341957126663;-0.027377890047951547;-0.0020160728295866015;-0.026398490217595993;0.0012165230064904442;-0.007752785886376179;-0.013298838120361256;-0.01670871585002298;-0.011900362702739642
2023-10-23;0.007898582644804142;0.0038721428161090365;-0.01771820463812057;0.001839937897382793;0.00291791528931995;0.00048574339616203055;0.005827746394517996;0.0037592209484420547;-0.0053476070836333545;-0.008744000308812394;-0.008173232038587663;-0.004264280587774838;-0.011814265568222737;-0.010359959658294726;-0.009656828057741484;0.016028349486920668;0.0016861855285787986;0.0066401433678699995;-0.0007880035673841768;0.009893070122864112;-0.013184975100126617;0.002293617888434074;0.0;-0.014000125697065102;-0.0009899026799301547;0.010053065218596835;0.014664816959602422;0.0;0.0;-0.0009617407175733783;0.01736602322828329;-1.1779013919799297e-07;-0.010026377544794962
2023-10-24;0.011663893284656002;0.01711661475378934;-0.0009899558884703952;0.0016069796759430321;0.005314121138768391;-0.006453490246754012;0.01792506424921325;0.002996068823784448;0.007820112749829633;0.006719598153665407;0.018541395533548277;-0.005939967041104444;0.007319706426757833;0.006576393864630159;0.00363778012114202;0.0046782385997141684;0.007130804695277604;-0.0004397320574439645;-0.044907451146615096;-0.006751440639223949;0.013407324146589517;0.015560692727488279;0.005799749451727898;0.009356644360749566;0.001486276424132127;0.018096234600865735;0.016935440739497043;0.014848318158010576;0.010935644777149811;0.013355847130909204;-0.004649662970350854;0.0215134291375616;0.0121657587217181
2023-10-25;0.0034228990488476274;0.01351035387352173;-0.008807610366876606;0.009167987151821322;-0.005108853206693298;0.00342009736082316;-0.02383492484856986;-0.0007934477134066142;0.004364711105631747;-0.03111556412876526;-0.02750803014883607;-0.007781998378161181;-0.0060553849898962175;0.009923657274724551;-0.004832637141358509;-0.017163886117501193;-0.04199456043655925;0.015398116745966695;-0.02068487424669596;-0.019592185648436122;-0.0028284475624336114;0.0004506075505359419;-0.011310680358970648;-0.009955233138264852;0.013356440801325808;-0.0033771333113310487;-0.005994273851238852;-0.006043303326817906;0.07331729050841096;-0.018048051730034764;-0.04165727310458811;-0.009111176299387624;-0.005674147104414273
2023-10-26;0.002333927059117391;-0.013564048101371795;-0.0035544208566712365;-0.002725395023485677;-0.0021964685300718267;-0.0024918203957547957;-0.005648712955378943;0.006306047828873895;0.0026557584858653005;0.05462881322500568;0.0037436593614170732;-0.014425789354664098;-0.006701671679783305;-0.0034892115043473337;0.041630831345292885;-0.0048479774245245855;-0.03695357243059039;-0.022963631691676256;-0.015752574071788983;-0.01128320393739568;-0.002195940089573911;0.0009008091896491877;-0.004486241676948777;0.011585609732733815;-0.004881571618907787;-0.00017836348810496006;-0.018747699586816102;-0.0017599631529540138;0.015677429946695076;-0.020918882094970503;-0.03732508878409935;-0.02758515033978215;-0.007056475964106967
2023-10-27;0.00626902380881833;-0.010905665362659911;-0.02496934061845313;-0.004327013777028599;-0.013237780100407659;-0.016596825949913074;-0.008612865455890018;-0.029707945606204267;-0.011798737458575403;-0.012675292427283935;0.007045217857909014;-0.013357879552774232;-0.006133473932242506;-0.007002622905062372;-0.033799465343464896;-0.01660761741661032;-0.015247962333676757;-0.024094573163250255;0.01568911776691695;0.004262270626406162;-0.013113249347507017;0.0;-0.026588814410438477;-0.005438395462408874;0.0;-0.000713361665801604;-0.014050684709501882;0.001923367334246029;0.00882023689448097;-0.01148577815546692;0.029061844168279283;0.022477118483779757;0.00210107726178399
2023-10-30;0.007653948569770197;0.011265528927216328;0.02195041779552409;0.011207690567392348;0.017183721786695694;0.007562487231598469;0.017745003723204977;0.011003154361928669;0.004385981562222474;0.006953915481885176;0.007818890199963624;0.007777460938875658;0.004196535442599902;0.01015885613660883;-0.00402100037134745;0.006107896406187585;0.01282678691233552;0.026507089944557638;-0.008655476165882692;0.002464479647749318;0.011243262069970283;-0.0018000862997532563;0.019213020547629522;0.016476598494368222;0.004414985805168747;-0.014637649538818298;0.030688394714162515;0.004639256008486026;0.050273294964209514;0.021239383058013983;0.01998450391430384;0.007125520155597753;0.008078425807903633
2023-10-31;-0.010775465320747912;0.0042664712288280615;-0.002573059115743348;-0.0006786109859069356;0.011617862148751934;0.012287372855271483;0.006175115805670428;0.010079142877039038;0.004366828731918737;0.02000483419444965;0.05042881247454467;0.008432152226281353;-0.0004916579153063649;0.01050950934694983;0.007922894339216446;0.013036712786100635;0.007770091219369668;-0.0010329152377535067;0.012536862288097472;0.0040971496436015276;-0.00624836798774242;0.011722242929770088;0.004088191988289802;0.006198763288236764;0.0;0.024094218834646908;0.003926102033406265;0.009076410700464166;-0.0530696894182755;0.01602641901833679;-0.004592633016552106;0.007225717170761703;-0.007402010796057512
2023-11-01;0.014285718333709285;0.0;-0.0016822856162552746;0.015165282280831471;0.007089952605796146;0.00598318837429157;0.02797832344699258;-0.011899350945854814;0.00990342554767798;0.013006396715986357;0.03692902110460072;0.004110004954452906;-0.009591668563177946;-0.007394076130973093;0.021128414549239638;0.01993869684011451;-0.010313653352185592;0.01580500331944812;-0.0034491635542034382;0.0;0.008090664081592092;0.016042740995549476;0.025786004152688946;0.0034343437240145214;0.01343102273360719;0.013212664422078912;0.020646602904110578;0.008521425664566262;-0.017582426440424404;0.023841089878394506;0.035118128428476725;0.026303844776405905;0.008258422544339616
2023-11-02;0.002640802156837818;0.011564864765079452;0.021682918288218778;-0.002898541791438003;0.015330877130681708;0.06977801406963935;0.031079944508558777;0.007822931331096017;-0.00023930955821060973;0.03255172823221453;0.052483626772717784;0.01750173174795555;0.0250806555236609;0.008521646752168266;0.0059329952829365595;0.019548916912248693;0.06093333999236883;0.03169995354276156;0.011359671728725651;0.02774754369298371;-0.0005044355140410017;0.00043863897190554724;0.02183024828429936;0.021911738809945236;0.03012041600175719;0.040959234067179606;0.010757012273994171;0.01799396796072994;0.03914984585037873;0.017993606146396113;-0.0031427085931358123;-0.0002911710528756828;0.017909490015100227
2023-11-03;-0.005267763035855411;0.013998980766484204;0.006377822231389718;-0.011627942917593281;0.007993835977149644;0.018567778636995547;0.04036092627848675;-0.01858219883276724;-0.007894727812214342;0.009918877399764714;0.03027603159283121;0.006519751333202484;0.01889540048809324;-0.009755090063210514;0.0246635652322722;-0.0009294266293534692;0.023507498794037573;-0.0360817658290562;0.012811433000576189;-0.0011910904990518612;0.03643201558569231;-0.003068865377375829;-0.0017263633694755143;0.0123610818299551;0.0007017196380618707;0.005044636548656056;0.018012276730940746;-0.006455520181070873;0.02368137759590594;0.009935316841710229;0.011998610871652327;0.012527375520451134;0.003482866962746911
2023-11-06;0.0005296149503934977;-0.0032213364449847903;-0.0060095521886021075;0.0006786917975600826;-0.014723835910656624;0.00457046338639211;-0.027991456620961475;0.021186830127914558;0.0024114042401548463;-0.01172864270649221;-0.024200531150296745;0.01185220728323344;0.0;0.004821892392887772;-0.003234699736344715;0.025412007571474104;-0.014628462515413387;0.025149778839679282;0.0006931375056085098;-0.014177711899420298;-0.026031525494737306;-0.00923476224930142;-0.00043230983131925527;-0.006480297678680413;-0.0018699401944087812;-0.01003852914488712;0.005504683512460806;-0.004331663050722301;0.016824404689623984;-0.008350413160037484;0.0038144101300396915;0.035390454718359;0.009873699302602734
2023-11-07;0.008821473557521164;0.0016159184087412015;0.003407659905156457;-0.010400082445970793;-0.0013270387692884134;-0.00020797391175253477;0.04984843126554006;-0.003191742136936404;0.016839104528754367;-0.004883704450575732;-0.007085950354408954;-0.012803076898284527;-0.007013878688665209;0.008191786585165506;-0.008859300641820611;-0.01946808786682641;-0.0013001461095281108;0.006561206177498002;0.009134182246464562;-0.0018818145604998504;-0.001636324700282965;0.00843313492011033;0.013840774334738848;-0.1264674730460642;-0.005620607729655891;0.012506325836115328;-0.00029904054315865736;0.023617154817114905;-0.010341177570446058;0.012342750940659952;0.009563082390341204;-0.005002049862173341;0.011199333083480756
2023-11-08;-0.07205316187528221;-0.005531212540440422;-0.01183173966828388;0.008681707164457375;0.0003754639633495316;0.00470646856604473;0.0011229551073803634;0.0008947134257200062;0.0070972979322978524;0.002559376928012558;-0.0008919860255756085;-0.010623574979516048;-0.008021007860064988;-0.002045247294385044;-0.005459787149176942;-0.003410465419489417;0.012450611287017965;0.013603543287531217;-0.006692066688418041;0.02868298090265098;-0.009788844589421086;-0.007922428414245175;0.016851535997560063;0.021496412918390773;0.004945772203725829;0.0015022145907548357;0.004693883283127143;0.010777109858666645;-0.03866251118273545;-0.00250680124659719;0.003010925586233393;0.012149165163315878;-0.002168151950898589
2023-11-09;0.013381004542053043;0.002549265769433484;-0.004434518905776175;0.007021479161709587;0.00542883323442811;0.0033645240557378386;-0.0017626291581710474;0.018019226923707166;0.0025838985708275253;-0.0038555519685886663;0.03035712769048171;-0.022591088343516752;0.009051379653832736;0.004229218981600225;-0.0075786154997925514;-0.02225696180242831;-0.020994577784291035;-0.0276807948637956;-0.01723172831606601;0.020683385041446734;-0.009425665001114747;0.010647710150249567;0.017830942609446954;0.015619646091157513;0.008671230966056154;0.0058333875574314575;-0.003435245668079845;0.011563346055160295;-0.01304345764868231;-0.06636965321128674;0.0024079421121374622;-0.0033113418651326;-0.002525209530560124
2023-11-10;-0.005021320692924602;-0.02080444539154669;-0.0011136796884022582;-0.0013495180055272948;0.006835559000739844;0.01622486268898249;0.0200641732263791;0.00337360963677491;0.0021087240359658477;0.013553413342467291;-0.012131721910721871;0.008417828600855604;-0.03946895143846041;0.004100354589219535;0.002447585055448176;0.013782962453037895;0.023832862056903048;-0.00560746685018676;0.023114824900593467;-0.0005129995460072534;0.01661714788380797;0.005267678258493724;-0.00783181654848486;0.005568251736995711;-0.0039498019318299216;0.007456514515064239;0.027783514897087747;0.0010391445523476595;-0.00330390488282295;0.05151108048262709;0.025643483908091902;0.01744195490444511;0.0011774915575821776
2023-11-13;0.009345741032109833;0.006609975004751689;0.0033445849427851115;-0.002702683330872979;-0.0015688834915535965;0.0021320664433124303;0.006609020351510564;-0.000137993870864217;-0.012391781937756918;-0.006164799198043247;-0.030701735633314242;0.019807599895633077;0.0023658608680374726;0.0025127707995127313;-0.0018068012046746906;0.014104160624474726;0.00853684969169577;0.0027473554617889473;-0.012155403397210662;0.00731422662151382;-0.007259581324825293;-0.01222695782608818;0.00768587197924786;-0.00161970591341698;0.009797035933488907;0.00740132641720348;-0.00585814143277863;0.004152492561100951;0.04640876268345684;-0.03037004648327446;0.0012774658414516082;0.003673548956039774;-0.0037048213555206377
2023-11-14;0.004259273366993943;0.00469043331751795;0.004444373035988436;0.014001802848361056;0.012113911362747087;0.023048947460831526;0.04158197010774711;-0.02450711907423142;-0.014914945119254619;0.03659595609024757;0.07420812039438607;0.0070753602025432905;0.009689372007844366;-0.003888704256332476;0.0177584579471457;-0.023672545399647582;0.050556175237617795;-0.015429052874973093;0.033001475727667096;0.024331235289938524;0.02552535274352885;0.010610052562129546;0.012574663730548608;0.012753220747157457;-0.0043890606556304945;0.014367276104560567;0.009063917105740282;0.006202866906161342;-0.004223788348344026;0.02088078880162869;0.021628865340953984;0.0016265614566155495;0.0057254233926731235
2023-11-15;-0.009035593514310936;-0.003501492730642042;0.014712413975860095;0.0;0.007170101749955915;-0.0045801429026524065;-0.0033018716104682433;-0.0033057317434531663;0.0076905549202328505;-0.006399291200079649;-0.012636901532759426;0.019699662539248708;0.011072908807114867;-0.003793246565039543;0.009036691983362433;-0.055710272169438024;0.01389102379437257;-0.012888075493342033;0.014689791051624823;0.004601378084974073;0.0034533298757903896;-0.01268592573725269;-0.022394074816153187;0.019410640394911916;-0.006496473162498462;0.010461961273907416;0.029622219381971515;0.0073389946944868445;0.03711543917544935;0.024097861022281952;-0.010704438149197304;-0.012856791210040353;0.00328656353424317
2023-11-16;-0.003535562801140202;-0.022487639774080748;-0.004905721450025324;0.007349648926791463;0.008604436035529073;0.004775390873112517;-0.0032455631181064204;0.005353954132087502;0.0035773651210202484;-0.0008066306243618149;-0.020477778382974487;0.011618644690014834;-0.011925146440417977;0.0026189449988174296;0.003858616564957451;-0.018148498323559914;0.013201357308653794;0.006528173337478016;-0.002696365349019181;0.0022282445046672983;-0.001474965163937192;0.02038107365392028;-0.0049978976268242326;-7.297991925070413e-05;0.002568950269221437;-0.0036635903380871637;0.010845585442149419;-0.005974045974082021;-0.026584792872504037;0.005509611374967305;0.004448312960450673;-0.005484097123820475;-0.002983296378708644
2023-11-17;-0.005602224088074537;-0.002875574273266346;0.007340029754046906;0.01039131794405268;-0.0025843181060342113;0.010248050734001257;0.01347878724821916;0.005796614052073323;0.015922048651187515;-0.007342579055675702;0.016550437643616966;-0.0016027308891064518;0.020936070031106535;-0.0065393283164314475;0.004697943035301355;0.02186588921282806;-0.006321815777529882;0.02343743674884924;0.024790054396814698;0.0008646678663368768;0.009309832930245454;0.003473721080996084;0.008790227123638639;-0.01319461658094978;0.004192848203127486;0.005115873368860768;-0.002227237429561879;0.005716745503749454;0.01260502189203394;0.0005707840363624594;0.0025435375872480126;0.014612597381575387;0.0061605435151221855
2023-11-20;-0.006385026792945281;-0.004325940850284815;0.0046765262182779654;0.0013129712357586865;0.00668652368277356;0.008379818142875806;0.01748349818912609;-0.006653476708863404;0.011228151607292514;0.012521890584802131;0.008569004362949828;0.005350625667535747;-0.17961399328623717;-0.0022188889333087936;-0.002928326969721007;0.0180884346302157;0.019927085306400638;0.012674694023249389;0.008239312303802482;0.010366556615255096;-0.005942325084057898;-0.0008655099608406713;-0.01597502762036007;0.008000379382543388;0.0030155754039051796;0.0015905427441520459;0.018372641693269465;0.019676475532973692;0.021784249431979985;-0.0012549736080010865;0.01471472418000408;-0.0032608471048916066;0.004606643307643488
2023-11-21;0.0032131411361842055;0.0012068554347990368;0.004546404791339054;0.006774438374078651;-0.0009132554300185225;0.005394555816214064;0.0019092558991840036;0.016792513098294437;0.0041636763089185624;0.005074262012630948;-0.03228544123387367;0.046034966055073845;-0.0005881677145257447;0.008391100167238319;0.006016013350518934;-0.005772888632817774;0.010107201601345261;-0.0034134620659388437;0.0006037427343916768;-0.0009771240769705924;-0.001605957577350936;0.0;0.02740878294180038;0.01539585792253284;-0.0013876265867902582;-0.0063520677413515525;0.0010116782622571208;-0.003430499909444662;-0.03350253500602807;-0.008567541122081246;-0.008794873939570014;0.0035442815784385573;-0.004875762385897819
2023-11-22;0.006970561358585314;0.014947006086386994;0.010991372090178642;0.002821784306020092;0.002216032667503365;0.0032384775452296566;0.0033714426879469794;0.003664859797857023;0.02142364132744423;0.007649231684179414;0.02194910407495665;-0.0031797909207709196;-0.03442704648312822;0.007727915811135411;-0.0036256902318145823;-0.004368870281024395;0.0012978483353447423;0.002140699043132299;0.017903094364280614;0.0053796344576000354;0.010759915207399162;0.004763998411283721;0.008824110765433879;-0.007490741836751913;0.006947590929270442;0.012146277655356252;0.006421702736243429;0.012334976622796257;0.008403417343905373;0.009217601093517436;0.013383395335549997;0.014398125228927583;0.0025081233647801238
2023-11-23;0.002244992945060753;-0.0064132485751263735;0.0;0.005627758067980437;0.0;0.0;0.0;0.0;0.0020297777328128763;0.0;-0.0008591021194157555;0.0;0.004114046677529126;0.0;0.0;0.0;0.0;0.010111050265583232;0.0;0.0015808994419708178;0.0;0.006896620203282078;-0.004882101595907518;0.0;0.0027599346429747484;-0.005526561098907035;0.0;0.009492759500887127;0.006249886418268291;0.0;0.0;0.0;-0.0021527615505849695
2023-11-24;0.004106847953096349;0.00406401431884551;0.005542585086344642;0.001721852765052212;0.0024322966072516383;0.0;0.010956860219269338;0.003882570735977975;-0.0031509866508860895;0.0008182771610159012;-0.006018953270896632;0.007655983094375207;-0.009256456608928487;0.0061424435648325115;0.005292974716765597;-0.0005379000523644262;-0.00031357828422851064;0.010432858662959177;-0.003280487119875275;0.010806147061760862;0.004365184590080284;0.009417699187568296;0.0038839935034771234;0.0008384726984680402;0.004587109842721038;0.003969509070775645;0.0032635932188154193;-0.009964856579930403;-0.013457621733976466;-0.010845960634299878;-0.009546309622866844;-0.0036152975267986776;-0.004723017834365906
2023-11-27;-0.007064552635489663;-0.006904838584747552;-0.003074068182661982;-0.00945418824607569;-0.0036947070832454854;-0.004707800113362581;-0.0020228934767142492;-0.0021180692272424473;0.004515622264071428;0.0017861545036899074;0.012110732879523356;0.0003798557586902618;-0.03017304846049107;-0.006415503400803435;0.0001880291716933602;-0.008072756725964636;0.0030323564959657823;-0.009348429900681965;-0.003211935668337329;0.004084082918041743;-0.004789613636684731;0.008481827710869139;0.0044797473018085565;-0.010309385988854336;0.0025114715389251696;-0.005851695749101049;-0.0008132123881157138;0.0036858543278697198;0.020986501300130245;0.0035780375394431907;-0.010436701816160188;0.0006718788111563789;-0.002812090460329264
2023-11-28;-0.008425400463699662;-0.0023974143712942597;0.0010632685805500586;0.00021692979835141735;-0.0035700685171745627;0.001770815327971409;0.004633541225016247;-0.003645002152055321;0.0017982626355019793;0.000627736131047163;-0.005982875430136758;-0.004683541447464745;-0.03490211900084195;-0.005629236418468242;-0.002020987934708507;-0.00899509944465482;-0.018410059837689174;-0.03112664802133136;-0.01877715665601143;0.009929423016987071;-0.0029410573250656658;0.007989845712316201;-0.005675985172861275;-0.012036840398484294;-0.003643816201787997;-0.014158375290693748;-0.00035480815361998985;0.0066383928790649804;0.010362678464785668;0.0032202678529689166;0.012817381126773997;-0.005774838029473761;0.0059925325976077914
2023-11-29;-0.005286958371597983;-0.006008173247866289;-0.005310610880237654;0.0019518053205780372;-0.0037772126028914332;0.004019480071019599;0.07725556954902091;-0.005094071200527961;-0.0004487586729216009;0.014292609695853331;0.004299204052391925;0.002925087700467177;0.0037637006921897864;-0.010267894502138497;0.00828891469269033;0.011410763478486796;-0.008623614409223657;0.0021805316187402113;0.009852095412168582;0.0165838211731566;0.0008938373353564177;-0.000834291415257371;0.0036695807211690745;-0.007153357107829605;0.002742811482419061;0.015329998274423051;-0.0037787005398617346;0.014031091625952952;-0.015384592115770923;-0.012954329980101043;-0.020029925923812364;0.013913145946261585;-0.0011680018293080963
2023-11-30;0.008352310666135843;0.014264976611884972;-0.003096717522317216;-0.001731542935842656;0.0036521719302944344;0.0028698552944013134;0.014717686008473008;0.016384372609561826;-0.00044896014768169845;0.00828897385052585;-0.014554854682993335;0.005199070310726972;0.02249759262328066;0.033627295830345405;0.013172056829067635;0.01085469389912741;-0.0019710822500859093;0.008848165659889773;0.005620618877543393;0.00302962863997136;0.0009377951426583486;-0.0033402838279400493;0.012797089065945011;0.015273010052321512;0.0018236593924940703;-0.009853820507899957;-0.006747838815207574;0.0065034728127897345;0.00520822292562273;-0.001742095226241247;-0.015201807745686025;0.010791498244494324;0.003157390801474147
2023-12-01;-0.0028237493066837205;-0.005959385015658625;0.007390758690537069;0.020164746359010444;-0.00813886854383683;0.014837882571865135;-0.012789965051734908;0.005403858437466269;0.009656423430296712;0.011545728974625025;0.015638632713498968;0.009082932393792209;-0.007971951062750726;-0.007131133497019881;0.009497052240786674;-0.01028717883261343;0.03602249477364694;0.004601075796720977;0.007505571059119198;0.022188590095473026;0.009591279792593;0.007959720357354705;0.010830409287789555;0.007725088632985155;0.012286708986105399;0.023274468683010197;-0.017363991318294136;0.008386025464712565;-0.00621752621105498;0.002210564236702517;-0.007121998384898132;-0.05193094298265022;0.0008159898797688303
2023-12-04;0.008117780120070028;0.011510663944398258;-0.011908471435248535;-0.0006375808112498715;-0.0011482444722306084;0.005189633363057444;0.004674805656793346;0.0010933329471030095;-0.00022243299453550414;-0.0025349790724013;0.016253192049688003;-0.002875256298461082;-0.009161028614194877;0.002046876588894131;0.013837496297480989;-0.0015092800255431804;0.07047239705328945;-0.009303003834981727;0.018941371249596717;-0.0034094023593104206;0.021519182560694183;0.001662506274017428;-0.002380892540647439;-0.009132999229870986;0.004720105150031184;-0.010823635264338716;-0.02542190188979132;-0.0025902612622699106;0.03023976677668805;-0.009519357024185937;-0.014777484434238541;-0.03628534489993884;-0.00034950099025277126
2023-12-05;0.01591761642114764;0.0;-0.004196793189417569;0.015525275985004416;-0.004570192525306882;-0.0024517573762613543;0.0029247735958375376;-0.006552106227845189;-0.005561731956802762;-0.0010337385427625634;0.02777776858679948;-0.011785379353394299;0.028548243114549843;0.0036114350847809007;-0.02243235097489593;0.010039041053683695;0.004529581157585172;-0.007367806356706641;-0.018005900043783774;0.016421354759714735;-0.010857364219257204;0.009543586073518462;0.001988829060767028;-0.030094385857688977;0.010738252898922829;0.020139616137391902;0.002753910590016506;0.005604032597101183;-0.10222669154157316;0.012658202863381263;-0.005405867103742468;-0.0004328838965742543;0.0018643014016752613
2023-12-06;-0.009032335246845768;0.015884256452287193;-0.015560798143503418;0.009214615853579744;-0.007464140792597496;-0.010610948689829258;-0.009411501647775045;-0.018732282150169866;-0.0020134304674949144;-0.016044168317845386;0.022932035060525546;0.0027910433228166553;0.021605456160486813;-0.0013266327958755264;0.003916610694962186;-0.0019483339073780304;0.005029357915346422;-0.012516415018368754;-0.0004752249552428811;0.006731859779388838;0.008615036926780784;0.01315245389874553;0.0031757500103337666;-0.002824141028829774;0.0019920205542884872;0.00886062070720639;-0.018499358503938024;0.0;0.10033826919666611;0.023148198188700064;-0.0026391512017355234;-0.023957191558372837;0.00412857736836858
2023-12-07;0.00744055239785002;0.01400243089370945;0.00021957513182013777;0.0049803174699738495;0.000908131334878659;-0.003057310099507271;0.01016998540490488;-0.011353558854258261;0.0067249012485237625;0.002239242194187474;-0.011208972969141917;0.0064525277955773674;-0.01728931078426399;-0.002292917129093297;-0.0011015779993416297;0.0013863542233900628;0.002914371382708003;-0.018128150040070068;0.00618092265750847;0.009695653100516122;0.0003901772358700928;0.006085218027127137;-0.0007914993273007154;0.0027939856607555047;-0.00154628850629146;-0.0036980905999092206;0.011796809894272231;-0.0002717774264694439;-0.022541090114399198;0.0012443261714005782;0.028791889982196395;0.014194785626227002;0.0009265906236735066
2023-12-08;0.007200871575740564;0.006674322799031351;0.0020851531733718787;0.006813942556535446;0.001077330173187896;-0.004791830056272928;0.01934021739373315;0.0042234898089488215;0.01313749770381234;-0.010294852703714774;0.004858274854099065;-0.00251417246235508;0.0020421042156619773;0.0027358828893446763;-0.004732780787225943;-0.010736031019894954;0.01581012125468617;0.003602436751246607;0.014097232572994889;0.013134698172891701;-0.0006500642116886723;0.006854781655229125;0.01782178813857338;0.004808718947950652;0.0006636839333704625;0.0046397240773028425;0.003893826915099652;0.007341876131181868;0.0020965773490708717;0.008925528261390925;0.018861574255621738;0.0016038714417689892;0.0002893025504355773
2023-12-11;-0.0021998681679002985;-0.0006858357262852222;0.018398899968793403;0.006562731317704351;0.01127226446609586;0.020150318611063645;0.0036388144593229033;0.018003918774813554;0.005494501910960903;-0.005724947267882974;-0.0032231907561321993;0.004662882854064465;-0.012697963432435122;-0.011077333190753214;-0.002077595886536665;0.01753538413669853;0.00897717088626937;0.0008974456719084145;0.01743491380787976;0.0032682570155992963;0.02055686060328976;-0.005206195102561151;0.012062431637644533;0.004900248491302772;0.007517199064718039;0.014778416362407398;0.013509354616725089;-0.00566872899592108;0.031380601251139506;0.0003359336834849458;-0.022449270390893172;0.007860207245711459;0.0005784377573525568
2023-12-12;-0.014881520262927772;0.0038893071162915405;-0.001183031284845093;0.00040751688539208963;0.008289899387545985;0.007221193528117009;0.004013907200610012;-0.006034386959029914;0.010710254486785864;0.007125236041618077;-0.012934516788350892;0.004515780942672132;-0.004763388047397066;0.0037520543272659967;0.0064769458023750115;0.00404165821906477;0.016638034379237165;-0.012253447936402373;0.0037401233003295786;0.004452203541865929;-0.002762241403482024;0.002415452950793151;-0.00038444159882122797;0.0105078510086416;-0.00021943173766358903;0.006371287404389747;0.00676245461415359;-0.0001357042494726235;-0.005070887028338356;0.01186615631720267;0.027483962920467286;0.01083192569921776;-0.0015608085085100365
2023-12-13;-0.021447219157835873;0.011394627607209884;0.01636521760941667;-0.0022402989177704447;0.005583050460980621;0.01979800255474795;0.02630904457767347;-0.004529918590787663;0.008001772990096079;0.008407387458175597;0.003275986612495174;0.022727489872118145;-0.008934251483679878;0.006028735963861109;0.018018883531481844;0.13233442787583138;0.022970827895163914;0.01633882246090468;0.0223704551204309;-0.0033512969353923783;0.019942974476118147;0.008835399275794353;0.008076865663206867;0.007406385416136141;-0.009877115527908154;0.008592064542963351;0.0366738898192831;-0.0055662026643596985;0.014271110104062235;0.01548839558046411;0.0015558422159120955;-0.0017145187330254164;0.0034159120757342176
2023-12-14;-0.009719803467311272;0.026363184240135284;0.0028601301146877756;-0.024290682950393605;-0.010800220079256517;0.005789723195479768;0.04310118989637801;-0.01407391834905003;-0.0023599350932959062;-0.0053359499512867226;0.04244895690748329;0.01868111801823691;0.026883453429031645;-0.026902959027414908;0.007179265044863659;0.003777121859511734;-0.006062136626753367;-0.011312762753038719;0.02825528047581627;-0.010738721261574491;0.037267586834919264;0.005971282945145706;0.031943833352793716;0.0055324290635923035;-0.0361339429182157;0.01957858406300228;-0.021146764827153608;-0.027030678681192244;0.03517592606864417;0.006863486322813417;-0.0046900862513170605;0.036639512905117355;-0.00028851798778029014
2023-12-15;0.007890704670191262;-0.0059275034142262095;-0.0022182578720321144;0.0050208844853594226;-0.004523609793576022;-0.004568606627926464;0.009637441800383284;-0.01632096441876807;-0.010752787673100839;-0.0019372012448763964;-0.006264651225269979;-0.009828566868867128;0.006584075816601587;-0.005839943563318073;-0.015959758699239046;0.010034398699017455;-0.023656547556440533;-0.00060226047440326;-0.019793500245493978;0.012499949553110845;-0.027147897228464335;-0.009101639797748362;0.0011325118477729657;0.00018463052670769642;-0.006899654949130696;0.01832313911453154;0.004746421152463265;-0.007436584797132162;-0.005825348359306148;0.0029215020163027017;0.005252494293972676;-0.011183133104139653;0.004386527702417764
2023-12-18;0.0024823322257399028;0.004196097472939808;0.004446378959192421;0.0020816284197249235;0.008835887507669948;0.0014457388922712866;0.007875008405260342;0.02157402971692557;0.00804352124522878;0.0025008317083465847;-0.006304144491784736;0.005447348362277005;0.00015574399790607707;-0.008604526969025028;0.0019589310529579684;-0.014682962128270471;-0.0020145763777580372;0.02154253185318411;-0.011871719460069485;-0.009205065732272866;0.0033950859943905343;-0.02276363946677762;-0.009049752164948854;0.001255255823068957;-0.002547532321576229;-0.02605444432230719;0.029784344429329757;-0.0019789873482420894;-0.001953064620776379;-0.00517860604019027;0.028962190018858136;0.024434414405227978;-0.0005746816518809039
2023-12-19;-0.004761877775271595;0.0048383055156084875;0.004110455222734455;0.007478201793991168;0.005978017330658503;0.0005728598114325134;0.0026044016311912443;0.00833366327258278;-0.00301915756053861;0.004654178957000266;0.007137156217312146;-0.0036421841139121502;0.0026471760334489947;-0.004766972944033276;0.018733284803298833;-0.0037315686910233126;0.010593044085293268;0.006193835996491037;0.00748549251473718;0.00021863906800279054;0.008953913516356327;0.002860679185894943;0.013318155313553293;0.004867121640478755;-0.0025539471242259637;0.0002954972551054702;0.018308224277709284;0.0004249252413910387;0.003913869287905047;-0.006398392847507317;0.01665596374685685;0.002180677524143526;-0.0063246944359902635
2023-12-20;0.009186590040001441;0.003939645754671206;-0.021070546221608755;-0.0010309093861535779;-0.017827479013470704;-0.02022177083399246;-0.031408657303031995;-0.008922148263931784;0.0038935903184251774;-0.0186042836344692;0.015748075363852587;-0.017789779454886356;0.011181863474982512;-0.015475894889180775;-0.017228314360721475;-0.007168761580161553;-0.010811845853182955;0.018613560919743755;-0.021212516123338743;-0.019342180159431788;-0.01631771583245889;0.002037444238751629;0.008636788548782581;-0.01603545617150215;0.0088454589722331;0.003841690009828147;-0.011615692553056056;-0.014583085620251457;0.011695927725985156;-0.016808568482407193;-0.0030824384095484714;-0.015095879618488905;0.0015044236536119193
2023-12-21;-0.003223958875245847;-0.0065402249198059925;0.009131486339982064;-0.0024768287038511305;0.0022231842728370754;0.011359666685324399;-0.0021942320159902273;0.012887840350310098;-0.0028011783598768103;0.009025264561596025;-0.009302338903730445;0.016747339382113147;0.001843094167570447;0.007656071141069809;0.008901421393819442;0.000949418820268555;0.02373100749959045;0.007625819224370556;0.020040251039562307;0.0017829541134286586;0.014426485517953225;-0.0036599750046941715;0.0;0.01338797465045638;-0.000692166886940293;0.004710006910190634;0.0047826279772602565;-0.011637823809867887;0.0019267225996804083;0.029751295283071633;0.013771190246897547;0.04004415795594207;0.0041599330545762925
2023-12-22;-0.005136993280343893;0.00702220061971337;0.0011849469906513033;0.00393135509600584;0.000926564156491505;0.004968893769948579;0.0008550796442801101;0.002526106383657467;0.0030250288919861923;-0.002395205228579056;-0.0015649372367280145;-0.0004880793723570642;0.0027594376985129454;0.0008270995982098128;0.008417760834266153;0.011531825027780718;0.0025877069066559955;-0.0074254347975322155;0.004613859095379036;0.005450506525966903;-0.02872949147879167;0.004081622396876483;-0.008562833169320716;0.004048085445085947;0.005772326171854303;0.0014649490042168978;-0.009865494457906854;0.004797164177730018;-0.009615276451604982;-0.006683940692858492;-0.0019770068997281287;0.005177974355195181;-0.005178418523994033
2023-12-27;-0.003251163083223041;0.003486616588686875;0.009038061844764078;-0.003709849931150866;0.0013465676906454505;0.011866551704563522;0.017333983392419317;0.007021599827260028;0.0025852446712890664;0.00899104817072538;0.01959249952081854;0.006103493944726646;0.023237964253663757;0.004766461204020356;0.01178463213240133;0.006909285115283881;0.005541129604310413;-0.0044597185721549915;0.004555838692982039;-0.005863470602049614;0.012025885140410475;-0.009756073145846034;0.01051441609296;0.010445639514968796;-0.0059688453399424635;0.0019017376860959168;0.010333631930278697;0.011574003955730161;0.03689320481016933;0.02029524786273651;0.012564007552280598;0.0204728502604814;0.007750211937439078
2023-12-28;0.0;-0.0028230701140998793;0.0031989365943898562;-0.0043442305283006855;0.001736924207829782;0.004181744092416784;0.0028798394311493336;0.002279871289509794;-0.0015041707421893369;0.008948262652187955;-0.00461187378786565;0.0037614564836319087;0.0007471304491137865;0.0040360523137017434;0.0017647183227076368;0.0029898327587307705;-0.00016148664119841616;0.008959571878255801;-0.0027284842462058645;-0.005119114167349448;0.0030853948796829567;-0.003694612705212208;0.0026012533630179746;-0.005295781714264369;-0.001616639318328228;0.0014601191021956783;-0.0026027344131778207;-0.001430155948102918;0.026217151582561105;0.006807830344330856;0.0013693550353182093;-0.007507133175423397;0.010674934295870075
2023-12-29;-0.001726710698322309;0.0010888505986643704;0.0;0.005402019749744635;-0.002544966421873962;-0.0029874555910077705;-0.008734243382371942;-0.001990202655852369;-0.002151945968371427;-0.010686718590233846;-0.01698839106475991;-0.0042308029420277116;0.00418037232109314;0.0029909883285219596;0.001012869504583902;-0.005815169519196917;-0.0035367341732871482;-0.00014327730256835647;0.0007394733411181242;0.003467594628307147;-0.004198138115346417;0.0012360499457131358;0.0025945043997228634;0.004844357245105124;0.006245718903549635;-0.006123362210925798;-0.00740047055216464;-0.0011458297716341326;-0.0036496117931428262;0.00042256683187624766;-0.012167757842159177;-0.0023474015334222775;0.0007949993458042925
2024-01-02;0.023063546745784702;-0.009571446444645804;0.015731266196879812;0.012399300358788556;0.0162619518124143;-0.009375324293095955;-0.01858775142060265;-0.006505339145377431;-0.014448993079061778;0.006319805880682594;-0.00549885525173377;0.00558391651253376;0.02066599540732872;0.024445974793347203;0.023186303579838752;0.009879792742383264;-0.013260040561081432;-0.001432447933647052;0.017142038830570083;0.0011146185925374752;0.006720275006906418;0.0032921729984443093;-0.0033271983536913297;-0.0012052506465743962;0.009885021406757843;-0.025524484970076977;-0.037750584740559257;-0.01534270753062783;0.010989030775444109;-0.01467947030157235;-0.02166910460235849;-0.022352987359740006;0.004595991451130432
2024-01-03;0.016156334128553773;-0.004612362337872655;-0.0014650300365154356;-0.00979791316083467;0.011835812630519138;-0.014963703026489084;-0.017464025045734854;-0.03737510963195012;-0.012691454337052321;-0.01724906107971813;-0.016587655358099362;0.004345767600250294;0.002330626227339039;0.004987463500569778;-0.025197756558614337;-0.00048675428986566516;-0.023060499235904364;0.00932435662497011;-0.01176816025360694;-0.01235940901628274;-0.014346110094338171;0.0008203425400512554;-0.029302597570407873;-0.009543960351346858;0.01456862945871884;-0.028450914392029514;0.003756691068569795;-0.0016018867115745739;-0.04528987636695747;-0.009860733183433057;-0.005255733384695316;0.024201101068191955;-0.0020898637085501326
2024-01-04;0.0007395011084816439;-0.004633648937789725;0.002515247896285766;0.01216240850941852;-0.00837084478314587;-0.00044195892938803105;0.0008763459626901504;0.00660343755731474;-0.0015513999759720898;-0.0020338289818762068;0.010441776806349834;0.008774081503887476;0.024124398743562203;0.006254345748335721;-0.006528462153195247;0.013245361823639223;0.0064291901041051425;0.035957971891972695;0.003748944463733528;-0.0039459024469141735;-0.007740178511895346;0.018442700003662438;0.00305689636749662;-0.002252104255273668;0.00807722492293994;0.0015493866274143286;0.00937779860189969;-0.004959076658623385;0.015180261937845385;-0.01439698756036245;0.007692929709402607;-0.008224486163621814;-0.005659950427069904
2024-01-05;-0.002401620936564708;-0.0059854918289314885;-0.0037632816956171267;-0.006517286781241305;0.00525187995098797;-0.004049627895108765;0.01638303454407586;-0.017510119909066146;-0.003329609735880701;-0.008164683509737869;-0.01271866076417949;0.007625317915745722;-0.00042567243962265966;-0.014741026338651486;0.000888034981022745;0.0008410575721471414;-0.0021170188457521055;-0.004253000035898125;0.010032818270526711;0.004867082161512659;0.009665940979397103;0.004426508255370054;0.0011428662169747916;-0.00037007019765478155;-0.0013354323344619834;-0.0034034723984361914;-0.0012851367305373174;0.004690700727427277;-0.039252315496678514;0.0018670641576310487;0.013914466339643772;-0.0017112575954838505;0.0012522838676862769
2024-01-08;0.0007407336120492936;0.005575468424915853;0.010388201223745508;0.0026650184905798735;0.007084428906246387;0.009908212096649605;0.01045900501944308;0.004618770965483021;0.0031180028479067534;0.018861154512407996;0.003220658905503937;0.0236490548739543;0.0005678774498278916;-0.0016002145723985617;0.00252861313695929;0.006290504483043247;0.012282337354865946;-0.007991185072577789;0.020482943694101863;0.0045055389144383895;0.01263854411112697;0.005208360268760925;0.014079133414000689;0.00995755392839559;0.004680219337918068;0.014281291471961666;0.023140533428676946;0.012401477414666351;-0.011673172589322767;0.01293583572393242;0.019065186372887677;0.04641355407987646;0.00011372525955133383
2024-01-09;-0.001665435349072708;0.006875158364074041;-0.007269780345523169;-0.004089135893427631;-0.003476557131728897;-0.004627769758526634;-0.008767589004991638;-0.015091852685724327;0.0013321176519809352;-0.0056893274722941145;-0.015248844405468809;0.0010396534825725112;0.010073832164530616;0.0034480762216257954;0.009734965107747184;0.004509483371007095;0.016692322391192116;0.00430557192417047;-0.0076734395891217;0.003476059039260848;-0.0072978078289687165;0.019131080240691434;0.009005606962565915;-0.017409594472712397;-0.0013309887793256925;0.0016834581889544342;-0.006061485781921783;0.0036028655468340887;0.04527554331271255;-0.003138603916900795;-0.003429461639213316;-0.028351908692715644;-0.005229639486818316
2024-01-10;-0.010379955200077173;0.002643121284784833;-0.01171656205312388;-0.005543002834162314;0.0027801023391071933;0.006880968354340045;0.012530685012978493;0.0037547670292128466;0.007982292181635042;0.007136753052078726;0.0024450394710395784;0.004846526947540175;-0.023458512543530152;-0.0013560465198974025;-0.012358146667740155;0.006531911204512575;0.0021698471262632246;0.020467503862694914;0.01134870857060477;0.00022352540513748131;-0.0007936346695868179;-0.01368792087174353;0.006322133927813445;-0.004214989642066458;-0.0024434128514182474;-0.004736411657012551;-0.00779939387705042;0.01981612459355464;-0.022598819325252317;0.043860652205095274;0.036482752106322236;0.014784173295700365;-0.0012571498325892883
2024-01-11;0.007492041781446135;0.021748673353152004;0.007197962333157726;-0.010528512703410375;-0.012448404334338692;0.0024472965758262077;-0.0066730428548875675;-0.007228476486344726;0.005279350249883796;-0.0041647608679838966;-0.004878023837890044;0.00011471075104729778;-0.02790554791046662;0.003794321451182636;-0.010649190258716357;0.014914047246072482;0.008065155559040305;-0.01206127274080604;0.00010603305254486273;-0.0018992731773767035;-0.006939214268110172;-0.008326665124356203;-0.002586925577452992;-0.008877628445885688;-0.004230650008463899;-0.0038378827658086534;0.02905948781022638;-0.0011263603569889868;0.019267794267737504;0.012064455752052172;-0.0021594431848978024;0.018658049769663787;-0.00011445401419296619
2024-01-12;-0.015244432857434154;0.0006450730350686662;0.0012611509301363455;0.00855413605506139;0.0007706247099659169;0.006471772913361207;-0.0009771824068206536;0.005804451037193292;0.0048140708270791865;0.017452413306647818;0.022875763679431893;0.003789242048299668;0.013613479954456276;-0.033667948171926865;0.0022872850166033576;0.007719511318532213;-0.04191806666116815;-0.00466408805421703;-0.0012033910033324435;0.011417055000042975;-0.0017258135405748831;0.013194728810177248;0.0014821034764160856;-0.001738550990690979;0.006484737935995133;0.0006164118811970987;-0.0001422248189997255;0.0210036150826729;-0.0018903006751671558;0.025074484332429536;0.013038685817584827;-0.005018124151527581;0.003547782075218109
2024-01-15;0.003964413667449929;0.004727067951131536;0.0;0.0004137552404341882;0.0;0.0;0.0;0.0;0.002830961220333439;0.0;0.003993589911438278;0.0;-0.02043794347079808;0.0;0.0;0.0;0.0;0.0;0.0;-0.009738741464621503;0.0;-0.0003946711866287256;-0.01183882179989637;0.0;0.007331779955174644;-0.001694088417063977;0.0;-0.0020709459246845974;-0.003787854455600259;0.0;0.0;0.0;-0.0013115006267779838
2024-01-16;-0.0056412017267271075;-0.0006416241829901859;-0.00797731190713169;0.0035152655878736283;-0.006930281743334099;-0.0010297976712437817;-0.002934414678860575;0.005366099936653823;0.001520068763430027;0.005030480768038803;-0.009546491017236036;-0.010066292268848809;-0.0005961443774463726;-0.004525296771297427;-0.007651622540277736;0.00943700137399528;-0.028563916110834975;0.008131255412934246;-0.004854819282022249;-0.005252628907638113;-0.010035777706426274;-0.007501007647774172;0.0003745494398756932;-0.013932513322884588;0.004852248438395046;0.0063252341433281956;-0.022187933490083966;0.00013831394657781715;-0.05608363899726654;-0.015939791094608413;-0.01877223434282138;0.002647721874829756;-0.005652242471444802
2024-01-17;0.0015128447768444353;-0.011127710229359322;-0.008464691535643776;0.009066646565518921;-0.005012455076156663;0.0027031045193381953;-0.00429197260373404;0.022003966490820703;-0.007805753960679063;-0.02473382377945077;-0.04257031596855387;-0.005662046652567199;-0.009692724836342315;0.011152935942584374;0.005546279052877079;-0.008525864710074327;-0.00869234525240381;0.0012304567445311498;-0.010469252411246077;-0.01921124703928412;-0.007198625605608244;-0.002784361003842384;-0.0003744092051177761;-0.0011902533522299974;-0.0019754057690967164;-0.004139280848299842;-0.0018909560314515073;0.0016600721911776972;-0.036253839247182285;-0.00764061272755967;0.00247651269693816;-0.023390182340554122;-0.020440959369181888
2024-01-18;-0.030589092750422875;-0.014282645424129492;-0.0055490498377817055;0.0020420299226833194;0.008600284629134869;0.004271954647198983;0.004433605127280638;-0.0003449706224851745;0.001311157822286857;-0.006409095088222516;-0.014261738492870157;0.002789011181406842;-0.02062945157342133;-0.01638294856252831;0.01937219268501833;-0.001798226580911222;0.01901150228804882;-0.00013667110805637428;0.024974751892614;0.010996537621255964;0.00047196511231750726;-0.016753128755239044;0.010108654637362324;-0.00042288580893268257;0.006817604436502034;0.04064038512767176;0.010367895250235293;0.016848380156321507;0.011494256415914395;0.004517004442036621;0.021065744740502268;0.00965741380720897;0.004396248377300349
2024-01-19;-0.007985918338883291;0.003951754373225258;-0.009335734772791149;0.00733640533433122;0.012721412024521817;0.005345862534963386;0.032246249626076695;-0.0041890752024907885;-0.002618881877115009;0.011275633271930374;-0.008510595021730127;0.0023176665348605408;-0.003997550731688837;-0.02475119902804024;-0.0051470398282973395;0.0047114831529906365;-0.002779511672299062;0.00013668978960135192;0.01035735063283183;-0.009177488219908714;-0.017067627771137128;0.012170436054254274;0.0029652135743749586;0.0023460212275161485;0.008300588246965335;0.015236656676647087;-0.004862840995311646;0.011001059362049093;0.008264511491961946;0.01195702087546291;0.019461378268119445;0.06096164935753756;0.001517330012109186
2024-01-22;0.006479438405571303;-0.0006559906995512454;0.0011914071401517567;0.010924591786971583;0.0029156308147135768;0.005679295621181968;0.0008314954824204523;0.006038032203861787;0.007220998015475599;-0.0005232227587692595;0.008583646964857472;-0.00023107698788837894;0.014356212434624815;0.018726744249859317;-0.0016802326385786381;0.01170060334338019;0.014527863092583804;-0.007919256529394736;0.0018765221746370742;0.014179575135187417;0.02037437276910281;-0.0012024415923965748;0.024390161155386503;0.0011124288239132696;0.009532017982782914;0.030890290484489658;0.0057148342028898735;0.009806429757344581;0.006147450988608361;0.0057564296777716795;-0.004355252725834702;-0.020284980827217747;0.005127934733888839
2024-01-23;-0.0013656320877570849;-0.0026257703732857074;-0.006815884699365005;-0.01781074054551235;0.011085195666215242;0.004567292233275344;-0.0032045583058354365;0.0034436993530990723;-0.0076037538041064945;-0.004075872713980244;-0.012765959439788754;-0.0015035688161582073;-0.010196237796339602;0.004931922507801945;0.0040750369340758485;-0.0009315242966000392;0.00016940492013906017;-0.0075695252609963015;-0.011792867838913534;0.00011268060020785953;0.009919556011266595;-0.008426985319437086;-0.02922074347509107;0.008852885417609535;-0.002360398193039459;-0.0005653564556835633;0.013341317041709377;-0.006518463824745857;0.014256678682217805;-0.008434573943948864;0.00895810685379228;0.015898477678564227;-0.0003479205488527981
2024-01-24;0.014065267223105637;-0.004607387682812769;-0.010021920874929147;0.012632499478159698;0.011957815645428527;-0.0013213945515526682;-0.007738998898132454;0.0014708169987365238;-0.007224159759149917;-0.004730984640881286;0.011206907360249208;-0.01876298102556273;0.003228709438410249;-0.0044422158263919265;-0.014733797453120534;-0.027609766457594276;-0.021278591855426465;0.005408479854895232;-0.02098920404718152;0.014092418532490214;-0.0016935129132908955;0.005665788859714471;0.011891430773255163;-0.023096647017017746;0.00064526805128029;0.09715741600193639;0.10703182188681826;0.07632556883175345;0.008032076980964087;-0.008101298830962222;0.014278296906060417;0.015528275486286658;0.002377797828248429
2024-01-25;-0.006164456266666063;-0.00022042720335857524;0.0036312917111809284;-0.0066398235606821565;0.011312063004994766;0.007714810883578949;0.024118172226579082;0.006559950087682953;0.0017640519690256262;0.025263470648879016;-0.00511513048103307;0.012629904555998772;0.0;-0.03863767899707493;0.014774910332230773;0.00561323302036798;0.004286692632898159;-0.0015171949326506784;0.025418574144449035;0.006670491049511895;0.012934801412281871;-0.00040245343155886903;0.013588032631980829;0.025237103008261874;-0.0006448519489198334;0.04640370219972789;0.03143870104120583;0.0;0.02191235800981972;-0.009494598043937597;0.006347604874229695;-0.008003762112490098;0.005265006256597982
2024-01-26;0.005427355931616917;0.013007042872163144;-0.003946973484570404;0.005063778238404648;0.011946928502167387;-0.006097787616666017;0.016402993126266363;0.005690319713544056;-0.0017609455695262177;-0.005310808775686016;0.007712110663240512;0.008742245451397235;-0.00950198711850847;0.019862257723980203;-0.007632875032140829;0.0004884686408739292;0.004861760231747558;0.011189349994185971;-0.00905522875105147;0.001766916529187812;0.007452295329602565;-0.0012077664491322304;-0.002536221982172737;-0.006637586330535683;-0.008388994357047652;-0.017984639643669142;0.01498217599671925;-0.004727532733490469;-0.09941519403174426;-0.01680063623711192;0.002441563472553865;0.014209995059501601;0.0006906193794964377
2024-01-29;0.00886835408805764;0.012622471825996628;0.009356052796009484;-0.006247511509733128;-0.005760252350443529;0.007187612956305767;0.004726317040823824;-0.009672072747726634;-0.017199479432899012;0.02562331008758778;0.012755104087253999;0.010399777137302557;-0.048584099367868894;0.002662953414023672;0.009870157922115652;0.013134327638189891;0.013486261101846253;0.018715879415837522;0.011643124650648762;-0.011795831765442522;0.00095583797367782;0.0028214761004989874;0.005085341519293518;-0.0029400717502314766;-0.0017352719903490632;0.00953327413441607;0.00941410763660655;0.012500045872613885;-0.047619062818625935;0.019184405187785192;0.017455719412476034;-0.0096176247895281;0.00695926121727708
2024-01-30;-0.0032486779834938195;-0.00042986382766974085;0.0006544722602355169;0.004258838333052184;0.010360669389286814;0.010559951468520179;0.006998506013027095;0.0064947668591348595;0.009872024990220885;0.011806309018504324;-0.0008396262950096656;-0.005375112829509088;-0.02162960556349136;-0.0018432907856696934;-0.003478006194642891;0.023541781184024835;-0.020730685096287615;0.003352444365511742;0.05182583851734801;-0.008366748018728276;0.008054443576539061;-0.0016077130636863446;0.01915432102529402;-0.0070845180178332745;-0.005867066591995318;-0.004348870716897046;-0.0224734763285368;0.0025925686058740904;-0.02840904965000768;0.0018514803339169106;-0.0023939070512519756;0.016664578096550864;-0.00628287692489915
2024-01-31;-0.0026839853310961503;0.0030101734961995863;-0.009917310125327927;0.0008077269668635978;-0.00880796517078375;-0.013661515900769805;-0.01355816416785871;-0.0013099536083804875;-0.006665137810756727;-0.014033188355683901;0.018487366978010122;0.006554068365759669;-0.03922871383760518;0.016143374145574096;-0.017892661734313475;-0.028470189364560805;-0.011419710712376241;0.035552000419665886;0.010975115209249209;0.0016874862279088187;-0.014415132045320633;0.011272193717839718;-0.0028368432398189203;-0.013768901969061553;-0.005683037486207798;-0.0038686900707349814;0.0022386245363399393;-0.009974049073299462;-0.04444444699963279;0.003593399424386412;-0.024796221277517794;-0.022641526192414885;0.01023105427640325
2024-02-01;-0.006728173757659106;-0.010718117188251441;0.026857386372159953;-0.010290580104908686;0.007036045957530268;0.019783608839327727;0.018133669526439355;-0.00024297195154387996;-0.0031312532280747263;0.019957328574236044;-0.04042896808516572;0.006282729530598052;-0.02162633139784298;-0.008988915633688754;0.008951859548111729;0.001130624922364598;0.023685663978890492;0.014971611620298919;0.0320105603342844;-0.002920066559006007;0.01533645621168045;-0.00039812769305402895;0.004623051125506539;0.015056090075798556;-0.0006595397251358825;0.017915307943219938;0.0060272367133220595;0.009328271258729037;0.0;0.011662359397726751;0.011893157646810648;0.0349903034739556;-0.0019912998160280804
2024-02-02;0.010837982590344186;0.00780058522939564;-0.0032156542113824793;0.0026503486819724476;0.0111530833541158;-0.0069332377145086;0.015541607769264276;0.003693166917761115;-0.004262985454737134;-0.0033793032233117026;-0.006018953270896632;-0.005221966660468591;0.014677343553003874;0.006093015057647033;-0.012260905066824201;-0.021181465749720796;-0.0002655413455051603;-0.006358035895828951;-0.016652939992259475;-0.0011263847286095974;0.006914362737181712;-0.028275635605083504;0.019114931296562165;-0.0053550677208057396;-0.0021997139789777798;0.007753796908076316;-0.0050571709182235525;0.008256302689017891;-0.024479827800749754;-0.0033369938863577753;0.2031764120899855;0.006295265532404226;0.002793399601763058
2024-02-05;0.0036377780228533663;0.008815245142395067;-0.014625302203130297;-0.0020333758889687914;2.56168026231407e-05;-0.005528015961905219;-0.011952689440774655;-0.008375754190279694;-0.0056331646032606875;-0.008370168910530329;-0.008650542915910497;-0.010042169452805783;-0.003485580420995671;-0.014248497091007284;-0.00857632933104635;0.009913398430027698;0.08532833634105397;0.036344914499069514;0.0038781730540620174;-0.008231844692921153;-0.014469686412212135;0.0012295458892375155;-0.001736670551502173;-0.15551775747234853;-0.003527336246457624;0.01229589680952925;-0.004569313231280958;0.0053777345811505395;-0.010037638755404088;-0.009841792716094755;-0.03280069597718738;-0.0070667385606785205;0.007674850201018657
2024-02-06;-0.00667690891235051;0.010017088125096718;0.00032748611643063086;0.011002497432715641;0.007626114224271285;0.0038756530105781284;0.057999038125794655;-0.009960049560230222;-0.00045323305122457747;0.001912995639274051;-0.011343746951573808;0.01141209865322046;0.021511041067994396;0.015329327113003721;0.012019709176385174;-0.029751240014492808;-0.008949163044264519;0.004569083999861334;-0.012233586156499054;0.009778253034973039;0.04325822890705111;-0.0036839453096009223;0.004871240703902213;0.00013757524134061505;0.002876138456910482;0.007735025372139326;-0.010995254425906764;0.011427138467693831;0.07477818998843944;-0.006455495312841841;-0.010208773451392372;-0.03535175236610466;0.013540163026710239
2024-02-07;-0.00960240432660553;-0.0008440438659754745;-0.0024001446795178794;-0.011487318077028186;0.009955842751458777;0.014185214248975564;0.012288775029131838;0.013216381567868307;0.004534049266929685;0.010405568432845458;-0.012356581403865752;-0.006610309143794457;-0.017291526232823373;0.0170755911936189;0.006433334375773425;0.007089086715301507;0.009365075059248218;0.010694609894461804;0.0014993358569335147;-0.05213378170490812;-0.01363595393389705;-0.004930225241624009;0.010734128842193602;-0.012244925481455948;-0.013677495235502324;0.01942912089167903;0.006152376196508769;0.009615419437711381;-0.0424528493285008;0.0030940225703937063;0.03270141178345898;0.012820540230719546;-0.00044523559690023973
2024-02-08;0.016094685134572684;0.008025395796416035;-0.026574818160894687;-0.005708463479996095;-0.0004275346430837601;-0.05022621034807573;0.019212599801810892;-0.00710601614521289;-0.00789880069717952;0.010156690806354174;0.0017872306762665158;-0.011243809330984122;-0.03327526390473445;0.0013478164149438587;-0.004067708092905686;0.009497019933787376;0.0022714748973708954;-0.01021658873899478;-0.005923143657832641;0.01508672844288017;0.007295166053715052;-0.007019016299673719;0.009592373634126572;0.02103266402270898;-0.008051932611338408;0.0059999616477677264;-0.0013766467242956049;0.0;0.009852214661311365;-0.008842288916314556;0.0008731966120545387;0.012658162789081828;-0.0005569198609824966
2024-02-09;-0.0003817135440474795;-0.009218507847647106;0.0012358007983832575;-0.003485713445801508;0.0021887220774403637;0.002885708031739709;0.004971478443452915;0.005343119397729579;0.00500461848812872;0.0005027610917409664;-0.020517291582861086;-0.013808294616162953;0.0014416785564137502;-0.0035957115532374573;-0.0009426475806243451;-0.00035454521190836363;-0.002440618912950443;0.022241429804468416;0.0028155955236222052;-0.008543007749243547;0.007442423255101138;-0.005405350951458554;-0.00542926468383087;-0.00031832038316681466;-0.0004508469118722491;0.02455855216719871;0.004995215800403852;0.001904805527265463;-0.009756095514050767;-0.0041493548588941165;-0.004021301841276359;0.016509425412033263;-0.006017729000439176
2024-02-12;0.005154646202279789;-0.007612622175702577;0.009874292750014169;0.013374444291360144;-0.0016316746670997917;-0.019091552019781743;0.006080602255328138;0.008435456061479663;0.00543230513781312;-0.006754313275993629;0.02185781081652327;0.0009412653894407264;0.01943495216026614;-0.0011190827501574852;0.021833817415964685;-0.010356824962485356;-0.01162164967180579;-0.0015627343712096842;0.012535866356230718;-0.0029508156156738963;0.020136573939634417;0.0037625739459521412;0.0020470143693112064;0.01250905351231224;0.00428600203850138;0.0017121347471518167;-0.006181913512797621;-0.0033271181472570577;0.0;0.0016667372336882647;0.0016875713521684599;0.004872440805033351;0.00913731088283809
2024-02-13;-0.015004810547897596;-0.00788411872007011;-0.00899997631654692;-0.002233475648138028;-0.007316898555811302;-0.01641328973915468;-0.017824293396187074;0.002949236937805466;-0.0067537768072563065;-0.02035340706420352;-0.021390266419804127;-0.017397448256558756;-0.01465136629504249;-0.0015263108479853793;-0.01811378629228888;-0.005949370992849756;-0.01750481727278952;0.0020467114124278485;-0.01811967638770151;-0.008405406263039317;-0.00914928222375988;-0.010828876717848934;-0.01736462674859629;-0.022372924818573336;-0.0020215518055805015;-0.030651728636728492;-0.0059692680835736756;-0.029804453692780508;0.0;-0.003119842651414073;-0.01872465000664869;-0.03047793765996576;-0.018220190542449832
2024-02-14;0.027381416360080735;-0.06421813852822533;0.0003363563949203563;-0.0044770158722474696;0.00982777356327369;-0.003006048577268272;0.0007301169482614167;0.037362035810860394;0.004306353651236439;0.00015616670147799994;0.0;0.0010768109551548832;0.00573269092576556;0.0001742037675089847;0.021403278089330957;0.004422642774972285;0.008818386514927168;0.01754172759397976;0.0029223594459790725;0.006447000505049649;0.023457761350798467;-0.008842041644097187;0.019057469189138088;-0.002757257893937992;-0.00517669232479967;0.003173916933170595;0.04474139198719329;0.013025351211984892;0.004926137598782354;-0.042875018565868506;0.02860120894478646;0.02452968293614166;0.011202872388818896
2024-02-15;0.007319805356167608;0.017213595358954503;-0.0026900351909783238;0.005723633103447812;0.011964532002811445;0.007787059581228384;0.004541482259515339;-0.01933262488554388;0.004739392038468848;0.05062375060097679;0.02094706869916818;0.012428195953687604;-0.0005343955476725393;0.00762181955800334;-0.0262153471422788;0.0201254033785796;0.014753138945462485;0.0018892715071958666;0.007301290761210888;0.009134028008209727;0.020463058027198056;0.007221689753751592;0.021081292041687627;0.04580433101038994;0.001809864997259103;0.008671127240078791;0.024390251611321467;-0.0030325428329455173;0.02205886339379015;0.002615705898945775;0.02271392024413066;-0.038586708592837304;0.003916724168873342
2024-02-16;0.01788721187346143;0.0033845657025699527;0.0075298668719607775;0.004471556136032895;0.006295644938635769;-0.0021672322155507073;-0.005819991841415462;0.005876172370172572;-0.001796939703368805;-0.02141780806003457;-0.006244393090436007;-0.0035410636708214094;0.019782592980992497;0.0012862237246804575;-0.024715294566959534;-0.009594398779955493;-0.02336381460755599;0.0028285269709391603;0.0028927235304274657;0.004349416036603548;0.0025582645661121894;-0.008435238541945833;0.02031307126872317;-0.0004406080349965702;0.002032508904768582;0.01603162545592074;-0.016024684753008;0.004258417570451645;0.00479613225711617;-0.03424282222565611;-0.02212674010964588;0.018012547126984524;0.006130900204780021
2024-02-19;0.004942273217664495;0.005846570020713315;0.0;0.006272729750370187;0.0;0.0;0.0;0.0;-0.0027002061158076796;0.0;-0.004488307535444935;0.0;0.010136307644464049;0.0;0.0;0.0;0.0;0.008344081735433218;0.0;0.0064372001204318074;0.0;0.0072309897630524755;0.004569091649388346;0.0;0.00383149503695579;-0.017265053341029013;0.0;-0.005088394973719379;-0.001193339121708492;0.0;0.0;0.0;0.0022157870984793604
2024-02-20;0.01020026589973555;-0.014531639812431996;-0.00011163189299323584;0.0030162986654738155;0.0028572223207761205;0.0057605498699446755;-0.02634336098174006;-0.0059831454619910796;-0.002256338538047964;-0.0017402236925809778;-0.015329188876204491;0.016939126554396333;-0.004671298184213857;-0.0009395404812294617;-0.004477503839100394;-0.003694925422760953;-0.007794139442606207;-0.01713288612037056;9.727993175689953e-05;-0.0003488420889844468;-0.017412199281072516;0.016469511226597122;-0.0025990573197658406;0.0054661253597678705;-0.00022459482711922885;-0.025363570099246724;-0.01510404510633312;-0.0071846666398223125;-0.015531649817373205;-0.011143643417885984;-0.0033169736235572067;-0.02078150483580532;-0.0018240207516834195
2024-02-21;-0.0023438841740107685;0.0009074237129351737;0.01037479266679564;0.005212494106444199;0.005157819317196166;-0.003943671837958518;0.005583142456668133;0.019005642171392667;-0.007236522089455688;0.011687800882302923;0.011904845896167915;0.0005824090596315834;0.005736189349039966;0.0017464510103069042;0.010478942097530863;-0.002401126213513294;0.006458513845327696;-0.014822746437892498;0.009851469584727601;0.0027918967417073226;0.005155809006339052;-0.00457003428412639;0.01368072884359317;4.390165621881437e-05;-0.0024702112197768633;-0.004416820066573068;-0.0030950033588278414;-0.004783471149876206;0.038835001844223616;-0.010927658070571056;-0.006832901405219305;-0.012975911983760802;-0.0006091179610289155
2024-02-22;-0.0023496059672577507;0.010426132477352912;0.006845624372543435;0.017550902914059252;0.01444105965084752;0.025664091319561155;0.022528115809660187;0.013953462539380457;0.007289271060501035;0.01860702117499735;0.010859672877967075;-0.009778813378432227;-0.0006913461258403197;0.00867869896180018;-0.000734136031163013;0.017038805169523386;0.029814116561884818;0.026961999026621664;0.003915107022314457;0.009396812171802216;0.005238830022969099;-0.014607602912436568;-0.011246743718475227;0.014905688183550092;0.006078308802838883;0.051318874788634616;0.026371319021572415;0.030441184508029462;0.032710299694248546;0.016457532295171662;0.038672747096626825;0.07863376497454033;0.004986752973067166
2024-02-23;0.001992788332662254;-0.00044857947215137806;0.004057412023873885;-0.033712320873288903;0.004961936459250804;0.007007815454510791;0.00031329883209862963;-0.0001834640879541105;0.00881949731560816;0.0016687719534287382;-0.004476253055253898;0.007171345517012373;-0.0032860334932045543;0.00140562001694855;0.006382899361717209;0.007802583489831427;0.008716774588281684;-0.004922618679506829;0.008055238951454324;-0.00114920627797499;0.004146409110094451;-0.0004235062363080466;0.00974983382706096;0.00557233831093229;-0.009621805029803587;-0.013458030663690446;-0.008343625654618547;0.01542881870216295;-0.03280546848630739;-0.00464215229598075;-0.004319830354244436;0.029160488133451734;-0.005899257334953001
2024-02-26;-0.005062398497590381;-0.023788176167635622;-0.012450784356402789;-0.0034483055410622354;-0.019366249337580133;-0.009031378761069297;0.0;0.006790270677329513;-0.0024658488635652676;-0.005292957438563839;-0.019784142653452408;-0.023345402869150433;-0.007982011215874496;-0.0036417050422716812;-0.013596438141959322;0.007835264814907816;-0.011140195309541912;-0.005771550655113589;-0.006849303736680135;-0.012311676570491592;0.008485763393481838;-0.005084817074658687;0.006115165394560584;-0.01473429848913288;-0.003615001694894482;0.005549151571257127;0.0070087512382273065;0.018845677565330732;0.04093561132458423;-0.020930555746635937;-0.004731184643302688;0.02678461679407862;0.0007210076233863383
2024-02-27;0.00672355850035844;0.004827605825617587;-0.0026543346303692372;0.00956650817250071;-0.0005621815957692622;-0.012851625413959678;0.0022964323243583884;4.55120362021777e-05;0.0038202270418770112;-0.00035502866642844744;0.005504558967768247;0.0020318030038299906;0.019240877665023026;-0.022652879206391918;0.0010210654915727702;-0.00590568767581412;0.009124909631295752;-0.012083793229475837;0.002554245126787258;-0.0019803814904891803;0.008752624557740285;-0.003407146668597316;-0.010876500013255352;0.010333112161420965;0.0029478789250836357;0.010807109350810418;0.023857666831670565;0.01040461725601105;0.0011236159844647542;-0.003253103802364099;0.011022554917280658;-0.013042874925179637;0.0037685250863486175
2024-02-28;0.0014440294651898444;-0.01189663080435932;0.0026613988735646465;0.002217780037179873;0.007899075487028506;0.00362290066791493;-0.0017704719084857823;0.006334011907639825;-0.002462426134136053;0.021556629097411628;-0.03375909561815771;-0.005725151668049988;-0.019735691401895683;-0.02948851189140589;-0.0041263214335521825;-0.009166462647234863;-0.005894959927072452;0.00023977574751188335;-0.006178356487386738;0.008287576620506831;0.006777291318995404;0.0029914031953732767;0.0025873693556219823;0.002934478975867627;-0.005652259979851082;-0.011146542428683404;-0.008625995294468947;-0.015331872186870266;-0.03254774008017358;-0.007343506147204026;-0.006221125887301726;0.018457854100598192;-0.010766326197063525
2024-02-29;-0.007930781383678753;-0.01111374198776427;-0.005087394377392029;0.021323696021951388;-0.006648276446271306;-0.002352178469311572;0.025143526020589446;-0.0022187613278242813;-0.004039512501410991;-0.0034197553251098523;-0.005665693358154922;0.0;-0.016456575871395374;-0.009392350783263947;0.004795188190359623;-0.014591214765713234;0.006209746428859297;-0.017264080599792897;-0.0011535404762492707;-0.006482936532747896;-0.006472956190068491;0.006391249131540988;0.0;0.007013432856892043;-0.00022736480953078342;0.001265293099099063;0.010796678266293602;0.004415603186423311;0.0058005698837513275;0.007632615503376128;0.012623492264522751;0.015120624022142426;0.005134778022812814
2024-03-01;-0.0014534744388940979;-0.0030436574328299715;-0.0014450687579147248;-0.008075692921564515;-0.005593572494045795;0.0014706632259884334;0.006818631324106539;-0.0051735609709544494;0.015772905466767462;0.013174818213879114;0.013295278138069744;0.0028790119643069545;0.008543968056996532;-0.008245511862544963;0.010054182585083282;0.02856875935314407;0.0028510590618053833;0.038062712012556066;0.0008983765221644013;-0.008506268613522772;0.006142868130330603;0.004233605498491277;0.06451610321327905;0.008374658525730494;0.0;0.026995976128062704;0.027234200906821382;0.0026608103217631296;0.04844287832448346;0.025754623189071513;0.024830127320133455;0.3161841563627299;0.009550787137981853
2024-03-04;0.0012736954744689832;0.01831842850686849;0.00534336001337965;0.0007943180344982537;-0.009137507889698693;-0.008321472517066386;-0.003133496223556742;0.009762316565256057;0.00598926496391905;0.014580152378958822;-0.018744120841929002;0.017464202445819144;-0.008824581149089683;-0.015647634947850153;0.005045866064186333;-0.02017286900205073;-0.009690165665796058;0.03090840098589398;0.006730989249423169;-0.0032906104386092316;0.003885096397261867;-0.00927485100552694;0.0051515056960547145;0.010211907725648617;0.0018193321283490604;0.021476512551207305;-0.005667338801669475;0.010845695582252013;0.07150715214283099;-0.01749594913406438;-0.008182381487869428;-0.022553957804222646;-0.004840244731475152
2024-03-05;-0.0012720752379951072;-0.007149466881708255;0.0028789368114081615;0.00972216278211091;-0.0065693852545458675;-0.007357177830282446;-0.020381299497996053;-0.006550778676077229;-0.0030870636806946683;-0.019821255759804757;0.0;-0.00540798281422572;-0.07567661903808409;-0.018096151411214123;-0.013464188892422846;-0.020257992035043748;-0.02268593563231558;-0.025307817555661027;0.00464868623532344;-0.016861255905581296;0.0001475132744874763;0.019149016001583252;-0.022309367311689976;0.004907464726704669;0.010442699900269137;-0.015002210322299092;-0.02814091000587826;-0.009930369772408798;-0.007186887954273913;-0.009482018914823809;-0.015997897005048944;-0.033092456291993866;-0.004255728982710205
2024-03-06;0.004548737113541534;0.0030197094183892492;0.005741432142833736;0.0005895341486377159;0.008035138242180162;0.00906928059510137;0.004036837968714346;-0.000954881900714244;0.02322500184609333;0.012383415396065578;0.0028653148827879615;0.011229366389457596;0.026584442936812724;-0.0011623805569468404;0.007633579647995159;-0.008641431534742394;-0.001540309034748777;-0.00713441637725476;0.024909599709839858;-0.06284477965481683;0.00770222099919593;-0.004175354784925034;-0.004625383704862318;0.014692422759757129;-0.0006739724714719397;0.014118929543234238;-0.0013533793794381355;0.01037582909502155;-0.0072388115465967795;0.012958168870476294;0.011974201332672019;0.006369446706982584;0.004551465634778706
2024-03-07;0.010867636105381662;0.005095079553786519;0.0046108544934193585;0.006677071656364886;-0.0038864660853801247;0.0012436538460847135;0.010103125518831302;-0.022924951631429824;0.005188051220418988;-0.0006397045127095602;-0.008571459803888404;-0.004675611186941042;-0.009007320981795353;0.013076514939030393;0.002571239152750149;-0.003180763722665847;0.010332487538902368;0.08328423849101552;0.0038960578014253233;0.007294672663864743;-0.026440984231404507;0.008804967452137324;0.0003098430630665838;0.008514946629027298;-0.00741905233237572;0.040561290362452374;0.018103042179092643;0.014262879593696542;-0.005208325332774599;0.001498216484562942;0.03245383846119476;0.01687764643527445;-0.003867813928430053
2024-03-08;0.0034044283940204423;-0.0013825964461892104;0.012785502790139569;0.009754208592681168;0.0018886632878076792;0.0036562441185976624;0.00683811709098836;-0.002575739098118479;-0.0038709822896763058;0.004458809586747048;0.019212349697963038;-0.00023489713397939482;-0.004923323465267249;-0.0006919874750911381;-0.00393846372054385;0.007429209649453705;-0.003213660119924633;-0.015876512953214905;0.0021869149619619943;-0.023122895664824283;0.008977901513833375;-0.0033250125480347448;-0.004955108187489232;-0.014520485613722545;-0.007248016742321117;-0.027180753580030914;-0.006063996289604967;-0.0047248974071819605;0.005235594009687317;0.0035673322286682296;-0.012182989305296488;-0.03526977650056684;-0.004659398400146286
2024-03-11;-0.016071521675312894;-0.0059990074979962005;0.018666489517551677;0.005602856030647141;0.003993590210878306;-0.003619601049735799;-0.01277238023788907;0.01779518654896939;0.005829037535580506;-0.01817382216240393;0.01131010109744457;0.004346296385970172;0.02074216257980921;0.026396983710770705;0.004735590934223488;0.002127722842922841;-0.023334062828564983;-0.010939233217856836;-0.012662540586214854;0.007413157787936608;0.005770707253962781;-0.0012509980199846282;-0.009025775640769229;0.02619920200104442;-0.004791271749039927;-0.042126949689171855;-0.006431689761136172;-0.01932858169710383;-0.02395835797505419;-0.005159941328675033;-0.044194143378091355;-0.003354770020442821;-0.0006687199930610621
2024-03-12;0.006533584986894825;0.0060352127847438375;0.0027538271869576025;0.013832877017569967;0.0005435349723172944;0.004523273705881126;0.0183796885567169;0.004520873197139563;0.005365954896764169;-0.000839309244143327;-0.01025172489839643;0.002806952378512584;-0.012304218371886;0.0004088815639937682;-0.007641903054884214;-0.004873667594090247;-0.002680911728165092;0.02200875628898924;0.007159559556346284;0.005551338779378856;-0.0014067075464613277;-0.014196289187120459;0.02167079161627372;-0.01238205011284299;-0.005043489298587778;0.008818493049851162;0.016890527245723153;0.020055317398265604;0.023479195395316177;0.011410802659426622;0.03341683595765188;-0.019937798526343586;0.003792062502829374
2024-03-13;0.0005410504117497883;0.005768345507060957;0.006865870371898675;0.006064028076047334;0.007778146602378078;-0.0013531448609123142;-0.012300885925565108;0.007393758164178976;0.002988862669436765;-0.02865112595350494;0.0;-0.007697626530180801;-0.00490752555930607;-0.0027588068127538667;-0.005118508928682153;0.0018184021767553293;-0.012179127080336749;-0.010166195119384436;-0.005099692142203627;-0.00243943028254745;0.0017422597933716144;0.060144025765328735;0.016600041035591984;0.009882765955886885;-0.002765021827802583;-0.015017310101018921;-0.0026674164384806742;-0.00836153364534964;0.025026010349192163;0.0010256026429615872;-0.008364244828093836;-0.031263833120215856;-0.013722229003906294
2024-03-14;-0.0016219875395496741;-0.013305862635440868;-0.014372545831375705;-0.003202076493686312;-0.0034302645719134217;-0.010653436695347351;-0.01143330828019995;0.00022792841064700475;0.000425632801118736;-0.002894302688840944;-0.00564968907463248;-0.008110021204105977;-0.012708695233018763;0.0020492256586623903;-0.031239968863066125;-0.01072125620156017;-0.008515634877833134;0.02098291666896679;0.011019938803118912;-0.0070784354451898235;-0.024644837773415862;0.026767930657587646;0.006535988414344773;-0.008694179501047894;-0.002772688371671994;0.0023893103357159884;0.005841328225922426;-0.003532474849625933;-0.02543231281379721;-0.008424383549968884;-0.007546860609273565;-0.03227280470069982;0.002647446763560435
2024-03-15;-0.005234624713097102;-0.007207556883134014;0.0034060248281195804;0.007747477334905106;0.0034420717888246077;-0.0015585448767522214;-0.0014457222240489287;-0.008705148377042837;0.00531925136914313;-0.016571747803855508;-0.015151512895547725;-0.009716774141102835;0.008069203580887141;0.0037218817918871494;0.0009569979371621962;-0.002642039781030725;-0.010848047673927885;-0.02217416786376092;-0.00865209201223116;0.014646710567595589;0.042719593632774;-0.011673199256827083;-0.005738439764272463;-0.002080417295646897;0.010658038094905287;-0.02644720807165679;-0.011631139409189362;-0.017038268851031546;-0.00835077974989018;0.0032146340816070484;-0.0157167987103477;0.00516680962158822;0.0034831186358847965
2024-03-18;-0.01469789742820804;-0.013114777105564746;0.01124441152116984;-0.0016875632489627979;0.0006860529143826177;-0.0025070424066100383;-0.01602886987051988;0.00639082396185553;-0.005291106642888677;0.012065046412867986;0.009615411508786087;0.0010769749751675661;-0.0007623649254905329;-0.007681033369969614;0.0015773166011470163;0.009051000562459333;7.546298557836728e-05;0.011283244365392076;0.01615063832977026;-0.015457319450893903;0.04104198221115607;-0.009448873442342798;0.0027339242316282153;0.004006091795246247;-0.005731303684854416;0.015273398789361847;0.020647668952278098;0.0017450714494231523;0.0031578487676575673;0.018883035175919938;0.026606113092276562;-0.003457959559643453;0.0007837834143740174
2024-03-19;0.0027624591936004084;0.004034210310280617;-0.003671494388234997;0.01821932308976426;0.00820255643465373;0.0052637975458906805;0.006410899961837302;-0.01155832184725103;-0.0010637871348158079;-0.01867192112464966;0.0;0.005378894738485851;-0.01316039001150704;0.012873450192632863;0.0068244211958683465;0.00928583615848555;0.00870120490894033;-0.0185955437011579;0.010117057967668819;0.0073959481180037034;-0.017859563581354432;-0.015103301677142245;0.00636166426987117;-0.01543098493531525;0.010145305499230206;-0.0013781005855801887;0.0038001512480332345;0.005922601979183151;-0.0125917357585138;-0.0003369524844549776;-0.0014890438501325987;0.008346655070826658;-0.0029648623606139957
2024-03-20;-0.006978921747482936;-0.00496338576376687;-0.00042705932654107936;-0.0001844170771874154;0.010564346907834699;0.004858728965001058;0.029657469480149468;-0.01266410888454128;0.005324915946220754;-0.023325286781643695;0.0;-0.0008322590257184848;0.013335895598739267;0.001844644614140245;-0.007631314824177449;-0.007442260993788197;-0.009206210597449527;0.0053499892388040315;-0.004902072996532336;0.0;0.021778598751901024;0.010088796281455314;0.007224577203019722;-0.011868386917900153;-0.0011413255024996793;0.005634868736294374;0.011196333918179091;0.0017316856735856145;-0.0010627185745278878;0.0069664046026074455;0.01870057398460223;0.03301704920648296;0.0
2024-03-21;0.006103232719185225;0.0014251971604386515;-0.015378033445878958;0.007011039427577748;-0.005599448833935261;0.0059151023309396145;0.030831690051954075;0.011562616764656974;0.012711772053214387;-0.016050777687374618;0.01999997304595924;0.0007198628630529225;0.010108749837095754;-0.005139352516382867;0.009218489606818592;0.008735546896405655;0.0048914577062677544;-0.00898001228369183;-3.036163407055259e-05;0.0027047206624890574;0.014871252650721756;-0.01478226401250149;0.00866709989503689;-0.014479980734725673;0.002285168981662533;0.055803256422039205;-0.007933821551052822;0.04045175181554961;0.02872340403279572;-0.010042452047771877;0.00443116407773303;0.026740006429719188;0.016102847134463083
2024-03-22;0.004595635152948141;0.02443071168688471;-0.014316721501461238;-0.003847565087563787;-0.005268482483958836;-0.021981065473711703;-0.00865801354809792;-0.007358034594406426;0.009623479190844275;-0.013146280517364106;0.022408996894926814;-0.0039563976830281344;0.010007585657213713;-0.0032946878475296204;0.0093236922178912;-0.00012024679222599755;-0.0025748577932205308;-0.0003380077727980213;0.0033145479765173125;0.021194698678780766;-0.003637582923908811;0.010137890058074195;0.010963001487937829;0.0051806633696598325;-0.0034199833565972115;-0.01862881138291972;0.00851116507837646;-0.0015506597192774807;0.006204768229829849;-0.0011271569149273741;0.0035843209069528204;-0.01578405129127569;-0.0008835099763493393
2024-03-25;-0.006038531269381475;0.002546814738171088;0.002971013271351408;0.01232301204903341;-0.004081614798029709;-0.0015507801743701588;0.0008931974257258002;0.0032168368700942196;-0.007666845091707453;-0.010549685463880132;0.00821920798054565;0.001925872941317186;0.0035520367984911427;-0.008549808510271095;0.002297702945390556;0.0008901388488853357;-0.0019029785691514478;0.008228120236094316;-0.00794077733324039;0.0022641204838993456;-0.008886089450563461;0.009634660670235995;0.006447806676617152;0.003590845984221991;0.0086936840887899;0.007615100247948536;-0.0008757627815104696;0.0025515912990137224;-0.08633088873028028;-0.030015826853548422;-0.012873395123421782;0.006771285482194633;-0.000663176277044375
2024-03-26;0.00975699352472037;0.024480488358781916;-0.00844763876989818;0.006540650560823202;0.00402516062264735;0.0024134277512051217;0.001983196188195313;-0.01073476583026678;0.01002293863885706;0.009526575023305783;0.004528962286562077;0.005526148665915942;0.017697465152075154;0.013233730260209464;-0.0010759986677769673;0.005840907345410873;0.0016800769786591285;-0.006931307713663015;0.0011914525699789902;0.009036123708284105;0.014108950735860715;0.014711732510738429;0.0043680739047975425;0.0011365941759418074;0.00793827308343742;-0.013800694518085743;0.002836783539009735;0.010291015669916748;0.0359954898645809;0.00884131764974927;-0.014174287570022703;0.014601747250057251;-0.002378099309548687
2024-03-27;0.007474950540435232;0.011045885791546306;0.020469147502935714;0.0016245661228235786;0.013023265194686884;0.007914425114123436;-0.0053439556982664005;0.01277721454592351;-0.008476213156474288;0.019048354743459006;0.013525700681498831;0.03847072531610718;0.04045393276261522;0.0016045997568454595;0.014284372939318057;-0.0027242368545088436;0.016905450718077697;-0.007880228418815638;0.012144933571894834;0.00721402164813556;0.00983479882986038;0.007053351789500173;-0.006668593992182892;0.02215872752266379;0.008325953665610175;-0.0057751793327252;-0.024966564715075523;-0.0030668406590872443;-0.01194354287602728;0.0012379792436119086;-0.00409366659400956;-0.0259049018240185;0.0012195865704722753
2024-03-28;0.0032573336670065345;-0.004013344961992238;-0.006613878900878056;0.0012614891620030821;0.008610549495013942;0.006243910922387741;0.0006965047812166336;-0.0014379298504033633;-0.010633969901648332;0.012289875255318883;0.013345197534117004;0.002646136637831198;0.0003518762171972334;0.003244849680579698;0.00872694249929129;0.0016534132782908273;0.0006671707965157925;0.0;0.005547278370877651;-0.014201098189803862;-0.0001357051306704049;0.0027236898269937804;-0.0035026334045804575;0.0038950626908305086;0.004240090847758227;-0.0033512090035112685;-0.01010547472979706;-0.008679387403467409;-0.0032967631308749024;-0.009244315268019276;-0.016765910207478085;0.021758567125262918;0.007474702945315492
2024-04-02;-0.0025251925343029447;-0.004029429689566211;0.0021829658206462543;-0.014038949742517848;-0.0038047551311181094;0.0015512916040067992;-0.0266454811552167;-0.002275940233388174;-0.006954681062591672;-0.0395721309674435;-0.006145779510626448;-0.022375250233052313;-0.015300692430950225;-0.07390336327129887;-0.02979949681343541;-0.020549738372789172;-0.033819217330624984;-0.0161125631036223;-0.012532473316552939;-0.01816367665586527;0.004140459095647309;-0.009701217183410438;-0.024897472638827134;-0.010030185492572508;-0.007555619718699225;-0.0016812386839704097;0.011328280653374545;-0.018840765354343092;-0.012127898219738587;-0.004781852611732917;0.024280262784299733;0.037945843744397134;0.00302257514110571
2024-04-03;0.007233275001897521;-0.009665235929875893;-0.008930570901312551;0.0018255685933192822;0.003150904144779698;0.0008213956896139241;0.016853951910722254;-0.012895771402453793;-0.0067911508051134994;-0.004743438485946827;-0.0026501632426941812;-0.002347440283914648;0.027504838212407234;0.0034923249007423607;0.0013681811200427774;-0.001489951270416623;0.004543092749876854;0.013493288015588023;0.008653395931550012;0.010972255810575149;-0.004055752241946542;-0.007053273972291496;0.00961243974478232;-0.0010006187565024804;-0.002239117716345773;0.016054768634208072;0.025838059539012193;0.006551449060415271;-0.033482094363956105;0.005156390514122755;0.01883907654288164;0.08561302871567089;0.0027944210233696865
2024-04-04;0.003949656972548343;-0.0006808546567402818;-0.009890059964559383;-0.007288616417539084;-0.011707555264819702;0.00459601195707382;-0.013862365590405767;0.0008489380016969417;0.005769252718442308;-0.009975788621144455;0.026572191970825276;-0.012705912848158585;-0.007126679834805527;-0.009483603151059339;-0.004852954641938467;-0.011741365968626516;-0.01133501772854495;-0.020710065153576873;-0.021161988429773237;0.00681474956206829;0.0002714286642502284;-0.004340991203048872;0.0017852230732096075;-0.01039236290280543;0.0;-0.004088432617407323;-0.020537077974909224;-0.001122169227766756;0.0;-0.014224013513555622;0.008248868492140238;-0.011043686338985115;0.006338041614256884
2024-04-05;-0.013233169948515755;-0.010674491209541448;-0.006881348692993061;-0.013215940908931634;0.007945650907187352;0.007399184449197849;0.02811446416139507;-0.00532484281834289;-0.0038241062436199513;0.004314649496622858;0.0;0.007626384094048921;-0.03939081715744175;0.0007905389807645324;0.0002366846689578761;0.006584004350913331;0.0027793910620776963;0.00801767697892597;0.011163294858939077;-0.021559321707523504;0.02008488068551606;-0.018232217973366827;0.005642997762020707;0.006621414137748749;-0.012567322727489838;0.004881904828079264;0.03085195834885246;-0.0033704633152352725;0.0;0.0031933368813852336;0.03213800761385244;0.04372438563758907;-0.004343510830609021
2024-04-08;-0.009061274949617615;-0.00022958635595982102;0.00938762476611954;-0.0011160036926662897;-0.006330308937447016;0.005838900385386481;0.0071336954758525195;0.007911697813530516;-0.015141867060959546;0.004818944007729975;0.012079385154065925;-0.01951277468696333;-0.004009396838426715;0.0005705200660897081;-0.005396209752766001;-0.0060245706005727095;-0.009315867931260047;0.004726222227370291;-0.0023722724967667475;0.009992316441257643;-0.0010642541655043747;0.0036333782705235684;-0.0005906321068284148;-0.004399143834172503;0.0027272273598393237;0.008832976137534532;-0.012213555315641389;-0.001127229190872714;0.020785256366593785;-0.005894836144764937;-0.01534104390255897;-0.041968052049188964;0.005016894669259253
2024-04-09;-0.00475492855890336;0.008495931054664396;0.008303752376434659;-0.016759775867472015;-0.0030771420427929685;0.0020502286975416784;-0.01357613153819226;-0.013960071072933289;-0.004980482587267687;0.016556987142481105;0.01278772567067521;0.01073454030163945;0.0025617689570762714;0.008157885809023435;-0.00033310672912145733;0.0006432382485770383;0.009928084768544787;-0.01594770469942086;0.002652428255256467;-0.0073566633987525165;0.005593338456353347;0.004827019422150913;-0.024822740295688983;0.008542656157329853;0.006799658817603804;-0.01576014803603576;-0.016247292967694116;-0.027084989581656727;-0.009049826593645283;0.003795062808140237;-0.004525810949051801;-0.026897352062780544;0.0002713133528478018
2024-04-10;0.002205123423856037;0.0013661384955572231;-0.01482373091070055;-0.002272771827005138;-0.013455875610679069;-0.025195375104212103;-0.012565949805056098;0.010582509007321717;0.008705195303956303;-0.03153869911459195;-0.025252528928916607;-0.01754174822391663;0.006570543639033755;-0.021034602119181955;-0.013711075656953065;-0.017058999769201777;-0.03014559739857625;0.009677031295049376;-0.003435859364348759;-0.00281109330314655;0.000893927519583837;-0.011609219069364074;0.006666641736626566;-0.0156471473833657;0.01755967730650032;0.01556763047608789;0.0006146956895969335;-0.006495735871082209;0.0;-0.006025545131240206;0.0056684317614847934;-0.002909582552766299;-0.0005966943678309411
2024-04-11;0.0;-0.001591668571938265;-0.003232249392439712;-0.009111552260811506;-0.00366649569482147;-0.0026413116546892823;0.01454390895248614;0.0036320737589019547;0.0038834029421368488;-0.0027706426029223685;0.007771981152538299;-0.001943511244944074;-0.020126948701740588;-0.01850905744064879;-0.0032340462640951806;0.006665386849347366;-0.002062935919988629;0.003810676857149531;-0.0015560695730928442;-0.0005126419031236118;0.0018524538015347591;-0.0040502929335997084;0.0003010426238316821;0.0014412012802458296;-0.02840132118187111;-0.004598698306913396;0.01648939817845707;-0.00046707272587542814;-0.01484022800041751;-0.0008320420433791664;0.006405862919803829;0.005430776614449906;0.00037989613190858584
2024-04-12;-0.0011253025191545474;0.0020497187740466938;-0.006485548804600283;0.0038314105461980663;-0.010671906337587966;-0.012082659158651698;-0.031458362828898134;-0.015368686648975505;0.0008597109657686453;-0.012625682319860054;-0.0008568936997093157;-0.02482653488690245;-0.0020355238603511072;-0.00570490275589941;-0.0037287799678343836;-0.009194770737682378;-0.0105545567365809;0.0123087163704787;-0.013536965908817589;-0.005384577587474126;-0.013966721972340612;0.013013468795238348;0.008426136777198945;-0.019978823778681543;-0.0014143696648641901;-0.001759988309433913;-0.009462788144980916;-0.0009344917240402539;-0.033603636978377094;-0.0008327349138385065;-0.021523029787990144;-0.05062881961920429;-0.0015191730400183623
2024-04-15;0.01314310114621664;-0.004090963602036091;-0.002813711999318791;0.007633573737473309;-0.007439368961339898;-0.019745801296710108;-0.014904017119569457;-0.015608643504764874;-0.0047240301273345775;-0.02609778043858424;-0.0025728183651184677;0.0012480808252146591;-0.018728015073146365;0.014640196304370301;-0.011714335191147951;0.0020426114828595576;-0.013057714876600235;-0.0009090360944979947;-0.0005886130695440528;0.0051559905799416494;-0.009543618753267702;-0.008430367947860007;-0.02208296455231562;-0.0015980651745419738;-0.0023607716566916848;0.003746645038620766;-0.02517539656975043;0.003507599226234337;0.026378904232247535;-0.0201213817715874;-0.022797352420626082;0.0004246154802038937;-0.0061403297848612315
2024-04-16;-0.007042242385787878;-0.008671896167068649;0.010158050580137523;-0.018939420229185266;-0.008344566672664588;-0.0024416789205684575;0.004695411232233271;0.001212274175036887;-0.012729340910982545;-0.0026473931450107235;-0.006878794081375039;-0.01221499796597203;-0.01436132835809767;0.052195824806086755;-0.0068365900829548965;-0.008027914338193387;-0.003500989620768724;-0.013307585468670835;-0.027089869617186624;-0.01949220071870239;-0.004057090558972076;-0.022267271579444303;-0.02258163397491708;-0.014708491125288825;-0.0141977874574446;0.0027445179266840647;0.017079790332208633;-0.007456591132203205;-0.03855146975895696;0.008140925201715499;-0.0009396276404564086;0.027756539343047892;-0.0164024062335284
2024-04-17;0.006345626018840145;0.003222909261013429;0.012067030266555978;0.009266405001491895;0.0020658489844325167;0.00868902636786184;-0.017239571562787215;0.009395591263276826;-0.0024037713269855487;-0.010213759053457894;-0.0069264396333297285;-0.0021450330961808595;0.006518468173196679;0.021540151002038543;-0.009706267134949709;-0.002714583270588933;-0.0231427924920663;0.004380351131557214;-0.009111411492079724;0.0018310098369294092;-0.01093080573847649;0.005383133063536549;-0.006244157780739945;0.005488294193453758;0.0024003474432874317;-0.06678347368333482;-0.006202255746706076;-0.009508251373415044;0.0036452071626937865;-0.016753035665878713;-0.011185306192372901;-0.01205808808934683;0.0021123118160368826
2024-04-18;0.006676539828425643;0.009637487874116557;0.006844710828008083;0.002295377891903483;0.005405602823079336;0.0030574494347330727;-0.01352640280577333;0.005901456556160811;-0.0016241800550559349;0.007201543893319284;0.006974749816893944;0.0013910096960605411;-0.0003809646371873976;0.029624859100238377;-0.0026004472594125527;0.0009666875525624619;-0.0009409118824057483;-0.009870276466893868;-0.04510822110963286;-0.0002610350777245696;0.00020593718057471122;0.009884653685009015;-0.015708441914115023;0.017510166579953523;0.0033525672886225433;-0.01419522926024197;-0.005100302873373486;0.0024888101057667367;-0.0072639357746724365;0.003677315710099549;0.015439980635441719;-0.01044974691451983;0.007377423119926396
2024-04-19;0.008842988563596776;0.018636405605107376;0.028179836992807017;0.004580181050303667;0.01297849842134946;-0.0019594273939023132;-0.00781995386628176;0.016169885490414426;-0.005754812017974786;0.01101578615603982;0.012987014754954673;0.0036620153781132814;0.0032393605441274342;0.016119966626324755;0.010177960645958217;0.0020331091049923256;-0.0030138814450969553;0.004057069712437578;0.027306249317444298;0.00130582962340009;-0.013245508913506066;0.00978790364715465;-0.002234264728623314;-0.005922281625260761;0.010023822282820394;-0.022967995989243928;-0.09093294639880478;-0.019978688205820716;0.0;-0.007083466305758179;-0.04131127278705515;-0.029568285308906872;-0.0013765761750994532
2024-04-22;0.008400380209097946;0.017402915824494825;0.003092646026800816;0.013297878024822962;0.00913402866021662;0.010592338945340618;0.01997408202202866;0.011453252213552423;0.012911887937251176;0.009010712450966851;0.029059815046904802;0.013714175498888537;0.03760681012504086;-0.019755389185008854;0.00789171336166139;0.014304592335140365;0.006759737964616264;0.01050558889265285;0.017043104659800523;0.008085522660218114;0.00987621918406667;0.007673688228413855;-0.007037721501937488;0.011742410373881906;0.02126657685181832;-0.009500556867427012;-0.0007927400886870162;0.0018093921197361862;-0.009756095514050767;0.00319796429368413;0.0013719520624630999;0.0097442987198042;0.005734413777198855
2024-04-23;0.009779038922662187;-0.005701773399586441;0.03827350101526794;0.014248216374013412;-9.787304917396877e-05;-0.008802428264181428;0.037048731354282216;0.0059866688316356775;-0.011208853636638372;0.00948678614249121;0.0066444844314950124;0.008936317555824136;0.0010982628727416177;-0.010280371432716207;0.024129555819749626;0.012477470661209411;0.029672373691896903;0.018279465344398727;0.029389986556884518;0.010349229969178975;0.007920071706960963;0.003607245182194463;0.013853098239756001;-0.002773496840235423;0.006478453757255975;0.025946825498731396;0.041741841747476416;0.052739289818781065;0.016009841257599522;0.0030652281447212104;0.029830001849613597;0.04405398141708505;0.003344301703747554
2024-04-24;-0.004304172264265271;0.019629456165570103;0.013925873310052683;-0.014048056623605976;-0.006825801472823745;4.841118996856686e-05;-0.012248661835882024;-0.019283223293986795;-0.021115732272728116;-0.00664131875626095;-0.011551096673105166;-0.011194500266792473;-0.013713680393980021;0.0023036738904664844;-0.00014419366746032392;-0.010249176011831729;0.0009315957554238974;-0.014136626975945976;-0.0012834935878536236;-0.015621006065529852;-0.001229860857022147;-0.002396239361899588;-0.006990758408430331;0.004150384429744136;0.0009195612764907324;0.0005993297642363782;-0.03916919927790996;0.004003194991791137;0.04848489831735869;0.011001119089806943;-0.0052408678351020255;-0.003564610097050336;0.00136604561228304
2024-04-25;0.004322778246498515;0.0036772167023382263;-0.02959006836127187;-0.014998157389380817;-0.0025619128307636796;0.0053716768957845495;-0.019634154608091703;-0.00023518687342305444;0.009309667601570704;-0.024430638784775915;-0.011686149378966837;-0.014058261250513127;-0.0027808152646258133;0.01346195319690624;-0.046119149663655934;-0.007635486286127535;-0.010156637057548878;-0.013542753493785642;-0.015359504514273814;-0.011446418870115993;-0.002497187231260578;-0.0032025541569843385;-0.008640074757757521;0.001704475336173239;-0.004593494688424071;-0.0013176623197976856;0.017437658093612418;-0.030530913204227184;0.019653195614766972;-0.003264377294825649;-0.10561302369108672;0.0391847441300206;-0.0009276338210245649
2024-04-26;0.004304172264265382;-0.015086129357195999;-0.01113534862574106;0.010658550714139015;-0.006939807693510658;0.0006738078401502534;0.007062363068586874;-0.007527968127258644;0.0049493680017418384;-0.009128396520863946;0.01689187192744601;0.006183024616095212;0.018776687776098644;0.003017094251827279;0.0002520301048178908;-0.0005531838419673418;0.020562500530209027;0.022842605327238585;-0.023653426679876577;0.022105318790310635;-0.0016115622442883781;-0.0032128434621697677;0.017107783769952034;0.004253839572877505;0.00830642845140983;0.03227353985008041;-0.006320834634166772;0.02232671119916163;0.023809510540051093;-0.001334311100120944;0.004327391788707224;0.0012008130617471302;0.012725992012991849
2024-04-29;0.003928576177506304;0.009738689994586158;0.006104006051612876;0.0030131407880695793;-0.0028351520296769905;-0.0011303624793933542;-0.002721445630893604;-0.006257690472316169;-0.01611820684221732;-0.007203266155120125;0.021594704993640912;0.014045587693323203;0.01099308007740385;-0.012758638888112794;0.029082706836781602;-0.0032202846531089735;0.01209695311954695;-0.0020301745990237707;0.015422752019596198;0.001544847124202997;0.008621105703105592;0.004431938763377774;0.0047604613128806594;0.008641111426967774;-0.0027459709334040072;-0.012924976465898075;-0.0031003159042247708;-0.014827538069217772;-0.003322210668547654;0.008016470521513996;-0.024070099311680804;0.02110986798818071;0.0015640629262525518
2024-04-30;0.011739608585895178;0.0006576798649862159;-0.006903774549565256;0.0011266012920847501;-0.010549632279768018;0.0012520353320062405;-0.023194810411311106;9.545179904923984e-05;0.006370909678307557;-0.02096825994497553;-0.02195123510131869;-0.007667551205756129;-0.008698795570526774;-0.010899181533112867;-0.013713999612941952;-0.0085563214134029;-0.024894104293011754;0.020117504513424977;-0.005137678452671546;0.009254374137775967;-0.0380044485944;-0.005214627627138868;-0.015161114318983482;-0.0074751625846087855;-0.013767835328331812;-0.017694958691445217;-0.015817933726088973;-0.010033862053461462;-0.007777809577095063;-0.005060828771615955;-0.005663060615542226;-0.023962415433346096;0.0005384246465545139
2024-05-02;-0.010548585348983952;-0.007886044271133597;0.02496311074104085;0.0030007084428287367;0.009754732462931459;0.0027174801989315878;0.043623092206761305;-0.01030339516209322;0.023739584874852282;-0.01745149396817236;0.0332502343774812;0.008474560703219058;0.028519150581999275;0.0191647467393663;-0.005561905918618937;0.018711351923824893;-0.034377794678313145;-0.03268335763529673;-0.003163238342268504;0.006622586740193448;-0.007787872864869372;0.009274210564625962;0.0038486280698846187;0.03109928731531242;0.011167974577678486;-0.0255793882116363;0.02635117205364934;-0.0068355896460920995;0.017917128450692266;0.018287539564144195;0.026756756929657177;-0.01002884214240185;0.0115171380322181
2024-05-03;-0.0014214220367205765;-0.0022080980584111565;0.0009248987217427285;-0.011967044734894627;0.0006739615815236633;0.019714119295489052;-0.02182636999341825;0.000819299693939346;0.011704880397405804;0.0021182531716417152;0.008849575432762435;0.009515566289899358;-0.003910369935465452;-0.0010548043446184652;0.005343374940054879;0.0022990376392866274;0.01004581292446538;-0.025770234369468126;-0.0034969705714783528;0.007084970242072108;0.0016055849191143334;0.008389871442843644;0.02428111630116314;0.008945758207670629;-0.0032213389921229574;0.030194694525753407;0.025108381541906866;0.012934647957982381;0.008800823691513582;0.005470969011120541;0.02327475691309422;0.013858473416168415;0.0026071056191556696
2024-05-06;-0.0007117571810771883;-0.00907276841429594;0.0005132954102948784;0.018925082380435887;0.010103071718707612;0.0013642049679774004;0.034101695308508484;0.0016855481040183307;0.0;-0.009211992010024872;0.0015948254406223938;0.0008569062483974044;0.0014275163285242254;0.00391920686789593;-0.0013909743711369993;0.0035404744072875527;-0.007761154679479354;0.000940527907214106;0.007473386355116185;0.012384749894555513;0.01015167061635358;-0.000792391094219691;0.0;0.0070362629370224195;0.0036934406403337228;0.01280049802432548;0.03043108197330624;0.004451632126331262;0.0043621296644329455;0.0035485618537316466;0.030356739589395332;0.03381300454229197;0.0
2024-05-07;0.006410239145758112;0.012505577746265706;0.0008209956751965564;0.012258514734864168;0.003012943742581431;0.006576423087871985;0.01312969182583923;0.0016346512845288874;0.01593543500427197;0.02614848397634484;0.011942677202456231;0.0017124400653094618;0.015146156539490363;0.013309538993372838;0.0022882023925103745;0.019229789402174013;0.014280616579619876;0.03664547399818918;0.014158557909986547;0.0044248306024123885;0.011707005266622383;0.02299764354077727;0.0024953259789963766;0.0042406607885259184;-0.0009199842674443293;0.008977177172578843;0.0151264380790197;0.01679498736496776;0.026058571074487613;-0.03760012906303045;0.005497336855039725;-0.013763257899094938;-0.005996629527554087
2024-05-08;0.022293002590265898;0.020952824432520112;0.007382338816545264;0.0040366484599299035;0.0005662590743467089;0.0015167284076740284;0.0013060040352017577;0.016799434403664826;-0.01375159313640284;-0.026914937889304658;-0.001573556141625465;-0.004273544754523351;-0.00035106999008460704;0.004491429889109666;0.0005458898572674453;0.02091462873948946;0.007008796517886662;0.0006799075314649627;-0.015996102369678633;-0.00725573408110225;0.007493638339977515;0.005426420196031012;-0.007778503029418737;-0.009571636443042597;-0.003683237856129562;-0.01077034210836958;0.0057260242625825075;0.012044113036199011;-0.005290997584881607;-0.04041644813334;0.009311415623156627;0.031830600453313096;0.003203278582756486
2024-05-09;0.019729979785602314;0.009721328347729985;0.012315524267882072;0.013689211555319325;0.006029018472007763;0.007175989409258898;0.02558445861003511;0.008355426027615298;-0.001960851755462789;0.11508414898308783;-0.000787956110367638;0.01483756901241895;0.007550488137229472;0.007591229954786671;0.022518701195326507;0.0004058614850857012;0.02823002811348907;0.0;0.04030121980420143;0.017227873238142122;0.019096439524825648;0.00886655458685115;0.010348110665686638;0.01762291338716304;0.012014798346353439;0.00343198300464298;0.004298909344657487;0.007480379393746572;0.08723406124516364;-0.011231618003268107;0.005967048115977258;0.0005317973762413164;-0.008195458011331036
2024-05-10;0.007807277862671214;0.002995271239502939;0.0020108921820447545;0.008355534785520424;0.007900739716460103;-0.0016655860898436847;0.010632521750603363;-0.024109367673092907;-0.0037109653229753237;-0.019095617269325738;-0.008675158222344659;0.0009664722254536517;0.009236646382556168;0.011399747514757586;0.0073732681117946175;0.009045582551511222;0.017970528070723857;0.0;0.01478752847259579;0.015653081633148602;0.013680411129376013;0.008406551678502572;0.05214147165537297;-0.00023940424697621587;0.003196333152672315;0.019577739028241226;-0.00199322270377289;-0.009674818900806459;-0.009784721317057876;-0.02710724720577251;0.0016406318436035239;0.008277722544898447;0.0007511906064086027
2024-05-13;0.005725810691702415;0.0036262476022443924;-0.0037126572809464964;0.0022599099944091705;-0.0020142861226891684;-0.008248896956016716;-0.028022889479272672;0.007003720985786943;-0.0037247878816395463;0.025353821536351573;-0.004773245508618018;0.008208674062015309;0.014677922230370788;-0.0020865858457257414;0.013001429742264037;0.016911854669399595;-0.01333807660126296;0.0302309573827928;-0.028991252666764167;0.0;-0.02397761168484569;-0.00037889286076298045;-0.029793440397757442;-0.0011575100362301027;0.0018207062711663724;-0.013302490095827957;0.009363746433779241;0.0035214648395023307;0.00395254382775323;0.010348928630392606;-0.017198642822070176;-0.013256045515594339;-0.003592290969268941
2024-05-14;-0.00937713981714594;-0.0014877272923510265;0.005539323260214557;-0.002630635817268412;-0.0023831792797504026;4.667126841551017e-05;0.021947384850285356;0.0041920397029364675;-0.005058310586157355;0.01664322952394026;-0.017585904580846523;0.009339169811320769;-0.005445876514039161;0.004181897579749849;0.0039454278255519615;-0.003116777988785624;0.03596277828513683;0.00010989555612539448;0.010467285026822815;-0.004800465705314116;0.012797961735063978;-0.011372223454310326;-0.0042566583779704015;-0.0067929345671331465;0.0;-0.014419704219356677;-0.0047520290360199;-0.011319941865865046;0.007873965461919763;0.06671046262984381;0.00820498500614697;0.023738711831301718;0.0018833733879290993
2024-05-15;-0.016227159118606505;0.00957855017933773;0.007311730722654675;-0.007912607957084927;0.006142793465381713;0.01791928437674173;0.051054195759467014;-0.012049398075304585;0.00773653010783204;0.025144982202292443;0.038242469756207376;0.004982161603074964;0.0035934788518960925;0.007141660143017647;0.009517080037030556;0.02076575275328607;0.05261853488916324;0.007802131093146647;0.02015589601313339;0.009139391112714002;-0.01029866666889856;0.015337384772585727;0.010076373892041968;0.012230515774765527;0.004997755983992214;0.012251725859496743;-0.00022806378027895313;0.008129282302906216;0.0;0.027699124793990837;0.020536144064578377;0.11213845023795255;0.00966756017055359
2024-05-16;0.004467371561568179;0.005060005234879705;0.0008949178674284575;0.01139384785068387;0.0008721420269539593;0.005324713059121855;-0.032692460410253976;0.021463644302444518;0.012283460163552862;-0.012572863171651849;0.001363148822642879;0.010859313074068178;-0.02301794123948453;0.007187763366806932;-0.00037525842249086505;0.007200220540760194;-0.013837030700393771;-0.004579577703702542;-0.01299844499400482;0.013333302623820709;-0.014684823483709364;0.01208456223722787;-0.005743643814251631;0.021621593234243397;-0.010397895156360804;0.009518174054597539;-0.004889815987247026;0.01633120292336976;0.011718771751521473;-0.0010781500199553706;-0.017257087501050927;-0.01917413441233906;0.004574714533868374
2024-05-17;0.002394778642194062;0.012376823114744528;-0.008245588263610326;0.004130702793613272;0.009246725816636214;0.0088124794053146;0.004704783924542655;0.0019272485430512631;0.011484224887593708;0.00041274628416476666;-0.017741910872920874;0.0032694407436399953;-0.0024432703579844173;0.006445796496726608;-0.011917630129051449;0.01037122516049016;0.004640089019663396;-0.010515974876080803;0.0004647680302614088;-0.007696066732581053;-0.00795547466038371;-0.013209019254514232;-0.016722420324322473;0.02202000988772812;0.005025153650921599;-0.007100435968206198;0.017329417080885756;0.001584241091967753;-0.013513475042702616;0.004317071747049983;-0.00278936224982973;0.022009623460521155;0.005295207665769741
2024-05-20;0.0058020248548533715;0.001864867792799041;-0.0024041113129606995;0.001495863521370211;-0.009449806730789656;-0.009369079886992537;0.002293509648104486;-0.008773479621687064;-0.0008568575280574198;-0.005688690358862436;-0.009852254085139789;-0.016410591005926678;0.0029741424789433424;-0.01410519705512403;-0.01785453226506306;0.0014824547399583388;-0.024620488696788012;0.0;0.006783106050314736;-0.0022516925153676093;-0.00252143942657046;-0.0023621837339954377;-0.004947442769340782;0.013361156892354842;0.009545412930575203;0.01371631800110995;0.03175017310164541;0.013331830038367576;0.0;-0.001910491487873145;-0.006505529599728832;-0.027220485419871987;0.0013168290332510324
2024-05-21;0.004411348999880937;-0.003515997753975375;0.006426360997160208;-0.0022403869054741232;0.003317179460502473;0.004865886462789293;0.015350906591020674;-0.004354592457214368;0.001929635377125205;0.0015423226249484667;-0.008291874068427796;0.007809709420571576;-0.012210025127895152;0.012218919947135642;-0.007204037927544982;-0.008679649134430645;-0.021940507333211512;0.02645857335252022;-0.012090355841636757;-0.017552676634683295;0.003932009241761181;0.002367776857975068;-0.011808560596700213;-0.005822468388620772;-0.0036019778029610094;-0.012721165405558343;0.015277266495193231;0.003456322334211892;-0.003913869287905158;-0.019021371067699078;-0.00897960312352053;0.012306745513493533;-0.007785433660229435
2024-05-22;-0.0027027535185879525;-0.014113774148632574;0.008380692406755763;-0.0022455317219474136;-0.0009170666005994255;0.005524353536616511;-0.006761212324038257;0.005371926798110049;-0.005991899724625882;-0.013606999907925243;0.015050192932463125;0.006927388082025088;0.0028253548365584358;-0.0042021160731468;-0.02021029982070388;0.012511309455422781;-0.0009644317522672363;-0.004529758074785395;-0.008439198872700615;-0.0020419048093810455;0.0036719020230018273;-0.012598413371264994;-0.0059748344935220965;-3.785022780955494e-05;-0.0009036850959530662;0.0004685157555524011;-0.015585396592027845;-0.003777737087673594;0.1218074559426312;-0.00902436419231134;0.0067796184081523325;0.0036673655937964345;-0.002120633585192655
2024-05-23;-0.013888887976537312;-0.005684198215668901;-0.014049663336373808;-0.009752460780162564;-0.019589810243892947;-0.013610668924651903;-0.016923419354712865;0.0027899317646271626;0.004090490477811404;-0.017825569014974008;-0.028006602002835446;-0.05107279399918163;-0.028526196873842502;-0.00866976731015634;-0.02037886164049374;0.007306748201441726;-0.003552586876463426;0.015601288054534868;-0.00970445972482803;-0.012276203605328107;-0.005011807012505698;-0.016746414576219948;0.008430100414146047;-0.006234609700614291;-0.015377663645504747;0.026109400929333004;-0.0074944775126603025;0.011376272600995385;-0.008756640395626403;-0.005660830327095967;-0.0042755404039516165;0.03917998498254094;-0.007331871606962359
2024-05-24;-0.0030917127283811574;0.0014821387858925394;0.0028098499329791693;0.0034090677897136157;0.00376958401717431;0.004492492580220775;0.023562157396257888;0.013438884978895116;-0.000428796181264679;-0.0018370737843743656;0.003389843439651763;0.011182024564476256;0.0016313241902290443;-0.016755953039795157;0.016703225368436714;0.01364246801374569;0.0007750909377748361;-0.009174346706654624;0.010719214869671312;0.008285854574688445;0.003557620552122831;0.001622097152265134;0.010410028177711972;0.006121601070795402;-0.00045935823020482047;0.004678162069579939;0.017430455091049568;-0.007168080323019188;-0.022968095688790102;-0.006311907388218518;0.026707922689990005;0.04304209868891773;0.0029972038619665575
2024-05-27;0.0010337224727121619;-0.00042285313381018597;0.0;0.004907581504342673;0.0;0.0;0.0;0.0;0.0;0.0;0.00506755461476871;0.0;0.0231632760201399;0.0;0.0;0.0;0.0;-0.009797525287075004;0.0;0.0025681122841583193;0.0;0.008097119409441689;0.0;0.0;0.0;0.002385032085046479;0.0;0.001999336972302368;0.0886075127990793;0.0;0.0;0.0;0.0
2024-05-28;-0.007573092548716631;-0.012478834159896146;0.0012008136814865011;-0.001127040934594481;-0.008615423612759576;-0.01652060912956088;-0.00930189881878618;-0.02987158587400829;-0.01673106626959453;0.003380693634378984;0.0058823272961527895;-0.0035240616196032803;-0.016625440859306728;-0.008835618067489004;-0.017330338108228815;-0.022037437477201105;-0.021490815302063204;-0.00434924828835459;-0.0001255103905016819;0.004098356651125901;-0.023340659189092894;-0.004016079638624048;-0.0193568142413727;7.571476714351988e-05;-0.0018382773486487203;0.015182423392982924;0.0034789331271742885;-0.01773637612636325;-0.01827243135284007;-0.005231014623940378;0.0035548934292848333;0.036833673158230384;-0.002027692830306793
2024-05-29;-0.007630949185231439;-0.011137324993632847;-0.004497767637445249;-0.0075216248435816535;0.00047041952036996904;-0.011927727475578354;-0.021244305381146633;-0.012518008149069004;-0.013307114490492045;-0.011304647422710978;-0.017543847348877706;-0.006219477016327524;-0.031474821007675624;-0.03764295991022415;-0.018808289993742844;-0.012866988760232956;-0.013949323067092734;-0.004586712751702415;0.020303709835838513;-0.019642868438197736;-0.014087527894046659;-0.012096743802001209;-0.019102203171088572;-0.016475888414172135;-0.004603981458673911;-0.008370510921785979;0.0086594685935093;-0.007899751082502626;-0.0169204492856867;-0.017778962683215993;-0.011585333531097697;0.0790582520951042;-0.0014971595171656693
2024-05-30;0.0010485363902790201;-0.0069309048447091515;-0.0019075486273849585;0.006820834983622293;0.011185599877836072;-0.007930159231249068;0.0061046915845750505;-0.004808326670399543;0.005527314352860246;0.00080253498376881;0.016156475769827594;-0.010921594244304611;0.04196847168559459;-0.006333563087507765;0.004883150514694012;0.00435241966972133;0.002849368702247501;0.005924346709595962;0.030664735770529195;-0.0010408773148502526;0.017423643218790863;0.000408172607421875;0.008438837388673237;0.0008837041762195241;0.018038823982870156;-0.00844123663122165;-0.010632156097539092;-0.041178507516571816;-0.008605839310456664;0.029827967601184113;-0.015410274242405597;-0.051838627627389;-0.0008568258402200657
2024-05-31;-0.003491550654601383;0.001962890347226187;0.019816828808954856;0.009785380001833044;0.014170012365067874;0.014042157364899;-0.009534900304975835;-0.009370466155450452;0.007255862791252898;0.00308956462747334;0.0;0.009553440910649691;0.006594170876136118;0.028485417838404192;0.007599235273390681;0.027739552834983527;-0.005642549309945566;0.01134255115250804;0.013876464895117735;0.007033093567500259;0.00935086932969642;0.00203995253340028;-0.015449038561650918;0.023800491512016464;0.012721521296400917;-0.011577737916000252;-0.009325847323894854;-0.01554155349822084;-0.02604162799729748;0.019185485886847875;-0.0004709797517987724;-0.17867236290351285;-0.010236915228668764
2024-06-03;0.006306920442802566;-0.006965604834823114;0.015584965025450037;0.009317928116825414;0.0009411550535276536;0.004093467508101689;0.0032089213780084336;-0.006059695882019711;-0.00130969580530238;-0.015098630707115812;0.01087868662558833;0.009217052514879587;0.013633152691296724;0.004178659679882735;0.0005130457973279157;0.03259102309755901;-0.009095521521723882;-0.003666535861332032;-0.02075059004526636;-0.0002586218720296296;-0.023107314964457615;0.013436479270436008;0.020594981465150486;0.015785405315162482;0.015702039468167284;0.011139155032278136;-0.012203511657104205;0.013858687032558326;0.010695118287161742;0.015302431288191087;0.022834810603649114;-0.05395525788381683;0.008068476243774825
2024-06-04;-0.004178284170992086;-0.0013151067437442432;0.00806139231383085;-0.03249626362500613;-0.012681139027617916;0.0060102581853418435;-0.018028552392119757;0.010061967324929366;0.014426189943923307;0.01759237170779837;-0.004966937817530881;0.014003841413177565;-0.010131036350300215;0.016182858510845666;0.008563620495579016;0.01014509252957363;-0.002782111442365953;0.013313121503488512;-0.0021040061178660974;-0.002069904990847693;-0.007666703105723038;0.009240717365409656;-0.03331197582382339;-0.002251741067018087;-0.017226121915301595;-0.008631409100956833;-0.0034238201697512904;0.002020751264590448;-0.0017637005391839544;0.029066989826895817;-0.0010471328239191058;0.028251118631991146;-0.023098425908728237
2024-06-05;0.0013985599585375486;0.03138719882648955;0.002697769947925588;0.003053388522781475;0.0007814014240046241;0.010304794050668864;0.02062979089030903;-0.016144882348991252;0.0064641354472385615;-0.007938013199721872;0.0024958657185905064;-0.011528779324352034;0.00917593920178783;-0.0046885293937980466;0.006711445957909845;0.01703336378558551;0.009734042282127708;0.0;0.014789170531144702;0.017371065308369404;0.020870817366437366;0.007165541075381698;0.0016567675645053903;0.00011106769706881181;0.016179802712429803;0.08099431877885266;0.02952728627693668;0.017319086970569275;-0.021201365861148513;0.007090557003452513;0.03788341551587493;0.013995400394725577;0.010997470544857002
2024-06-06;-0.01710892320450519;0.007235599026040429;0.0016335168336267802;0.004185715961228187;0.0030010502633477376;-0.003736045626076212;-0.03781432123639228;0.004987771795166962;0.0089916452843537;0.005562842547359059;-0.007468892330945276;0.0003645735201429634;-0.00734390940777474;-0.0023850473619815293;0.002070714762249626;0.005154832291999423;0.004033559242439866;0.0396282493917095;-0.0002670892822743687;0.012232403713166251;-0.01646281848605713;-0.006324104831502697;-0.002315573163221507;-0.0022564585456590347;0.0008845002156205872;0.01473083735902514;-0.0026911897326306056;0.036147369366860804;0.030685946363256278;0.006809833465391879;-0.002625908011999578;-0.02687780949272911;0.0055477225556122
2024-06-07;-0.0024866565573770094;-0.0016903403179491239;-0.006043797154959618;-0.009094331004137035;0.006422143462762264;-0.01361984609964284;-0.015076904455131324;-0.00489165995329921;0.0006365591558927797;-0.012374973329278838;-0.03010032207400115;0.0210104559983606;-0.010392815709537429;-0.02237412029692698;-0.009122527775686229;-0.00512839626930417;-0.0006628366035131839;0.01099355664959889;0.0018406622310240817;-0.005538801962283291;-0.008569812902065044;-0.019093061013914392;0.00795754586658548;0.03637102917973922;-0.001767521416795148;0.0014621980049580596;-0.010870981027263804;-0.0020256617593902293;-0.06830117526254043;-0.02040589636810919;-0.0016202550458800369;-0.02978503363353635;0.006436620564568507
2024-06-10;0.003205119572879056;0.0027513317807155158;0.000675633067505288;-0.008030616074629515;-0.007033751458772275;0.002938855574141863;0.11184812296563185;-0.004313803154484375;-0.0033927531234090313;0.012131910813004687;0.0;-0.011062315208203333;-0.021893904157259447;0.008783514901469669;-0.0034588466078685487;0.0004968330368697593;0.021607605453133116;0.0044715239850636745;0.011320577295617973;-0.007341795329806167;0.004781822164907634;-0.0012165728641987394;0.020065771732752147;0.009945242355233974;0.0008853677569089502;0.004692850447986174;0.004723571539215987;-0.0030446170741684764;0.0;0.002223551178373251;0.019555374049639695;0.019081268837756404;0.003493276029982617
2024-06-11;0.0014199082466814783;-0.0033769508610209664;0.0013503537913364116;-0.012721618622264286;-0.005623031504398246;-0.0027674961262946773;0.01156501521529818;0.0010075690154638384;-0.006170181981145051;-0.0029507228084154624;-0.026724124776906;-0.014313157581156699;-0.014376722557939536;0.0024646823409810725;0.007656249267563142;-0.0036210892327849242;-0.004053038836448475;-0.006475092676445415;-0.014505083155823328;-0.013516929142361467;-0.005381342207870898;-0.002436031992967158;-0.017413727600835816;-0.005313323352869714;0.0;-0.004359539336615037;0.006283922099253214;-0.008030841357961394;0.020676604194917125;-0.007473136317254547;0.009689556865012383;-0.006115553570253951;-0.0008033092089961835
2024-06-12;-0.01169792561285965;0.012071202046169072;-0.011269515578324008;0.014057032478400178;0.0006609278180462752;0.026678525785562623;0.011614168656221224;-0.014947173432819039;0.00663664308270584;0.0015388360831321002;0.02834363954821284;0.0034167501794428734;0.027511109354960483;-0.006347991541217568;-0.0053693135959189675;-0.011920317008132786;0.015962103704057373;0.007739277342583728;0.0133805662540889;0.008273001352107068;0.00184032172353632;0.008547049020335429;0.017394171988180274;0.007976939677081463;-0.003095961651242485;0.02752291472496582;0.0023282858592961198;0.03420752684598738;-0.01473296150821557;-0.012235304888556953;0.0026996737254050274;0.00129144625929567;0.00755742267228432
2024-06-13;0.008249657710392988;-0.010671754027939295;-0.006527001463793924;-0.013092122657861194;-0.006972076381669412;-0.006950573897347767;-0.01910483203786728;-0.00045977962708398934;-0.0044661300484182265;0.0067633760255465525;-0.012919896810630438;-0.00693174843051636;-0.01725072547794082;0.008578877865185186;0.0006111399271901963;0.0068097063330179175;-0.015866908522277123;-0.010003995976533342;0.0002640328802716585;-0.009487152099609375;-0.006686276345336362;-0.007667495108666933;-0.00516130779205537;0.007984485251044227;-0.00044366585961175264;-0.019379077854811633;0.004922641323953814;-0.01885335327462545;0.014953267421559335;0.001667453444200051;-0.009315283012008457;0.024353306249064177;0.00015958495573298315
2024-06-14;-0.0010672559580696683;0.0029610613636457117;0.002157160665246627;-0.011314842117069901;-0.0009361570512466111;-0.006381734552346363;-0.0016459608559388217;0.007616079351487004;0.007690614915069061;-0.00044343974473359804;-0.017452007213173193;-0.007592528658427744;-0.010239487523414637;-0.000361919265533972;0.01730463997252807;0.0035488637692073777;-0.004188720338339169;0.011534134946758368;-0.008141260734173428;-0.02278024964492109;-0.014424179073057819;0.010980091748200138;-0.02237357221015579;-0.03564535668189428;0.004438458547423307;-0.013967909630141495;0.024676231326284492;-0.01797953154882026;-0.011049743762577946;-0.02235430781840586;0.001112018467282816;-0.0002963228410703955;0.00696778286079458
2024-06-17;0.00035613207009688175;-0.010122307360370453;-0.001467562891237284;0.008681974191088404;0.004389206346578467;-0.0025321959577202513;0.009067604823141062;-0.0027393968782734035;0.0;-0.005063588694788068;0.009769080719605139;-0.013450181103577319;-0.034546512279371444;-0.011696476629442842;0.00840497657685968;-0.014644412422843534;0.0006547352624317604;-0.01059539896387407;-0.005926506321488945;-0.002384110002328188;0.012871466668632925;-0.004424803203977312;0.013267003201723249;-0.007378197863110225;-0.0026513242672321358;0.017208824854778815;0.009635800531807792;0.00560702445579353;-0.003724371091879619;-0.013378721208825661;0.004899249117062743;0.05222998836590942;0.005915883550909884
2024-06-18;0.005339941211149668;-0.015125635261518888;-0.00793737527848748;0.005477284284247652;0.0015467074326920294;0.0058850727638053435;0.0028138418547358768;-0.00030515284638710227;0.005723966549060044;0.01503189258751636;0.00703608683579815;-0.0025014904726196052;0.00038271064688166767;-0.016720206349591926;0.024508798082655048;-0.013532064491697304;-0.0014474262649171177;0.0007139409069392144;0.015411281887916628;0.008231581905126184;0.014375250873628787;0.005656540995896409;0.0006546968574390188;0.005821858161065174;0.0;0.014854515109131938;0.014559823582095177;0.0013655297033747793;0.035514021611118496;-0.018367917193233163;-0.014093152845599977;0.05013020833333326;0.006143657603161934
2024-06-19;-0.0021246173460541806;0.0025956742977981673;0.0;0.004280179391111361;0.0;0.0;0.0;0.0;0.005059093030117756;0.0;-0.02183406113537123;0.0;-0.019892829478066476;0.0;0.0;0.0;0.0;0.003057483537996175;0.0;-0.005530758293876947;0.0;0.004821247174610521;-0.008177995076888434;0.0;0.0141780992091729;-0.017584868005961152;0.0;0.0015909021550959412;0.09025266337727489;0.0;0.0;0.0;-0.006158383856852634
2024-06-20;-0.0003548682947990267;0.012081980008811444;-0.00039509190557196483;0.007361463973473814;0.002941491980748223;0.006561848434250006;-0.0038920834549450722;0.00997306014844579;0.007130843670139608;-0.013232717398465432;0.016964299338204425;0.005266410608037564;0.014832129130327276;0.00721343921329054;0.004261524413371465;0.00877419558771253;-0.015170799356319042;0.009754086894613767;-0.00666401876765732;0.010328475150468863;0.016508896845436993;0.004798038016256667;-0.010224253928493243;-0.009574000170924357;0.0;0.02317642743952053;-0.009683891345366513;0.019400942776424568;-0.0033112372586500127;0.015069755356361236;0.0044245582214779144;-0.0042238366509401715;0.004621146440470403
2024-06-21;0.0014199082466814783;-0.009379618429984138;0.0002002497522941571;-0.0015384380634014816;0.0011487259628850666;0.0011625419262850656;-0.011176751834046539;-0.020202624370595057;0.005206173241106837;0.001833432717920136;0.004389815568934807;0.018336018047160563;0.0;-0.003983337728432401;-0.010270998747531013;-0.005664248377268644;-0.0004637077036703241;-0.005936758506304041;0.001625506384130393;-0.0120577426152364;-0.004922457831378457;0.003979322913223449;-0.017327514502775476;0.003087404168040875;-0.00043688200736069494;-0.0257862248512456;0.010441314101607535;0.007568172695869846;-0.006644475953642037;-0.0037115309286378517;-0.013793136620848023;-0.023296651681077196;0.0042862753368004824
2024-06-24;-0.0021268768187679976;-0.004734297125305487;0.019515616160479032;0.007318928550898329;0.01064405039088312;0.013091357312460694;-0.012405789204453121;0.003085188005837791;-0.0029003166234845557;-0.016732055978875726;0.016608404724969272;-0.0073493140694050885;0.02519233410175037;0.015313277063883968;0.013398330097142308;0.013313180571596916;-0.008553084658959764;0.0005060935587128945;0.007228813080068619;0.012204906233239887;0.02534840167675334;-0.0007927252527368811;-0.0040692105363688835;-0.0073650749613572986;0.011800719740700627;-0.015466034659876948;-0.024922718631770646;-0.008836799217390778;-0.02675584569500733;0.007326511563748417;0.008347152853659612;-0.05170274497294691;-0.004580257432196699
2024-06-25;-0.0031971495412760342;0.011459465448422801;0.0016687899845033716;-0.0049712726308556165;-0.007270906047984083;0.008562390917462137;-0.0004652796441577678;-0.0050235550399293505;-0.0029088547964474243;-0.012416910866756559;-0.01977646596220828;-0.007773821754562205;-0.01894582836639158;-0.011184182646168828;-0.0007693018111413208;-0.0023792080298334906;-0.0008342055184356045;0.04006475216656247;-0.0026950098797328126;-0.0013106959307430666;-0.002958236985033058;-0.001189955588508984;-0.01940755702617747;-0.01406425888308982;0.0073434159436387425;0.0017922905397025346;0.005067043607538624;0.012593304481701484;-0.030927889906691708;0.01183430783985151;0.023431089356800827;0.02028212471769164;-0.005803924760008128
2024-06-26;-0.007127510898380707;-0.0019238675115323955;-0.0007840490698282077;-0.004227540553074172;-0.0017275992237127946;-0.0009358969834796227;-0.015267195120597932;0.005667132520085216;-0.008126666641465774;-0.001332695986914323;-0.012280715139288634;-0.00447709742375868;-0.006309713597922539;-0.0009494311598882144;-0.0221323562389959;0.0003798756342048293;-0.005029733013441895;-0.02042803504499824;8.81728906969581e-05;0.004199471228871321;-0.005121412056691033;-0.007545692285736871;-0.008333319129570693;-0.01269228370908615;0.0;-0.00378873171185945;0.00785239587120179;0.023662794534847986;0.00886532255597472;0.009502908892501605;0.004935390399090078;-0.015033846145789731;0.0013148206626827363
2024-06-27;-0.0014358467646848894;-0.019276088706723815;-0.003825030306428445;0.0011578069699036408;-0.005630569647559369;0.0012267112383115286;0.0007563122819913559;0.0016905669913691579;-0.003151266022205945;0.013600855611718421;0.008880994791752528;-0.008994367024097949;0.004810467464457346;0.0049582476509459905;0.00816766602899377;-0.0031434393130274074;0.01094944078898874;-0.004369394017035733;0.008253045018437488;-0.007579642277894871;-0.0041893936850750935;-0.008803494012383006;0.018907552012053408;-0.002389166749109939;0.0021441314349706087;0.014155934198700537;0.009812782230969264;0.0076335777676117544;-0.017574752110616876;0.01713731786731265;0.012550622423337376;0.008608187891051555;-0.00404435251289148
2024-06-28;-0.008267380559569104;-0.013976845116207559;-0.0023628796079874226;0.00038552854999496233;-0.002819032674716171;-0.006482366467623124;-0.005856810017758063;0.0054724006155910665;-0.009483683676753785;0.0061704180872308445;-0.0026408048097960046;0.0010173545846967613;0.01034080980863683;0.04691228748807563;-0.006783816759929118;-0.008021012183004994;-0.013685276874618402;0.002992161968107032;-0.06411492098567817;-0.004740592556990442;-0.012691980724572116;-0.010496577475853197;0.013058389911986268;-0.019082366270886553;0.004706833506752162;0.004375043233855402;-0.013823569572752992;0.011096893960534926;-0.014311178887186027;0.007949669893800415;-0.029524980016128244;-0.010901484818032436;0.012815146066576633
2024-07-01;0.013410627503225081;-0.005537064307875927;-0.0007894666315014787;0.011560693641618602;-0.003957682890545877;0.000717505769796567;-0.006936488959630505;-0.0055951460777530215;-0.010212700614629311;0.004070870313540587;0.0017651980834529901;-0.020200679116716413;-0.007960541741979132;-0.028688692187398113;-0.0018671582175344703;0.005397676166384757;-0.022167524712535358;-0.0009943712615494427;-0.01917337021976384;0.01931726712227677;-0.016755169370895384;-0.00407998288600131;-0.02137043677845496;-0.034883730622713216;0.008517920223111153;-0.01026757164488401;-0.0018818449532677084;-0.020261774536260324;0.0;0.004237794270562478;0.0009123053937307724;0.03560298524597272;0.0007289736392803725
2024-07-02;-0.0050071781783378455;0.0024497911482788126;0.003851852529161759;-0.014476143973214284;0.0047138469621683665;0.009253483045487565;0.013587201493161949;0.008081853728858945;-0.008168564690279045;-0.0043438822964486645;-0.001762087649710864;0.003241644124090115;-0.012036703597221643;0.007257628571210928;-0.001969213417055138;0.005368697674900558;0.001742269312505762;-0.011049178214206479;0.014534197907297486;0.0007787845000097882;-0.017407910724870024;-0.007374039586274916;-0.02426335575651939;0.014797459837872173;-0.007179057183406723;0.01215548579876824;0.00886274234068174;-0.0025850697246482257;0.0018148256886822978;0.015824711547886228;0.009550592367213007;0.004551166395193373;-0.003954470867217452
2024-07-03;0.006470217864241956;-0.0006664221608745358;-0.0021645823411919896;0.005025078204976774;-0.003267052493007183;-0.002242223382081354;0.0012272130102901624;-0.005175634086974079;0.001083660319351365;-0.009756983442092637;0.021182646353398615;-0.0025850551215050865;0.014310610937314783;-0.01675893006422169;0.005573874065962325;-0.0073873950124906385;0.0005447671815725919;-0.026170130703258243;0.02142629506528282;0.028274972092347195;0.016931337748374853;0.01114322999854056;0.007460011643407594;0.007968127490039834;0.01063377275908639;0.020602508649505857;0.0043114756203814775;0.013282973835872625;-0.0018115380628698219;-0.011654766830711316;0.0009028510885054075;-0.005576123671951261;0.0044402974248412
2024-07-04;0.002499977838303913;0.003779423766382406;0.0;0.006153869628906294;0.0;0.0;0.0;0.0;0.0038969754044626548;0.0;-0.0008642910696516903;0.0;-0.0007626485213629852;0.0;0.0;0.0;0.0;0.0025840135291026467;0.0;0.006054532849702143;0.0;-0.00081634521484375;-0.0035260942484844904;0.0;-0.0004208850498949035;-0.001622995385147652;0.0;-0.003410419786630592;0.023593358432043354;0.0;0.0;0.0;0.0018202938721534334
2024-07-05;0.002137484589399996;-0.006644579417345531;0.006902102709380076;-0.002675887579124292;0.013308092171105734;0.0085216516329929;0.00018861492095312293;0.0017341608006586906;0.004097441541514257;0.007329739151517467;0.011245701288212784;0.00570176124745414;-0.0015263884104241843;-0.0038375855956443994;0.003531861612953824;0.009122243250951456;0.017822383588497637;0.00412371524736832;-0.019139440819823328;0.006018000434844906;-0.02003078152115778;0.009395406312794341;0.006015563010076219;-0.0013043550634572743;0.003368417840254878;0.008941265382400365;0.011926586470479394;0.01101485141446501;0.0;0.013660223562188767;0.058730021720401204;-0.026004051213485924;0.0016611745694776747
2024-07-08;0.002132994429273616;-0.01092518476907367;0.004602320704671259;0.0049828223110754966;-0.005083120819159848;0.005780318359306369;-0.00952116835641359;-0.0072810038564867785;-0.00408072102566448;0.0032206585306713276;-0.01539780178154515;-0.009921437780172404;-0.0042041126123669725;0.0027253257359500793;-0.007918589869104098;0.015424504733224431;-0.004670759287390691;0.010882929404133712;-0.01276927867895894;0.004237337691140208;0.011214012120754235;-0.014568948455734532;0.0200492418738778;0.008825724239915456;0.0029374609755907777;0.004934549314795866;-0.007109294152060741;-0.0065580996464768004;-0.026595793357862774;-0.002533992415070685;-0.019614246365525667;0.05044612889960609;-0.0013993484152962088
2024-07-09;0.0010641584353747735;0.002028821334937314;-0.00896769934683972;-0.008771999250445472;0.0035200999527555954;0.009673323151052626;0.004853907874364571;-0.001795228887552902;-0.004313140879475985;0.013092619913218861;0.005212845196136184;0.0005205771060556863;-0.027058142984017097;0.005660645651317742;-0.017786785875219424;0.008508114842198156;-0.012072842712369303;-0.018890901171967678;0.0022136953099125556;-0.01811862808757081;-0.003486432019016328;-0.004517478793769292;0.011034435713326962;-0.0007846094665793224;-0.010878670838147309;-0.01523195900609986;0.0;-0.016396943628098848;0.03460838425263857;0.04434184797858487;0.0012846091360294576;-0.0015756476062712688;0.0025949762248607122
2024-07-10;0.020907209543963967;0.004049513654180492;0.010720995360993912;0.009234297625417609;0.00796555495167639;0.012383226655509949;0.03665466385145488;-0.005343670582542148;-0.001949384808051402;0.01190615722691124;0.010371690659365607;0.0023412780889857654;0.03057197660228761;0.01792285045967623;0.00511654484380486;0.011584610786113947;0.011508924295156264;0.010559003571657177;-0.004922475733666554;0.010363999827586401;0.020135488919196698;0.013201307666904194;0.004774966488342525;0.0037691665699637333;0.008883290915533859;0.01963974134095081;-0.011797424585880512;0.005628970425648028;-0.007042209031602353;0.025320664017130845;0.00884908827924602;0.0002059212443694669;-0.0017599976746103252
2024-07-11;0.001388432969507969;0.002016547516183076;0.021798353666621084;0.00686244145755599;0.012059233261629831;0.015493555789292568;-0.005481931693603559;0.011468116352915336;0.016710078034060993;0.02814572822008743;0.017964058568948893;0.013106696232829007;0.019712895297547828;0.006847257737379264;0.029345787181738858;0.0010374064738831734;0.009081660766311339;-0.009116999198809705;0.006849481718349537;0.00825614226367577;0.021708274659798077;0.017915331580840244;0.033944258729818655;0.00915276658207076;-0.0037735912431186014;-0.01287430835751402;-0.03674466688847622;0.0035522263254512687;0.017730470801888165;0.031273523040021844;-0.041126657504583;-0.03464363316506591;0.002229869024768405
2024-07-12;-0.00103988092217433;-0.001118078250853194;0.009047543542258563;0.009844778657432274;0.01351545842353441;0.010777301787191496;0.017363318229129066;-0.01210424578095226;0.006190041786366285;0.008824325091236984;-0.003361357360326944;-0.0015371260863967784;0.011073576691168263;0.014216012268776446;-0.00038791460832088287;-0.006888453487498114;0.010168501101912364;0.01343948371626591;0.02144815197103167;0.013151429380344526;0.017211734337585938;-0.002399978637695366;0.01017734202191356;0.01282944790152607;0.0050504600475087535;0.013244438635895861;-0.007889734835790918;0.012227816674895031;-0.02264798291857073;0.0046010922727546255;-0.026974867109680112;-0.008172268539529903;-0.00377715615558738
2024-07-15;-0.008674560431656375;-0.006492060871489125;-0.008305748962099901;-0.005624296705451948;0.023513360967209573;0.008843363185553788;0.03810729416089842;0.018508048125556176;0.00572760882394352;-0.00022372462859809872;0.008431703312527405;-0.011160876569616951;-0.0204195005741874;0.007506860613456956;0.006402518065408813;0.004317256437576855;-0.0203758132612053;-0.007140678051591909;-0.02263197690080232;0.0009796007601365897;0.01428781894271669;-0.0156375817420088;0.005524855708681109;-0.0056255070010228225;-0.0033500806749394707;-0.012971497154877332;0.013665900177167734;-0.005192386128035853;-0.023172975341584245;-0.004580019181887773;-0.005432237496962866;-0.016837510530437916;-0.003687501193702647
2024-07-16;0.0038501972847713173;-0.0018026130477630797;0.00980295477883586;-0.0075414777825827395;0.010312555430863624;0.012931387043523479;0.014874694912820896;0.0018273251681146796;-0.003585726877294415;0.009892442522498213;-0.008361204120051702;0.013232883425006836;-0.012507103310343215;0.06500189089927177;0.04342374155203155;-0.003809707841366805;0.03484561089968752;-0.0033905114529776403;0.006088762247417501;-0.0070955984440663755;0.036340932553959426;-0.006924646907414678;0.01712994253475353;0.0295951452808918;0.00042017769758007084;-0.011524489447351516;-0.00019804231913322923;-0.002875976256556334;-0.020072999411839043;0.0052284849352761675;-0.012838586449671174;-0.02157119719162459;0.002450092353734501
2024-07-17;0.016387765325442505;0.010158020209051655;0.020829435546117825;-0.0007599247635061701;0.015288201295032833;0.002209457081777888;-0.02477072656239565;0.02072255579612947;-0.0046571612364600945;-0.011665970461629649;0.007588545847033057;0.040461023723063594;0.023987718007274283;0.04447326839871524;-0.003325659550141302;-0.0012475272105911817;-0.006105837323929886;-0.05257730623815837;0.012762246074025096;-0.00936424472569719;-0.01446080170345887;0.015176409022557236;-0.01239278236518404;0.010989430922965893;0.00965986790188511;-0.10932700011137797;-0.013499489963263778;-0.021151622091909683;-0.011173204812765847;-0.0017684195755999221;-0.056759067198041135;-0.06770444807285758;-0.008060338154756153
2024-07-18;0.018181827857905564;0.002458088782456347;-0.007847827578152944;-0.0015208893402447465;-0.008505146096207117;-0.010574199701653186;0.009931531964241236;-0.004219270178029921;0.0070183235312948344;-0.01004805098060546;0.014225915884871876;-0.000615373783979134;0.010869527918350608;-0.015594536078685106;-0.005236776065754234;-0.0005119069609098581;-0.051825912790428585;-0.03482048951979089;-0.003870255395022615;0.004228810092512081;0.010606628534238105;0.005656540995896409;-0.01190475814425107;-0.014345416738643868;0.00915138539834226;-0.037202947566465805;-0.006826744193171419;-0.014623991902833366;-0.007532908917935122;-0.028762006696153364;0.030000674422079765;0.0013581395280561903;-0.008020963456340069
2024-07-19;-0.008086274854158804;-0.0033437668647291474;-0.00316396125364371;-0.012185880170047736;-0.016635747548032653;-0.010006413712729811;0.0020885288047474138;-0.00378839982141832;-0.005068605307238738;-0.010376435735915623;0.0024752727665986463;-0.021302695241328995;-0.026325513628066455;0.0017542781899035909;-0.015280746130093004;0.007067959193523654;-0.005395713302536964;0.021533272090149103;0.001336555051445476;-0.012880863797917197;-0.02374008479300249;-0.005222947527297572;-0.0035818724024792026;-0.013803941356888116;-0.0028853954725392983;-0.010733464726504938;-0.015084522740921313;0.005094684680566397;-0.034155566041634056;-0.00396990482084425;0.001975440421851715;0.003590263903545665;-0.010358348489708957
2024-07-22;0.014605989939877162;0.0071572328234585925;0.0009335474399394528;0.011179622069080075;0.003475521351030908;0.01558857195285479;0.023621434868340563;0.00015012592617957843;0.0014858658532790336;0.015302046411866943;0.0008230327088156741;-0.002264785321397067;0.03998473830574123;-0.012028314433533138;0.0140512303797109;0.0088288469052753;0.015143093022294885;0.0032005395564265182;0.009994984289610986;0.020577157496172394;0.003778089988346167;0.010500816901388932;0.024182998252877175;-0.05461945308405591;0.004960683308618208;0.025316484623213897;0.02235761604210529;0.011680413868801587;0.03929267164903827;-0.0002154936126936846;0.022252910501381784;0.02345179311034884;0.0009612727750225591
2024-07-23;-0.009039145154313588;-0.004441353644898505;0.021824218424517428;0.001143798415971231;-0.004518558583101906;0.016908814775016268;0.0007634654707069366;-0.012207334837539219;0.0019075497234906091;0.005144788566945335;-0.01726972451046549;0.001261070120541108;-0.012449657972783745;-0.006857286111870864;-0.03382475623691994;-0.011272199182534304;-0.010267425771798622;0.014631456732122183;0.04545461378013349;-0.009835203569964035;-0.02942688543822558;0.008792938022758046;0.012125052432278238;0.02997383567398626;-0.006581647508313027;0.012228105157764402;-0.007320448238417043;0.07145196996440006;-0.007561388543530945;-0.012283152889091764;0.002646732390731099;-0.01905763848723485;-0.001493804821008804
2024-07-24;0.008108064020458494;-0.0064689757250576685;0.01715963993648595;-0.011043388534199838;-0.0027880047589448065;-0.028049102123347547;-0.018904626405936042;-0.0009623255042129353;-0.0019039179054164412;-0.010984141285011018;0.0;0.007178804291244845;0.0001854307839288527;0.00910392594245657;0.011589199979629594;0.0009789126725001651;0.001976983203038518;-0.021576454256750366;0.011082623542972625;-0.008939672367998641;-0.007332891021318622;0.004754391454896645;-0.01765449843020661;0.01640629768371582;-0.005382988108490583;-0.03403415732073689;-0.010532732946031631;-0.014841913629237813;-0.02095238701599922;-0.02705351562207403;-0.05610923825356606;-0.07731423000008908;-0.0037935814275201762
2024-07-25;-0.015080453214859846;0.006735494278142351;0.015793144327348907;-0.003080547835743297;0.0011322106418070188;0.003467152879270463;0.00846790936883468;0.010798505733906616;-0.006570633793683722;-0.03127877656714484;-0.001673614629641773;-0.01888209207080016;0.020574617139098805;-0.00012507469738876065;0.0010978870897728754;0.0029747799693755628;-0.0014002708601801306;-0.02304974783842839;0.025731245921055468;0.004510155496466384;0.005682445738078412;0.012618284192532636;-0.009306751975540317;-0.005995378498877657;0.007910017613991016;-0.038480056977752586;-0.0029874108210509176;0.007223165016924549;-0.03891054342002864;-0.035430021029378866;-0.017039845530830156;-0.040389272566946244;-0.0047733944983410215
2024-07-26;0.01292961392470926;0.011373758300944115;0.0014135048185930366;0.008497536728065302;0.010085612478955674;0.01342769026952162;0.015422907949592224;0.0058179374248610305;0.011094620395774468;0.00405560911890035;-0.001676484262535527;0.0030588730398628527;-0.002361080001321958;0.017938808824746078;0.005626540226248311;0.0060943402683235615;-0.002060850760170929;-0.008960926579337669;0.005640725659743273;0.009728096487005455;0.025461702120278096;0.0011681767500146822;0.02559114154321729;0.009047309794933733;0.001239185781908958;0.026138126791541705;-0.004289661756344376;0.002868546025469154;0.002024228854181853;0.014994780121254436;0.027105716369788535;0.01911511484864481;0.012071596910086857
2024-07-29;0.002015424599891791;-0.1014332165213091;0.00917426822004419;-0.008808955407051955;0.001485157179192953;2.0410294353290226e-05;0.000759406945601171;-0.008078142610033812;-0.0010550767004964268;0.005333772393623537;0.009235923494659959;0.016518408753330105;-0.0010923242846835324;-0.005213029132455582;-0.0007112578915151602;0.005835286665335726;0.006216630433363068;0.01201790170918704;0.011133733528979395;0.003211488873155588;0.002823900964915582;0.0066122163495765385;0.00852810660234038;0.018238865229782908;-0.0028877762163852516;-0.015482738367656568;-0.006984768327029434;-0.014812513610001354;0.016161712857553745;-0.010535938755847796;2.144893245326074e-05;-0.02078197130229653;-0.0071352306502430185
2024-07-30;0.003352328060492127;0.005889567841571797;0.002622352273930373;0.01197838581814592;0.006730424182571637;-0.002694790437991035;0.011720061961508321;-0.00864668979616734;0.0;-0.010018580812709676;0.004159733882649785;0.010125049717879309;0.0060142489061163484;0.01690338363798638;0.010960877230418165;0.008933076907667203;0.0043585839606279375;0.013797782068690312;0.00730349219204296;0.010342234982342102;-0.007417616623355605;0.0;0.024428492528576706;-0.005682167921791215;-0.003309885124266887;-0.0007441096304363626;-0.006986099159929426;-0.004458733868625053;-0.003976117690034586;0.02291661681216528;-0.0054111150706609434;-0.02329133461304078;0.004236797477676246
2024-07-31;-0.005011658862776547;0.008980141706452116;0.004010513093442469;-0.0042000997676632235;-0.006254837747682984;-0.007737782801479409;0.02883572662035716;-0.017697708757039465;0.00021117607154508278;0.027927672055305885;-0.025683500849220553;-0.006063636640454284;-0.003804331187865606;-0.00029502958054150596;0.011170570368723931;-0.013688827694513628;0.003012476918465845;0.017402920042206116;0.00470454235526252;0.005361960205910066;0.00954880132012037;0.0019320381001008968;0.013757227697601904;-0.001438159433116648;0.003320876845136045;0.05560380676953125;0.009267818332918232;0.015623372217736353;0.03703700069828186;0.00237609290562113;0.025130076848484117;0.04668078138599152;0.010093454684370728
2024-08-01;-0.003693758592436147;-0.007315270649572936;0.019972197657903923;-0.02645703305002378;-0.015256562010048436;0.011965367549255035;-0.029971643301414663;0.013422051395345802;0.040337918065451506;0.026498298595268865;0.011904775034389026;0.002116546582549894;-0.008183319680014955;-0.0058837287180605324;0.0833178744940235;0.020293709218553113;0.003612537256033166;0.004166616839342385;0.00019281729475140175;-0.0627878824869792;0.04897188788822482;-0.02699578691480886;-0.029252113968125548;0.08952054034791534;-0.008688497772379344;-0.02422101773772778;-0.005570144244433584;-0.01825452507743819;-0.003968250213867153;-0.04131387497472372;0.048248822727155805;-0.04618226588587515;-0.00010576436779896614
2024-08-02;0.006740811805812541;-0.000491291039387387;0.003064909170957364;-0.01024021625532845;-0.007989653381202944;-0.009153326207341439;-0.09294360872270169;0.01793085536377803;-0.01136821029691093;-0.005584418324800056;0.018487369312959467;0.012672457648370994;0.00311694473948787;0.029785143039245066;0.011182990023879569;-0.022381287025069474;-0.01927421631856352;-0.048591410163422055;-0.018616414528785596;-0.041127784761083586;-0.05139009302458064;-0.002774462786138243;-0.05995646109576802;-0.01993255282984796;0.006677869819470494;-0.11182075683591519;-0.01794024385931703;-0.027682037323223052;-0.034860595896369806;-0.03909101239720458;-0.019287118230012612;-0.056626389120791654;-0.024323133267194708
2024-08-05;-0.016069677944910432;-0.016465917708474054;-0.03615689112537379;-0.02307999594637189;-0.034176824707013886;-0.028907094609788908;-0.022003338548188145;-0.013061111512817525;-0.015605816466295885;-0.047616769578506246;-0.026402615749311686;-0.014476787093824717;-0.014988113846577389;-0.03368769451034925;-0.03148306426433234;-0.03549324130618392;-0.028914107439482528;-0.025938166754368885;-0.017342048505890162;-0.009711373437152337;-0.026553265816547933;-0.048092173760371226;-0.006939913510027096;-0.011606407066854896;-0.013681588400663691;0.012074378929381568;-0.024591008564058603;-0.02653632544170248;-0.012383889654857483;0.009435077040898188;-0.02542301447291373;-0.040179886338506;-0.05045522080547249
2024-08-06;-0.004423224730681685;-0.0004997615575936809;0.005635755398093023;-0.0036659629184699893;0.020351961236804383;0.01586901732223711;0.031723561001785416;0.026163667701307514;-0.00750933873330728;0.021308426798455793;-0.004237288135593209;0.005601812950372986;-0.06049356760912128;-0.0028248633107256227;-0.01181257677304337;-0.005493688740158542;0.031401092042206535;0.04630606383946434;0.007853164796082002;-0.0032688350552294576;0.03417652925997716;-0.0025052764667908844;-0.002994952245997773;0.00032318144682053074;-0.0021017714369462315;0.045710423037449655;0.01841119331049379;0.023065846195920336;0.011494317017695987;0.008133112656932617;0.03859324827801247;-0.03575068369647816;0.010501662390182354
2024-08-07;0.05058095586628175;0.0100000381469727;0.013485141496974107;0.01880617632846593;0.011560084796269576;-0.002836488987109087;-0.007390430715478957;0.012945957341377046;0.018074790816536845;-0.005505878540858933;0.02382981320644939;0.0038375507299379663;0.03160178629995536;-0.003993881630698692;-0.028821899732035194;-0.017710670149377106;-0.004900159398545489;-0.06711707155313373;-0.0018700839489355081;0.012298462997071713;-0.0010946905774059656;0.015487687261880767;0.025033344668732083;-0.004020660277870403;0.0075821527763773044;0.020382034241341884;0.0031333122062802143;0.013915867939538362;0.010330519074667865;0.018181751370856647;-0.010463613089655488;-0.07161718506846793;0.025811872277086145
2024-08-08;-0.008132690239200935;0.00024748319692013965;0.004752040030987947;0.018860341114764756;0.010585030320688915;0.018970196633517178;0.03667612555065314;0.0007316227119393837;0.006812583851604437;0.03740917957992851;-0.011637585123556282;0.013811925747706288;0.008998683224629378;0.00028251815322510865;0.024525943908043413;0.00015020027139533987;0.036054544444771075;0.04297432957128766;0.023845354168908317;-0.019168441331625874;0.017980043926031142;0.005770790945078597;0.04005212204980246;0.006379718130393508;0.018812740865558286;-0.002135693727426169;0.030859546869747234;0.0015959307297390701;0.008179951522529372;-0.0015373374783731464;0.042358635337919726;0.040618952322403645;0.006552155453139585
2024-08-09;-0.006002010888613962;-0.013610473623789643;-0.0024077724883548868;0.007877117164545533;0.0003012580067625059;0.002709392930313692;0.00966484010184021;0.007360524696458093;0.007586624137739584;0.011612393920255926;0.02018504201075677;-0.002067887276385405;-0.014611014167293268;-0.01320991573904251;0.00765327979510988;0.00534385096921608;-0.002211170085596903;0.0631944646356053;0.000637698940838316;-0.0044041743475115025;-0.011001139537638815;0.0020492272619221374;0.018159023338412794;-0.003509833096025372;0.009848164253313696;-0.012967377503791955;0.005695291496016441;0.008710428087323585;0.01622726233850047;-0.00035530947753692477;0.015972413693894127;0.011917821760291325;0.001148770399167498
2024-08-12;-0.0030191262730721036;-0.005017580528774879;0.0006895668842967773;0.0;-0.002965225147637307;-0.008270061249259109;-0.00883941471582339;-0.0003387507223688857;0.011192530623611141;0.00025644952192349635;0.00659518056254238;-0.01036076774602146;-0.00019260805260334912;0.011686538682466052;-0.013777323148606468;-0.008410721184195391;-0.006026848819858266;-0.02797733740222419;0.0013853743733691637;-0.003594063035634365;-0.010307155231004561;0.008179912038856596;-0.013530124903968987;-0.015454904721828089;0.004876023116971773;0.0007652749820632465;-0.0012619298196798745;-0.0032645067563447094;0.02594803027240067;0.0037914655099395844;-0.003515137770722321;0.029389448964009857;0.005081371730255135
2024-08-13;0.0013459258563768284;0.0017649948334224064;0.01567758403077657;0.003907776568390586;0.004693391911803291;0.010774667405764937;0.027686529857071873;0.004743745948871725;0.0034211976510531983;0.012880157476410803;0.002457027481629348;0.013302037096704744;0.0009630788428593995;0.015832618646579144;0.00541781242561834;0.006630613996498447;0.01643992825796925;0.023966845003230874;0.020641991732579523;-0.0008324803893446919;0.0027496658150418796;0.00486818827953206;-0.0006234722100020296;0.009564469708464918;0.0012131292843038377;0.006245251805422569;0.02350191827802095;0.012044367366827124;-0.015564187895738879;0.051227529218095036;0.0244015938866593;0.04901864136551026;-0.00032616232448556826
2024-08-14;0.0020161110712677566;0.003775522970229206;-0.006021624981597529;0.008174410873523774;0.014014471236259984;0.006044611765881003;0.02219151842675693;0.0013489885467878882;0.002005619195101227;0.014283249709403423;0.006535910231946662;-0.006442153390061267;-0.005772619678875435;0.009456001768087141;-0.01433983670685457;0.008233722136205657;-0.026403191114406477;-0.0047030359175771475;0.007374078778830118;0.012774310486286522;0.0008569011851817798;-0.029067469010782943;0.013724256731312057;-0.00021695014009059932;0.007673688703604631;0.012412904107623524;0.021079554231074882;0.00260987574496907;0.0;-0.0007859835699879358;-0.003367684057486553;0.03011801514214163;0.001087590129457805
2024-08-15;0.01006040065323166;0.0017552580980291221;0.005887413914089867;0.01737451737451745;0.0054051476967396095;0.000568391546871494;0.015543199949111575;-0.012316635642246831;0.0013064013666967966;-0.013559225896159544;0.0008117378733185632;0.02336682946717783;0.01703118055545305;-0.00010355297659336848;0.014593618880133441;0.00118784480674905;0.022276469696971724;0.02393823740433665;0.0008343498767477975;0.028242356589562423;0.026747481255629646;-0.002910590313714101;0.0033846695268726634;-0.009439710093483211;0.0020039773760174295;0.04091081284427722;0.0023273758378521414;0.02030400801388299;-0.00988136649468807;-0.00595571178806209;0.0200659668384362;0.0705196925831908;0.010158131420374472
2024-08-16;-0.0019920774109959405;-0.0027534570275554726;0.0014420191487840572;0.013282732447817747;0.008325046407362313;-0.004179109772709855;-0.009482610032215844;0.012616299895141347;0.0006021678040948331;-0.0017106897414416178;0.0;0.011356754484954212;0.10371076768914356;-0.0033297843391605353;0.013092234565533323;0.011377108299126082;0.013882066453423159;-0.009911669991423344;0.005055190348877137;0.006666666666666599;0.006170776284885493;0.019182693936715234;-0.00030670718563374777;0.007886678923616941;0.005999984741210884;0.0006009615384614531;0.01635963496333037;0.00418413788190275;-0.03393214940668521;0.020122075488573143;-0.018443077743102387;0.00989024567952046;-0.002850150671920848
2024-08-19;0.003659368340182212;0.001004039040515492;0.0033033403534488137;0.010112405269779856;0.009583539525449547;0.009921167418041943;0.009237474447487237;0.00476234361731076;0.0006018054162486575;0.002075653866875138;-0.008921379369746463;0.002600547268361897;0.0029310029128502;0.001904198227470122;-0.005890099030418594;0.022372567997616777;0.009608703479695668;-0.004461344489594676;0.0011771283302965951;0.012980176913027774;-0.0010939740947260024;0.002045795252372029;0.0018405065481181815;-0.006774362626072672;0.00278328810679751;-0.0037236943975225145;0.02145181036915833;0.002235784728572998;-0.003099244390464162;0.013408678115211403;0.0035266945619101264;0.005121290918196575;-0.0010785577098731958
2024-08-20;-0.004971813660953117;-0.00677032222999463;0.004474559835635938;0.002966213410308116;-0.0009136164898425614;0.00427642075263579;-0.012730893454915293;-0.0008139023301048098;-0.002806736166800272;-0.000650308955859602;0.0;0.006602133026113233;-0.02802127049555525;0.0032309528030076695;-0.002122384260719423;-0.0013932848945581444;-0.005996057319674897;-0.007213942993739342;0.0029395650424000053;-0.00836829224570046;-0.0033519462001376787;0.011841605481325956;-0.0018371253069610072;-0.0027355289173434105;-0.005551125831090187;0.003858151769570606;0.014538144023567012;-0.006793812408031674;-0.022797857207376593;-0.007217015360737267;-0.004817937038773978;-0.010369210991592825;-0.004804834045116335
2024-08-21;0.0023317686128188075;0.0176723239624621;0.008572850849319247;0.004066566001906136;-0.003925370919679372;0.0022496509522298425;0.0009271016345293592;0.0033541010860624887;0.001809408926417344;-0.009193569004036117;0.0;0.025298758906207697;-0.00565970445070052;-0.00444325829095793;0.013957808614416534;-0.0025853248625247183;0.001983725935462255;-0.009578346717994513;0.003623756189324423;0.0018460842009959677;0.011155187550679901;-0.0020178023819074076;0.01319019654330189;0.007680401882843579;-0.003189789631156903;0.012851324190228608;-0.002032786890975413;0.003062818388001931;-0.015906740970332733;0.022028857581583683;0.016004349016710107;0.008942262414925573;0.003471842260837077
2024-08-22;0.0019940001873752777;-0.012651999971609817;0.0008332823823042901;0.002945463089068845;0.005441094139210678;-0.0005210484838554796;-0.00025260002321714214;0.0010506409986883458;0.004415011037527616;0.0011736353550990675;0.004091653130005923;0.0033127341172700664;-0.014229865428448396;0.0011243284068866988;0.005899544201229734;-0.012795397935770891;-0.00658594984214389;0.024344180756339373;0.01712364703272984;0.002369048397249829;0.007146109700866932;0.005661192866500464;0.023284127225688733;-0.003956142499107473;0.003199996948242134;-0.012213907200360863;-0.011705263371709074;0.00020352817370383747;0.031249996788542678;-0.01616553491971129;-0.006035477911125797;-0.024350883309056326;-0.01189316141774921
2024-08-23;0.0013267302166981576;0.002512620370234586;0.000416390657432153;0.013583011343375029;0.009687562335125133;0.0037495937148313008;0.029478648202157398;-0.01226027291508447;0.0;0.011001904428016962;0.008149959452907085;0.005920522431998254;0.005593673466859128;0.010004926840910588;0.003084586536663547;0.0028130937188315386;-0.0073211030912971875;-0.010309278350515427;0.014773461148662292;0.007090247638754654;0.01743369847153109;0.014073118709708954;0.01457465794170143;0.005210774018679087;0.004385989261809664;-0.01704683338179025;-0.0032368227949149952;-0.004680971814250201;-0.029258071253923323;0.012049495706971669;-0.0073882185662184074;0.02780325459683608;0.008097142671097846
2024-08-26;0.003974790651275262;0.010275685005830981;0.009155176383820018;-0.00398408576312459;0.002448245047439679;0.0028566108159848724;-0.0006545187667308383;0.006664982523932439;0.0;-0.01094255437238123;0.013742963779926454;0.011205361653928714;-0.011125048214200794;0.004482344441983033;-0.0030317450194512485;0.0029092021495982223;-0.008317451330549619;-0.009649109422114832;-0.0007202254966273136;-0.0015644735588252745;0.0027157102729324922;0.003568602499534279;0.0;0.010512667904214679;-0.00039699200753551267;-0.026624313773781827;0.0024900936631440107;-0.007258962296234905;0.015070004725256103;0.004545926742287376;-0.013030246894795705;-0.0030354786251287624;0.0
2024-08-27;0.010227693129435611;0.011411537305911601;0.009567023727723;0.004727228338068157;0.013509680697854742;0.008541097607289272;0.0019647798671429406;0.019047164178753073;0.012487512487512564;-0.0011235119280534889;-0.014354091147170678;-0.0060442400777942495;-0.0005443436574965599;0.0003746264689301615;8.690939678768217e-05;-0.0048483896578140895;-0.003119403687024236;0.00099641648222204;0.004324310203752679;0.002872828616385714;-0.012187647440542904;0.0039510226621810585;-0.02521254763998826;-0.003049239753687427;0.0059570935946113845;-0.003513159087790152;0.010574586363229832;0.005458277936411404;0.014846170213970833;0.03512554920791078;-0.003876367499568878;0.00170146363859347;-0.00586129308179606
2024-08-28;0.005551929184669513;0.002698077241022334;0.001307091090490431;0.01592480857204892;0.00859690296572313;-0.00023749110842463672;-0.006209675137025528;0.012806082479349001;0.008386778490379942;-0.005232363094346271;0.004045307493306227;-0.005292814148808778;0.0025417462780386035;0.0020260421712523513;0.002128463532176328;0.019633611145174923;-0.002238035845759212;-0.0019909167587380816;0.0;0.003645817293889575;-0.00097916831853595;0.011412865693380958;-0.005413533834586426;-0.004030064058252569;0.009474921904502276;0.006547484420934113;-0.017075755114015045;-0.00030727010284559153;-0.012539173394538583;0.007078175365211603;-0.004469197211006248;-0.0026819511006693775;-0.003930483626497394
2024-08-29;0.0029229698786359393;0.0031799718694078827;-0.0001631495003955319;0.0007124391904393956;0.008136203553870125;0.0055020065306543575;0.004439701781808303;-0.004741533381006802;0.0009784735812132794;0.006193901870142016;-0.023368263993038263;-0.0015849237415412887;0.007243710654458946;0.005148426399066652;-0.0012609500457438916;0.007391818013964047;0.012046165283346344;0.022054776330805437;0.0066892629659409675;0.009340960088211059;0.01058578154292289;-0.011673195933978087;0.011188388267311833;0.0011199738033298434;0.005475142405917843;0.029522110164101667;0.012634466065127414;0.019569709958712878;0.002116450599719766;0.0006201298045864778;0.002786429461957951;-0.0073503021940596325;0.006521906932094534
2024-08-30;0.005829025585093683;-0.00682757353710628;0.0060383349312045365;0.0;0.016119773660261627;0.010215535018418764;0.013096492576749608;0.007660008228925985;0.0019550342130987275;0.019078089874071003;0.006600685411728646;0.004422265590190877;0.001977716872779478;-0.0023158952814008593;0.0008707255262152547;0.00514849197019962;-0.012210663729143145;0.01724133937154715;0.007128493513986811;0.007712062346860504;0.01144485652860694;0.008661465512094901;0.00837320574162681;0.006315409460316834;0.0;-0.013365735115431376;0.012809027506012871;-0.006532022027183171;0.01267158206709662;0.007747133755954039;0.005962800256153145;0.04334479993093998;-0.000163347564899885
2024-09-02;0.003541552229328948;-0.000491049791025211;0.0;0.003559985837409796;0.0;0.0;0.0;0.0;-0.009268292682926838;0.0;0.002459041407850915;0.0;0.005921439687157859;0.0;0.0;0.0;0.0;-0.009593860179325286;0.0;0.013265317541914179;0.0;0.007806356324725483;0.01838671411625148;0.0;0.0066122163495765385;0.00825124656038323;0.0;0.010823383453552049;-0.0166840297045181;0.0;0.0;0.0;0.0005990666227899677
2024-09-03;0.008341361188496599;0.00024569237178595493;0.019628494410157682;0.00035475738091839126;0.0019120295824026634;-0.004754115984399454;-0.04443726386986302;-0.014369216405149876;0.000492368291482137;-0.0026486899854968327;-0.01062962403367762;0.004289856330569997;-0.007848776857431239;0.014367969676002845;-0.0007829513082741046;-0.04071467834600384;-0.025595697650952265;-0.0018296751873262407;0.0006066757045968263;-0.009818715449715576;-0.027265458247983765;0.002323759359083466;-0.012230634828188647;-0.013125349047870216;-0.002318372020403303;-0.04385003527395104;-0.03711409306027591;-0.00830583236785698;0.0010603684924623824;-0.021320154302084005;-0.0183192833753838;-0.041284440320788485;-0.0042453534939039805
2024-09-04;-0.0073178345530735545;0.0007367087032803532;0.0071593270001863996;-0.0039007308635305993;0.0036491428831089134;0.004913879846532687;-0.005073124978026811;0.01580138924806107;-0.0019685039370078705;-0.005479778194808715;0.007438029139495095;0.023268902352743925;0.0028766603826808623;0.009186919653280112;-0.007095924579562984;0.006033203791339092;0.0048613008929943025;-0.024477045082431648;-0.003865280259655157;0.0;-0.008510765889707894;0.004636817740524268;-0.04009433962264153;-0.0018895636071757371;0.01161894453737422;-0.05927435373335477;0.00645617678178656;-0.02330976381595995;-0.009533813868021324;-0.010682909893162118;0.001914898430279921;-0.015437384998600145;-0.005793919520499569
2024-09-05;-0.005769240409429499;0.010306703532400263;-0.011294549210358329;0.009612005217864983;-0.028522460011241035;0.0071886432349976825;0.006543760384489783;0.015648190150964858;-0.004437869822485174;-0.007068761622613717;0.02379000401622844;-0.018016046983163614;0.038902868969728166;-0.014383143070677451;-0.003244499680915447;-0.020895584443145543;-0.004477107154584381;-0.021554106042763754;0.00874971780355649;-0.007627842303351562;-0.01683630035089201;0.012692304757925266;-0.027334152334152373;-0.004077713547206319;0.006508425376411164;-0.02227053757516051;0.0057968492288482665;-0.011054857781828686;-0.004278070611879459;-0.001058633020223354;0.008035292470562228;-0.017421547212703503;-0.0035735548884793245
2024-09-06;0.0019342187316881976;-0.015302338630978518;0.00503273505752122;-0.011988694722535942;-0.011829991915060734;-0.012301712478844262;-0.018574844075379793;0.005105261005131645;0.008420009905893977;-0.004599956563682173;0.017628180243952407;0.00559345477274209;-0.00224333160317014;0.002334285191761376;-0.01508750211592036;-0.0012164827353627894;0.006756497457735655;-0.0041798600949023434;-0.024563167376503436;-0.014347875380687825;-0.011596165555987303;0.00949487279621719;0.014524786864540618;-0.01769327930496445;-0.010270081717806412;-0.054166666666666696;-0.02611096181128758;-0.003760975822822088;0.0;-0.045676107786299935;-0.032097667621770354;-0.04815232816135018;-0.011973063910700188
2024-09-09;0.0061132733115838445;0.011100166570718883;0.013035567659253067;0.012491077257391181;0.00041350380539739717;0.010163720610456783;0.019098427920696492;-0.0036927868467919733;0.01915520628683698;0.016920100553245776;-0.0007873895600085667;0.008121055341980155;-0.007955708870642453;-0.00465759536849053;0.013398240145300333;0.006645267845219127;0.016915401992445345;0.00623936471922848;-0.007809680202652491;0.013776936898344916;0.012277910741207432;0.010158030795284656;-0.005291005291005346;0.019016843554903406;0.008070679507232503;-0.0066079295154185536;0.014494439665067027;0.009752519916351954;-0.018259942925001993;0.011104941322714224;0.009035170370458978;0.03813724891812198;0.010777866738380437
2024-09-10;-0.007355277865984888;-0.0014638050947564096;-0.005492316979063383;-0.0028199445756916797;-0.0015012117791574076;0.00798711781146677;-0.003376680136504717;-0.0002745381185913498;0.0;0.039649004553862666;0.023640601532961103;0.004082973363811027;-0.03713390943951356;0.008298295729575855;-0.028998288858401056;-0.0007004448696186216;0.032497847333454066;-0.013190543638141206;0.0038446120797130945;0.0030768956893529875;-0.005356950072332833;0.0033519609426151398;0.01408010012515648;0.005149381434497835;-0.004574873579068828;-0.00591278640059123;-0.0026649904333793106;-0.0002077502572513934;-0.017505557448180498;0.021197147067405053;0.0;0.00708282183702913;-0.0024309527149516397
2024-09-11;-0.008376295786504784;0.00610798920439759;-0.011755441816798884;0.0014139056384381288;-0.012681964512177957;-0.007962332053545684;0.0019481904259690541;0.0005034813827473616;0.0;0.0033765614505811836;0.0007698699631604189;-0.007033772163079766;-0.021908366730065354;-0.015491784161052347;-0.009258877719640402;0.008411554155542067;-0.011472935379283733;0.017365488882682856;0.00574487102379706;0.003067554955483942;-0.006300439880257636;-0.0025983553614160604;-0.00802221536562786;0.009010574318776499;0.005744910571576334;0.03806687819470267;0.01165341831127198;0.009764230541021268;0.002227222581649535;0.008496378335244525;0.013946341567911302;0.020255098222731638;-0.002603019644761617
2024-09-12;0.00389860068901271;0.008256438806901967;-0.004869874804299901;0.004941844244220839;-0.004921675030431727;0.008142556807565926;0.017499363249666722;-0.005901428737565717;0.009156626506024113;0.001279227078422096;-0.002307715782752351;-0.0038738072974066062;-0.00814510594188167;-0.0022552216263643787;0.008108499367356803;0.008236095004718447;0.013829393881296115;0.026614275358822326;0.0077705764344870865;0.024974503066194087;0.013260208762881254;-0.004838149015813142;0.02457231726283049;0.00831802106395374;0.011805006216315084;0.03480883781399524;0.007821352838694118;0.024483049849119087;0.010000016954210045;-0.0015995937064531285;0.02690350603915337;0.030790426288200168;0.007052053408219905
2024-09-13;0.00032363200664375924;-0.006262093770807109;0.007781827103436001;0.006673669880641553;-0.007230487282210207;-0.001076897652116604;0.020272535967371885;-0.001426587916429578;0.0009551098376312517;0.003142206554276994;-0.0007709394531941749;0.0;0.00709214707786221;0.01002695228117978;0.004862343615785303;0.014039488783857523;0.007061764018398309;0.0047035525438112735;0.007684982674721397;-0.010193929263260793;0.016417173701640086;0.012715039472630307;0.008803885853066129;0.014677580281384772;0.009409108124630583;0.016057551486582833;0.014938861310402007;0.007380265462183955;0.015401472750094625;-0.0019226693003099316;-0.0018645337915802473;0.019170766800059136;0.011193200112842305
2024-09-16;0.002588156716304635;-0.006786204330763268;0.002786163687331644;0.003140243814786725;0.009316176055498726;0.015266132427427248;0.030456007905742544;0.007097070128335048;0.001908396946564972;0.005771426926691303;-0.007716049019328541;0.0012222144851854466;-0.010007430035015141;-0.005200798562661424;0.020937862441947175;0.008364747717076071;0.021636234849581326;0.003919407279191711;0.023882046404967605;-0.004772731345187187;-0.003508415388947861;0.008493336147869845;0.0054167920553716;0.01668246983042132;0.003355710425502423;-0.019209776002639622;-0.0008033706719007272;-0.0024919013965081227;0.018418210696114157;-0.003531697585962945;0.017476979060185194;0.009623783418649445;-0.002671931374638059
2024-09-17;0.004840258781481754;-0.0058564633101612085;-0.02175120360951177;0.003130413552989042;0.010845973504192585;-0.009480829674441416;0.011300776788601308;-0.001601638701646202;-0.00666666666666671;-0.013963505632297757;-0.013219319571947108;-0.01642432843195396;0.028266607787124087;-0.0189768007566975;0.005536853430257116;-0.016692852976765482;0.001740417380303061;-0.020279743701318687;-0.014698938560442909;0.004795619548927821;0.0017271365497124602;0.0032955018069527053;0.010475905417539622;0.007823622403940522;-0.008546991584559516;0.008473364882717327;0.014946120810525931;0.0024981264813757065;0.004255315263436366;-0.027494335106997503;0.005700528540984351;0.012305009966805613;0.0058502316015622835
2024-09-18;-0.00834939736602136;-0.01325480837701487;-0.018420858387096062;0.0;-0.00017514796695372592;-0.0054749135204822386;0.01000233466505418;-0.008616691205124094;-0.0047938638542665;-0.003910548998625307;-0.0007880100308801374;-0.005641505181067985;0.016748555686037836;0.004654305382965518;0.0009250989777935814;-0.014752952581647771;-0.001893594591322878;-0.023466915689737133;0.006012615467767324;0.0022607422628293516;-0.0031168223509413506;-0.012043793003664094;0.0035545023696681444;-0.013155693420832448;-0.007871101552444526;-0.015151515151515138;-0.02325614726904557;-0.0053326294441937705;0.0;-0.0006626746103364223;0.0030392393730467315;-0.007104963475628723;-0.007066386058226071
2024-09-19;-0.01036268469951196;0.008208905723744442;-0.010085987357021486;0.011789160778223673;0.006811181143211442;0.009046718115147234;0.027466174481685313;-0.007119780504826756;-0.005780346820809301;0.011661510987852175;-0.0015773231295197476;0.015204897871717415;0.037421668929074725;-0.006165533349380969;-0.011574706754173159;0.00788761220999179;0.01126542128523833;0.018136476738389806;0.009077431874426;-0.007017608603662184;0.02823888549579112;-0.026228263482707348;0.02922077922077926;0.0014619333295518011;-0.017000334992974042;0.046014020159528046;0.02005885441620281;0.032668625176084376;-0.006355875912014253;0.030279650324327223;0.03931585258662773;0.015346140288643673;0.0027371763563361906
2024-09-20;-0.0029450312225361985;-0.02220571769771107;0.008769011207793609;0.0;-0.009571238342150235;-0.001049154598652624;0.003237896580572164;-0.0074501345020085985;-0.0004844961240310086;0.007129843100705635;-0.003159569752764879;-0.0014530855011941624;-0.010700706706592178;-0.0035870991351933945;-0.010552540878187133;-0.0271604533051355;-0.019959013214997934;-0.05366289417943293;0.002825175157305182;-0.04366480537292705;-0.0029113811587478944;0.006069796802253391;-0.0071694866647548094;0.000903690270130264;0.001921569415100688;-0.041716822019727484;-0.004671140948902863;-0.007763251121458037;0.0010661224690649007;-0.0015017377882842187;0.004024324983455729;-0.002292575789780371;-0.0030026918013643655
2024-09-23;0.014112251882700821;-0.009336430396407969;0.0024836252229019085;0.010623736234406822;-0.0007247514309701719;-0.004945797744448588;-0.004728586986610717;0.012666527030662289;0.0038778477944740875;0.0053807234808964655;0.010301133781255079;0.005820541912463506;-0.002616914282580707;-0.002765264096467379;0.01125011243932561;-0.01058249437674319;0.001815553233343259;-0.020705853630514692;0.0025700799078485215;-0.004222746106874342;0.016999808324574595;0.008672682438396917;-0.010976314269208531;0.014132844820378354;0.006520908257919844;0.0022324202018784156;0.006190841531660718;0.011491472388829527;0.02555908012174135;0.012031397471718996;0.0054511404501260685;0.0005957420836104621;0.003833162992814998
2024-09-24;0.006796148686531112;-0.005603602022702936;0.000990988844271623;0.002712846141420089;-0.00092314699018059;-0.0056997613435042505;-0.001583760966822556;0.010655068309341598;-0.011588604538870118;0.00641785455525179;-0.007843137254901933;-0.0011128740054624497;0.014343248833037503;0.003104287299213526;-0.01833390483627284;0.0064999787703803324;-0.0025213701494373186;0.006006727358663255;-0.009613074431144675;0.01590252573808537;0.03215511745246569;0.005607462374963568;0.0014602803738317238;0.012121241886273726;0.008765226533632875;0.012947219756391348;0.02394490092484225;0.0;0.031152667411186163;0.01432967293536036;-0.0019134248260544995;-0.002211466674367224;0.0066549526138541815
