Date,AD.AS,KER.PA,LOW,TGT,WBD,MA,ALV.F,SPGI,KKR,BARC.L,LSEG.L,EQIX,SLG,PLD,AMT,MDT,UNH,LH,TMO,VRTX,REGN,IDXX,TDOC,HCA,DPW.F,MG,EOAN.F,AMAT,CRG.IR,APD,LPX,DTE.F,NFLX,ETN,NVDA,SAPA.F,TCEHY,GOOG,0992.HK,META,DELL
2021-11-24,29.4774112701416,695.0054321289062,248.0186004638672,243.60537719726562,25.170000076293945,338.01953125,193.52699279785156,460.4620056152344,75.84339141845703,186.48443603515625,6724.7421875,783.1055908203125,70.20572662353516,151.05833435058594,259.3160095214844,111.28974151611328,444.3885498046875,281.2929992675781,631.6817016601562,186.24000549316406,648.1799926757812,622.4500122070312,106.0,237.49061584472656,53.49269485473633,8.579999923706055,10.266559600830078,147.64100646972656,44.16411209106445,290.46661376953125,70.4498062133789,16.284364700317383,658.2899780273438,167.265625,326.478271484375,115.8109130859375,59.70735549926758,146.71749877929688,7.5868706703186035,341.05999755859375,55.923152923583984
2021-11-25,29.530513763427734,703.0276489257812,,,,,192.81463623046875,,,188.54833984375,6738.56689453125,,,,,,,,,,,,,,52.95833969116211,,10.527073860168457,,44.04801559448242,,,16.297855377197266,,,,116.30795288085938,,,7.5013041496276855,,
2021-11-26,29.279478073120117,651.078369140625,243.1687774658203,241.46078491210938,24.719999313354492,322.2817687988281,182.55650329589844,451.5215759277344,73.51004791259766,175.20046997070312,6764.2412109375,779.4237670898438,66.00569915771484,146.53175354003906,256.7665710449219,107.99304962158203,434.2699279785156,286.81512451171875,637.4097290039062,183.58999633789062,643.3499755859375,607.52001953125,109.61000061035156,228.72767639160156,51.527034759521484,8.149999618530273,10.268461227416992,141.97357177734375,42.277584075927734,286.37060546875,68.1422348022461,15.557744026184082,665.6400146484375,163.8997802734375,314.7776794433594,116.80499267578125,59.03055953979492,142.80599975585938,7.38604736328125,333.1199951171875,54.83006286621094
2021-11-29,29.211891174316406,668.9818115234375,244.04254150390625,243.99710083007812,24.59000015258789,321.1285400390625,184.09523010253906,461.85272216796875,75.44790649414062,176.7628631591797,6783.99072265625,805.1087036132812,66.03662872314453,149.85580444335938,260.74212646484375,107.2442398071289,446.2049255371094,289.41265869140625,647.4188842773438,190.11000061035156,654.4000244140625,631.2999877929688,106.41000366210938,227.65830993652344,51.44115447998047,8.0600004196167,10.540385246276855,149.8307342529297,41.98735046386719,284.1372985839844,66.70247650146484,15.557744026184082,663.8400268554688,163.77256774902344,333.49267578125,115.3138656616211,58.39356994628906,146.11399841308594,7.357233047485352,338.0299987792969,56.18666076660156
2021-11-30,28.627750396728516,666.6338500976562,240.12535095214844,238.78733825683594,23.270000457763672,313.08563232421875,183.1833953857422,452.7136535644531,73.60891723632812,177.66943359375,6420.59814453125,797.4503173828125,65.08052062988281,147.38232421875,256.3856506347656,103.76278686523438,438.52471923828125,282.8792419433594,631.5120849609375,186.94000244140625,636.530029296875,608.0700073242188,101.25,223.37088012695312,49.94305419921875,7.96999979019165,10.367342948913574,145.8377227783203,41.522972106933594,280.3240661621094,64.4442138671875,15.07011890411377,641.9000244140625,158.56723022460938,326.498291015625,113.32569885253906,58.17461013793945,142.45199584960938,7.654980182647705,324.4599914550781,55.113094329833984
2021-12-01,28.738784790039062,689.8202514648438,240.86166381835938,235.40882873535156,22.260000228881836,304.4959411621094,186.18484497070312,446.0877685546875,73.16400909423828,182.93527221679688,6667.46826171875,788.8592529296875,63.35580062866211,148.31109619140625,252.93760681152344,102.566650390625,438.6431579589844,282.99822998046875,624.845947265625,205.0,630.5900268554688,599.4500122070312,93.44000244140625,223.3907012939453,50.45832443237305,7.809999942779541,10.2988862991333,150.27658081054688,42.0840950012207,277.885986328125,65.74592590332031,15.147214889526367,617.77001953125,157.9899444580078,314.1366882324219,114.31978607177734,58.950931549072266,141.6179962158203,7.7894463539123535,310.6000061035156,54.361595153808594
2021-12-02,28.801544189453125,678.4716186523438,245.81947326660156,240.41294860839844,23.25,318.3348693847656,189.3382568359375,457.9189453125,74.62728881835938,180.58206176757812,6499.5966796875,784.1070556640625,66.76777648925781,150.97035217285156,260.0583190917969,104.32683563232422,440.3016357421875,288.7682189941406,626.2730102539062,204.4499969482422,634.0,599.010009765625,96.5999984741211,229.77723693847656,49.761756896972656,7.989999771118164,10.344523429870605,145.14419555664062,42.01637268066406,280.3143005371094,69.51297760009766,15.143359184265137,616.469970703125,163.03875732421875,321.0419921875,113.32569885253906,59.428672790527344,143.77650451660156,7.635770797729492,310.3900146484375,55.776756286621094
2021-12-03,28.608440399169922,669.177490234375,244.15052795410156,242.4400634765625,23.989999771118164,320.2337646484375,188.4644317626953,452.80303955078125,72.78829956054688,180.02267456054688,6442.32275390625,779.6103515625,65.56796264648438,151.20497131347656,260.7616271972656,103.92810821533203,445.00604248046875,287.826416015625,634.7852172851562,203.80999755859375,635.1599731445312,586.5399780273438,92.43000030517578,227.76722717285156,49.532745361328125,8.0,10.25515079498291,144.49021911621094,41.42622756958008,281.4748840332031,69.64118194580078,14.902438163757324,602.1300048828125,162.85284423828125,306.7217102050781,111.8345718383789,56.49256896972656,142.52049255371094,7.904703140258789,306.8399963378906,57.07479476928711
2021-12-06,28.88844108581543,680.232666015625,246.59506225585938,237.93536376953125,24.399999618530273,331.38836669921875,193.38453674316406,453.5083312988281,73.55948638916016,180.408447265625,6507.49658203125,782.0059814453125,68.64247131347656,153.05276489257812,263.31103515625,107.2053451538086,455.6924133300781,286.7754821777344,620.9541015625,205.05999755859375,625.0,592.2100219726562,94.77999877929688,231.47042846679688,49.82855224609375,8.180000305175781,10.50235366821289,146.0260009765625,42.97414779663086,285.6391296386719,70.51883697509766,15.413191795349121,612.6900024414062,166.16978454589844,300.1661682128906,113.32569885253906,58.17461013793945,143.79649353027344,7.9527268409729,317.8699951171875,57.33831024169922
2021-12-07,29.366376876831055,719.2680053710938,252.22047424316406,240.54025268554688,24.219999313354492,337.53240966796875,195.61660766601562,467.34613037109375,76.82219696044922,180.08055114746094,6627.96875,798.0983276367188,70.32971954345703,155.74131774902344,270.3829650878906,109.1794662475586,460.26806640625,293.566650390625,627.400634765625,205.22000122070312,635.0900268554688,611.4299926757812,98.41000366210938,236.25291442871094,52.32856369018555,8.149999618530273,10.555598258972168,155.44862365722656,44.12541198730469,288.6038818359375,73.2405776977539,15.515342712402344,625.5800170898438,166.91339111328125,324.0499267578125,117.30204010009766,59.448577880859375,148.0364990234375,8.106402397155762,322.80999755859375,57.49446487426758
2021-12-08,28.902925491333008,701.9515380859375,252.05355834960938,234.6352081298828,24.030000686645508,340.3459167480469,194.9042510986328,469.8692932128906,76.11033630371094,179.28968811035156,6673.39306640625,799.6693115234375,71.4732894897461,155.87820434570312,269.44525146484375,109.32533264160156,464.3583679199219,294.28045654296875,636.8209838867188,206.61000061035156,654.0399780273438,618.5499877929688,102.05000305175781,238.1441192626953,51.99459457397461,8.170000076293945,10.56890869140625,155.84494018554688,43.46754837036133,288.350341796875,73.37865447998047,15.523052215576172,628.0800170898438,166.25782775878906,318.0440368652344,119.7872543334961,60.05570602416992,148.7205047607422,8.125612258911133,330.55999755859375,56.99672317504883
2021-12-09,29.009132385253906,693.3422241210938,253.43783569335938,232.637451171875,23.579999923706055,342.5132141113281,192.9096221923828,464.5646667480469,74.90411376953125,176.3385009765625,6558.84521484375,784.293701171875,69.63607025146484,154.0402069091797,264.7664489746094,109.70459747314453,468.7756042480469,279.548095703125,635.7432250976562,208.41000366210938,665.719970703125,607.5800170898438,94.9800033569336,239.06497192382812,51.11672592163086,7.949999809265137,10.738147735595703,151.24758911132812,43.099918365478516,285.9219665527344,73.62518310546875,15.399700164794922,611.0,164.95648193359375,304.6930847167969,115.8109130859375,59.2296142578125,148.1060028076172,8.212055206298828,329.82000732421875,56.26474380493164
2021-12-10,29.293962478637695,685.3199462890625,256.60888671875,233.24461364746094,23.290000915527344,347.88177490234375,192.7671356201172,470.534912109375,74.48886108398438,176.01058959960938,6657.59375,783.4002075195312,70.5453109741211,155.5262451171875,266.2414245605469,109.3350601196289,473.638427734375,285.9129943847656,641.1719360351562,208.05999755859375,669.52001953125,607.9000244140625,94.01000213623047,241.1542205810547,51.078556060791016,7.869999885559082,10.778080940246582,151.32684326171875,42.89675521850586,288.0382385253906,76.31733703613281,15.320677757263184,611.6599731445312,166.7862091064453,301.77508544921875,117.79907989501953,59.159942626953125,148.6750030517578,8.183241844177246,329.75,56.2159423828125
2021-12-13,29.40982437133789,679.05859375,252.54443359375,229.31771850585938,22.75,343.298583984375,191.7698211669922,475.6905212402344,71.57219696044922,171.8056182861328,6602.294921875,801.3482055664062,68.5112533569336,158.1077117919922,269.6112365722656,109.75321960449219,473.5493469238281,289.9281921386719,644.6646118164062,208.14999389648438,660.1500244140625,605.3400268554688,92.54000091552734,242.1761016845703,51.01176071166992,7.599999904632568,10.852241516113281,145.7485809326172,42.68391418457031,290.19354248046875,74.39437103271484,15.417046546936035,604.5599975585938,166.04258728027344,281.41888427734375,120.78133392333984,58.702110290527344,146.70449829101562,7.97193717956543,334.489990234375,54.38111877441406
2021-12-14,29.197410583496094,675.0474853515625,247.85171508789062,230.4047088623047,22.510000228881836,338.5663146972656,191.7223358154297,467.2269592285156,72.21485900878906,173.67665100097656,6685.2431640625,791.1959838867188,69.18331909179688,155.8010711669922,267.0618591308594,108.61542510986328,474.85662841796875,292.1291198730469,631.0474853515625,209.24000549316406,670.969970703125,596.3499755859375,92.16999816894531,243.17813110351562,50.77321243286133,7.539999961853027,10.79899787902832,146.37278747558594,43.25471115112305,290.8177185058594,72.68834686279297,15.58280086517334,597.989990234375,161.28733825683594,283.17767333984375,120.28429412841797,58.49310302734375,144.9705047607422,8.039170265197754,333.739990234375,53.31730651855469
2021-12-15,28.946372985839844,679.3521728515625,252.8389892578125,231.74632263183594,22.56999969482422,344.3325500488281,192.95709228515625,475.7998352050781,73.10468292236328,170.20465087890625,6655.61865234375,802.2515258789062,69.70926666259766,159.56039428710938,267.9800720214844,102.0512466430664,489.6333923339844,304.521728515625,654.6378173828125,211.1300048828125,657.9299926757812,611.5599975585938,92.94000244140625,251.82940673828125,51.18351745605469,7.659999847412109,10.932107925415039,152.248291015625,43.206336975097656,297.52734375,74.70993041992188,15.544252395629883,605.0399780273438,165.61204528808594,304.38330078125,118.79316711425781,57.36842346191406,147.36849975585938,8.067983627319336,341.6600036621094,54.69342803955078
2021-12-16,28.9222354888916,680.8196411132812,248.6174774169922,220.12228393554688,23.40999984741211,350.8642883300781,194.9042510986328,473.6739807128906,70.28687286376953,175.6634063720703,6645.74365234375,807.9559326171875,68.54045867919922,160.2376708984375,272.9811706542969,99.3963851928711,488.1279602050781,307.46624755859375,660.1385498046875,212.61000061035156,631.739990234375,607.5599975585938,87.43000030517578,251.9782257080078,51.3934440612793,7.579999923706055,11.139378547668457,145.35223388671875,43.35145568847656,295.6451721191406,74.57186889648438,15.53461742401123,591.0599975585938,165.1619873046875,283.6773376464844,120.78133392333984,56.522430419921875,144.8385009765625,8.231264114379883,334.8999938964844,53.66865921020508
2021-12-17,28.975339889526367,674.851806640625,243.5614471435547,218.6827392578125,23.280000686645508,347.2752990722656,193.90692138671875,464.5448303222656,70.77134704589844,174.4096221923828,6722.767578125,807.32763671875,69.51446533203125,158.2058563232422,272.38531494140625,97.8598861694336,482.443115234375,305.27520751953125,649.9757080078125,214.5399932861328,619.280029296875,616.8800048828125,97.7699966430664,251.78973388671875,51.20260238647461,7.630000114440918,11.179311752319336,144.80731201171875,43.30308151245117,290.9444580078125,73.6843490600586,15.544252395629883,586.72998046875,161.5123748779297,277.82135009765625,120.78133392333984,55.97502136230469,142.80299377441406,8.384940147399902,333.7900085449219,53.33682632446289
2021-12-20,29.284305572509766,667.123046875,241.13653564453125,214.6481170654297,22.889999389648438,335.0569152832031,191.34239196777344,457.2931213378906,69.78263854980469,172.24928283691406,6661.54345703125,807.416015625,67.66386413574219,158.41200256347656,271.9945983886719,96.79016876220703,479.0856628417969,306.75244140625,648.2286376953125,215.41000366210938,603.1400146484375,604.1099853515625,95.51000213623047,243.68411254882812,51.059471130371094,7.190000057220459,11.219244956970215,143.67776489257812,42.30660629272461,287.7066955566406,70.97245788574219,15.24551010131836,593.739990234375,160.52410888671875,277.00189208984375,118.79316711425781,54.561710357666016,142.40150451660156,8.212055206298828,325.45001220703125,52.31205368041992
2021-12-21,29.211891174316406,668.5905151367188,242.4717254638672,215.50990295410156,23.530000686645508,348.69696044921875,193.8594512939453,467.3759460449219,71.34479522705078,177.7080078125,6718.81689453125,789.9686279296875,69.23200225830078,157.82305908203125,271.3987731933594,99.48149871826172,482.5322265625,299.990966796875,644.25537109375,218.60000610351562,606.8099975585938,624.0599975585938,96.70999908447266,245.0830078125,51.76558303833008,7.269999980926514,11.422712326049805,150.02886962890625,43.21601104736328,288.4283447265625,72.45166778564453,15.397772789001465,604.9199829101562,163.63560485839844,290.55267333984375,118.79316711425781,57.66701126098633,144.2205047607422,8.711502075195312,334.20001220703125,54.11760330200195
2021-12-22,28.869131088256836,672.9929809570312,245.14208984375,213.22817993164062,23.6299991607666,355.3977355957031,194.3343505859375,470.12762451171875,73.16400909423828,179.23182678222656,6837.31494140625,803.8617553710938,69.43653106689453,159.26593017578125,274.7198486328125,99.17811584472656,489.38580322265625,301.60699462890625,650.6046752929688,222.77000427246094,617.47998046875,640.030029296875,94.37999725341797,250.0832977294922,51.899173736572266,7.25,11.455039024353027,150.92062377929688,43.6126708984375,289.803466796875,75.23258209228516,15.374645233154297,614.239990234375,163.14637756347656,293.8005065917969,119.29020690917969,56.691627502441406,146.94900512695312,8.740316390991211,330.45001220703125,54.03952407836914
2021-12-23,28.941545486450195,673.7756958007812,245.5249481201172,216.43038940429688,24.420000076293945,358.4796447753906,195.80657958984375,470.60443115234375,74.88434600830078,180.73635864257812,6932.11328125,803.8911743164062,69.91381072998047,158.7653350830078,273.62042236328125,100.70484161376953,490.623779296875,299.31683349609375,649.6063232421875,223.4499969482422,625.3800048828125,645.02001953125,95.08999633789062,250.0634307861328,52.40489959716797,7.460000038146973,11.483562469482422,154.06149291992188,44.444671630859375,292.0660095214844,75.33119201660156,15.613637924194336,614.0900268554688,164.41836547851562,296.1988220214844,124.26063537597656,59.976078033447266,147.1425018310547,8.67308235168457,335.239990234375,54.53727340698242
2021-12-24,28.88361358642578,672.1124877929688,,,,,,,,180.77493286132812,6896.56396484375,,,,,,,,,,,,,,,,,,44.618812561035156,,,,,,,,,,8.61545467376709,,
2021-12-27,28.965682983398438,683.8524780273438,249.06906127929688,219.45639038085938,24.360000610351562,358.2112121582031,197.42129516601562,474.9355773925781,76.37728881835938,,,819.9442749023438,70.53717041015625,162.82894897460938,280.5115051269531,102.20219421386719,494.7042541503906,304.1747131347656,661.0970458984375,222.33999633789062,634.77001953125,654.8400268554688,93.54000091552734,251.76988220214844,53.19689178466797,7.420000076293945,11.462644577026367,161.22506713867188,,294.7381591796875,77.78667449951172,15.642549514770508,613.1199951171875,166.99166870117188,309.2400207519531,120.78133392333984,59.10022735595703,148.06399536132812,,346.17999267578125,55.239967346191406
2021-12-28,29.293962478637695,685.4177856445312,249.38323974609375,220.2495880126953,24.329999923706055,358.67852783203125,198.276123046875,471.9554138183594,75.8631591796875,,,822.7915649414062,70.38133239746094,162.7307891845703,283.1913146972656,102.30006408691406,498.1112060546875,304.36309814453125,654.2784423828125,221.92999267578125,638.4600219726562,651.280029296875,91.11000061035156,254.736328125,54.01750564575195,7.5,11.569132804870605,158.17337036132812,,296.46435546875,77.00762939453125,15.871905326843262,610.7100219726562,167.51023864746094,303.01422119140625,123.26654815673828,56.8608283996582,146.447998046875,8.653873443603516,346.2200012207031,55.58156204223633
2021-12-29,29.404996871948242,688.2549438476562,252.86843872070312,223.1972198486328,23.8700008392334,359.185546875,197.80120849609375,471.4090576171875,73.65835571289062,181.7972412109375,6979.51220703125,826.7091064453125,70.37158203125,164.58590698242188,283.5741882324219,101.73242950439453,500.7258605957031,306.0187683105469,661.6160888671875,223.32000732421875,647.280029296875,655.6900024414062,90.12000274658203,256.45269775390625,53.78849792480469,7.610000133514404,11.58814811706543,159.5010528564453,45.22830581665039,297.8394470214844,77.6190414428711,15.719644546508789,610.5399780273438,168.00926208496094,299.806396484375,121.77542114257812,56.55228805541992,146.50450134277344,8.634663581848145,342.94000244140625,55.67915725708008
2021-12-30,29.433963775634766,692.4617309570312,251.70997619628906,227.10455322265625,24.450000762939453,358.8872375488281,197.56375122070312,467.3659973144531,73.92530059814453,181.37289428710938,6872.86376953125,830.1357421875,70.53717041015625,164.87057495117188,285.7926940917969,102.24134826660156,499.5868835449219,310.6486511230469,664.33154296875,222.4499969482422,642.510009765625,661.3200073242188,94.3499984741211,256.0756530761719,53.68353271484375,7.610000133514404,11.645195960998535,156.52859497070312,45.43147277832031,296.36688232421875,76.5638656616211,15.619421005249023,612.0900268554688,167.72552490234375,295.6592102050781,121.27838134765625,58.921077728271484,146.00250244140625,8.46177864074707,344.3599853515625,55.15213394165039
2021-12-31,29.09602928161621,691.5812377929688,253.76182556152344,226.644287109375,23.540000915527344,357.2270202636719,,468.806396484375,73.65835571289062,180.35057067871094,6843.23974609375,830.4794311523438,69.83588409423828,165.2533721923828,287.127685546875,101.24310302734375,497.31890869140625,311.5111999511719,666.118408203125,219.60000610351562,631.52001953125,658.4600219726562,91.81999969482422,254.89508056640625,,7.429999828338623,,155.91432189941406,45.005794525146484,298.1995849609375,77.26403045654297,,602.4400024414062,169.09535217285156,293.910400390625,,58.02531433105469,144.67950439453125,8.605850219726562,336.3500061035156,54.8203010559082
2022-01-03,29.4774112701416,692.6574096679688,250.8460235595703,227.14370727539062,25.329999923706055,368.7892761230469,200.17578125,458.0481262207031,72.6894302368164,,,820.9260864257812,73.02088165283203,161.85720825195312,281.1200866699219,103.83656311035156,497.4575500488281,295.618896484375,643.8359985351562,222.52999877929688,627.0999755859375,631.010009765625,95.08000183105469,252.07745361328125,53.61674118041992,7.550000190734863,11.681325912475586,158.460693359375,,289.9178771972656,76.90902709960938,15.927800178527832,597.3699951171875,165.02500915527344,301.0055847167969,121.77542114257812,57.965599060058594,145.07449340820312,8.692293167114258,338.5400085449219,55.61083984375
2022-01-04,29.41465187072754,703.908203125,255.0675506591797,229.31771850585938,26.75,373.2033996582031,204.63995361328125,456.77655029296875,73.47049713134766,189.66709899902344,6979.51220703125,799.836181640625,76.05001068115234,158.02919006347656,277.5763854980469,104.12039184570312,486.1867980957031,287.71734619140625,616.9613037109375,221.86000061035156,616.8200073242188,605.4199829101562,91.47000122070312,258.2186279296875,54.19880294799805,7.769999980926514,11.590049743652344,156.90512084960938,46.466644287109375,293.45599365234375,75.83413696289062,15.968274116516113,591.1500244140625,167.76466369628906,292.7012023925781,122.2724609375,57.09969711303711,144.41650390625,8.596244812011719,336.5299987792969,57.084556579589844
2022-01-05,29.72844696044922,724.7466430664062,250.0998992919922,224.11773681640625,26.450000762939453,371.7220764160156,203.02525329589844,452.74346923828125,68.20071411132812,190.8822784423828,7098.009765625,774.769775390625,75.60197448730469,154.74099731445312,259.7106628417969,103.74849700927734,484.9884338378906,284.1086120605469,617.4804077148438,221.4199981689453,595.1199951171875,583.4600219726562,84.31999969482422,256.92889404296875,54.25605773925781,7.699999809265137,11.426514625549316,152.3275604248047,46.379573822021484,298.1799621582031,73.99005126953125,15.717716217041016,567.52001953125,165.367431640625,275.8526611328125,121.77542114257812,54.541805267333984,137.65350341796875,8.644268989562988,324.1700134277344,56.58681106567383
2022-01-06,29.56431007385254,702.5385131835938,253.0844268798828,226.55615234375,25.719999313354492,368.3275146484375,208.0118408203125,448.96856689453125,69.79251861572266,193.3223114013672,6941.98828125,761.00439453125,77.54998016357422,153.68092346191406,260.0248107910156,102.73068237304688,465.14080810546875,286.0715637207031,619.3572998046875,221.64999389648438,598.4400024414062,576.3599853515625,81.76000213623047,252.50404357910156,53.43544006347656,7.909999847412109,11.285799026489258,154.90367126464844,45.61528778076172,292.0838928222656,74.05908203125,15.918163299560547,553.2899780273438,165.75885009765625,281.5887756347656,119.7872543334961,56.05464553833008,137.55099487304688,8.56743049621582,332.4599914550781,56.64537048339844
2022-01-07,29.453271865844727,701.8536987304688,246.50669860839844,225.9979705810547,30.059999465942383,367.9790344238281,210.10145568847656,443.7930908203125,68.71484375,197.95164489746094,6979.51220703125,760.866943359375,77.87140655517578,150.89334106445312,261.6837463378906,102.9166259765625,454.1969299316406,282.8197326660156,606.0496826171875,221.85000610351562,603.72998046875,550.2999877929688,82.18000030517578,250.22216796875,53.43544006347656,7.599999904632568,11.26488208770752,149.4244842529297,45.35407638549805,291.48602294921875,72.35306549072266,15.640621185302734,541.0599975585938,164.2324676513672,272.28509521484375,118.79316711425781,56.880733489990234,137.00450134277344,8.625059127807617,331.7900085449219,56.59657287597656
2022-01-10,29.4774112701416,679.05859375,243.1687774658203,222.70758056640625,28.59000015258789,362.2650146484375,212.19107055664062,432.5082702636719,68.5269775390625,200.5074005126953,7082.21044921875,750.4496459960938,77.17011260986328,150.19642639160156,259.5536193847656,103.3668212890625,460.5354919433594,289.115234375,623.9893798828125,223.9600067138672,621.27001953125,558.6500244140625,82.18000030517578,247.5037841796875,52.00413513183594,7.360000133514404,11.280095100402832,148.21568298339844,44.74458312988281,289.2220458984375,72.42208099365234,15.110594749450684,539.8499755859375,162.833251953125,273.81402587890625,119.29020690917969,57.86606979370117,138.57400512695312,8.625059127807617,328.07000732421875,58.441158294677734
2022-01-11,30.018104553222656,694.9075927734375,244.94573974609375,222.8348846435547,28.68000030517578,364.63427734375,214.4231719970703,438.10101318359375,70.87022399902344,199.63941955566406,7147.38427734375,752.953369140625,76.96558380126953,150.16700744628906,255.70558166503906,105.58839416503906,464.4970703125,289.4324645996094,619.4570922851562,226.14999389648438,626.0900268554688,555.0599975585938,86.31999969482422,248.35699462890625,51.79420852661133,7.449999809265137,11.453136444091797,151.04942321777344,45.160587310791016,291.6134338378906,73.30960083007812,15.328387260437012,540.8400268554688,164.1444091796875,277.9812316894531,119.7872543334961,60.41400909423828,140.0175018310547,8.4425687789917,334.3699951171875,58.80226516723633
2022-01-12,29.96982765197754,699.603515625,246.14346313476562,219.8187255859375,28.790000915527344,365.649658203125,214.94557189941406,444.8758239746094,71.32501220703125,204.26873779296875,7269.83154296875,750.5772705078125,76.80973815917969,150.41238403320312,254.62583923339844,106.62576293945312,469.1717224121094,280.361083984375,624.1492309570312,226.13999938964844,631.4400024414062,554.6300048828125,81.87999725341797,247.33511352539062,52.36673355102539,7.289999961853027,11.320027351379395,158.0841827392578,45.49919128417969,293.7794189453125,75.66649627685547,15.44595718383789,537.219970703125,167.76466369628906,279.79998779296875,120.28429412841797,62.2652473449707,141.6479949951172,8.625059127807617,333.260009765625,58.50947570800781
2022-01-13,29.873275756835938,674.3368530273438,246.1238250732422,221.15052795410156,29.34000015258789,367.8496398925781,214.70811462402344,433.3824157714844,69.07077026367188,209.38027954101562,7329.080078125,734.533935546875,79.19605255126953,150.32403564453125,250.7483673095703,106.45940399169922,462.942138671875,275.423828125,599.8800659179688,226.5800018310547,616.1099853515625,534.2000122070312,78.5,252.40484619140625,51.90871810913086,7.170000076293945,11.502577781677246,155.7359619140625,45.828125,288.4281921386719,76.82027435302734,15.418973922729492,519.2000122070312,167.4906768798828,265.56964111328125,119.29020690917969,59.25947570800781,139.13099670410156,8.67308235168457,326.4800109863281,58.724185943603516
2022-01-14,29.303617477416992,654.28076171875,238.95706176757812,216.81231689453125,31.18000030517578,370.4578552246094,214.70811462402344,429.498291015625,68.61597442626953,207.83717346191406,7331.05517578125,733.19873046875,79.31292724609375,149.92160034179688,246.01687622070312,106.23431396484375,464.1900634765625,273.70867919921875,593.8001708984375,234.05999755859375,615.239990234375,529.3499755859375,79.56999969482422,254.97442626953125,51.69879150390625,7.170000076293945,11.706046104431152,165.4657440185547,45.05416488647461,285.5467224121094,74.5521469116211,15.432465553283691,525.6900024414062,167.2362823486328,269.2371826171875,118.29612731933594,60.38414764404297,139.7864990234375,8.67308235168457,331.8999938964844,59.07553482055664
2022-01-17,29.40982437133789,669.8143310546875,,,,,215.65794372558594,,,207.1620635986328,7338.955078125,,,,,,,,,,,,,,51.86100387573242,,11.643294334411621,,45.66366195678711,,,15.32260513305664,,,,119.29020690917969,,,8.634663581848145,,
2022-01-18,29.255338668823242,656.4436645507812,234.8300018310547,215.4511260986328,29.639999389648438,364.6441955566406,214.4231719970703,421.3426513671875,67.19223022460938,202.33985900878906,7331.05517578125,729.4481201171875,77.11167907714844,150.59886169433594,245.634033203125,105.19691467285156,456.56396484375,269.44561767578125,589.108154296875,231.07000732421875,611.219970703125,518.1699829101562,75.69999694824219,246.7696075439453,51.41252899169922,6.889999866485596,11.628081321716309,150.9602508544922,44.69620895385742,280.8913269042969,69.10865783691406,15.309113502502441,510.79998779296875,163.03875732421875,258.8542175292969,118.79316711425781,57.278846740722656,136.29049682617188,8.375336647033691,318.1499938964844,58.0507698059082
2022-01-19,28.88361358642578,669.3228149414062,231.17572021484375,219.20175170898438,28.579999923706055,359.0993957519531,212.71347045898438,420.1506042480469,66.12443542480469,199.5911865234375,7346.85498046875,717.2241821289062,75.85521697998047,150.75592041015625,244.4266357421875,105.4611587524414,458.07928466796875,269.68359375,592.3726806640625,230.83999633789062,618.1099853515625,519.1300048828125,75.51000213623047,243.3964080810547,51.3934440612793,6.940000057220459,11.512085914611816,141.75559997558594,44.473697662353516,279.8818664550781,67.54068756103516,15.63484001159668,515.8599853515625,159.8685760498047,250.49989318847656,119.7872543334961,57.32861328125,135.65199279785156,8.4425687789917,319.5899963378906,56.567291259765625
2022-01-20,28.661544799804688,670.404296875,220.5674285888672,217.1256866455078,27.489999771118164,362.3546142578125,212.04859924316406,415.2134704589844,66.32218170166016,198.24098205566406,7449.552734375,717.2437744140625,73.8487777709961,151.29576110839844,241.42286682128906,103.84635925292969,458.5546875,268.5434265136719,587.17138671875,228.61000061035156,614.3800048828125,511.1499938964844,76.19000244140625,238.86241149902344,51.44115447998047,7.010000228881836,11.599557876586914,137.87159729003906,44.77360534667969,281.2637634277344,65.01618194580078,15.63484001159668,508.25,157.5887908935547,241.3361053466797,120.78133392333984,60.21495056152344,133.50650024414062,8.135217666625977,316.55999755859375,56.020751953125
2022-01-21,28.09671401977539,657.5250854492188,221.6410675048828,212.74832153320312,26.190000534057617,353.47491455078125,209.10414123535156,414.17047119140625,65.07640838623047,192.1553497314453,7437.70263671875,708.4760131835938,71.64754486083984,152.56195068359375,240.26451110839844,103.34723663330078,456.7422790527344,269.2374572753906,579.3546142578125,228.0800018310547,621.4000244140625,501.9599914550781,72.9000015258789,236.0547332763672,49.71404266357422,7.019999980926514,11.466448783874512,133.81918334960938,43.78680419921875,276.8435974121094,63.29043197631836,15.399700164794922,397.5,157.0800018310547,233.5813751220703,118.29612731933594,59.37890625,130.0919952392578,8.25047492980957,303.1700134277344,54.234718322753906
2022-01-24,27.483606338500977,637.9606323242188,228.8610076904297,216.0093231201172,26.8799991607666,347.84051513671875,205.58978271484375,415.1836853027344,64.67105102539062,183.5911102294922,7269.83154296875,717.56787109375,71.62386322021484,150.4810791015625,243.83766174316406,101.98689270019531,457.8316650390625,269.81243896484375,574.8321533203125,229.67999267578125,621.47998046875,511.6499938964844,75.16000366210938,241.68003845214844,48.139610290527344,7.230000019073486,11.325732231140137,138.0103302001953,41.73581314086914,277.1768493652344,66.47566986083984,15.36886215209961,387.1499938964844,157.25611877441406,233.5614013671875,115.8109130859375,58.921077728271484,130.3719940185547,8.048774719238281,308.7099914550781,54.088321685791016
2022-01-25,27.628435134887695,633.9296875,226.55612182617188,210.23155212402344,26.860000610351562,337.2287292480469,210.3389129638672,396.8856201171875,64.02838897705078,189.70567321777344,7317.23046875,706.6007080078125,69.96105194091797,151.1190948486328,245.9285430908203,101.94774627685547,452.4538269042969,265.7476501464844,566.7957153320312,227.11000061035156,603.1900024414062,478.19000244140625,72.02999877929688,237.22543334960938,49.065185546875,7.019999980926514,11.380877494812012,131.76820373535156,41.60036849975586,273.8641662597656,65.23312377929688,15.440174102783203,366.4200134277344,154.04681396484375,223.08851623535156,113.82273864746094,59.81683349609375,126.7354965209961,8.000750541687012,300.1499938964844,54.107845306396484
2022-01-26,27.261537551879883,645.4324340820312,224.67481994628906,207.3231201171875,24.399999618530273,343.10205078125,213.18838500976562,394.9087829589844,63.800987243652344,195.0100860595703,7133.55908203125,683.193603515625,68.59110260009766,148.92042541503906,238.14419555664062,101.86945343017578,454.028564453125,264.5083923339844,561.9539184570312,226.5800018310547,605.25,466.5199890136719,69.58000183105469,238.10841369628906,50.07664108276367,6.929999828338623,11.344748497009277,134.3343963623047,42.21953582763672,270.9043273925781,63.576419830322266,15.515342712402344,359.70001220703125,154.82957458496094,227.5654754638672,115.8109130859375,59.14999008178711,129.24000549316406,8.07758903503418,294.6300048828125,54.01024627685547
2022-01-27,27.618778228759766,641.991455078125,222.53738403320312,207.7833709716797,25.239999771118164,348.9455261230469,216.27532958984375,392.46502685546875,65.25438690185547,196.31210327148438,6870.88916015625,670.6162719726562,66.09688568115234,145.86781311035156,232.08750915527344,100.9788589477539,457.1681213378906,263.4476013183594,552.8092651367188,228.22000122070312,608.719970703125,471.0799865722656,67.44000244140625,227.04629516601562,50.381988525390625,6.739999771118164,11.709848403930664,128.95428466796875,42.277584075927734,270.3554382324219,62.04789733886719,15.995257377624512,386.70001220703125,152.0703582763672,219.29107666015625,109.84639739990234,59.11017990112305,129.12100219726562,8.087193489074707,294.6400146484375,54.11760330200195
2022-01-28,27.758779525756836,636.8790893554688,231.4613494873047,213.1596221923828,27.149999618530273,380.7809753417969,216.1803436279297,403.9287109375,67.41963958740234,189.87925720214844,6890.63916015625,694.7105712890625,68.29952239990234,152.2086181640625,242.23760986328125,100.92992401123047,461.58526611328125,267.76019287109375,571.0685424804688,243.02000427246094,624.9199829101562,489.04998779296875,70.4000015258789,234.74513244628906,49.82855224609375,6.809999942779541,11.610967636108398,131.23316955566406,43.099918365478516,272.1000061035156,64.02017974853516,15.995257377624512,384.3599853515625,153.31298828125,228.24497985839844,108.35527038574219,58.8215446472168,133.2895050048828,8.039170265197754,301.7099914550781,54.88862609863281
2022-01-31,27.763607025146484,645.23583984375,233.78591918945312,215.86241149902344,27.90999984741211,384.6334533691406,216.3703155517578,412.4717712402344,70.35608673095703,190.20716857910156,7129.60888671875,711.7357177734375,68.82146453857422,153.92633056640625,246.8807373046875,101.2822494506836,468.0328063964844,269.02923583984375,580.3229370117188,243.0500030517578,608.5900268554688,507.29998779296875,76.70999908447266,238.15802001953125,50.66824722290039,6.71999979019165,11.637589454650879,136.91050720214844,42.964473724365234,276.5005798339844,65.51910400390625,16.06464385986328,427.1400146484375,155.01547241210938,244.69383239746094,107.85823059082031,62.245338439941406,135.69850158691406,8.02956485748291,313.260009765625,55.444923400878906
2022-02-01,27.71050453186035,660.376220703125,234.7709197998047,214.6873016357422,27.170000076293945,390.28778076171875,215.89540100097656,414.6969299316406,71.64140319824219,193.94921875,7054.560546875,702.3002319335938,70.33987426757812,150.6872100830078,245.55551147460938,101.38011932373047,463.9127197265625,270.6155090332031,593.3110961914062,245.66000366210938,613.3599853515625,513.510009765625,80.33999633789062,235.45945739746094,51.44115447998047,6.739999771118164,11.7573881149292,137.33657836914062,44.05769348144531,278.9606018066406,67.69847106933594,16.16872215270996,457.1300048828125,155.95477294921875,246.21279907226562,109.84639739990234,62.454349517822266,137.8784942626953,,319.0,57.16263198852539
2022-02-02,28.217405319213867,667.5531616210938,235.5194854736328,213.10084533691406,27.690000534057617,394.95660400390625,216.03787231445312,419.27642822265625,72.353271484375,195.8298797607422,7161.20849609375,703.5372924804688,70.03619384765625,154.42691040039062,247.70529174804688,101.1648178100586,475.1735534667969,270.8336181640625,603.1146240234375,253.57000732421875,622.8499755859375,534.22998046875,76.88999938964844,238.89218139648438,52.37627410888672,6.710000038146973,11.782108306884766,139.466796875,44.7252311706543,278.6861572265625,69.23686218261719,16.309419631958008,429.4800109863281,157.93125915527344,252.2487030029297,110.34344482421875,61.82731628417969,148.0364990234375,,323.0,57.97269058227539
2022-02-03,27.845678329467773,648.2835693359375,230.59457397460938,208.8018341064453,28.93000030517578,388.3067932128906,214.1857147216797,410.41546630859375,70.1089096069336,197.18008422851562,7103.9345703125,699.9634399414062,68.83094787597656,153.55332946777344,246.0954132080078,99.99040985107422,484.0772399902344,275.6419372558594,593.9299926757812,243.75,620.6900024414062,538.9500122070312,72.86000061035156,238.96165466308594,51.19306182861328,6.650000095367432,11.730766296386719,135.25584411621094,44.19313430786133,275.2852783203125,67.88584899902344,16.61587142944336,405.6000061035156,153.44996643066406,239.31748962402344,107.36119079589844,61.38938903808594,142.65049743652344,,237.75999450683594,57.777496337890625
2022-02-04,27.556020736694336,641.2049560546875,225.6302490234375,209.60482788085938,28.899999618530273,380.47235107421875,212.76097106933594,411.6472473144531,70.1286849975586,193.4669952392578,7054.560546875,689.39892578125,69.43831634521484,150.65777587890625,241.90383911132812,100.5384750366211,478.5310363769531,275.0966796875,593.4208984375,241.9600067138672,622.9600219726562,526.4400024414062,74.55000305175781,237.1956787109375,50.45832443237305,6.639999866485596,11.609066009521484,134.3245086669922,43.032196044921875,257.8398132324219,67.17582702636719,16.556123733520508,410.1700134277344,147.74560546875,243.0249481201172,107.36119079589844,61.55858612060547,143.01600646972656,8.375336647033691,237.08999633789062,57.32855224609375
2022-02-07,27.594640731811523,638.4522094726562,223.6110382080078,206.91180419921875,28.34000015258789,374.4297790527344,215.56295776367188,402.5677490234375,69.93093872070312,197.7105255126953,7098.009765625,685.4714965820312,70.48220825195312,149.2443389892578,241.73696899414062,99.81425476074219,479.0559387207031,272.2017517089844,586.0633544921875,243.25999450683594,622.3599853515625,517.760009765625,74.52999877929688,230.5782470703125,50.000308990478516,6.619999885559082,11.645195960998535,134.87937927246094,42.954803466796875,249.3131103515625,66.94901275634766,16.45397186279297,402.1000061035156,146.89437866210938,247.11219787597656,108.8523178100586,60.6628303527832,138.93800354003906,8.07758903503418,224.91000366210938,57.54326248168945
2022-02-08,27.840848922729492,632.651611328125,228.27984619140625,208.5373992919922,28.209999084472656,372.677734375,218.55491638183594,397.13397216796875,65.63008880615234,198.86785888671875,6888.66357421875,677.9801025390625,70.0456771850586,148.4001922607422,240.8142547607422,101.98689270019531,488.6727294921875,275.8005676269531,586.54248046875,240.94000244140625,617.9400024414062,521.6099853515625,69.94999694824219,237.59249877929688,50.21023178100586,6.670000076293945,11.725061416625977,137.47528076171875,43.09024429321289,247.77438354492188,69.65103149414062,16.73729705810547,403.5299987792969,148.23483276367188,250.90960693359375,107.85823059082031,61.26995849609375,139.21299743652344,8.07758903503418,220.17999267578125,58.50947570800781
2022-02-09,28.26568031311035,634.1263427734375,230.1513214111328,212.1509552001953,29.84000015258789,379.6461181640625,219.4097442626953,405.3750305175781,68.05240631103516,200.60385131835938,7096.03515625,705.5599365234375,71.17498779296875,152.50306701660156,245.30029296875,103.8267822265625,493.31768798828125,279.2308654785156,588.8585815429688,244.24000549316406,619.77001953125,531.8099975585938,75.88999938964844,241.50146484375,51.47932434082031,6.690000057220459,11.694636344909668,142.8751983642578,43.82550048828125,254.1939239501953,70.50897979736328,16.98978042602539,412.8900146484375,153.46954345703125,266.8687438964844,107.36119079589844,62.67331314086914,141.4530029296875,8.35612678527832,232.0,59.30976867675781
2022-02-10,28.169126510620117,618.1994018554688,223.98532104492188,209.4089813232422,30.09000015258789,372.6976623535156,217.3201446533203,394.58599853515625,65.25438690185547,201.23074340820312,7088.134765625,675.2308349609375,71.8962173461914,145.69113159179688,238.05584716796875,102.6426010131836,482.04693603515625,279.7662353515625,579.3047485351562,235.88999938964844,618.219970703125,526.2000122070312,73.41000366210938,238.1183319091797,50.45832443237305,6.639999866485596,11.546314239501953,138.4859161376953,43.844852447509766,247.35296630859375,67.65902709960938,16.81824493408203,406.2699890136719,151.45391845703125,258.0647277832031,106.86414337158203,61.04104232788086,138.6024932861328,8.500198364257812,228.07000732421875,59.2609748840332
2022-02-11,28.188438415527344,609.3511352539062,222.5177001953125,207.17623901367188,29.56999969482422,368.0985107421875,214.37567138671875,385.83734130859375,62.05097961425781,198.77142333984375,6949.8876953125,659.3251342773438,73.45257568359375,143.61024475097656,232.5488739013672,100.79291534423828,473.5394287109375,273.8871765136719,565.3381958007812,233.88999938964844,638.4099731445312,515.0499877929688,72.83000183105469,235.69757080078125,49.42778396606445,6.630000114440918,11.483562469482422,131.27279663085938,43.699737548828125,239.52210998535156,67.09693908691406,16.770061492919922,391.30999755859375,147.41293334960938,239.32748413085938,104.3789291381836,59.91636276245117,134.1300048828125,8.327312469482422,219.5500030517578,58.08004379272461
2022-02-14,27.778091430664062,605.8118896484375,222.55709838867188,204.24818420410156,29.420000076293945,372.46868896484375,211.47869873046875,378.91998291015625,59.88572311401367,188.606201171875,6787.94091796875,657.2239379882812,73.15839385986328,142.65814208984375,229.98681640625,100.1274185180664,469.84521484375,270.337890625,560.246826171875,231.22999572753906,623.530029296875,505.5299987792969,70.83999633789062,233.56451416015625,48.31136703491211,6.650000095367432,11.388484001159668,130.64857482910156,42.26791000366211,238.64002990722656,66.8799819946289,16.575397491455078,396.57000732421875,148.890380859375,242.5053253173828,102.88780212402344,59.85664749145508,135.3000030517578,8.423359870910645,217.6999969482422,57.19190979003906
2022-02-15,27.927745819091797,620.8539428710938,224.67481994628906,203.76625061035156,30.510000228881836,379.8153381347656,214.66062927246094,383.5580749511719,61.793922424316406,191.40309143066406,6843.23974609375,661.1513061523438,75.93896484375,142.9329833984375,229.1033477783203,101.69329071044922,473.638427734375,262.34710693359375,555.7343139648438,233.41000366210938,630.1500244140625,510.8699951171875,74.93000030517578,240.47958374023438,49.99076461791992,6.829999923706055,11.481660842895508,138.5552520751953,42.61619186401367,242.89358520507812,68.1422348022461,16.88184928894043,407.4599914550781,152.177978515625,264.77020263671875,106.86414337158203,60.782264709472656,136.42550659179688,8.212055206298828,221.0,58.382598876953125
2022-02-16,25.938770294189453,621.9353637695312,223.60118103027344,204.3858642578125,29.3799991607666,381.19903564453125,214.1857147216797,384.7325134277344,61.497310638427734,189.0305633544922,6797.81591796875,661.3477172851562,77.43838500976562,141.71585083007812,228.0628204345703,100.94950866699219,475.44097900390625,267.3041687011719,549.4249877929688,235.77000427246094,630.9000244140625,508.010009765625,73.7699966430664,250.00392150878906,48.87434768676758,7.090000152587891,11.40179443359375,139.6649932861328,42.73228454589844,240.4531707763672,69.07907104492188,16.864501953125,398.0799865722656,153.64564514160156,264.9300842285156,105.87006378173828,60.7225456237793,137.4875030517578,8.327312469482422,216.5399932861328,58.841304779052734
2022-02-17,25.798768997192383,652.7077026367188,220.42953491210938,200.63865661621094,29.8700008392334,372.01080322265625,212.19107055664062,379.6963195800781,57.88507080078125,185.79002380371094,6669.443359375,679.0502319335938,77.98880004882812,140.6361541748047,224.4700469970703,99.53043365478516,465.8241882324219,259.67034912109375,539.6314697265625,232.77000427246094,626.719970703125,493.3500061035156,70.48999786376953,248.8232879638672,47.37147521972656,7.079999923706055,11.479759216308594,135.2162322998047,42.277584075927734,235.81739807128906,67.04762268066406,16.45397186279297,386.6700134277344,149.1154327392578,244.9036865234375,102.88780212402344,60.344337463378906,132.30850219726562,8.35612678527832,207.7100067138672,57.83605194091797
2022-02-18,26.15118408203125,655.3621826171875,219.34605407714844,201.022216796875,29.860000610351562,368.2777404785156,205.6847686767578,376.8896179199219,58.60850524902344,184.3626708984375,6537.12109375,680.3560791015625,78.62464141845703,139.9196319580078,224.24427795410156,98.43433380126953,463.3185119628906,262.1983947753906,536.2371826171875,229.61000061035156,615.1300048828125,489.45001220703125,65.0,242.1761016845703,46.808494567871094,6.670000076293945,11.468350410461426,132.12489318847656,41.871253967285156,237.1503143310547,68.17182922363281,16.41542625427246,391.2900085449219,150.05474853515625,236.25955200195312,103.88188934326172,58.8215446472168,130.46749877929688,8.2024507522583,206.16000366210938,57.484703063964844
2022-02-21,25.32083511352539,640.8117065429688,,,,,192.482177734375,,,184.63270568847656,6410.72314453125,,,,,,,,,,,,,,43.73118591308594,,10.880765914916992,,41.542320251464844,,,15.621347427368164,,,,99.90554809570312,,,8.644268989562988,,
2022-02-22,25.480146408081055,632.2583618164062,211.36767578125,193.1147003173828,28.280000686645508,366.625244140625,195.80657958984375,378.462158203125,57.50848388671875,183.39820861816406,6438.37255859375,668.4071044921875,75.95793914794922,139.74295043945312,224.17555236816406,101.5073471069336,458.06939697265625,264.23077392578125,528.9993896484375,230.2100067138672,602.8900146484375,488.6400146484375,65.30000305175781,242.404296875,44.418209075927734,6.679999828338623,11.295307159423828,129.2959747314453,41.077945709228516,233.36720275878906,67.06735229492188,16.04344367980957,377.3800048828125,148.48924255371094,233.7412567138672,99.01087188720703,56.07455062866211,129.40249633789062,8.653873443603516,202.0800018310547,55.75723648071289
2022-02-23,25.596010208129883,635.60107421875,211.86016845703125,186.77096557617188,28.209999084472656,359.59716796875,195.42665100097656,371.614501953125,57.46884536743164,189.01126098632812,6458.1220703125,661.8876953125,72.70287322998047,138.16265869140625,223.27244567871094,100.83206176757812,455.2071228027344,266.17401123046875,527.6915893554688,230.69000244140625,608.97998046875,474.67999267578125,61.459999084472656,239.8743896484375,43.37335968017578,6.630000114440918,11.36756706237793,126.91374969482422,40.168540954589844,229.99571228027344,62.00845718383789,15.81601333618164,367.4599914550781,146.09202575683594,223.7180633544922,100.40259552001953,55.55699920654297,127.58499908447266,8.423359870910645,198.4499969482422,55.415645599365234
2022-02-24,25.402904510498047,609.7444458007812,210.20541381835938,188.39378356933594,27.729999542236328,367.7103271484375,194.04940795898438,379.88543701171875,58.2319221496582,173.0208282470703,6302.1005859375,692.6781616210938,74.11688995361328,140.68524169921875,227.49346923828125,101.12566375732422,451.5129699707031,269.376220703125,539.2620239257812,230.25,609.780029296875,509.7699890136719,68.94000244140625,241.64035034179688,42.409610748291016,6.610000133514404,11.01197338104248,132.43260192871094,37.3145637512207,230.44654846191406,65.24299621582031,15.372716903686523,390.0299987792969,147.07046508789062,237.31884765625,96.42625427246094,55.31813430786133,132.67349243164062,8.298498153686523,207.60000610351562,54.498233795166016
2022-02-25,25.97739028930664,627.834228515625,215.8887481689453,195.93740844726562,28.239999771118164,367.421630859375,198.03866577148438,379.09918212890625,60.461700439453125,182.18301391601562,6394.923828125,702.7420654296875,76.50935363769531,145.71075439453125,229.36839294433594,103.58211517333984,471.1822814941406,274.25396728515625,548.9058837890625,230.3000030517578,618.6599731445312,522.4500122070312,70.73999786376953,251.2936553955078,43.91725540161133,6.75,11.297208786010742,134.715576171875,38.69801712036133,235.5919952392578,68.8346176147461,15.65025806427002,390.79998779296875,150.79835510253906,241.40606689453125,102.39076232910156,54.23326873779297,134.51950073242188,8.404150009155273,210.47999572753906,50.22347640991211
2022-02-28,26.53256607055664,626.3594970703125,217.7405242919922,196.4783477783203,28.049999237060547,359.1889953613281,191.67483520507812,373.9335632324219,59.5797004699707,176.37709045410156,6491.69677734375,696.8411865234375,75.76617431640625,143.1587371826172,222.7030792236328,102.75025177001953,471.3011169433594,268.9301452636719,543.0856323242188,230.02000427246094,618.3599853515625,532.3499755859375,75.91000366210938,248.33714294433594,42.63385009765625,6.670000076293945,11.436022758483887,133.2068328857422,39.28816223144531,231.59326171875,71.18946838378906,15.274421691894531,394.5199890136719,150.96470642089844,243.6845245361328,99.40850830078125,53.536563873291016,134.89100646972656,8.346521377563477,211.02999877929688,49.73549270629883
2022-03-01,26.1560115814209,601.3877563476562,218.17393493652344,215.81439208984375,28.110000610351562,342.9228820800781,185.595947265625,388.74359130859375,57.23100280761719,167.06057739257812,6292.22607421875,697.8917236328125,74.4513168334961,143.0703887939453,224.3522491455078,101.4486312866211,471.6774597167969,266.73907470703125,542.1572265625,230.69000244140625,607.030029296875,535.1400146484375,74.20999908447266,250.43051147460938,40.863800048828125,6.519999980926514,11.418909072875977,128.6508026123047,38.07884979248047,225.93817138671875,71.08061981201172,14.93713092803955,386.239990234375,143.2936553955078,234.6106719970703,98.01678466796875,54.312889099121094,134.16799926757812,8.33691692352295,203.49000549316406,48.68144607543945
2022-03-02,25.996700286865234,609.0562133789062,225.22640991210938,221.1942596435547,29.239999771118164,342.53460693359375,189.11032104492188,397.243408203125,59.58961486816406,170.66758728027344,6290.25048828125,696.5761108398438,75.74713134765625,144.91571044921875,226.7572479248047,104.110595703125,480.7198181152344,268.11712646484375,555.5147094726562,234.11000061035156,616.8699951171875,539.969970703125,72.48999786376953,259.0718994140625,42.04701232910156,6.869999885559082,10.608841896057129,132.19436645507812,38.48517990112305,228.68240356445312,72.30752563476562,15.505705833435059,380.0299987792969,148.890380859375,242.07687377929688,98.41442108154297,53.6958122253418,134.75149536132812,8.212055206298828,208.11000061035156,52.31205368041992
2022-03-03,26.25739288330078,594.1124877929688,222.88214111328125,220.1517333984375,28.68000030517578,339.4486083984375,186.5647735595703,398.616943359375,57.2607307434082,166.70086669921875,6896.56396484375,707.729736328125,75.78522491455078,146.81991577148438,230.9193878173828,105.35350799560547,481.9181823730469,268.1270446777344,553.3583374023438,235.69000244140625,611.1500244140625,538.52001953125,69.16999816894531,262.02838134765625,41.51266098022461,6.829999923706055,10.500452041625977,129.6731719970703,38.252994537353516,227.24168395996094,70.94210052490234,15.226237297058105,368.07000732421875,151.6300506591797,237.01943969726562,98.41442108154297,51.95405578613281,134.30799865722656,8.164031982421875,202.97000122070312,51.32632827758789
2022-03-04,26.474634170532227,549.182861328125,220.70533752441406,220.407470703125,26.889999389648438,329.264892578125,179.7260284423828,405.6337890625,55.387718200683594,154.72177124023438,7163.18310546875,710.8851928710938,75.25166320800781,148.05665588378906,233.90353393554688,105.99942016601562,493.86236572265625,266.82830810546875,546.4000854492188,238.66000366210938,620.4099731445312,535.7100219726562,66.77999877929688,263.318115234375,38.84088897705078,6.389999866485596,10.030765533447266,124.80944061279297,35.36998748779297,223.87998962402344,68.70600128173828,14.790650367736816,361.7300109863281,146.55189514160156,229.243408203125,96.02861785888672,50.152584075927734,132.1219940185547,7.626165866851807,200.05999755859375,50.711463928222656
2022-03-07,26.7111873626709,532.8627319335938,218.92250061035156,207.56263732910156,25.549999237060547,311.50555419921875,171.72850036621094,383.8268127441406,50.700225830078125,149.6104278564453,7279.7060546875,693.28369140625,73.18408966064453,146.1622772216797,227.75852966308594,104.36505889892578,482.19549560546875,264.4588317871094,533.8511962890625,235.5399932861328,618.5900268554688,517.280029296875,63.70000076293945,257.772216796875,37.18534469604492,6.28000020980835,9.61622428894043,118.33768463134766,34.8765869140625,217.08802795410156,62.73973083496094,14.549728393554688,350.260009765625,142.64788818359375,213.4114532470703,96.02861785888672,48.61983871459961,126.4645004272461,7.395651817321777,187.47000122070312,48.144657135009766
2022-03-08,25.789112091064453,526.1773681640625,219.90750122070312,205.369384765625,25.270000457763672,312.90911865234375,182.6324920654297,386.30511474609375,51.80025100708008,,6894.5888671875,671.93505859375,74.37508392333984,144.2777099609375,223.78289794921875,101.86945343017578,468.91424560546875,257.58837890625,523.1192626953125,238.7100067138672,614.739990234375,507.7799987792969,63.54999923706055,255.99632263183594,38.49260330200195,6.329999923706055,9.629534721374512,123.231201171875,33.90913391113281,214.4124298095703,60.93897247314453,14.985315322875977,341.760009765625,143.04905700683594,215.03062438964844,94.8357162475586,48.47054672241211,127.27850341796875,7.347628593444824,190.2899932861328,49.032798767089844
2022-03-09,27.08291244506836,571.0086059570312,222.4881591796875,212.44091796875,25.3700008392334,326.6467590332031,192.19725036621094,389.6692199707031,54.475982666015625,159.65550231933594,7180.9580078125,694.39794921875,75.33740997314453,147.7032928466797,228.8284912109375,101.3703384399414,480.9079895019531,263.34844970703125,540.78955078125,239.24000549316406,623.4299926757812,529.9199829101562,66.2699966430664,262.2763977050781,42.97736358642578,6.46999979019165,10.211413383483887,127.66810607910156,36.376136779785156,222.47850036621094,63.55107116699219,15.503777503967285,358.7900085449219,145.9061279296875,230.0229949951172,99.90554809570312,50.510887145996094,133.86599731445312,7.2707905769348145,198.5,50.73098373413086
2022-03-10,26.629117965698242,542.4974975585938,220.8038330078125,211.2410125732422,25.079999923706055,323.1227722167969,189.03433227539062,380.9504089355469,52.96964645385742,155.68878173828125,7224.4072265625,696.646240234375,75.21355438232422,148.29222106933594,228.52418518066406,102.23155212402344,486.72161865234375,263.93341064453125,537.3453369140625,241.92999267578125,630.3599853515625,524.4400024414062,60.2400016784668,264.9948425292969,40.7302131652832,6.320000171661377,9.844411849975586,124.04513549804688,35.5218620300293,223.0665283203125,64.77796173095703,15.345733642578125,356.7699890136719,145.7978973388672,226.46482849121094,97.42033386230469,46.98756408691406,132.6820068359375,7.405256748199463,195.2100067138672,50.72122573852539
2022-03-11,26.46497917175293,547.7081909179688,218.87326049804688,203.55970764160156,23.989999771118164,323.3218688964844,192.71963500976562,377.89483642578125,51.820072174072266,158.96478271484375,7346.85498046875,683.896240234375,75.32789611816406,145.10220336914062,230.52671813964844,101.60520935058594,479.64910888671875,263.20965576171875,528.9194946289062,236.47999572753906,642.5800170898438,498.0799865722656,54.61000061035156,264.8956298828125,40.94013595581055,6.550000190734863,9.722711563110352,122.7249755859375,37.37941360473633,215.01026916503906,65.6486587524414,15.436320304870605,340.32000732421875,144.53866577148438,220.8876495361328,98.81205749511719,44.549110412597656,130.47549438476562,7.520514011383057,187.61000061035156,50.76026153564453
2022-03-14,27.058774948120117,555.0817260742188,223.1086883544922,205.32020568847656,23.8799991607666,327.10467529296875,199.08348083496094,375.2274475097656,50.39300537109375,167.746826171875,7621.37451171875,674.084716796875,74.92771911621094,146.41748046875,230.6150665283203,101.01800537109375,484.6654357910156,263.37823486328125,534.9793090820312,241.67999267578125,656.4099731445312,486.3299865722656,50.790000915527344,259.3695068359375,42.41915512084961,6.489999771118164,10.190497398376465,119.24095153808594,38.303218841552734,213.92239379882812,64.17440795898438,15.777464866638184,331.010009765625,146.05369567871094,213.19155883789062,99.90554809570312,40.567955017089844,126.74099731445312,7.165138244628906,186.6300048828125,49.520782470703125
2022-03-15,27.67188262939453,547.8065185546875,227.60023498535156,211.8016357421875,25.020000457763672,333.4856872558594,197.99118041992188,385.568603515625,51.61195755004883,165.93121337890625,7568.05029296875,691.8736572265625,75.75662994384766,149.0382080078125,231.87156677246094,103.15150451660156,494.58880615234375,269.1977844238281,550.0223999023438,246.99000549316406,665.9299926757812,502.92999267578125,54.529998779296875,265.0643005371094,42.776981353759766,6.539999961853027,10.291279792785645,123.4892807006836,38.750221252441406,218.19554138183594,67.7066650390625,15.950928688049316,343.75,147.83436584472656,229.6132049560547,101.39667510986328,39.23426818847656,129.66050720214844,7.088300704956055,192.02999877929688,50.828582763671875
2022-03-16,27.739469528198242,578.0872802734375,227.85630798339844,212.03768920898438,25.639999389648438,343.1219482421875,205.25735473632812,390.3858337402344,54.961578369140625,172.83843994140625,7805.0458984375,694.2598876953125,77.24300384521484,151.71783447265625,235.228759765625,105.01097869873047,494.93646240234375,271.6663513183594,561.9190673828125,248.52000427246094,677.97998046875,520.1900024414062,60.72999954223633,264.8057861328125,44.437294006347656,6.789999961853027,10.308394432067871,129.51434326171875,39.69389343261719,220.1262969970703,69.31944274902344,16.093555450439453,357.5299987792969,150.85459899902344,244.83547973632812,102.88780212402344,52.352169036865234,133.6905059814453,7.241976261138916,203.6300048828125,50.72122573852539
2022-03-17,27.720157623291016,583.4945678710938,230.8605194091797,216.99462890625,25.709999084472656,344.8739929199219,203.59515380859375,400.7668151855469,57.14181137084961,169.44403076171875,7712.22265625,709.8399658203125,78.31013488769531,154.55921936035156,240.63754272460938,107.39891815185547,503.63800048828125,271.9737243652344,571.6080932617188,250.0,685.22998046875,527.0900268554688,63.939998626708984,265.42218017578125,44.52317428588867,6.849999904632568,10.22852897644043,131.01318359375,40.23030090332031,223.99761962890625,71.0212631225586,16.29207420349121,371.3999938964844,152.1827392578125,247.5341033935547,101.89372253417969,48.351112365722656,134.60049438476562,7.6837944984436035,207.83999633789062,49.29630661010742
2022-03-18,27.247051239013672,594.30908203125,232.1311492919922,222.32533264160156,26.260000228881836,348.50750732421875,201.88546752929688,408.0125732421875,58.935543060302734,168.3191375732422,7860.3447265625,722.0673828125,78.19580078125,158.0122833251953,238.07546997070312,107.82953643798828,502.7440185546875,272.8659973144531,588.4293212890625,249.0800018310547,685.9400024414062,542.4600219726562,68.95999908447266,259.16864013671875,44.37050247192383,7.010000228881836,10.209512710571289,134.13986206054688,40.895835876464844,227.0554656982422,71.9315414428711,16.172574996948242,380.6000061035156,153.0583038330078,264.3955383300781,101.89372253417969,51.45641326904297,136.80149841308594,7.712608337402344,216.49000549316406,50.58458709716797
2022-03-21,27.218088150024414,585.657470703125,224.18234252929688,219.32557678222656,26.149999618530273,344.01788330078125,202.2178955078125,402.85693359375,57.875160217285156,166.26670837402344,7812.9453125,707.7593383789062,77.16677856445312,156.78890991210938,237.20181274414062,106.43003845214844,504.27374267578125,274.2837219238281,588.6390380859375,250.25999450683594,693.2000122070312,539.5900268554688,66.69000244140625,260.0435485839844,43.936336517333984,6.630000114440918,10.17908763885498,133.2068328857422,40.339569091796875,229.53506469726562,68.6565170288086,16.041515350341797,374.5899963378906,152.09417724609375,267.2040710449219,100.40259552001953,47.78379440307617,136.47850036621094,7.7894463539123535,211.49000549316406,51.06281661987305
2022-03-22,27.18912124633789,586.640625,225.03924560546875,219.09938049316406,26.8700008392334,347.95001220703125,204.92491149902344,412.3321533203125,59.609432220458984,170.5689239501953,7814.9208984375,709.090576171875,76.76660919189453,156.54226684570312,235.26800537109375,106.64534759521484,501.9493713378906,275.0570068359375,586.701171875,251.8800048828125,692.6400146484375,552.4600219726562,69.87999725341797,258.840576171875,44.12717819213867,6.480000019073486,10.325508117675781,134.4773406982422,39.67402648925781,231.82846069335938,67.62751770019531,16.11090087890625,382.9200134277344,152.73365783691406,265.10516357421875,99.90554809570312,50.37154769897461,140.27749633789062,7.92391300201416,216.64999389648438,51.71671676635742
2022-03-23,27.184295654296875,571.0086059570312,217.60263061523438,213.1490478515625,26.6200008392334,340.63323974609375,202.17042541503906,403.80242919921875,58.449947357177734,167.746826171875,7743.82177734375,697.9675903320312,75.98532104492188,155.12156677246094,229.7021484375,103.89529418945312,499.873291015625,269.3564147949219,570.669189453125,248.1300048828125,669.219970703125,536.0599975585938,69.22000122070312,259.0990295410156,42.82469177246094,6.360000133514404,9.941391944885254,130.44740295410156,38.58135223388672,230.5543670654297,66.64797973632812,15.997185707092285,374.489990234375,149.95933532714844,256.2096862792969,100.40259552001953,47.63450622558594,138.5034942626953,7.9527268409729,213.4600067138672,51.33608627319336
2022-03-24,27.50774383544922,567.4693603515625,215.87892150878906,213.46377563476562,27.1200008392334,347.7708435058594,202.93026733398438,405.75323486328125,58.71752166748047,166.10882568359375,7726.04736328125,701.7245483398438,76.9000015258789,153.79954528808594,231.16477966308594,104.70259094238281,510.0350646972656,269.1085510253906,573.0465698242188,251.6999969482422,679.760009765625,540.3900146484375,69.38999938964844,259.089111328125,42.948734283447266,6.320000171661377,9.897655487060547,137.56431579589844,38.16415023803711,237.58154296875,64.81754302978516,16.25545310974121,375.7099914550781,150.7168731689453,281.35687255859375,98.01678466796875,45.992279052734375,141.31199645996094,8.116007804870605,219.57000732421875,52.22421646118164
2022-03-25,27.589813232421875,572.4833374023438,209.7227783203125,215.00791931152344,27.350000381469727,347.4422912597656,203.7376251220703,411.5259704589844,58.13282012939453,165.08261108398438,7729.99755859375,700.2553100585938,78.49116516113281,155.22024536132812,236.26927185058594,106.77989959716797,509.6079406738281,271.6069030761719,573.6458740234375,253.9499969482422,680.030029296875,538.9299926757812,66.70999908447266,258.5721130371094,42.49549102783203,6.130000114440918,10.013650894165039,136.04566955566406,37.3992805480957,241.6488800048828,63.8281135559082,16.353748321533203,373.8500061035156,151.6809844970703,276.77923583984375,99.2096939086914,45.46477508544922,141.52149963378906,8.010355949401855,221.82000732421875,53.47346496582031
2022-03-28,27.715330123901367,574.4496459960938,210.56985473632812,215.9029083251953,25.579999923706055,348.90570068359375,205.20985412597656,412.5511169433594,58.05354690551758,158.35299682617188,7765.546875,720.7460327148438,77.27159118652344,158.1997528076172,240.52955627441406,108.22712707519531,509.77679443359375,274.0458068847656,582.5358276367188,255.72000122070312,693.4000244140625,539.5399780273438,69.81999969482422,262.87701416015625,43.626224517822266,6.21999979019165,10.104926109313965,136.64122009277344,37.25027847290039,243.36402893066406,65.33203887939453,16.575397491455078,378.510009765625,151.71051025390625,282.04656982421875,99.40850830078125,47.19657516479492,141.9499969482422,8.125612258911133,223.58999633789062,52.995235443115234
2022-03-29,27.860158920288086,589.7866821289062,216.27291870117188,219.25672912597656,26.25,365.8885498046875,207.20448303222656,415.4872741699219,61.22478103637695,154.36654663085938,7769.49658203125,750.7820434570312,79.9584732055664,162.49139404296875,245.94818115234375,110.63917541503906,507.3232727050781,274.3729553222656,592.2050170898438,257.9800109863281,698.4299926757812,551.760009765625,76.16999816894531,262.1214294433594,43.91248321533203,6.510000228881836,10.285574913024902,140.39324951171875,37.95554733276367,247.31375122070312,67.31089782714844,16.648635864257812,391.82000732421875,154.97669982910156,286.414306640625,103.38484954833984,49.147342681884766,143.25,8.164031982421875,229.86000061035156,53.70769119262695
2022-03-30,28.144989013671875,576.5142822265625,206.34426879882812,218.30271911621094,25.700000762939453,360.6025695800781,205.16236877441406,416.980224609375,58.776981353759766,149.4328155517578,7812.9453125,743.3174438476562,78.29539489746094,161.9389190673828,246.26229858398438,109.83187866210938,517.345947265625,266.68951416015625,594.4824829101562,256.5199890136719,692.3800048828125,548.6799926757812,73.06999969482422,253.48182678222656,42.50026321411133,6.420000076293945,10.194299697875977,134.79498291015625,36.59467315673828,248.117431640625,65.27267456054688,16.542631149291992,381.4700012207031,152.94024658203125,276.75921630859375,99.90554809570312,48.102291107177734,142.64450073242188,8.144822120666504,227.85000610351562,53.01475524902344
2022-03-31,28.111196517944336,565.99462890625,199.1538848876953,208.72320556640625,24.920000076293945,355.7645568847656,206.15968322753906,408.2514343261719,57.94453048706055,146.33444213867188,7866.26953125,731.297119140625,77.6355209350586,159.3145751953125,246.6058807373047,109.23133087158203,506.5683288574219,261.3953857421875,589.987548828125,260.9700012207031,698.4199829101562,547.0599975585938,72.12999725341797,249.16697692871094,41.50788879394531,6.610000133514404,10.030765533447266,130.8245849609375,36.107933044433594,246.5095977783203,61.4633674621582,16.382659912109375,374.5899963378906,149.3002166748047,272.72125244140625,99.40850830078125,46.20128631591797,139.64950561523438,8.183241844177246,222.36000061035156,48.98399353027344
2022-04-01,27.961538314819336,565.6013793945312,199.3607177734375,207.0708770751953,25.020000457763672,362.32476806640625,207.4419403076172,405.9622802734375,59.24275588989258,145.09112548828125,7982.7919921875,752.3795166015625,77.65464782714844,163.57666015625,252.2306365966797,110.77700805664062,509.1708679199219,260.90960693359375,591.6756591796875,266.1499938964844,694.8300170898438,553.4400024414062,73.7699966430664,249.2962188720703,40.777923583984375,6.659999847412109,9.945195198059082,126.46707916259766,35.98873519897461,245.60211181640625,61.067604064941406,16.612018585205078,373.4700012207031,149.34939575195312,266.98419189453125,98.01678466796875,48.90847396850586,140.6999969482422,8.279288291931152,224.85000610351562,47.62739562988281
2022-04-04,28.09671401977539,575.8260498046875,201.0548858642578,210.8771209716797,25.799999237060547,365.25146484375,206.96702575683594,412.35205078125,59.40131378173828,144.36094665527344,8038.09130859375,753.8192138671875,75.83760070800781,161.583740234375,253.09445190429688,109.16241455078125,506.6180114746094,261.0682067871094,589.4780883789062,268.6400146484375,698.4099731445312,548.0800170898438,75.86000061035156,244.1661376953125,40.63002014160156,6.360000133514404,9.968963623046875,128.4820556640625,36.400970458984375,249.21231079101562,61.69093704223633,16.83366584777832,391.5,148.4738311767578,273.4609069824219,100.40259552001953,50.12272644042969,143.6425018310547,8.682687759399414,233.88999938964844,48.19346237182617
2022-04-05,28.116024017333984,574.7445678710938,201.79364013671875,211.25083923339844,24.420000076293945,361.6777038574219,205.5422821044922,409.9434509277344,56.96342468261719,145.05166625976562,8255.3369140625,751.787841796875,74.0970687866211,164.0502166748047,258.09100341796875,108.78829956054688,514.306396484375,261.9803161621094,583.6246948242188,269.9599914550781,691.469970703125,545.0399780273438,71.22000122070312,242.19761657714844,39.51359939575195,6.110000133514404,9.80257797241211,120.80926513671875,35.62616729736328,248.2554931640625,60.869712829589844,16.903051376342773,380.1499938964844,144.2336883544922,259.17816162109375,99.23951721191406,48.39092254638672,141.06300354003906,,231.83999633789062,47.49075698852539
2022-04-06,28.632579803466797,547.7081909179688,197.63699340820312,212.3819122314453,23.920000076293945,351.95184326171875,204.30752563476562,408.9481506347656,55.794029235839844,141.44017028808594,8282.986328125,755.8998413085938,72.95902252197266,167.828857421875,263.686279296875,109.9894027709961,528.2030639648438,262.60491943359375,586.7510986328125,272.3900146484375,708.3599853515625,534.9199829101562,67.69999694824219,249.0277862548828,37.920082092285156,6.150000095367432,9.797823905944824,118.4468765258789,34.70235824584961,246.69700622558594,57.25829315185547,16.914613723754883,368.3500061035156,142.51205444335938,243.9459228515625,98.45418548583984,47.33591842651367,137.17599487304688,8.087193489074707,223.3000030517578,45.987762451171875
2022-04-07,29.042924880981445,539.1549072265625,199.5971221923828,224.4300537109375,23.06999969482422,348.4528503417969,204.1650390625,413.038818359375,55.30843734741211,138.7167510986328,8328.41015625,748.6619873046875,70.96985626220703,166.56602478027344,260.8493957519531,110.58995819091797,533.3683471679688,269.5546875,611.5233764648438,275.8299865722656,721.7999877929688,551.260009765625,68.79000091552734,253.1537322998047,38.783634185791016,6.090000152587891,9.707498550415039,121.49415588378906,34.543426513671875,247.94972229003906,56.902095794677734,16.98400115966797,362.1499938964844,143.50567626953125,241.95693969726562,98.25536346435547,46.74869918823242,136.46499633789062,7.962332248687744,222.9499969482422,46.5440673828125
2022-04-08,29.511205673217773,542.0059814453125,203.5567626953125,229.49520874023438,24.43000030517578,351.1643371582031,206.064697265625,411.1477355957031,57.181453704833984,142.68348693847656,8397.5341796875,758.0791015625,71.48626708984375,166.388427734375,261.51690673828125,110.72779083251953,542.3182983398438,274.3729553222656,608.1770629882812,280.2799987792969,738.8400268554688,547.1199951171875,66.05999755859375,257.190185546875,38.83134460449219,6.110000133514404,9.902409553527832,119.07220458984375,35.86953353881836,247.78204345703125,57.456180572509766,17.100000381469727,355.8800048828125,142.8268585205078,231.07247924804688,99.80614471435547,46.50982666015625,134.010498046875,8.164031982421875,222.3300018310547,46.25127410888672
2022-04-11,29.752586364746094,526.2756958007812,201.51785278320312,225.5316162109375,24.780000686645508,346.2796936035156,208.20179748535156,403.7029113769531,55.75438690185547,143.0189666748047,8304.7109375,741.1480102539062,72.17483520507812,163.50758361816406,258.47381591796875,109.7925033569336,533.8551025390625,270.08013916015625,585.0131225585938,281.0899963378906,722.3699951171875,514.47998046875,65.80999755859375,256.6831359863281,38.53554153442383,6.070000171661377,9.883394241333008,115.3797378540039,35.84469985961914,246.43067932128906,58.692970275878906,17.010000228881836,348.0,139.96401977539062,219.05857849121094,97.6589126586914,46.74869918823242,129.79649353027344,7.799051284790039,216.4600067138672,45.82184982299805
2022-04-12,28.709821701049805,522.834716796875,201.07460021972656,227.5281524658203,24.68000030517578,344.7146301269531,207.06201171875,395.4419250488281,55.001220703125,141.36122131347656,8067.71533203125,731.3267822265625,71.80186462402344,163.11294555664062,253.8058624267578,108.8670654296875,530.1500244140625,266.3524169921875,570.2996215820312,281.1499938964844,715.7899780273438,497.239990234375,66.7699966430664,259.3774719238281,38.354244232177734,6.059999942779541,9.66946792602539,113.71217346191406,35.665897369384766,244.4085693359375,59.78133773803711,16.9060001373291,344.1000061035156,138.53753662109375,214.9306640625,96.78412628173828,46.10176086425781,128.37449645996094,7.472490310668945,214.13999938964844,45.96824264526367
2022-04-13,27.734642028808594,517.4274291992188,202.4240264892578,229.96730041503906,26.0,354.02532958984375,206.53961181640625,394.4466552734375,55.98232650756836,142.3479766845703,8014.3916015625,741.4635620117188,72.43304443359375,162.78738403320312,253.7861328125,108.74891662597656,533.4180297851562,266.6201171875,576.153076171875,290.92999267578125,731.8900146484375,508.6099853515625,68.79000091552734,257.1404724121094,38.83134460449219,6.03000020980835,9.555373191833496,115.99514770507812,36.0334358215332,246.5194549560547,61.008235931396484,17.26799964904785,350.42999267578125,139.4721221923828,221.91712951660156,95.82980346679688,47.79375076293945,130.28599548339844,7.414861679077148,214.99000549316406,46.17320251464844
2022-04-14,27.435331344604492,524.8009643554688,198.25753784179688,233.29159545898438,24.8799991607666,356.6969299316406,207.6793975830078,385.76763916015625,54.75346755981445,143.92677307128906,8047.9658203125,725.005859375,71.46714782714844,160.51821899414062,252.1873779296875,107.33122253417969,531.2525634765625,266.72918701171875,568.261962890625,287.9700012207031,733.02001953125,496.7799987792969,65.18000030517578,259.4271545410156,39.22256851196289,6.059999942779541,9.636190414428711,112.52105712890625,36.217201232910156,243.4813690185547,60.048484802246094,17.224000930786133,341.1300048828125,137.64227294921875,212.471923828125,98.4343032836914,46.6292610168457,127.25299835205078,7.443675994873047,210.17999267578125,45.81208801269531
2022-04-18,,,195.53900146484375,235.4455108642578,24.15999984741211,355.68011474609375,,388.7236633300781,54.059757232666016,,,720.4896240234375,70.29085540771484,160.814208984375,250.5787811279297,106.40579223632812,530.5175170898438,264.82568359375,571.4883422851562,282.989990234375,723.2000122070312,486.80999755859375,62.0099983215332,258.40313720703125,,6.010000228881836,,114.01988220214844,,242.65280151367188,60.473941802978516,,337.8599853515625,138.38014221191406,217.71926879882812,,46.16147994995117,127.96099853515625,,210.77000427246094,46.30007553100586
2022-04-19,27.99593734741211,520.9667358398438,200.80029296875,241.99578857421875,24.489999771118164,362.7279052734375,208.10682678222656,393.49114990234375,55.9228630065918,143.76889038085938,7860.3447265625,743.7216796875,71.50538635253906,167.28622436523438,255.375,108.51264190673828,534.1134033203125,268.8111572265625,573.5060424804688,282.5199890136719,716.219970703125,500.8500061035156,64.62000274658203,260.44122314453125,39.79509353637695,6.019999980926514,9.688483238220215,116.19367218017578,36.25196838378906,246.17422485351562,62.126285552978516,17.101999282836914,348.6099853515625,143.4073028564453,221.8671417236328,97.42033386230469,46.350582122802734,130.531005859375,7.366837978363037,217.30999755859375,47.164947509765625
2022-04-20,27.877912521362305,532.7644653320312,206.43743896484375,245.21189880371094,23.010000228881836,364.14349365234375,209.19912719726562,395.3822326660156,57.40938186645508,146.90675354003906,7996.6171875,757.4775390625,72.31828308105469,170.35452270507812,264.07928466796875,111.24958038330078,542.367919921875,275.48333740234375,590.4869995117188,285.29998779296875,719.6199951171875,513.3900146484375,61.689998626708984,273.564697265625,39.981163024902344,6.110000133514404,9.693236351013184,117.01753234863281,38.3677864074707,245.3555145263672,65.79707336425781,17.239999771118164,226.19000244140625,146.95880126953125,214.71080017089844,96.5256576538086,44.6386833190918,128.24549865722656,7.587747097015381,200.4199981689453,48.1575813293457
2022-04-21,27.70579719543457,543.7755737304688,202.7683563232422,244.08084106445312,21.450000762939453,363.2961120605469,209.9114990234375,388.992431640625,53.385868072509766,148.07110595703125,7909.71875,747.084228515625,71.97399139404297,168.4898681640625,263.25030517578125,111.33818054199219,533.8551025390625,273.9267883300781,579.7789916992188,281.7099914550781,706.1099853515625,492.5199890136719,59.04999923706055,267.87786865234375,40.46303176879883,6.0,9.664713859558105,114.83381652832031,38.94392395019531,247.7228546142578,64.223876953125,17.29400062561035,218.22000122070312,147.51953125,201.72738647460938,97.73844146728516,42.38933563232422,124.9375,7.472490310668945,188.07000732421875,47.381160736083984
2022-04-22,27.5877742767334,520.278564453125,194.8862762451172,237.69778442382812,20.56999969482422,350.0777282714844,208.77171325683594,377.87493896484375,51.30474090576172,144.75563049316406,7915.6435546875,735.0343017578125,70.37692260742188,166.4673614501953,258.4639587402344,106.13013458251953,517.4652099609375,266.213623046875,560.6505126953125,270.4200134277344,688.0800170898438,473.6400146484375,58.25,209.41876220703125,40.04795837402344,6.110000133514404,9.693236351013184,111.96520233154297,38.119449615478516,239.6147003173828,63.05635452270508,17.148000717163086,215.52000427246094,143.67291259765625,195.05078125,95.66081237792969,42.45900344848633,119.61399841308594,7.443675994873047,184.11000061035156,46.0641975402832
2022-04-25,27.641868591308594,497.6662902832031,198.16964721679688,237.67811584472656,21.5,353.4870300292969,204.070068359375,379.4275817871094,52.52368927001953,142.26902770996094,7966.99267578125,742.0453491210938,71.82098388671875,165.48077392578125,256.1151428222656,107.78410339355469,520.7730102539062,261.83160400390625,543.5496215820312,271.67999267578125,690.3300170898438,472.2699890136719,60.560001373291016,209.2795867919922,39.981163024902344,5.900000095367432,9.854869842529297,113.62284851074219,37.3198127746582,239.45687866210938,64.45145416259766,17.29800033569336,209.91000366210938,144.68624877929688,198.9188232421875,95.66081237792969,42.24003982543945,123.25,7.155533313751221,186.99000549316406,46.45732498168945
2022-04-26,27.789396286010742,498.8460388183594,197.38836669921875,232.60313415527344,19.829999923706055,343.0299072265625,201.36306762695312,373.7344970703125,50.4227409362793,141.08494567871094,7982.7919921875,728.9896850585938,71.81141662597656,163.408935546875,251.47683715820312,105.12592315673828,510.35296630859375,247.9617462158203,515.8607788085938,267.69000244140625,674.8200073242188,455.55999755859375,57.77000045776367,213.69383239746094,38.359012603759766,5.800000190734863,9.536357879638672,108.1139144897461,37.27511215209961,232.4239044189453,62.73973083496094,17.04800033569336,198.39999389648438,141.44956970214844,187.7845001220703,94.3287353515625,41.403995513916016,119.50599670410156,6.857786655426025,180.9499969482422,45.71038818359375
2022-04-27,28.0008544921875,498.6494445800781,197.36859130859375,227.16424560546875,18.829999923706055,360.4351501464844,201.83798217773438,378.850341796875,51.21554946899414,140.0389862060547,7860.3447265625,707.9072875976562,68.64594268798828,165.42156982421875,249.5326690673828,104.9782485961914,510.3827209472656,250.8665771484375,519.8961791992188,267.25,673.510009765625,447.17999267578125,55.9900016784668,210.9995574951172,38.82657241821289,5.75,9.441279411315918,108.00472259521484,37.453914642333984,235.00823974609375,63.026668548583984,17.45400047302246,188.5399932861328,143.34828186035156,184.05638122558594,95.8397445678711,42.42914581298828,115.02050018310547,6.915414810180664,174.9499969482422,45.74970245361328
2022-04-28,27.78447914123535,497.371337890625,202.8771514892578,232.4949493408203,18.350000381469727,377.6409606933594,205.1148681640625,384.7325134277344,52.10746765136719,144.36094665527344,7842.412109375,745.9207153320312,69.71305847167969,170.68995666503906,248.8714599609375,105.49019622802734,520.9219360351562,238.59292602539062,558.26318359375,268.6400146484375,675.5800170898438,448.3500061035156,33.5099983215332,217.670654296875,39.24642562866211,5.789999961853027,9.636190414428711,113.78165435791016,37.37941360473633,237.20790100097656,65.83665466308594,17.66200065612793,199.52000427246094,145.4831085205078,197.71945190429688,93.98080444335938,43.056175231933594,119.4114990234375,7.069090843200684,205.72999572753906,47.29270935058594
2022-04-29,27.627117156982422,504.4499206542969,195.5488739013672,224.88247680664062,18.149999618530273,362.23944091796875,203.26271057128906,374.72979736328125,50.51192855834961,146.2357635498047,7886.2470703125,709.0708618164062,66.48577880859375,158.14051818847656,237.85789489746094,102.74341583251953,505.1578063964844,238.2161865234375,552.2998046875,273.2200012207031,659.1099853515625,430.4800109863281,33.7599983215332,213.3061065673828,38.836116790771484,5.690000057220459,9.412755966186523,109.53333282470703,37.925750732421875,230.8851318359375,63.83800506591797,17.299999237060547,190.36000061035156,142.6694793701172,185.37571716308594,94.30885314941406,46.84822463989258,114.96649932861328,7.3764424324035645,200.47000122070312,46.2017936706543
2022-05-02,27.671375274658203,495.70001220703125,200.89920043945312,225.99386596679688,19.25,357.9130859375,204.7349395751953,365.59295654296875,52.46422576904297,,,692.6132202148438,65.8902587890625,151.07655334472656,233.8412628173828,101.54231262207031,497.8071594238281,240.9227294921875,544.9081420898438,261.9599914550781,652.02001953125,432.4599914550781,37.13999938964844,209.5977325439453,38.626190185546875,5.760000228881836,9.386134147644043,112.13394165039062,,232.19700622558594,65.3617172241211,17.260000228881836,199.4600067138672,144.12545776367188,195.23069763183594,94.53749084472656,47.017425537109375,117.15699768066406,,211.1300048828125,46.68336868286133
2022-05-03,28.050031661987305,490.29998779296875,199.40586853027344,228.7083740234375,19.270000457763672,356.6669921875,206.53961181640625,357.9391174316406,53.80209732055664,148.99864196777344,7762.712890625,711.2796630859375,67.70561218261719,150.31687927246094,237.84800720214844,101.51277923583984,496.2873840332031,243.20297241210938,545.7072143554688,269.1099853515625,660.489990234375,435.9599914550781,38.31999969482422,215.04595947265625,38.5212287902832,5.900000095367432,9.342398643493652,112.95780181884766,38.109519958496094,235.84669494628906,71.18946838378906,17.312000274658203,199.8699951171875,144.20416259765625,195.9203643798828,93.62293243408203,47.913185119628906,118.12950134277344,7.280395030975342,212.02999877929688,47.02735137939453
2022-05-04,27.528764724731445,480.8500061035156,204.87486267089844,233.51779174804688,19.65999984741211,367.3633117675781,204.4499969482422,362.6070556640625,56.834590911865234,148.56448364257812,7463.84033203125,721.9491577148438,68.28191375732422,150.23794555664062,242.41726684570312,104.19064331054688,504.2340087890625,251.5209197998047,562.3485107421875,273.70001220703125,660.8599853515625,411.30999755859375,39.459999084472656,223.49667358398438,39.5469970703125,5.989999771118164,9.450786590576172,117.93071746826172,37.56317901611328,244.12252807617188,77.07657623291016,17.6200008392334,204.00999450683594,147.49986267089844,203.2366180419922,92.22126770019531,47.67431640625,122.57499694824219,7.309209823608398,223.41000366210938,47.970848083496094
2022-05-05,27.44024658203125,470.8999938964844,193.75885009765625,226.95770263671875,18.8799991607666,352.2608947753906,200.39999389648438,345.2689514160156,54.86247634887695,147.83428955078125,7429.96826171875,703.4600219726562,66.61064147949219,143.0358428955078,238.3118438720703,102.93047332763672,491.4200439453125,249.78594970703125,549.8925170898438,266.3699951171875,639.3699951171875,385.1099853515625,35.599998474121094,222.8902130126953,38.15386199951172,5.769999980926514,9.268237113952637,112.63024139404297,37.111209869384766,232.7691192626953,76.6906967163086,17.600000381469727,188.32000732421875,145.97499084472656,188.34420776367188,93.80186462402344,44.78797912597656,116.74649810791016,7.3764424324035645,208.27999877929688,46.44749450683594
2022-05-06,26.95832061767578,457.8999938964844,190.16888427734375,221.49917602539062,17.75,346.030517578125,196.47999572753906,344.13433837890625,53.06874465942383,146.669921875,7268.5771484375,703.5093994140625,66.07276153564453,138.99082946777344,240.8678741455078,101.8475112915039,496.2873840332031,249.3299102783203,546.0668334960938,253.92999267578125,623.0499877929688,366.6400146484375,33.45000076293945,226.0319061279297,37.505001068115234,5.570000171661377,9.209288597106934,111.66742706298828,36.743675231933594,232.61131286621094,73.30683898925781,17.25200080871582,180.97000122070312,144.90264892578125,186.65505981445312,89.0600814819336,43.22537612915039,115.66000366210938,7.530118942260742,203.77000427246094,44.796382904052734
2022-05-09,27.20420265197754,442.45001220703125,193.90721130371094,220.50579833984375,17.100000381469727,326.96051025390625,192.77999877929688,327.2242126464844,49.41190719604492,144.04518127441406,7023.501953125,645.0840454101562,63.19126892089844,130.59494018554688,228.0581512451172,98.03746032714844,483.1754455566406,239.18777465820312,516.8096923828125,235.02000427246094,599.77001953125,345.0199890136719,30.520000457763672,222.8007354736328,36.5,5.389999866485596,9.315776824951172,104.96737670898438,36.0334358215332,230.0466766357422,73.12874603271484,17.163999557495117,173.10000610351562,145.5618133544922,169.41383361816406,92.51950073242188,41.622962951660156,113.08399963378906,,196.2100067138672,44.413082122802734
2022-05-10,27.228790283203125,442.8999938964844,190.01065063476562,215.4996795654297,17.350000381469727,324.3088684082031,194.97999572753906,326.4478759765625,50.700225830078125,141.73619079589844,7224.74267578125,621.2800903320312,61.0301399230957,123.72827911376953,221.80133056640625,98.75614166259766,484.75482177734375,238.57310485839844,525.6397705078125,240.16000366210938,615.0900268554688,340.17999267578125,29.770000457763672,223.1884765625,37.625,5.460000038146973,9.397542953491211,106.38679504394531,35.591400146484375,227.54124450683594,72.4955062866211,17.275999069213867,177.66000366210938,138.69493103027344,175.8605499267578,91.12777709960938,42.74763870239258,114.58450317382812,7.751027584075928,197.64999389648438,44.71775436401367
2022-05-11,25.81743621826172,459.6000061035156,185.69874572753906,209.9722900390625,16.6200008392334,324.84716796875,204.0,324.27813720703125,49.699302673339844,145.34768676757812,7192.86279296875,615.48193359375,60.6363410949707,122.0806655883789,221.771728515625,99.09088897705078,482.9072265625,236.54071044921875,519.416748046875,234.9600067138672,613.0499877929688,333.8999938964844,28.68000030517578,208.31520080566406,37.689998626708984,5.329999923706055,9.65995979309082,103.15090942382812,36.52513885498047,229.72117614746094,68.07928466796875,17.305999755859375,166.3699951171875,138.52769470214844,166.2154541015625,90.9687271118164,42.95664978027344,113.96099853515625,7.904703140258789,188.74000549316406,43.6464958190918
2022-05-12,26.37804412841797,449.0,189.58538818359375,213.69000244140625,17.110000610351562,320.2317199707031,198.0,328.1100158691406,47.865928649902344,144.00572204589844,7192.86279296875,621.1124877929688,61.30868911743164,122.26811981201172,222.54148864746094,99.54375457763672,475.6062316894531,242.53872680664062,525.210205078125,240.85000610351562,633.9600219726562,347.95001220703125,30.690000534057617,212.56045532226562,37.75,5.25,9.4660005569458,105.96990203857422,36.460575103759766,228.26132202148438,68.03958892822266,17.82200050354004,174.30999755859375,140.25929260253906,161.66778564453125,91.29676818847656,43.85240936279297,113.16100311279297,7.664585113525391,191.24000549316406,42.988014221191406
2022-05-13,26.41738510131836,460.1000061035156,191.86001586914062,216.10946655273438,18.100000381469727,331.7554016113281,200.5,335.2662048339844,51.27107620239258,148.36712646484375,7192.86279296875,650.6160278320312,61.89459228515625,126.62885284423828,229.60757446289062,101.07959747314453,482.1622009277344,242.51890563964844,540.8126831054688,246.72000122070312,645.52001953125,362.17999267578125,33.59000015258789,213.6739501953125,38.8650016784668,5.400000095367432,9.850000381469727,111.03215789794922,37.22047805786133,230.53001403808594,68.35716247558594,18.260000228881836,187.63999938964844,139.8437042236328,176.96998596191406,92.93701171875,45.723548889160156,116.5155029296875,7.674189567565918,198.6199951171875,44.31480026245117
2022-05-16,26.845216751098633,460.75,192.58197021484375,215.6373748779297,17.209999084472656,328.695068359375,199.32000732421875,333.7832336425781,50.64472579956055,149.68936157226562,7119.14111328125,637.4222412109375,61.03974533081055,123.57041931152344,227.19956970214844,102.2019271850586,485.9567565917969,240.29815673828125,538.7750244140625,254.1699981689453,655.010009765625,360.20001220703125,31.729999542236328,210.41297912597656,38.720001220703125,5.380000114440918,9.9399995803833,109.66236877441406,36.674137115478516,229.75076293945312,67.49376678466797,18.167999267578125,186.50999450683594,137.51841735839844,172.55224609375,92.06221771240234,44.92731857299805,114.7925033569336,7.616560935974121,200.0399932861328,44.25583267211914
2022-05-17,26.146915435791016,470.3500061035156,191.8896942138672,212.60549926757812,18.360000610351562,337.7964172363281,203.0500030517578,337.684814453125,52.77232360839844,153.7942352294922,7296.47216796875,640.8802490234375,62.7878532409668,124.21170043945312,229.94309997558594,104.61398315429688,489.2446594238281,245.6220245361328,553.9779052734375,261.8399963378906,667.5599975585938,366.3599853515625,32.849998474121094,214.71786499023438,39.69499969482422,5.570000171661377,9.913999557495117,115.97529602050781,37.69728088378906,236.3201446533203,70.70917510986328,18.06800079345703,190.55999755859375,141.87216186523438,181.67759704589844,92.08209991455078,46.54964065551758,116.70149993896484,7.914308071136475,202.6199951171875,45.80867385864258
2022-05-18,25.71416664123535,463.29998779296875,181.79232788085938,159.60227966308594,17.459999084472656,334.845703125,200.0,328.5678405761719,50.46577072143555,153.14297485351562,7198.84033203125,631.59619140625,59.963985443115234,117.9271240234375,227.6042022705078,101.96565246582031,468.2357482910156,241.06813049316406,541.5618896484375,252.35000610351562,659.2000122070312,357.3299865722656,30.8700008392334,205.6010284423828,38.314998626708984,5.400000095367432,10.03499984741211,110.51599884033203,37.16584396362305,231.27969360351562,66.46166229248047,17.84000015258789,177.19000244140625,135.08428955078125,169.2938995361328,89.46765899658203,43.304996490478516,112.4010009765625,7.943122863769531,192.24000549316406,42.56540298461914
2022-05-19,24.666717529296875,454.1000061035156,185.78775024414062,151.5238800048828,17.5,331.1772766113281,196.27999877929688,330.5086975097656,50.16750717163086,151.24842834472656,7139.06591796875,629.2677612304688,58.55204772949219,118.11457824707031,230.1898193359375,101.15835571289062,475.35791015625,245.0254364013672,550.1222534179688,255.4499969482422,657.1500244140625,364.8299865722656,32.90999984741211,201.9523162841797,37.595001220703125,5.389999866485596,10.0,109.92044067382812,36.72380828857422,231.0330810546875,65.17152404785156,18.172000885009766,183.47999572753906,134.64892578125,171.1529541015625,87.98999786376953,44.869998931884766,110.74549865722656,7.530118942260742,191.2899932861328,40.39339828491211
2022-05-20,24.54377555847168,450.3500061035156,182.65272521972656,153.42991638183594,17.739999771118164,335.12481689453125,195.33999633789062,340.81005859375,51.4599723815918,150.6958465576172,7242.6748046875,645.8145751953125,58.15824508666992,118.11457824707031,241.07510375976562,100.94175720214844,482.4900207519531,247.13336181640625,554.5274047851562,258.5899963378906,661.1400146484375,372.2300109863281,32.7400016784668,203.59275817871094,37.45000076293945,5.340000152587891,10.045000076293945,105.672119140625,36.94234085083008,234.3572235107422,63.41496658325195,18.25200080871582,186.35000610351562,132.7293243408203,166.8551483154297,88.47000122070312,44.25,109.31300354003906,7.693399429321289,193.5399932861328,39.3614501953125
2022-05-23,24.878173828125,455.0,184.1955108642578,151.98805236816406,18.290000915527344,347.33636474609375,198.82000732421875,348.8719177246094,51.64887237548828,155.64932250976562,7276.546875,657.447021484375,58.55204772949219,118.86438751220703,246.14767456054688,102.64496612548828,488.79766845703125,248.0779571533203,554.5872802734375,268.3500061035156,681.9099731445312,368.3299865722656,32.9900016784668,203.85122680664062,38.220001220703125,5.429999828338623,10.125,109.11643981933594,37.23537826538086,234.7123260498047,64.38751983642578,18.440000534057617,187.44000244140625,135.32176208496094,168.8940887451172,93.62999725341797,43.63999938964844,111.66649627685547,7.424466609954834,196.22999572753906,40.5113410949707
2022-05-24,24.647045135498047,446.8999938964844,182.58349609375,148.0871124267578,16.860000610351562,339.62066650390625,197.97999572753906,349.2203063964844,49.700233459472656,160.6225128173828,7278.53955078125,665.6510620117188,58.78257369995117,118.46975708007812,255.12826538085938,103.95436096191406,494.2410888671875,247.7299346923828,548.2044067382812,268.4800109863281,686.02001953125,362.1600036621094,30.8700008392334,203.57286071777344,37.32500076293945,5.420000076293945,9.850000381469727,105.80115509033203,36.88274383544922,233.5977020263672,63.07754898071289,18.631999969482422,180.33999633789062,132.42259216308594,161.45787048339844,91.30000305175781,42.040000915527344,105.9260025024414,7.078695774078369,181.27999877929688,40.17718505859375
2022-05-25,24.927349090576172,452.1000061035156,186.47015380859375,154.47674560546875,17.229999542236328,343.67791748046875,198.75999450683594,346.025390625,50.30669403076172,161.70794677734375,7298.46435546875,680.2361450195312,59.896751403808594,118.42041778564453,256.87506103515625,103.90513610839844,494.767578125,245.9899139404297,533.6707763671875,270.8399963378906,690.8800048828125,367.8599853515625,31.65999984741211,204.96475219726562,37.744998931884766,5.460000038146973,9.923999786376953,107.99021911621094,37.687347412109375,233.20314025878906,65.76697540283203,18.77199935913086,187.8300018310547,132.66995239257812,169.66371154785156,91.81999969482422,42.56999969482422,105.8395004272461,6.905810356140137,183.8300018310547,42.55557632446289
2022-05-26,25.06995964050293,467.70001220703125,193.37315368652344,161.17251586914062,17.979999542236328,348.79180908203125,197.89999389648438,351.6725769042969,54.12443923950195,165.4575653076172,7362.22412109375,663.857666015625,59.91596221923828,120.71917724609375,251.34852600097656,97.89962768554688,498.8799743652344,248.7242431640625,539.5042114257812,269.6499938964844,683.4400024414062,384.9200134277344,33.45000076293945,210.5620880126953,38.09000015258789,5.800000190734863,9.902000427246094,114.49768829345703,38.104549407958984,239.1905517578125,69.08161926269531,18.850000381469727,191.39999389648438,134.8468017578125,178.4192352294922,91.37000274658203,44.029998779296875,108.2959976196289,6.9826483726501465,191.6300048828125,43.17474365234375
2022-05-27,25.320758819580078,489.0,197.42791748046875,165.06356811523438,18.760000228881836,356.65704345703125,200.4499969482422,359.8241271972656,55.71516418457031,168.12179565429688,7529.59228515625,687.320556640625,60.447845458984375,125.55347442626953,257.5362548828125,97.54520416259766,503.7273864746094,256.4002380371094,571.7080078125,273.7300109863281,692.7999877929688,398.6099853515625,35.77000045776367,214.30030822753906,38.29499816894531,5.880000114440918,9.720000267028809,118.8857650756836,38.48698425292969,247.23951721191406,70.09387969970703,19.100000381469727,195.19000244140625,138.34959411621094,188.01437377929688,92.70999908447266,43.86000061035156,112.79900360107422,7.20355749130249,195.1300048828125,48.72761154174805
2022-05-30,25.301088333129883,505.29998779296875,,,,,199.83999633789062,,,168.95065307617188,7559.4794921875,,,,,,,,,,,,,,38.939998626708984,,9.62600040435791,,38.675724029541016,,,18.95599937438965,,,,96.33999633789062,,,7.289999961853027,,
2022-05-31,25.281417846679688,509.70001220703125,193.14569091796875,159.86891174316406,18.450000762939453,356.7467346191406,195.94000244140625,348.6893615722656,54.49229431152344,166.81927490234375,7374.1787109375,680.791015625,59.62733459472656,125.77051544189453,252.76963806152344,98.5986328125,493.46630859375,245.3137969970703,566.9334106445312,268.6499938964844,664.739990234375,391.6199951171875,34.09000015258789,209.18016052246094,38.619998931884766,5.789999961853027,9.5,116.70664978027344,38.3677864074707,242.8106231689453,68.5357894897461,19.11199951171875,197.44000244140625,137.14242553710938,186.62509155273438,93.63999938964844,45.540000915527344,114.03900146484375,7.434071063995361,193.63999938964844,49.0814208984375
2022-06-01,25.040454864501953,509.79998779296875,189.6051788330078,154.57550048828125,17.65999984741211,355.9393005371094,195.05999755859375,331.2588806152344,54.14432144165039,165.57598876953125,7117.1484375,672.7752075195312,58.044219970703125,124.1722412109375,249.24647521972656,96.26534271240234,489.2645263671875,244.379150390625,555.5960693359375,269.4100036621094,658.9199829101562,369.6300048828125,32.619998931884766,205.7501678466797,37.70500183105469,5.710000038146973,9.529999732971191,113.8907241821289,37.7469482421875,240.19667053222656,68.29761505126953,19.15999984741211,192.91000366210938,136.27166748046875,183.1068572998047,93.37000274658203,45.310001373291016,114.13700103759766,7.328419208526611,188.63999938964844,49.79887008666992
2022-06-02,25.202735900878906,520.5,193.96653747558594,158.9109649658203,18.0,361.94036865234375,195.3000030517578,342.263916015625,56.02336502075195,,,688.2717895507812,58.05387496948242,127.80289459228516,258.9178771972656,96.97418975830078,488.97650146484375,247.3719940185547,569.4605102539062,270.04998779296875,630.7000122070312,386.3399963378906,36.029998779296875,209.95562744140625,37.81999969482422,5.920000076293945,9.494000434875488,116.74645233154297,,249.40960693359375,71.30461883544922,19.101999282836914,205.08999633789062,139.33908081054688,195.8203887939453,92.37999725341797,46.810001373291016,117.74600219726562,7.174742698669434,198.86000061035156,50.39838409423828
2022-06-03,25.197818756103516,521.0,193.2940216064453,159.03933715820312,17.5,356.6969299316406,195.60000610351562,335.1700134277344,54.99934005737305,,,672.2202758789062,56.50937271118164,125.86917877197266,263.2305908203125,94.0009765625,482.3708190917969,242.26129150390625,557.4739990234375,269.44000244140625,630.3499755859375,372.6300048828125,34.529998779296875,206.38645935058594,37.900001525878906,5.699999809265137,9.685999870300293,114.38823699951172,,248.83749389648438,71.4832534790039,19.11400032043457,198.97999572753906,138.8740234375,187.10482788085938,92.62999725341797,45.9900016784668,114.56400299072266,,190.77999877929688,50.142852783203125
2022-06-06,25.502710342407227,526.0999755859375,194.59947204589844,157.68637084960938,16.850000381469727,359.0096435546875,198.8800048828125,337.8739013671875,56.182437896728516,169.0887908935547,7300.45703125,686.0126342773438,56.23908615112305,126.15528869628906,263.852294921875,94.01081085205078,486.91033935546875,240.60081481933594,552.2598876953125,268.0,609.030029296875,372.2200012207031,34.61000061035156,203.63250732421875,38.66999816894531,5.71999979019165,9.649999618530273,114.42803955078125,38.635986328125,253.947021484375,73.63677978515625,19.20800018310547,197.13999938964844,139.87339782714844,187.76449584960938,91.77999877929688,46.70000076293945,117.010498046875,7.405256748199463,194.25,49.17970275878906
2022-06-07,25.276500701904297,525.0,193.49180603027344,154.04220581054688,17.170000076293945,362.87744140625,196.82000732421875,343.6806945800781,56.61989212036133,166.76007080078125,7099.21630859375,685.2100830078125,56.98237609863281,127.94100952148438,262.6581726074219,94.97563171386719,493.7841796875,244.0908203125,560.0311279296875,271.8599853515625,613.97998046875,376.7900085449219,34.81999969482422,206.31686401367188,38.255001068115234,6.269999980926514,9.640000343322754,115.0947036743164,38.31315231323242,257.2415466308594,72.55506134033203,19.11400032043457,198.61000061035156,143.8808135986328,189.1637725830078,96.44999694824219,47.83000183105469,117.22949981689453,7.472490310668945,195.64999389648438,50.2706184387207
2022-06-08,25.2224063873291,523.0,190.32711791992188,154.75326538085938,16.670000076293945,361.1927490234375,192.3000030517578,337.92376708984375,54.53206253051758,166.32591247558594,7071.3212890625,662.5299072265625,55.23516845703125,123.09685516357422,260.9903259277344,94.55229949951172,490.2380065917969,236.00714111328125,551.4407958984375,274.5400085449219,607.760009765625,371.9700012207031,35.439998626708984,204.53724670410156,36.98500061035156,6.380000114440918,9.600000381469727,111.90067291259766,37.56317901611328,248.9459991455078,69.93509674072266,18.579999923706055,202.8300018310547,142.96058654785156,186.42459106445312,94.68000030517578,51.45000076293945,117.23799896240234,7.472490310668945,196.63999938964844,49.464717864990234
2022-06-09,24.937185287475586,515.0,192.13693237304688,152.62998962402344,15.630000114440918,347.9045715332031,188.5399932861328,335.6688537597656,52.86179733276367,163.7209014892578,7083.2763671875,652.3837890625,51.77933883666992,120.5317153930664,256.7862548828125,91.75628662109375,486.16534423828125,228.4802703857422,539.2145385742188,259.70001220703125,575.47998046875,359.70001220703125,33.279998779296875,200.0931396484375,35.779998779296875,6.690000057220459,9.550000190734863,106.70662689208984,37.33470916748047,250.16909790039062,67.51361846923828,18.474000930786133,192.77000427246094,141.00140380859375,180.42637634277344,91.9000015258789,49.189998626708984,114.91799926757812,7.414861679077148,184.0,49.484371185302734
2022-06-10,24.98636245727539,510.3999938964844,184.27464294433594,147.81060791015625,14.859999656677246,333.6993103027344,183.89999389648438,332.0072021484375,50.75408935546875,157.68202209472656,7025.494140625,643.2185668945312,51.1036262512207,115.66783142089844,247.71681213378906,91.30341339111328,481.3973693847656,223.29005432128906,526.2890625,254.8800048828125,571.8099975585938,345.8900146484375,31.739999771118164,195.5794677734375,35.154998779296875,6.630000114440918,9.531999588012695,101.373291015625,35.040096282958984,244.82286071777344,64.19896697998047,18.100000381469727,182.94000244140625,135.58892822265625,169.6895751953125,90.16000366210938,49.45000076293945,111.42749786376953,7.443675994873047,175.57000732421875,48.3148307800293
2022-06-13,24.932268142700195,495.6000061035156,179.2605438232422,143.010986328125,14.029999732971191,318.7364196777344,183.25999450683594,321.6307067871094,46.48895263671875,154.01132202148438,6840.193359375,610.6301879882812,47.31959915161133,106.9759750366211,236.880859375,88.77322387695312,466.56695556640625,215.23622131347656,511.3358459472656,245.38999938964844,549.2999877929688,336.20001220703125,28.6299991607666,184.69296264648438,34.39500045776367,6.360000133514404,9.26200008392334,95.8409423828125,33.78351593017578,239.38783264160156,60.05069351196289,17.760000228881836,169.69000244140625,131.452880859375,156.42352294921875,85.5,46.720001220703125,106.87650299072266,7.20355749130249,164.25999450683594,46.43766784667969
2022-06-14,24.784740447998047,491.29998779296875,175.9771728515625,140.92718505859375,13.979999542236328,321.12890625,182.3000030517578,316.71185302734375,46.82698059082031,1.5468230247497559,6712.67431640625,612.8397216796875,47.43544006347656,109.17607116699219,231.41355895996094,87.10940551757812,458.66998291015625,212.64108276367188,507.1780700683594,249.0800018310547,548.3499755859375,328.989990234375,29.270000457763672,178.24058532714844,34.66999816894531,6.28000020980835,9.079999923706055,96.13945770263672,33.77358627319336,235.9650421142578,60.06061935424805,17.802000045776367,167.5399932861328,129.1473846435547,158.31295776367188,88.23999786376953,47.849998474121094,107.19400024414062,7.2707905769348145,163.72999572753906,46.53594970703125
2022-06-15,24.98636245727539,504.0,177.03536987304688,145.60830688476562,14.850000381469727,324.36871337890625,186.36000061035156,320.6130065917969,48.40776824951172,158.62928771972656,7061.35888671875,635.3712158203125,48.95097732543945,114.36309051513672,238.23287963867188,87.9659194946289,461.2327575683594,217.71202087402344,514.484130859375,253.50999450683594,561.1900024414062,333.94000244140625,30.959999084472656,181.20262145996094,35.57500076293945,6.360000133514404,9.119999885559082,96.93547058105469,33.98218536376953,236.03408813476562,59.33616256713867,18.17799949645996,180.11000061035156,129.63223266601562,165.2209014892578,88.0199966430664,48.689998626708984,110.3905029296875,7.001857757568359,169.35000610351562,47.08631896972656
2022-06-16,24.966690063476562,489.1499938964844,169.71701049804688,141.1148223876953,13.649999618530273,307.8108215332031,184.10000610351562,315.3150329589844,44.79880905151367,151.60365295410156,7226.73486328125,612.7603759765625,46.460472106933594,111.08393859863281,232.48480224609375,86.04613494873047,454.66339111328125,216.8966827392578,504.61944580078125,250.9600067138672,556.75,327.3699951171875,29.09000015258789,171.09979248046875,34.58000183105469,6.03000020980835,8.534000396728516,89.14441680908203,33.71895217895508,231.90110778808594,53.62980651855469,17.74799919128418,173.35000610351562,124.78376770019531,155.96365356445312,87.25,46.189998626708984,106.63600158691406,6.84818172454834,160.8699951171875,45.101051330566406
2022-06-17,24.602787017822266,481.8500061035156,170.56752014160156,137.56944274902344,14.220000267028809,309.7148132324219,183.3000030517578,319.2062072753906,44.918113708496094,153.8534393310547,7103.201171875,627.0086059570312,47.34856033325195,109.66297149658203,234.46038818359375,86.85343170166016,450.64599609375,224.93063354492188,500.6315612792969,263.0899963378906,580.9500122070312,328.04998779296875,30.670000076293945,172.6356658935547,35.275001525878906,6.010000228881836,8.784000396728516,89.38322448730469,33.76365280151367,232.75927734375,53.758819580078125,18.06999969482422,175.50999450683594,124.19996643066406,158.75282287597656,86.05000305175781,46.72999954223633,107.8655014038086,6.905810356140137,163.74000549316406,46.771820068359375
2022-06-20,24.740482330322266,484.3999938964844,,,,,186.39999389648438,,,157.99777221679688,7051.396484375,,,,,,,,,,,,,,34.9900016784668,,8.75,,32.69084167480469,,,18.530000686645508,,,,87.27999877929688,,,7.049881458282471,,
2022-06-21,24.671632766723633,494.29998779296875,170.478515625,142.90234375,14.039999961853027,316.4037780761719,185.10000610351562,319.2959899902344,46.10121536254883,158.29379272460938,7139.06591796875,634.31103515625,46.595619201660156,111.65033721923828,245.06309509277344,87.3358383178711,478.8175964355469,228.23170471191406,513.2647705078125,270.1700134277344,587.6699829101562,332.0299987792969,31.510000228881836,173.40359497070312,35.35499954223633,6.010000228881836,8.765999794006348,94.69666290283203,32.57660675048828,237.73069763183594,54.25502395629883,18.25,170.91000366210938,124.81344604492188,165.6107940673828,87.5,48.18000030517578,112.01499938964844,7.136323928833008,157.0500030517578,48.38362503051758
2022-06-22,24.061851501464844,487.8999938964844,171.68505859375,139.0606689453125,13.970000267028809,315.1576843261719,183.82000732421875,324.4343566894531,45.55440139770508,159.20159912109375,7310.41943359375,651.9181518554688,45.543434143066406,114.73075866699219,250.18572998046875,87.86746978759766,488.1483154296875,231.9304962158203,518.9417114257812,272.30999755859375,586.8400268554688,333.1099853515625,32.77000045776367,176.1162872314453,35.5,6.090000152587891,8.824000358581543,93.47278594970703,32.05013656616211,237.7208251953125,53.06413650512695,18.59000015258789,178.88999938964844,124.89261627197266,163.55140686035156,86.72000122070312,47.38999938964844,112.03399658203125,6.95383358001709,155.85000610351562,47.77428436279297
2022-06-23,23.806135177612305,490.0,174.3849334716797,144.9861297607422,14.119999885559082,315.76580810546875,180.24000549316406,332.9849548339844,46.12110137939453,152.03782653808594,7435.94580078125,671.2096557617188,46.16122817993164,117.49320220947266,256.44012451171875,87.9666748046875,498.2466125488281,238.25425720214844,540.3102416992188,283.5,607.3900146484375,355.6199951171875,35.88999938964844,176.96401977539062,34.915000915527344,6.039999961853027,8.739999771118164,92.8160629272461,32.1395378112793,238.7664031982422,51.3571891784668,18.601999282836914,181.7100067138672,125.5555648803711,162.20179748535156,87.94999694824219,48.0,112.68450164794922,7.030672073364258,158.75,48.196895599365234
2022-06-24,24.504436492919922,502.5,180.8231201171875,148.55126953125,14.279999732971191,329.4626770019531,182.0,340.8870544433594,48.2884635925293,156.8334197998047,7571.4345703125,682.8519287109375,47.7733039855957,121.81572723388672,259.7559509277344,89.50438690185547,494.0896911621094,241.17750549316406,544.5180053710938,292.54998779296875,612.489990234375,361.4800109863281,37.16999816894531,181.8408966064453,36.14500045776367,6.309999942779541,8.668000221252441,96.87577056884766,32.81004333496094,248.6500701904297,52.17096710205078,18.851999282836914,190.85000610351562,130.44361877441406,171.20912170410156,89.98999786376953,49.18000030517578,118.53800201416016,7.136323928833008,170.16000366210938,49.38609313964844
2022-06-27,24.5683650970459,496.6499938964844,182.1879119873047,147.7513427734375,14.079999923706055,327.7978820800781,181.16000366210938,339.6997375488281,48.18904495239258,156.53738403320312,7635.19384765625,679.2849731445312,46.90451431274414,119.45075988769531,257.4527282714844,89.75240325927734,504.0783386230469,239.93463134765625,543.3486938476562,287.32000732421875,602.4000244140625,359.0299987792969,37.459999084472656,179.337646484375,36.57500076293945,6.289999961853027,8.552000045776367,97.12452697753906,32.88951110839844,242.83033752441406,52.458763122558594,18.760000228881836,189.13999938964844,130.8592071533203,168.639892578125,91.0999984741211,47.220001220703125,116.62249755859375,7.472490310668945,169.49000549316406,49.37626647949219
2022-06-28,24.774904251098633,503.6000061035156,172.79269409179688,142.72459411621094,13.65999984741211,317.2909851074219,182.47999572753906,331.94732666015625,48.27852249145508,157.8990936279297,7718.87841796875,662.9658813476562,46.72111129760742,118.20865631103516,251.09906005859375,88.49246978759766,506.8496398925781,234.61512756347656,535.48291015625,276.1700134277344,594.4199829101562,349.2099914550781,35.08000183105469,175.34837341308594,35.994998931884766,6.300000190734863,8.545999526977539,94.54740905761719,32.581573486328125,239.2102813720703,50.860984802246094,18.922000885009766,179.60000610351562,127.96001434326172,159.7725372314453,90.58000183105469,45.650001525878906,112.57150268554688,7.530118942260742,160.67999267578125,48.098609924316406
2022-06-29,24.553611755371094,500.6000061035156,174.15748596191406,140.13711547851562,13.170000076293945,321.5774841308594,183.60000610351562,333.99267578125,47.07553482055664,154.6822967529297,7671.05859375,643.5455932617188,45.80881881713867,117.56275939941406,251.32740783691406,89.70279693603516,514.096923828125,238.63209533691406,535.6327514648438,280.3500061035156,597.6199951171875,358.2200012207031,34.349998474121094,175.19876098632812,36.165000915527344,5.980000019073486,8.359999656677246,91.48273468017578,32.4921760559082,239.8218536376953,51.51597595214844,18.988000869750977,178.36000061035156,125.93156433105469,155.3738250732422,88.5,46.400001525878906,112.25650024414062,7.347628593444824,163.94000244140625,46.575260162353516
2022-06-30,24.450342178344727,490.1000061035156,172.74325561523438,139.47544860839844,13.420000076293945,314.4898376464844,181.4600067138672,336.2974548339844,46.02167892456055,151.09054565429688,7603.314453125,650.9966430664062,44.83726119995117,116.90692901611328,253.7398223876953,89.03811645507812,512.0233764648438,233.0242462158203,542.9888916015625,281.7900085449219,591.1300048828125,350.7300109863281,33.209999084472656,167.6091766357422,35.88999938964844,5.940000057220459,8.065999984741211,90.52750396728516,32.780242919921875,238.79904174804688,52.01218032836914,18.902000427246094,174.8699951171875,124.66503143310547,151.5449676513672,86.33000183105469,45.38999938964844,109.37249755859375,7.040276527404785,161.25,45.415550231933594
2022-07-01,24.740482330322266,487.25,175.40357971191406,140.6111602783203,14.25,317.2411193847656,182.60000610351562,342.5532531738281,46.459129333496094,151.1694793701172,7529.59228515625,666.8599243164062,46.06142044067383,119.27189636230469,256.52947998046875,90.65518188476562,515.7816162109375,239.56674194335938,547.9761962890625,287.32000732421875,595.4000244140625,358.44000244140625,34.83000183105469,174.59039306640625,36.154998779296875,6.190000057220459,8.206000328063965,85.84092712402344,32.819976806640625,241.0531768798828,54.16571044921875,19.152000427246094,179.9499969482422,126.03052520751953,145.18685913085938,85.30999755859375,45.279998779296875,109.08100128173828,,160.02999877929688,42.00520706176758
2022-07-04,24.897844314575195,490.3999938964844,,,,,183.24000549316406,,,153.458740234375,7679.02880859375,,,,,,,,,,,,,,35.68000030517578,,8.206000328063965,,32.780242919921875,,,19.299999237060547,,,,85.63999938964844,,,6.992253303527832,,
2022-07-05,24.715892791748047,479.6499938964844,177.8957977294922,143.89981079101562,14.4399995803833,318.2579345703125,177.5800018310547,343.5410461425781,47.37379837036133,145.52529907226562,7402.07373046875,661.043701171875,46.3237419128418,120.66305541992188,254.0872802734375,89.7722396850586,503.6596374511719,238.62216186523438,544.7778930664062,288.9800109863281,596.5599975585938,366.8699951171875,38.810001373291016,172.11705017089844,35.83000183105469,5.789999961853027,7.992000102996826,85.57227325439453,31.831602096557617,238.2926025390625,53.967227935791016,18.860000610351562,185.8800048828125,125.3477783203125,149.59555053710938,85.54000091552734,43.970001220703125,113.88700103759766,6.92501974105835,168.19000244140625,42.3983268737793
2022-07-06,25.39944076538086,489.45001220703125,177.08482360839844,143.010986328125,14.270000457763672,319.16510009765625,176.83999633789062,348.2303771972656,47.06559371948242,144.91351318359375,7639.17919921875,656.4561767578125,45.225887298583984,120.69286346435547,256.3607177734375,88.90914916992188,513.6781616210938,242.489990234375,555.7420043945312,291.1600036621094,594.9000244140625,375.2200012207031,38.810001373291016,165.54473876953125,35.349998474121094,5.71999979019165,7.892000198364258,86.12947845458984,32.7305793762207,235.56182861328125,54.126014709472656,18.98200035095215,184.05999755859375,126.65389251708984,151.2550506591797,86.61000061035156,43.88999938964844,115.2135009765625,6.896205425262451,169.77000427246094,41.4744873046875
2022-07-07,25.384687423706055,505.20001220703125,179.567138671875,148.0970001220703,14.520000457763672,323.5480041503906,178.89999389648438,351.0340270996094,48.40776824951172,149.0183868408203,7553.50244140625,654.6825561523438,45.643653869628906,121.79585266113281,255.31829833984375,88.79009246826172,512.7710571289062,242.9970703125,553.4632568359375,294.1700134277344,607.4500122070312,382.5199890136719,42.220001220703125,174.1914825439453,36.46500015258789,5.989999771118164,8.086000442504883,90.29864501953125,33.38618087768555,234.17161560058594,56.21999740600586,19.239999771118164,189.27000427246094,128.22715759277344,158.53289794921875,87.61000061035156,45.31999969482422,119.30599975585938,6.867391586303711,172.19000244140625,42.20176315307617
2022-07-08,25.955129623413086,501.0,179.62648010253906,146.15147399902344,13.989999771118164,322.53961181640625,180.1199951171875,351.6825866699219,47.274375915527344,149.94593811035156,7583.3896484375,644.5562744140625,44.72067642211914,120.8121109008789,253.1640167236328,88.77025604248047,517.0077514648438,242.5496368408203,553.4132690429688,294.2900085449219,621.5700073242188,378.45001220703125,41.810001373291016,172.1370086669922,36.42499923706055,5.940000057220459,8.184000015258789,90.73645782470703,34.185821533203125,230.58685302734375,56.239845275878906,19.22800064086914,186.97999572753906,126.47578430175781,158.3329620361328,87.44999694824219,44.63999938964844,120.16850280761719,6.867391586303711,170.8800048828125,42.182106018066406
2022-07-11,25.832189559936523,496.1499938964844,178.1232452392578,144.57135009765625,13.65999984741211,323.6678161621094,178.6999969482422,350.81451416015625,46.996002197265625,148.99864196777344,7633.20166015625,641.3756713867188,43.56452560424805,121.0108413696289,256.1224365234375,88.24445343017578,515.3330078125,241.24710083007812,557.73095703125,294.07000732421875,614.4600219726562,369.6600036621094,38.93000030517578,168.93560791015625,35.80500030517578,5.809999942779541,8.121999740600586,88.17924499511719,33.95238494873047,232.45370483398438,56.47801971435547,19.173999786376953,177.33999633789062,126.5054702758789,151.47499084472656,86.55999755859375,42.90999984741211,116.52249908447266,6.819367408752441,162.8800048828125,41.749671936035156
2022-07-12,25.935461044311523,504.8999938964844,179.00341796875,142.7640838623047,13.949999809265137,322.3399353027344,179.3000030517578,345.26708984375,46.39947509765625,150.12353515625,7700.94580078125,622.4904174804688,45.0704345703125,120.1463394165039,253.6405487060547,87.98652648925781,512.8109130859375,238.54261779785156,530.6454467773438,290.010009765625,610.0900268554688,362.4599914550781,39.81999969482422,169.6536865234375,36.095001220703125,5.960000038146973,8.071999549865723,88.2886962890625,34.31991958618164,230.3087921142578,56.944454193115234,19.25,174.4499969482422,125.54566955566406,150.77520751953125,85.25,43.040000915527344,114.84950256347656,6.780948638916016,163.27000427246094,42.30987548828125
2022-07-13,25.502710342407227,500.0,180.35830688476562,143.63314819335938,14.180000305175781,322.84912109375,176.67999267578125,341.2462158203125,45.902374267578125,147.24224853515625,7645.15625,620.1520385742188,43.80741882324219,119.9972915649414,254.0674285888672,87.21271514892578,499.6721496582031,238.92042541503906,522.8696899414062,288.7300109863281,602.02001953125,363.3299865722656,40.099998474121094,168.85581970214844,36.02000045776367,5.96999979019165,8.055999755859375,88.63695526123047,33.748748779296875,226.39634704589844,57.18263244628906,19.24799919128418,176.55999755859375,124.39787292480469,151.59495544433594,83.41999816894531,42.47999954223633,112.18699645996094,6.771344184875488,163.49000549316406,42.3983268737793
2022-07-14,25.202735900878906,496.75,180.64512634277344,144.4725799560547,13.630000114440918,324.5064697265625,170.82000732421875,344.3891296386719,45.56434631347656,143.6110076904297,7597.3369140625,606.3200073242188,43.52566146850586,117.38389587402344,254.65316772460938,86.81587982177734,500.8584289550781,238.99998474121094,525.3483276367188,286.1499938964844,598.8599853515625,366.05999755859375,39.18000030517578,167.04071044921875,35.69499969482422,5.829999923706055,7.946000099182129,91.21407318115234,33.555049896240234,220.4283447265625,56.52764129638672,18.857999801635742,174.77999877929688,123.72502136230469,153.67433166503906,82.95999908447266,41.61000061035156,111.44000244140625,6.905810356140137,158.0500030517578,41.96589279174805
2022-07-15,25.51254653930664,496.8999938964844,182.9593048095703,144.84786987304688,13.960000038146973,332.0343322753906,172.52000427246094,348.659423828125,47.96038055419922,148.30792236328125,7521.62255859375,614.068359375,44.57494354248047,120.24571228027344,255.3381805419922,88.41311645507812,528.0929565429688,243.1163787841797,538.5812377929688,292.8399963378906,607.5399780273438,370.1400146484375,40.58000183105469,171.149658203125,36.244998931884766,6.03000020980835,8.02400016784668,94.0001449584961,33.887821197509766,223.62583923339844,57.371192932128906,19.031999588012695,189.11000061035156,127.63349151611328,157.5731658935547,88.30000305175781,41.40999984741211,112.76699829101562,6.809762954711914,164.6999969482422,42.712825775146484
2022-07-18,25.635486602783203,510.79998779296875,183.74058532714844,147.50445556640625,13.880000114440918,330.4768371582031,173.0,344.5786437988281,48.427650451660156,152.17596435546875,7621.24658203125,609.3320922851562,45.119014739990234,118.44713592529297,247.44570922851562,87.20278930664062,517.7454223632812,239.507080078125,520.48095703125,286.05999755859375,586.7000122070312,360.6000061035156,39.5,171.2294464111328,36.70000076293945,6.070000171661377,8.050000190734863,92.67676544189453,34.22058868408203,221.997314453125,57.19255828857422,18.93400001525879,190.9199981689453,125.54566955566406,160.962158203125,88.12999725341797,42.25,109.91000366210938,6.896205425262451,167.22999572753906,42.162452697753906
2022-07-19,25.738754272460938,528.2999877929688,187.75872802734375,151.4547576904297,14.25,339.83172607421875,176.36000061035156,356.33203125,50.4955940246582,156.12295532226562,7659.10400390625,631.5367431640625,47.431312561035156,124.31980895996094,255.2984619140625,89.61351776123047,531.7814331054688,244.5382537841797,536.582275390625,289.6000061035156,595.72998046875,377.1000061035156,41.150001525878906,177.7020263671875,37.345001220703125,6.21999979019165,8.399999618530273,97.74144744873047,35.04505920410156,228.39230346679688,59.39570617675781,19.107999801635742,201.6300048828125,130.90867614746094,169.86952209472656,86.93000030517578,43.150001525878906,114.62000274658203,6.867391586303711,175.77999877929688,43.61838150024414
2022-07-20,25.689579010009766,526.7999877929688,189.99655151367188,154.55575561523438,14.4399995803833,340.72027587890625,174.9199981689453,357.7887268066406,51.31084442138672,155.55064392089844,7766.69775390625,631.5367431640625,47.4604606628418,123.7832260131836,247.9321746826172,88.5222396850586,517.8450927734375,243.8820037841797,538.3613891601562,285.5,594.5900268554688,383.80999755859375,43.20000076293945,178.33033752441406,38.04499816894531,6.25,8.399999618530273,101.7215576171875,34.56825637817383,230.0109100341797,60.72553253173828,18.826000213623047,216.44000244140625,132.4423828125,178.01710510253906,88.44999694824219,42.75,114.69999694824219,6.963438987731934,183.08999633789062,43.747135162353516
2022-07-21,25.945293426513672,530.2000122070312,192.5128631591797,156.6889190673828,14.510000228881836,346.3612060546875,175.0,360.8018798828125,52.14597702026367,156.8531494140625,7864.32958984375,644.2293090820312,46.67350769042969,124.88621520996094,253.5511932373047,89.5440673828125,520.8258056640625,247.67027282714844,574.6918334960938,283.1099853515625,592.4400024414062,398.3500061035156,43.65999984741211,180.82363891601562,38.505001068115234,6.289999961853027,8.137999534606934,103.32353973388672,34.68745803833008,232.95021057128906,61.122501373291016,18.700000762939453,223.8800048828125,135.8956756591797,180.44638061523438,85.73999786376953,43.15999984741211,115.04000091552734,7.030672073364258,183.1699981689453,44.2225456237793
2022-07-22,26.019058227539062,531.2999877929688,194.52194213867188,155.7803497314453,14.649999618530273,343.32611083984375,174.02000427246094,361.12115478515625,51.032466888427734,155.74798583984375,7822.4873046875,647.7864379882812,46.9649658203125,126.0985107421875,257.7207946777344,90.00041961669922,519.779052734375,244.9359588623047,561.2390747070312,280.2900085449219,586.1099853515625,393.510009765625,41.18000030517578,201.48805236816406,37.654998779296875,6.210000038146973,8.435999870300293,101.16433715820312,35.040096282958984,232.92042541503906,61.11257553100586,18.152000427246094,220.44000244140625,135.21292114257812,173.1385498046875,93.91999816894531,41.810001373291016,108.36000061035156,7.069090843200684,169.27000427246094,42.92508316040039
2022-07-25,26.255104064941406,533.0,193.7461700439453,155.533447265625,14.65999984741211,343.6555480957031,174.63999938964844,353.22906494140625,51.8377685546875,158.58981323242188,7782.6376953125,643.5257568359375,47.479888916015625,126.70465850830078,255.47714233398438,90.03018188476562,527.8138427734375,245.4828338623047,567.1359252929688,283.67999267578125,587.280029296875,375.55999755859375,42.08000183105469,198.09718322753906,37.810001373291016,6.199999809265137,8.460000038146973,100.49766540527344,35.02519226074219,233.56588745117188,60.844627380371094,18.15999984741211,218.50999450683594,135.65818786621094,170.18943786621094,89.25,41.58000183105469,108.20999908447266,7.213162422180176,166.64999389648438,43.430198669433594
2022-07-26,25.989551544189453,524.9000244140625,187.5797119140625,149.92401123046875,14.430000305175781,340.73028564453125,173.52000427246094,355.3143310546875,50.80379867553711,154.80072021484375,7800.5703125,635.817138671875,46.3237419128418,126.78414154052734,257.10528564453125,91.17105865478516,529.92724609375,245.5126495361328,572.9628295898438,288.2200012207031,582.5599975585938,377.0,40.189998626708984,203.39292907714844,37.029998779296875,6.039999961853027,8.390000343322754,98.4180679321289,34.7470588684082,232.9899444580078,59.881988525390625,18.115999221801758,213.91000366210938,137.67674255371094,165.2808837890625,88.05999755859375,41.099998474121094,105.44000244140625,7.184348106384277,159.14999389648438,43.01422119140625
2022-07-27,25.935461044311523,528.0,188.89256286621094,152.67935180664062,15.149999618530273,342.7170715332031,174.97999572753906,360.1034851074219,52.32493209838867,155.57037353515625,7838.42724609375,646.2307739257812,47.11069869995117,126.58541107177734,256.41033935546875,92.4805908203125,532.937744140625,248.04812622070312,581.6181030273438,286.989990234375,587.9099731445312,385.9599914550781,43.2400016784668,204.1110076904297,37.029998779296875,6.150000095367432,8.461999893188477,102.9454345703125,35.4920654296875,236.22714233398438,61.09272766113281,18.47599983215332,226.75,140.1801300048828,177.84715270996094,88.12999725341797,41.09000015258789,113.5999984741211,7.289999961853027,169.5800018310547,43.865989685058594
2022-07-28,26.186256408691406,556.0999755859375,189.76780700683594,157.43948364257812,15.59000015258789,351.8822937011719,174.1199951171875,373.7425537109375,55.1186408996582,148.34739685058594,7878.27685546875,704.7889404296875,48.2655143737793,131.5637664794922,266.9534606933594,92.72860717773438,539.7962646484375,250.94154357910156,597.3197631835938,280.82000732421875,582.3699951171875,398.55999755859375,35.599998474121094,209.21726989746094,37.79499816894531,6.179999828338623,8.567999839782715,104.6369857788086,36.545005798339844,242.5228271484375,62.43247985839844,18.461999893188477,226.02000427246094,144.7218475341797,179.7865753173828,87.37000274658203,40.65999984741211,114.58999633789062,7.347628593444824,160.72000122070312,44.073978424072266
2022-07-29,26.441972732543945,556.9000244140625,190.4938507080078,161.35028076171875,15.0,353.22015380859375,177.74000549316406,376.0772399902344,55.13852310180664,155.0967254638672,7967.9384765625,697.288330078125,48.5490837097168,131.72276306152344,268.8694763183594,91.78614044189453,540.6436157226562,260.69561767578125,598.0892944335938,280.4100036621094,581.6900024414062,399.17999267578125,36.849998474121094,211.8501739501953,38.11000061035156,6.170000076293945,8.79800033569336,105.4529037475586,37.175777435302734,246.49485778808594,63.14701461791992,18.450000762939453,224.89999389648438,146.8294677734375,181.5760498046875,89.87000274658203,38.65999984741211,116.63999938964844,7.289999961853027,159.10000610351562,44.62862014770508
2022-08-01,26.564912796020508,552.9000244140625,193.04000854492188,163.49331665039062,15.399999618530273,349.9753723144531,178.47999572753906,375.2291564941406,55.2081184387207,157.68202209472656,7957.97607421875,688.0636596679688,49.028221130371094,130.15274047851562,266.67547607421875,92.34170532226562,533.7053833007812,256.4698486328125,589.2340698242188,273.8299865722656,576.6799926757812,398.1300048828125,36.810001373291016,210.34423828125,39.255001068115234,6.260000228881836,8.829999923706055,105.87081146240234,36.917510986328125,245.52171325683594,64.44707489013672,18.666000366210938,226.2100067138672,145.94882202148438,184.355224609375,89.95999908447266,37.31999969482422,115.4800033569336,7.150000095367432,159.92999267578125,44.98516845703125
2022-08-02,26.663265228271484,543.5,186.93321228027344,161.4490203857422,16.0,348.4478454589844,176.60000610351562,368.94342041015625,51.937191009521484,157.8990936279297,7973.916015625,682.3961791992188,48.2655143737793,128.5529022216797,264.6999206542969,92.47066497802734,533.78515625,251.05091857910156,585.7258911132812,273.8599853515625,574.9600219726562,398.92999267578125,36.91999816894531,210.90272521972656,38.88999938964844,6.349999904632568,8.913999557495117,104.46781921386719,36.361236572265625,242.41358947753906,61.7675666809082,18.81999969482422,221.4199981689453,144.85049438476562,185.2049560546875,89.16000366210938,37.81999969482422,115.9000015258789,7.03000020980835,160.19000244140625,43.836273193359375
2022-08-03,26.373126983642578,553.4000244140625,194.36280822753906,165.83387756347656,16.709999084472656,353.5596008300781,180.16000366210938,367.32708740234375,52.981101989746094,161.15536499023438,8089.47998046875,689.7777709960938,47.356136322021484,129.89437866210938,266.88397216796875,93.0262222290039,538.9589233398438,251.33924865722656,587.6648559570312,275.0299987792969,608.77001953125,406.8699951171875,38.5,215.88931274414062,39.470001220703125,6.460000038146973,8.850000381469727,108.46783447265625,37.0466423034668,243.99249267578125,61.43014907836914,18.649999618530273,226.72999572753906,147.13619995117188,188.87387084960938,93.0,39.220001220703125,118.77999877929688,6.900000095367432,168.8000030517578,44.02445602416992
2022-08-04,26.141998291015625,556.4000244140625,196.09339904785156,164.4907684326172,17.479999542236328,355.4964599609375,180.60000610351562,377.0450439453125,52.931396484375,160.3264923095703,8113.3896484375,690.6101684570312,46.3685302734375,129.9241943359375,269.3063049316406,92.47066497802734,532.0804443359375,250.95147705078125,589.683837890625,274.8500061035156,614.9600219726562,405.0199890136719,37.459999084472656,212.14938354492188,39.76499938964844,6.519999980926514,8.79800033569336,110.50762939453125,37.7469482421875,255.928466796875,61.320980072021484,18.68600082397461,229.91000366210938,147.14610290527344,192.09291076660156,91.47000122070312,39.70000076293945,118.87000274658203,6.96999979019165,170.57000732421875,43.776851654052734
2022-08-05,25.984636306762695,543.5999755859375,198.0030059814453,164.06613159179688,14.59000015258789,356.93414306640625,177.13999938964844,375.7978820800781,52.116146087646484,161.8263397216797,8246.88671875,691.115478515625,45.75250244140625,130.56015014648438,270.21966552734375,92.54011535644531,533.3863525390625,253.21847534179688,589.9436645507812,288.0299987792969,613.6099853515625,407.7799987792969,37.47999954223633,212.2391357421875,42.04499816894531,6.619999885559082,8.87600040435791,109.07479858398438,37.44397735595703,260.8041687011719,60.914093017578125,18.827999114990234,226.77999877929688,147.0867156982422,189.83358764648438,91.31999969482422,38.5,118.22000122070312,7.150000095367432,167.11000061035156,44.97526550292969
2022-08-08,25.935461044311523,550.7999877929688,200.74807739257812,164.89569091796875,14.020000457763672,351.5927734375,177.9600067138672,377.2645568847656,52.50389099121094,163.79983520507812,8274.78125,690.6299438476562,46.77922058105469,130.39122009277344,271.0238037109375,92.83773803710938,534.9215087890625,254.35198974609375,583.6370849609375,293.95001220703125,630.6300048828125,407.0,38.790000915527344,210.7730712890625,40.744998931884766,6.349999904632568,9.020000457763672,107.293701171875,37.71714782714844,259.9402160644531,62.154605865478516,18.77400016784668,233.49000549316406,146.37428283691406,177.87713623046875,91.9000015258789,37.810001373291016,118.13999938964844,7.119999885559082,170.25,45.01488494873047
2022-08-09,25.78301429748535,545.9000244140625,194.1439971923828,163.06866455078125,13.100000381469727,345.9818115234375,178.1999969482422,376.23687744140625,51.45003128051758,163.6616973876953,8300.68359375,691.353271484375,46.2805290222168,132.06060791015625,274.1807556152344,92.36154174804688,535.5794677734375,251.40887451171875,580.5587158203125,298.8299865722656,622.1500244140625,388.6000061035156,35.40999984741211,209.50650024414062,39.9900016784668,6.199999809265137,9.14799976348877,99.16433715820312,37.424110412597656,256.9512634277344,57.103240966796875,19.04800033569336,229.94000244140625,144.8702850341797,170.8092498779297,90.54000091552734,37.75,117.5,7.050000190734863,168.52999877929688,44.658329010009766
2022-08-10,27.73530387878418,554.0,200.3402862548828,167.56214904785156,13.100000381469727,352.810791015625,178.9600067138672,392.3104553222656,55.17829513549805,167.50999450683594,8248.87890625,702.9559326171875,47.88416290283203,133.5610809326172,275.77911376953125,93.42304992675781,536.0380249023438,257.6331787109375,592.0325317382812,295.7699890136719,641.489990234375,400.2900085449219,37.790000915527344,216.13864135742188,40.5099983215332,6.329999923706055,9.02400016784668,104.52752685546875,37.9853515625,263.77325439453125,57.033775329589844,18.940000534057617,244.11000061035156,147.76947021484375,180.91624450683594,91.62000274658203,38.25,120.6500015258789,6.900000095367432,178.33999633789062,46.7778434753418
2022-08-11,27.454999923706055,559.7000122070312,201.0862274169922,167.49301147460938,13.680000305175781,350.0152893066406,179.36000061035156,385.2963562011719,56.33156967163086,168.97999572753906,8270.7958984375,682.9906616210938,49.88870620727539,133.3822021484375,271.9669189453125,93.29408264160156,531.1932373046875,257.2652893066406,592.222412109375,292.1600036621094,623.9000244140625,396.67999267578125,37.9900016784668,215.93919372558594,40.56999969482422,6.570000171661377,9.218000411987305,105.00513458251953,37.67741394042969,262.958984375,59.0384407043457,18.868000030517578,242.6999969482422,148.68475341796875,179.36669921875,91.55000305175781,39.029998779296875,119.81999969482422,7.130000114440918,177.49000549316406,47.1442985534668
2022-08-12,27.104999542236328,561.0,205.35302734375,170.33721923828125,13.680000305175781,353.6993408203125,182.0800018310547,391.0333557128906,56.94468307495117,171.60000610351562,8153.23974609375,698.100830078125,49.64425277709961,136.37319946289062,275.7096252441406,94.06790161132812,541.9993286132812,257.9414367675781,602.8867797851562,294.5199890136719,628.7100219726562,396.42999267578125,40.31999969482422,218.30282592773438,40.15999984741211,6.630000114440918,9.399999618530273,109.83101654052734,37.99528121948242,268.9865417480469,60.58659744262695,18.784000396728516,249.3000030517578,151.65945434570312,187.034423828125,91.58000183105469,38.439998626708984,122.6500015258789,7.110000133514404,180.5,47.758365631103516
2022-08-15,27.604999542236328,561.2999877929688,206.91453552246094,171.2359161376953,13.119999885559082,359.3702087402344,179.4600067138672,390.2052001953125,57.34345626831055,171.55999755859375,8408.27734375,708.2369995117188,49.06733322143555,137.50599670410156,279.48211669921875,94.44487762451172,542.9364013671875,258.667236328125,604.166015625,305.5299987792969,643.2899780273438,390.8500061035156,40.93000030517578,216.1186981201172,40.349998474121094,6.300000190734863,9.36400032043457,109.23400115966797,38.432350158691406,272.1939392089844,59.27661895751953,18.81599998474121,249.11000061035156,151.63954162597656,190.2634735107422,91.91999816894531,38.310001373291016,122.87999725341797,7.0,180.88999938964844,47.83759689331055
2022-08-16,27.764999389648438,564.0999755859375,212.96163940429688,179.06680297851562,13.6899995803833,358.67132568359375,180.6199951171875,387.89044189453125,57.024436950683594,170.5,8340.533203125,708.5853271484375,49.722476959228516,136.2440185546875,276.4343566894531,94.55400848388672,544.4117431640625,257.6729431152344,601.7872924804688,303.0,648.7000122070312,382.239990234375,39.45000076293945,212.29896545410156,40.8849983215332,6.159999847412109,9.46399974822998,107.95040893554688,38.829689025878906,271.6279602050781,60.73545837402344,19.097999572753906,245.69000244140625,152.31607055664062,188.73390197753906,91.1500015258789,38.79999923706055,122.51000213623047,6.920000076293945,179.47000122070312,48.12482452392578
2022-08-17,28.104999542236328,563.5,214.2048797607422,174.24703979492188,13.260000228881836,354.75762939453125,178.66000366210938,386.8528137207031,56.36646270751953,168.67999267578125,8402.2998046875,703.4703369140625,47.97216796875,136.52224731445312,275.4515075683594,94.15718841552734,543.2952880859375,252.55796813964844,595.7205810546875,299.2300109863281,636.3400268554688,374.010009765625,35.95000076293945,208.42938232421875,40.130001068115234,5.989999771118164,9.244000434875488,105.47279357910156,38.223751068115234,266.1266784667969,58.84307861328125,18.93199920654297,241.14999389648438,151.21176147460938,183.2955322265625,90.23999786376953,40.0099983215332,120.31999969482422,6.889999866485596,174.85000610351562,47.372100830078125
2022-08-18,28.104999542236328,562.7000122070312,215.29893493652344,171.9713134765625,13.1899995803833,356.78436279296875,179.17999267578125,386.50360107421875,55.65864562988281,168.5,8532.0,698.016845703125,48.069950103759766,135.76705932617188,273.4957580566406,94.48456573486328,543.5145874023438,249.6864013671875,594.691162109375,294.2900085449219,624.8300170898438,374.75,35.060001373291016,214.46315002441406,40.06999969482422,5.900000095367432,9.13599967956543,107.73150634765625,38.6061897277832,265.7294921875,60.47650146484375,18.799999237060547,245.1699981689453,152.56478881835938,187.67422485351562,89.83000183105469,39.59000015258789,120.86000061035156,6.989999771118164,174.66000366210938,48.47146987915039
2022-08-19,28.299999237060547,558.0999755859375,210.21658325195312,165.99876403808594,13.729999542236328,353.7093505859375,176.0,379.06048583984375,53.92398452758789,165.27999877929688,8560.0,693.4093017578125,47.53214645385742,133.233154296875,272.423583984375,94.24646759033203,546.6049194335938,248.57965087890625,588.2345581054688,299.0400085449219,618.3599853515625,373.739990234375,32.900001525878906,214.45318603515625,39.69499969482422,5.75,9.15999984741211,104.10960388183594,38.144287109375,261.85675048828125,57.93672561645508,18.833999633789062,241.16000366210938,150.06764221191406,178.43698120117188,90.45999908447266,39.58000183105469,118.12000274658203,7.190000057220459,167.9600067138672,47.213626861572266
2022-08-22,28.315000534057617,540.5,208.85398864746094,160.950439453125,12.710000038146973,344.9534912109375,174.0,375.5983581542969,52.757572174072266,163.0800018310547,8582.0,672.0733642578125,44.84312438964844,130.1129913330078,267.79730224609375,92.35161590576172,542.8666381835938,242.77671813964844,575.80126953125,293.8399963378906,612.0999755859375,358.3999938964844,32.709999084472656,211.8202667236328,38.165000915527344,5.519999980926514,8.894000053405762,100.30860900878906,37.543312072753906,259.08624267578125,56.93077850341797,18.986000061035156,226.5399932861328,145.9985809326172,170.28939819335938,88.0,39.06999969482422,115.06999969482422,7.010000228881836,163.0500030517578,46.39157485961914
2022-08-23,28.104999542236328,538.7000122070312,206.34762573242188,160.9603729248047,12.789999961853027,340.3409118652344,173.5,371.9565734863281,52.667850494384766,163.60000610351562,8334.0,664.5401000976562,45.39070129394531,127.6486587524414,263.31005859375,89.50438690185547,534.1240234375,238.1503143310547,572.6629028320312,286.25,602.530029296875,356.9100036621094,32.7599983215332,209.68600463867188,37.69499969482422,5.559999942779541,8.913999557495117,101.42304229736328,37.64264678955078,259.4933776855469,57.36901092529297,18.75200080871582,224.5500030517578,145.5608367919922,171.7589569091797,87.0999984741211,39.790000915527344,114.7699966430664,6.909999847412109,161.11000061035156,46.49061584472656
2022-08-24,27.975000381469727,543.5999755859375,207.2825469970703,162.11314392089844,13.520000457763672,339.1628112792969,172.74000549316406,374.8600158691406,52.9968376159668,162.6199951171875,8400.0,668.212158203125,44.97024154663086,130.29185485839844,262.56549072265625,88.57183837890625,534.781982421875,232.11802673339844,572.8428955078125,291.0299987792969,602.7899780273438,360.54998779296875,33.65999984741211,209.8555450439453,37.435001373291016,5.849999904632568,8.75,101.23350524902344,36.72380828857422,260.8835754394531,56.771419525146484,18.75200080871582,229.61000061035156,144.77488708496094,172.16883850097656,86.26000213623047,40.11000061035156,114.69999694824219,6.630000114440918,163.25999450683594,46.173683166503906
2022-08-25,27.950000762939453,543.5,209.81874084472656,166.45590209960938,13.5600004196167,344.1148376464844,174.0800018310547,379.6199951171875,54.252967834472656,164.16000366210938,8410.0,686.1845703125,45.351593017578125,131.9413604736328,266.2982482910156,91.4091567993164,539.8760375976562,236.36553955078125,585.1561889648438,291.2200012207031,603.7999877929688,371.2099914550781,35.0099983215332,212.98712158203125,37.904998779296875,5.659999847412109,8.684000015258789,104.74495697021484,38.104549407958984,264.7265319824219,58.30524444580078,18.92799949645996,233.97999572753906,147.29193115234375,179.07679748535156,86.54000091552734,42.29999923706055,117.69999694824219,6.78000020980835,168.77999877929688,47.441429138183594
2022-08-26,27.520000457763672,528.9000244140625,199.90267944335938,159.61878967285156,13.15999984741211,331.42529296875,170.5,364.05999755859375,51.471534729003906,162.10000610351562,8268.0,667.4857177734375,43.914188385009766,127.53935241699219,259.2992858886719,88.72064971923828,527.5945434570312,228.4886932373047,563.4078979492188,281.67999267578125,596.1799926757812,349.8999938964844,32.099998474121094,204.4301300048828,36.900001525878906,5.570000171661377,8.460000038146973,98.56002044677734,37.62774658203125,260.39703369140625,55.685791015625,18.549999237060547,223.27999877929688,140.3576202392578,162.55169677734375,86.23999786376953,41.2599983215332,111.30000305175781,6.880000114440918,161.77999877929688,41.03337097167969
2022-08-29,27.485000610351562,517.0999755859375,199.9822540283203,157.70082092285156,13.199999809265137,328.8194885253906,170.66000366210938,361.0,50.99300765991211,,,656.131103515625,43.562171936035156,126.48604583740234,257.8399353027344,88.20478057861328,528.1129150390625,228.9971923828125,556.3916625976562,281.6000061035156,592.77001953125,349.04998779296875,31.100000381469727,203.53256225585938,36.470001220703125,5.5,8.607999801635742,96.30550384521484,37.62774658203125,258.8777160644531,55.47663116455078,18.781999588012695,224.57000732421875,139.98951721191406,157.9630584716797,83.22000122070312,40.75,110.33999633789062,6.559999942779541,159.1699981689453,40.201412200927734
2022-08-30,27.334999084472656,515.5,196.153076171875,159.7777862548828,13.289999961853027,327.281982421875,170.33999633789062,355.55999755859375,50.54438781738281,164.6999969482422,8176.0,652.7078247070312,43.41544723510742,124.85639953613281,251.56565856933594,86.55794525146484,521.20458984375,227.34205627441406,553.992919921875,281.3599853515625,588.3900146484375,348.8399963378906,31.110000610351562,201.2387237548828,36.869998931884766,5.550000190734863,8.61400032043457,94.2904052734375,36.912540435791016,254.06161499023438,54.58024215698242,18.8439998626709,220.64999389648438,138.52703857421875,154.63404846191406,86.5,40.0,109.91000366210938,6.46999979019165,157.16000366210938,39.31002426147461
2022-08-31,27.399999618530273,503.0,193.08973693847656,159.3405303955078,13.239999771118164,323.8475036621094,168.8800048828125,352.17999267578125,50.40481948852539,164.5,8102.0,654.1806030273438,43.49422073364258,123.72360229492188,252.21096801757812,87.22262573242188,517.70556640625,224.61009216308594,545.0277709960938,281.760009765625,581.0599975585938,347.6199951171875,31.059999465942383,197.33920288085938,36.654998779296875,5.53000020980835,8.538000106811523,93.84149932861328,36.54996871948242,250.68536376953125,54.01252746582031,18.802000045776367,223.55999755859375,135.9403533935547,150.89515686035156,85.80000305175781,41.29999923706055,109.1500015258789,6.5,162.92999267578125,37.923431396484375
2022-09-01,27.350000381469727,492.20001220703125,194.70095825195312,163.81248474121094,13.1899995803833,324.7261047363281,168.27999877929688,351.9700012207031,49.976139068603516,161.39999389648438,7928.0,650.1303100585938,42.893558502197266,123.51493072509766,255.77499389648438,87.82778930664062,522.3609619140625,226.42474365234375,550.454833984375,290.20001220703125,600.6300048828125,349.92999267578125,30.799999237060547,198.91497802734375,35.849998474121094,5.429999828338623,8.597999572753906,91.58699035644531,35.5218620300293,248.25250244140625,53.24561309814453,18.5939998626709,230.0399932861328,138.0594482421875,139.32859802246094,84.5999984741211,41.18000030517578,110.55000305175781,6.440000057220459,165.36000061035156,37.28955841064453
2022-09-02,27.5,496.1000061035156,194.4523162841797,163.57398986816406,13.0600004196167,322.0404357910156,168.94000244140625,347.6300048828125,49.098838806152344,168.63999938964844,8006.0,628.0977172851562,43.68132019042969,121.12014770507812,249.0341339111328,86.50833892822266,514.73486328125,225.07870483398438,543.2586669921875,281.0400085449219,580.6199951171875,343.8299865722656,30.18000030517578,199.49342346191406,35.459999084472656,5.409999847412109,8.692000389099121,91.01837158203125,36.624473571777344,244.80674743652344,53.06633377075195,18.722000122070312,226.11000061035156,136.5969696044922,136.42945861816406,84.5999984741211,41.41999816894531,108.68000030517578,6.239999771118164,160.32000732421875,37.428218841552734
2022-09-05,27.139999389648438,494.25,,,,,168.86000061035156,,,166.5,7956.0,,,,,,,,,,,,,,35.61000061035156,,8.942000389099121,,35.42253112792969,,,18.899999618530273,,,,86.0,,,6.210000038146973,,
2022-09-06,27.299999237060547,499.5,191.91612243652344,162.5603485107422,12.630000114440918,323.5579833984375,168.60000610351562,356.7900085449219,48.37107849121094,167.8800048828125,7968.0,628.7744750976562,44.27213668823242,123.0180892944336,252.3400115966797,85.51626586914062,516.0607299804688,225.43765258789062,544.8578491210938,279.17999267578125,573.969970703125,341.7300109863281,29.030000686645508,200.17160034179688,35.625,5.309999942779541,8.892000198364258,90.07068634033203,35.591400146484375,244.4492645263672,52.88705825805664,18.889999389648438,218.38999938964844,137.75103759765625,134.61000061035156,85.5999984741211,39.27000045776367,107.4800033569336,6.190000057220459,158.5399932861328,36.93300247192383
2022-09-07,27.40999984741211,511.70001220703125,200.21099853515625,169.7253875732422,12.680000305175781,328.0906677246094,168.13999938964844,363.5299987792969,49.27828598022461,164.10000610351562,7944.0,644.0599365234375,45.148521423339844,125.83020782470703,257.62152099609375,86.41905212402344,520.0482177734375,231.2605438232422,551.42431640625,284.44000244140625,596.4400024414062,354.67999267578125,30.600000381469727,211.59088134765625,35.994998931884766,5.199999809265137,8.994000434875488,91.71668243408203,35.79999923706055,252.00607299804688,53.155975341796875,18.95800018310547,228.9600067138672,140.54664611816406,137.13999938964844,85.5999984741211,39.86000061035156,110.4800033569336,6.079999923706055,160.38999938964844,37.616397857666016
2022-09-08,27.530000686645508,515.4000244140625,203.2743377685547,170.82847595214844,12.539999961853027,329.538330078125,167.83999633789062,367.05999755859375,49.91632080078125,166.25999450683594,8004.0,647.7420043945312,47.177005767822266,127.10213470458984,259.77581787109375,87.19286346435547,525.8599853515625,237.57200622558594,566.25634765625,288.989990234375,708.8499755859375,364.95001220703125,32.40999984741211,215.63002014160156,35.30500030517578,5.059999942779541,8.862000465393066,93.56218719482422,36.029998779296875,252.05572509765625,53.41493225097656,18.770000457763672,227.44000244140625,142.50656127929688,139.89999389648438,86.19999694824219,38.560001373291016,109.41999816894531,6.0,162.05999755859375,38.13142013549805
2022-09-09,27.899999618530273,522.2000122070312,204.53746032714844,172.56756591796875,13.029999732971191,335.30902099609375,168.0,369.4200134277344,51.3419303894043,168.83999633789062,8004.0,654.6981201171875,47.55119323730469,128.81126403808594,259.6963806152344,89.01827239990234,524.3400268554688,237.62185668945312,569.0949096679688,292.1099853515625,724.3200073242188,374.1300048828125,33.459999084472656,219.11065673828125,36.35499954223633,5.070000171661377,9.052000045776367,96.27558135986328,36.630001068115234,255.1737823486328,55.36707305908203,19.57200050354004,233.57000732421875,144.9639129638672,143.8699951171875,86.19999694824219,38.83000183105469,111.77999877929688,6.099999904632568,169.14999389648438,39.4090690612793
2022-09-12,28.434999465942383,530.0999755859375,205.2834014892578,172.76632690429688,13.3100004196167,337.8749084472656,176.8000030517578,371.5,52.518310546875,173.9600067138672,8098.0,662.2412719726562,48.417724609375,129.37765502929688,263.1710510253906,91.32978820800781,531.25,240.56321716308594,578.879638671875,293.4800109863281,710.739990234375,376.5899963378906,34.20000076293945,221.76351928710938,37.75,4.960000038146973,9.15999984741211,96.06608581542969,37.5,261.65814208984375,55.87502670288086,19.408000946044922,236.52999877929688,146.8541717529297,145.0500030517578,87.5999984741211,39.4900016784668,111.87000274658203,,168.9600067138672,39.9141845703125
2022-09-13,28.684999465942383,523.0999755859375,192.58250427246094,165.20376586914062,12.949999809265137,324.9158020019531,173.0,356.510009765625,49.846534729003906,171.94000244140625,8004.0,633.1829833984375,45.54240417480469,124.29000091552734,252.78677368164062,89.60359191894531,513.9600219726562,227.7608184814453,559.52001953125,280.6700134277344,701.3900146484375,350.42999267578125,31.309999465942383,211.47119140625,36.665000915527344,4.78000020980835,9.149999618530273,90.17044067382812,36.599998474121094,254.28997802734375,52.7575798034668,19.222000122070312,218.1300048828125,141.78028869628906,131.30999755859375,85.5999984741211,38.29999923706055,105.30999755859375,6.340000152587891,153.1300048828125,37.93333435058594
2022-09-14,27.899999618530273,519.0999755859375,191.3491973876953,164.34912109375,12.710000038146973,325.32513427734375,172.66000366210938,351.1600036621094,49.986106872558594,169.89999389648438,7900.0,623.6394653320312,45.493167877197266,121.08000183105469,249.9971160888672,89.90121459960938,509.7699890136719,222.30685424804688,558.1300048828125,284.8599853515625,697.6199951171875,350.4700012207031,31.670000076293945,208.1999969482422,36.224998474121094,4.699999809265137,8.960000038146973,90.41983032226562,35.404998779296875,253.3962860107422,52.936859130859375,19.09000015258789,224.1199951171875,142.36727905273438,131.27999877929688,85.5999984741211,38.27000045776367,105.87000274658203,6.150000095367432,151.47000122070312,37.76496124267578
2022-09-15,27.649999618530273,504.20001220703125,190.00650024414062,163.98141479492188,13.170000076293945,316.4494323730469,173.39999389648438,347.05999755859375,49.487640380859375,172.24000549316406,7802.0,613.3297729492188,45.09928894042969,116.22000122070312,243.28604125976562,89.90121459960938,522.9099731445312,223.46343994140625,551.97998046875,287.6700134277344,705.8499755859375,349.8399963378906,31.889999389648438,208.97000122070312,35.915000915527344,4.710000038146973,8.739999771118164,88.70401000976562,35.6150016784668,246.73318481445312,52.89701843261719,19.1299991607666,235.3800048828125,140.38746643066406,129.2899932861328,84.44999694824219,37.790000915527344,103.9000015258789,6.139999866485596,149.5500030517578,37.28955841064453
2022-09-16,27.645000457763672,494.1499938964844,190.7723388671875,163.06715393066406,12.739999771118164,314.6224060058594,174.5399932861328,346.07000732421875,48.37107849121094,171.13999938964844,7786.0,621.7188720703125,46.182456970214844,113.66999816894531,244.1100311279297,89.53414916992188,521.02001953125,223.33383178710938,541.280029296875,289.7099914550781,710.2999877929688,342.55999755859375,30.489999771118164,209.6699981689453,33.599998474121094,4.769999980926514,8.600000381469727,88.65413665771484,35.189998626708984,245.63095092773438,52.309383392333984,18.802000045776367,240.1300048828125,137.56201171875,131.97999572753906,82.11000061035156,37.0099983215332,103.62999725341797,6.070000171661377,146.2899932861328,37.596588134765625
2022-09-19,27.584999084472656,493.1499938964844,194.04454040527344,163.7329864501953,13.15999984741211,313.524169921875,175.3000030517578,344.69000244140625,49.35803985595703,,,622.9230346679688,46.349857330322266,112.80000305175781,245.7083740234375,88.96866607666016,523.5499877929688,222.89512634277344,539.6699829101562,285.1400146484375,715.3400268554688,339.6700134277344,30.1299991607666,208.38999938964844,33.70500183105469,4.880000114440918,8.579999923706055,89.50206756591797,35.529998779296875,247.6368408203125,54.400962829589844,19.027999877929688,243.6300048828125,139.50201416015625,133.82000732421875,82.05000305175781,37.040000915527344,103.8499984741211,6.119999885559082,148.02000427246094,37.45792770385742
2022-09-20,27.204999923706055,495.3999938964844,189.37991333007812,159.032470703125,13.210000038146973,312.765380859375,171.3800048828125,339.3500061035156,47.53365707397461,170.9199981689453,7548.0,613.5089111328125,45.12882995605469,110.93000030517578,236.17787170410156,87.75834655761719,522.7999877929688,219.56491088867188,532.1599731445312,286.94000244140625,704.219970703125,338.0,29.450000762939453,201.75999450683594,33.099998474121094,4.769999980926514,8.199999809265137,87.90596008300781,34.22999954223633,243.17820739746094,52.22970199584961,18.718000411987305,242.85000610351562,138.4673309326172,131.75999450683594,81.83000183105469,37.22999954223633,101.83000183105469,6.159999847412109,146.08999633789062,36.59626007080078
2022-09-21,27.125,501.5,187.34100341796875,158.0386962890625,12.220000267028809,304.009521484375,172.27999877929688,334.8800048828125,45.97844314575195,167.8000030517578,7728.0,617.1909790039062,43.435142517089844,108.55000305175781,232.45501708984375,85.05000305175781,512.0800170898438,212.7748565673828,525.6900024414062,280.3999938964844,684.6300048828125,333.4800109863281,28.84000015258789,198.83999633789062,32.61000061035156,4.760000228881836,8.407999992370605,86.87845611572266,34.93000030517578,239.77220153808594,52.49862289428711,18.673999786376953,236.8699951171875,137.12425231933594,132.61000061035156,82.91999816894531,35.91999816894531,100.01000213623047,6.090000152587891,142.1199951171875,36.42788314819336
2022-09-22,27.30500030517578,495.5,187.102294921875,152.0065460205078,12.010000228881836,297.87939453125,173.44000244140625,322.3699951171875,44.9715461730957,166.25999450683594,7468.0,606.3040161132812,42.20426940917969,108.54000091552734,231.09494018554688,83.55999755859375,517.4600219726562,212.40594482421875,520.2899780273438,286.3399963378906,688.260009765625,326.0799865722656,27.959999084472656,194.05999755859375,31.559999465942383,4.800000190734863,8.406000137329102,84.83343505859375,33.97999954223633,236.85275268554688,50.715797424316406,18.61199951171875,237.0500030517578,134.43807983398438,125.61000061035156,81.38999938964844,35.70000076293945,100.56999969482422,5.900000095367432,142.82000732421875,35.93267059326172
2022-09-23,26.78499984741211,477.20001220703125,187.1122589111328,151.65872192382812,11.789999961853027,293.1070861816406,168.9600067138672,317.8599853515625,43.755287170410156,161.86000061035156,7468.0,590.2522583007812,41.02262496948242,108.5999984741211,227.15367126464844,82.66000366210938,513.6099853515625,211.0399627685547,520.7899780273438,283.45001220703125,697.3300170898438,334.20001220703125,26.969999313354492,191.5,30.174999237060547,4.820000171661377,8.206000328063965,84.08525848388672,32.95500183105469,235.4128875732422,49.48077392578125,18.31800079345703,226.41000366210938,133.45315551757812,125.16000366210938,79.23999786376953,34.869998931884766,99.16999816894531,5.869999885559082,140.41000366210938,35.17995071411133
2022-09-26,26.635000228881836,473.04998779296875,185.013671875,147.7830352783203,11.40999984741211,289.6427001953125,166.63999938964844,315.42999267578125,43.52599334716797,157.5970001220703,7489.15185546875,578.768310546875,38.669193267822266,104.16000366210938,219.7675323486328,81.33000183105469,508.3599853515625,209.8135528564453,514.3099975585938,276.7799987792969,686.0999755859375,331.2200012207031,26.420000076293945,187.24000549316406,30.075000762939453,4.769999980926514,8.041999816894531,82.73854064941406,32.93000030517578,229.88180541992188,48.20590591430664,17.847999572753906,224.07000732421875,132.8462677001953,122.27999877929688,82.51000213623047,36.0,98.80999755859375,5.860000133514404,136.3699951171875,34.3677978515625
2022-09-27,26.959999084472656,458.3999938964844,186.6547393798828,147.54452514648438,11.319999694824219,286.0185546875,163.3000030517578,313.2699890136719,43.795166015625,155.83999633789062,7622.0,564.9357299804688,38.846435546875,102.27999877929688,219.00311279296875,80.88999938964844,508.3699951171875,206.03465270996094,508.6600036621094,284.739990234375,695.010009765625,329.7300109863281,26.6299991607666,184.30999755859375,30.25,4.579999923706055,7.860000133514404,83.94560241699219,32.834999084472656,229.14697265625,49.02261734008789,17.81599998474121,224.36000061035156,130.62770080566406,124.12999725341797,82.25,35.279998779296875,98.08999633789062,5.860000133514404,134.39999389648438,34.38760757446289
2022-09-28,26.875,462.70001220703125,193.47763061523438,154.8983917236328,11.789999961853027,289.71258544921875,162.44000244140625,314.7699890136719,44.88182067871094,151.0800018310547,7696.0,573.7029418945312,41.10140609741211,103.93000030517578,219.45977783203125,82.58999633789062,513.9400024414062,211.39889526367188,517.8300170898438,292.4100036621094,705.4199829101562,334.0299987792969,28.200000762939453,189.94000244140625,31.09000015258789,4.610000133514404,7.992000102996826,85.79110717773438,33.189998626708984,233.3275604248047,51.462791442871094,17.941999435424805,245.1999969482422,133.22433471679688,127.36000061035156,81.7699966430664,35.790000915527344,100.73999786376953,5.760000228881836,141.61000061035156,34.952152252197266
2022-09-29,26.010000228881836,455.04998779296875,189.4296417236328,150.8438262939453,11.65999984741211,286.3080749511719,159.0399932861328,310.42999267578125,43.16709899902344,144.66000366210938,7598.0,558.666259765625,38.840423583984375,101.19000244140625,212.17291259765625,82.2699966430664,508.8299865722656,207.3906707763672,516.6099853515625,292.79998779296875,691.8200073242188,331.80999755859375,26.229999542236328,187.67999267578125,30.5,4.510000228881836,7.806000232696533,84.2149429321289,32.21500015258789,230.13998413085938,50.74568176269531,17.582000732421875,239.7100067138672,133.4630889892578,122.19999694824219,83.33999633789062,34.27000045776367,98.08999633789062,5.349999904632568,136.41000366210938,33.86267852783203
2022-09-30,26.135000228881836,458.54998779296875,186.79397583007812,147.46502685546875,11.5,283.8819885253906,160.77999877929688,305.3500061035156,42.868019104003906,144.3000030517578,7628.0,566.0801391601562,39.842437744140625,101.5999984741211,213.14581298828125,80.75,505.0400085449219,204.21002197265625,507.19000244140625,289.5400085449219,688.8699951171875,325.79998779296875,25.350000381469727,183.7899932861328,30.80500030517578,4.460000038146973,7.860000133514404,81.73099517822266,33.06999969482422,232.72999572753906,50.984718322753906,17.474000930786133,235.44000244140625,132.67713928222656,121.38999938964844,82.41999816894531,33.81999969482422,96.1500015258789,5.460000038146973,135.67999267578125,33.842872619628906
2022-10-03,25.9950008392334,454.79998779296875,192.8709259033203,150.8438262939453,11.949999809265137,290.0121154785156,162.47999572753906,314.7900085449219,43.835044860839844,145.0800018310547,7640.0,576.0913696289062,39.94164276123047,104.36000061035156,215.59793090820312,82.69999694824219,515.510009765625,211.17955017089844,522.9299926757812,297.42999267578125,735.1300048828125,336.67999267578125,25.8700008392334,193.25999450683594,31.559999465942383,4.650000095367432,8.105999946594238,86.04049682617188,33.275001525878906,238.3300018310547,52.22970199584961,17.81999969482422,239.0399932861328,137.08445739746094,125.12000274658203,83.33000183105469,33.79999923706055,99.30000305175781,5.369999885559082,138.61000061035156,35.536502838134766
2022-10-04,26.31999969482422,480.5,196.35198974609375,155.9816131591797,12.359999656677246,300.78472900390625,167.97999572753906,323.54998779296875,47.244544982910156,150.74000549316406,7718.0,584.97802734375,41.13215637207031,105.98999786376953,218.48687744140625,84.5,523.1699829101562,215.377197265625,539.9299926757812,300.6400146484375,739.5399780273438,348.5899963378906,28.0,203.89999389648438,32.685001373291016,4.760000228881836,8.253999710083008,89.19282531738281,35.095001220703125,247.9600067138672,54.898956298828125,18.173999786376953,240.74000549316406,142.7453155517578,131.6699981689453,89.37999725341797,35.310001373291016,102.41000366210938,,140.27999877929688,37.101375579833984
2022-10-05,25.920000076293945,464.6000061035156,197.95327758789062,155.43504333496094,12.220000267028809,303.71002197265625,167.39999389648438,321.6499938964844,47.14485549926758,147.6199951171875,7790.0,575.6036376953125,39.34638977050781,105.44000244140625,212.58987426757812,85.05000305175781,527.0700073242188,214.40008544921875,546.27001953125,302.0199890136719,745.6799926757812,350.1199951171875,27.030000686645508,202.5399932861328,32.349998474121094,4.78000020980835,8.116000175476074,89.00328826904297,34.58000183105469,242.8000030517578,54.72964096069336,18.1299991607666,236.72999572753906,143.76010131835938,132.08999633789062,86.22000122070312,35.209999084472656,102.22000122070312,5.71999979019165,138.97999572753906,37.4975471496582
2022-10-06,25.575000762939453,456.0,198.89813232421875,154.77914428710938,12.489999771118164,299.2300109863281,164.6999969482422,316.1700134277344,46.89562225341797,144.8000030517578,7682.0,554.7254638671875,39.147972106933594,101.91999816894531,201.60000610351562,84.41999816894531,519.1300048828125,209.65402221679688,540.5900268554688,298.6300048828125,731.8599853515625,346.0199890136719,26.809999465942383,201.52999877929688,31.96500015258789,4.769999980926514,7.829999923706055,87.90596008300781,33.91999816894531,238.58999633789062,54.898956298828125,17.695999145507812,240.02000427246094,141.72059631347656,131.3000030517578,87.27999877929688,35.150001525878906,102.23999786376953,5.679999828338623,139.07000732421875,37.121185302734375
2022-10-07,25.59000015258789,449.5,196.14312744140625,151.39039611816406,11.979999542236328,294.9700012207031,164.5399932861328,304.5299987792969,44.76219177246094,143.47999572753906,7546.0,539.2310180664062,38.10627365112305,100.36000061035156,194.6300048828125,82.41999816894531,504.8500061035156,205.00767517089844,523.6099853515625,295.2300109863281,722.3699951171875,333.239990234375,25.1299991607666,200.4600067138672,30.90999984741211,4.789999961853027,7.748000144958496,82.39936065673828,33.095001220703125,231.75,53.66393280029297,17.56599998474121,224.75,136.12937927246094,120.76000213623047,86.0199966430664,33.7599983215332,99.56999969482422,5.510000228881836,133.4499969482422,34.26875305175781
2022-10-10,26.385000228881836,443.54998779296875,193.84561157226562,152.1456756591797,12.020000457763672,291.7799987792969,165.02000427246094,298.7200012207031,44.85191345214844,143.24000549316406,7540.0,525.3685913085938,37.749122619628906,98.9000015258789,189.5800018310547,81.83999633789062,498.8599853515625,205.10739135742188,510.8399963378906,294.5400085449219,730.9199829101562,324.7200012207031,24.920000076293945,199.08999633789062,32.375,4.75,7.803999900817871,78.99765014648438,33.5099983215332,232.44000244140625,54.3710823059082,17.697999954223633,229.97999572753906,135.6816864013672,116.69999694824219,85.02999877929688,33.15999984741211,98.70999908447266,5.449999809265137,133.7899932861328,34.149906158447266
2022-10-11,27.014999389648438,445.25,195.36734008789062,153.5369415283203,11.600000381469727,286.04998779296875,163.8000030517578,294.7200012207031,44.004520416259766,140.16000366210938,7434.0,521.7562255859375,37.620147705078125,100.62999725341797,189.27000427246094,81.88999938964844,499.80999755859375,203.70152282714844,500.80999755859375,295.1600036621094,737.4099731445312,325.7099914550781,24.709999084472656,202.69000244140625,32.45500183105469,4.699999809265137,7.599999904632568,76.11466979980469,33.290000915527344,231.2100067138672,55.16787338256836,17.690000534057617,214.2899932861328,135.72146606445312,115.86000061035156,84.27999877929688,32.04999923706055,98.05000305175781,5.429999828338623,128.5399932861328,33.54574203491211
2022-10-12,26.889999389648438,445.45001220703125,192.82119750976562,153.19906616210938,11.65999984741211,283.3800048828125,164.0800018310547,291.1700134277344,44.2437858581543,135.67999267578125,7356.0,509.3765563964844,37.44157409667969,100.43000030517578,183.7899932861328,80.30999755859375,499.9599914550781,204.22996520996094,500.6700134277344,290.1300048828125,728.0599975585938,328.1199951171875,25.030000686645508,200.49000549316406,32.619998931884766,4.480000019073486,7.4120001792907715,75.82537078857422,32.69499969482422,229.32000732421875,54.142005920410156,17.719999313354492,220.8699951171875,134.75643920898438,115.0,84.5199966430664,32.16999816894531,98.30000305175781,5.510000228881836,127.5,33.44670104980469
2022-10-13,27.329999923706055,443.20001220703125,192.1150360107422,153.1593017578125,12.5,293.9599914550781,168.17999267578125,292.2799987792969,45.380287170410156,142.5399932861328,7300.0,519.9749145507812,38.036827087402344,102.5199966430664,189.85000610351562,83.5,509.9100036621094,208.67689514160156,510.5400085449219,296.5400085449219,752.5599975585938,335.2200012207031,24.56999969482422,206.0,33.224998474121094,4.699999809265137,7.691999912261963,79.22708892822266,33.2599983215332,237.99000549316406,53.644012451171875,17.642000198364258,232.50999450683594,137.39288330078125,119.5999984741211,85.4000015258789,31.469999313354492,99.70999908447266,5.380000114440918,130.2899932861328,34.655025482177734
2022-10-14,27.469999313354492,448.0,187.93775939941406,144.7818603515625,12.430000305175781,288.69000244140625,167.44000244140625,286.6199951171875,44.18396759033203,142.82000732421875,7292.0,502.93798828125,38.30469512939453,99.52999877929688,185.77999877929688,81.61000061035156,513.1300048828125,208.0487518310547,503.04998779296875,293.2099914550781,736.0599975585938,324.6400146484375,23.15999984741211,201.47000122070312,33.099998474121094,4.409999847412109,7.874000072479248,74.63825988769531,33.095001220703125,232.52999877929688,52.89701843261719,17.788000106811523,230.0,133.62228393554688,112.2699966430664,87.98999786376953,31.010000228881836,97.18000030517578,5.53000020980835,126.76000213623047,33.932010650634766
2022-10-17,27.40999984741211,462.8999938964844,193.04000854492188,148.31967163085938,12.319999694824219,295.0400085449219,170.97999572753906,297.3900146484375,45.04132843017578,145.39999389648438,7324.0,524.3634643554688,39.37615203857422,105.2300033569336,192.49000549316406,82.76000213623047,521.8800048828125,211.8076934814453,517.22998046875,297.0199890136719,735.9600219726562,339.489990234375,24.6299991607666,206.30999755859375,33.76499938964844,4.610000133514404,8.065999984741211,74.22926330566406,33.720001220703125,237.36000061035156,54.888999938964844,18.020000457763672,245.10000610351562,137.5122528076172,118.87999725341797,87.62000274658203,31.93000030517578,100.77999877929688,5.610000133514404,134.0399932861328,34.1400032043457
2022-10-18,27.645000457763672,465.5,193.1999969482422,156.2499237060547,12.880000114440918,300.3800048828125,171.10000610351562,300.80999755859375,46.297462463378906,147.5,7474.0,537.5890502929688,38.92971420288086,105.8499984741211,197.22000122070312,84.0999984741211,522.2100219726562,212.36605834960938,524.4000244140625,300.1700134277344,722.7100219726562,342.1600036621094,25.450000762939453,210.02000427246094,34.599998474121094,4.769999980926514,8.107999801635742,75.04727172851562,34.27000045776367,242.3699951171875,56.0244255065918,18.04199981689453,240.86000061035156,139.91986083984375,119.66999816894531,89.63999938964844,31.90999984741211,101.38999938964844,5.670000076293945,132.8000030517578,34.560001373291016
2022-10-19,27.665000915527344,459.0,183.94000244140625,154.42138671875,12.609999656677246,297.760009765625,172.47999572753906,296.8699951171875,45.629520416259766,144.3000030517578,7460.0,522.9703369140625,36.94552993774414,102.01000213623047,190.99000549316406,83.66000366210938,520.3200073242188,208.20828247070312,505.6099853515625,292.0199890136719,709.3699951171875,335.489990234375,24.25,209.19000244140625,34.3849983215332,4.78000020980835,8.026000022888184,77.07233428955078,34.369998931884766,241.4499969482422,53.74361038208008,18.299999237060547,272.3800048828125,138.28826904296875,120.51000213623047,88.45999908447266,30.15999984741211,100.29000091552734,5.670000076293945,133.22999572753906,34.4900016784668
2022-10-20,27.325000762939453,469.6000061035156,178.3000030517578,153.43756103515625,12.920000076293945,296.2799987792969,172.22000122070312,292.0299987792969,44.772159576416016,145.33999633789062,7416.0,523.6470336914062,37.411808013916016,102.45999908447266,188.0,82.44999694824219,520.8800048828125,210.5414276123047,486.8599853515625,290.1600036621094,705.8900146484375,331.20001220703125,23.920000076293945,208.61000061035156,34.54499816894531,4.769999980926514,8.005999565124512,78.46894073486328,34.73500061035156,238.32000732421875,52.638057708740234,18.082000732421875,268.1600036621094,134.56741333007812,121.94000244140625,91.20999908447266,29.729999542236328,100.52999877929688,5.710000038146973,131.52999877929688,34.86000061035156
2022-10-21,27.415000915527344,454.1000061035156,182.3699951171875,158.1977081298828,13.489999771118164,302.3699951171875,174.0,295.94000244140625,46.19776916503906,145.0399932861328,7350.0,532.0062255859375,37.00505065917969,103.08000183105469,187.55999755859375,83.26000213623047,533.72998046875,211.08981323242188,496.739990234375,300.0,713.9099731445312,337.6499938964844,24.030000686645508,196.66000366210938,34.31999969482422,4.880000114440918,7.995999813079834,82.21980285644531,34.04999923706055,241.2899932861328,55.51647186279297,18.077999114990234,289.57000732421875,138.6165771484375,124.66000366210938,89.3499984741211,29.920000076293945,101.4800033569336,5.769999980926514,130.00999450683594,36.849998474121094
2022-10-24,27.934999465942383,456.3999938964844,187.61000061035156,160.8113250732422,13.180000305175781,305.6000061035156,177.0,300.3900146484375,46.118011474609375,148.94000244140625,7366.0,528.5828857421875,37.580467224121094,103.37000274658203,185.39999389648438,83.87999725341797,541.5999755859375,214.08102416992188,505.010009765625,310.5,737.1500244140625,344.94000244140625,24.6299991607666,210.36000061035156,34.834999084472656,4.659999847412109,8.17199993133545,84.73368072509766,34.630001068115234,243.9199981689453,55.94474411010742,18.253999710083008,282.45001220703125,140.84510803222656,125.98999786376953,90.44000244140625,25.68000030517578,102.97000122070312,5.579999923706055,129.72000122070312,37.279998779296875
2022-10-25,28.139999389648438,472.3999938964844,193.85000610351562,164.76651000976562,13.569999694824219,311.4100036621094,177.6199951171875,312.0299987792969,47.124916076660156,150.22000122070312,7440.0,552.1978149414062,39.37615203857422,108.33000183105469,195.52999877929688,84.5,540.219970703125,227.54147338867188,514.6199951171875,309.2099914550781,747.3300170898438,352.3500061035156,26.75,214.39999389648438,35.404998779296875,4.739999771118164,8.295999526977539,87.31739044189453,35.42499923706055,251.55999755859375,57.49848937988281,18.527999877929688,291.0199890136719,145.3021697998047,132.61000061035156,96.80000305175781,25.81999969482422,104.93000030517578,5.869999885559082,137.50999450683594,37.7400016784668
2022-10-26,28.079999923706055,477.20001220703125,193.5500030517578,165.73045349121094,13.0,319.510009765625,177.75999450683594,311.5299987792969,48.09193801879883,149.82000732421875,7546.0,552.4465942382812,39.35630798339844,109.87000274658203,196.9199981689453,85.37000274658203,543.1699829101562,229.2763671875,503.0,311.17999267578125,733.97998046875,358.29998779296875,26.739999771118164,217.47999572753906,36.10499954223633,4.739999771118164,8.272000312805176,87.9259033203125,35.279998779296875,252.02000427246094,57.74748992919922,18.56399917602539,298.6199951171875,144.77488708496094,128.9600067138672,96.45999908447266,27.860000610351562,94.81999969482422,5.949999809265137,129.82000732421875,37.790000915527344
2022-10-27,28.104999542236328,471.1000061035156,193.66000366210938,165.85963439941406,12.489999771118164,319.3699951171875,180.1999969482422,319.30999755859375,48.5804328918457,150.25999450683594,7578.0,552.2376098632812,39.01900100708008,111.01000213623047,198.67999267578125,85.56999969482422,541.7999877929688,215.66636657714844,498.32000732421875,287.8900146484375,724.8800048828125,356.1400146484375,28.469999313354492,217.77000427246094,36.39500045776367,4.769999980926514,8.371999740600586,86.32979583740234,35.334999084472656,249.05999755859375,57.81720733642578,18.652000427246094,296.94000244140625,145.9388885498047,131.75999450683594,95.88999938964844,26.959999084472656,92.5999984741211,6.159999847412109,97.94000244140625,37.7599983215332
2022-10-28,28.094999313354492,463.75,198.72999572753906,166.4757843017578,12.949999809265137,329.4700012207031,182.33999633789062,326.92999267578125,49.22843933105469,146.44000244140625,7586.0,565.2939453125,39.369998931884766,112.9800033569336,204.7100067138672,86.81999969482422,551.239990234375,223.63294982910156,503.8399963378906,313.8900146484375,750.760009765625,364.2799987792969,29.549999237060547,223.66000366210938,35.79499816894531,4.78000020980835,8.338000297546387,89.50206756591797,36.290000915527344,254.44000244140625,59.06219482421875,19.29800033569336,295.7200012207031,149.510498046875,138.33999633789062,95.55000305175781,25.829999923706055,96.58000183105469,6.059999942779541,99.19999694824219,39.15999984741211
2022-10-31,28.25,463.70001220703125,194.9499969482422,163.22616577148438,13.0,328.17999267578125,182.74000549316406,321.25,48.480743408203125,147.75999450683594,7566.0,563.6917724609375,39.68000030517578,110.75,207.19000244140625,87.33999633789062,555.1500244140625,221.21006774902344,513.969970703125,312.0,748.75,359.67999267578125,29.639999389648438,217.47000122070312,36.09000015258789,4.599999904632568,8.51200008392334,88.07554626464844,36.47999954223633,250.39999389648438,56.42282485961914,19.167999267578125,291.8800048828125,149.3015899658203,134.97000122070312,96.08999633789062,26.280000686645508,94.66000366210938,6.28000020980835,93.16000366210938,38.400001525878906
2022-11-01,28.2450008392334,476.45001220703125,193.5500030517578,163.5640411376953,13.350000381469727,333.19000244140625,185.0399932861328,316.1300048828125,49.31816482543945,150.33999633789062,7620.0,551.8196411132812,39.400001525878906,108.55000305175781,207.8800048828125,87.73999786376953,547.3099975585938,221.90802001953125,517.6900024414062,314.20001220703125,759.9099731445312,394.92999267578125,28.8799991607666,221.1300048828125,36.04499816894531,5.150000095367432,8.567999839782715,89.5718994140625,36.459999084472656,252.1199951171875,56.23358154296875,19.327999114990234,286.75,150.86354064941406,135.42999267578125,95.76000213623047,28.420000076293945,90.5,6.309999942779541,95.19999694824219,39.150001525878906
2022-11-02,28.114999771118164,473.04998779296875,185.7100067138672,159.20140075683594,12.680000305175781,319.82000732421875,183.75999450683594,310.739990234375,49.68702697753906,150.10000610351562,7660.0,546.5851440429688,38.16999816894531,106.73999786376953,205.19000244140625,85.77999877929688,543.4299926757812,223.92210388183594,490.9800109863281,310.010009765625,740.47998046875,372.6400146484375,28.040000915527344,213.82000732421875,35.18000030517578,5.139999866485596,8.52400016784668,87.54682922363281,35.77000045776367,245.1699981689453,52.369144439697266,19.511999130249023,273.0,149.8388214111328,132.19000244140625,96.5,28.350000381469727,87.06999969482422,6.0,90.54000091552734,37.66999816894531
2022-11-03,28.170000076293945,470.1499938964844,179.82000732421875,158.8039093017578,11.970000267028809,309.1700134277344,185.5,309.29998779296875,48.331199645996094,149.52000427246094,7612.0,582.510009765625,37.41999816894531,108.01000213623047,201.3300018310547,84.0199966430664,543.6099853515625,222.92503356933594,486.94000244140625,311.29998779296875,738.6799926757812,369.19000244140625,27.719999313354492,212.75,34.53499984741211,4.460000038146973,8.53600025177002,86.09037780761719,36.03499984741211,264.0199890136719,51.54247283935547,19.49799919128418,269.05999755859375,153.79843139648438,134.2100067138672,95.19999694824219,28.729999542236328,83.48999786376953,5.960000038146973,88.91000366210938,37.349998474121094
2022-11-04,28.184999465942383,503.3999938964844,182.14999389648438,158.6349639892578,10.430000305175781,318.3699951171875,187.4600067138672,316.3999938964844,51.172454833984375,153.52000427246094,7700.0,608.1251831054688,38.66999816894531,107.62000274658203,203.9199981689453,84.6500015258789,538.1699829101562,227.32211303710938,495.54998779296875,308.82000732421875,740.2100219726562,371.7900085449219,27.280000686645508,211.91000366210938,35.505001068115234,4.5,8.697999954223633,91.47725677490234,36.904998779296875,276.05999755859375,53.05637741088867,19.577999114990234,260.7900085449219,157.87744140625,141.55999755859375,95.63999938964844,30.889999389648438,86.69999694824219,6.050000190734863,90.79000091552734,39.0
2022-11-07,28.479999542236328,505.0,186.55999755859375,158.8734588623047,10.270000457763672,325.1300048828125,188.1199951171875,319.25,52.37874221801758,152.60000610351562,7750.0,603.5773315429688,37.959999084472656,108.93000030517578,202.02000427246094,85.54000091552734,545.02001953125,233.08518981933594,492.1000061035156,303.2300109863281,750.9299926757812,385.20001220703125,27.15999984741211,214.24000549316406,35.84000015258789,4.590000152587891,8.605999946594238,94.80915069580078,36.974998474121094,277.6300048828125,54.63999938964844,19.648000717163086,258.6000061035156,157.58892822265625,143.00999450683594,95.30000305175781,31.0,88.6500015258789,6.340000152587891,96.72000122070312,39.869998931884766
2022-11-08,28.709999084472656,515.5999755859375,188.36000061035156,160.612548828125,10.0600004196167,325.75,187.89999389648438,319.94000244140625,52.49837112426758,154.17999267578125,7786.0,593.3571166992188,38.060001373291016,109.75,203.02000427246094,80.19000244140625,553.0499877929688,234.89984130859375,492.1700134277344,306.5,751.9500122070312,382.8999938964844,27.25,211.6699981689453,36.06999969482422,4.429999828338623,8.71399974822998,97.2232666015625,36.51499938964844,283.0,53.95000076293945,19.601999282836914,263.4599914550781,157.3800048828125,146.02000427246094,96.37000274658203,31.299999237060547,88.91000366210938,6.389999866485596,96.47000122070312,40.41999816894531
2022-11-09,29.155000686645508,512.2000122070312,186.6300048828125,152.03636169433594,9.84000015258789,315.6400146484375,188.89999389648438,314.1000061035156,50.345001220703125,154.39999389648438,7888.0,595.0488891601562,37.09000015258789,108.79000091552734,201.0399932861328,79.29000091552734,540.6599731445312,229.86463928222656,484.7099914550781,309.3399963378906,742.9500122070312,379.8800048828125,26.760000228881836,209.00999450683594,35.619998931884766,4.110000133514404,8.673999786376953,94.15074920654297,36.185001373291016,280.1300048828125,52.52000045776367,19.733999252319336,254.66000366210938,156.3000030517578,137.75999450683594,96.2699966430664,29.329999923706055,87.4000015258789,6.369999885559082,101.47000122070312,39.33000183105469
2022-11-10,28.434999465942383,532.0,204.32000732421875,163.35536193847656,10.800000190734863,337.2699890136719,198.1199951171875,346.2099914550781,56.380001068115234,157.0,8072.0,644.8560791015625,40.56999969482422,118.33999633789062,220.89999389648438,81.83999633789062,544.1699829101562,242.35794067382812,520.5800170898438,311.0299987792969,741.0800170898438,416.05999755859375,30.979999542236328,222.5,38.130001068115234,4.300000190734863,8.836000442504883,104.53546142578125,37.845001220703125,289.5899963378906,58.29999923706055,19.496000289916992,274.9700012207031,162.1300048828125,157.5,102.27999877929688,31.520000457763672,94.16999816894531,6.389999866485596,111.87000274658203,41.720001220703125
2022-11-11,27.34000015258789,543.5999755859375,209.02000427246094,172.23963928222656,11.84000015258789,339.2900085449219,200.85000610351562,356.20001220703125,57.08000183105469,158.22000122070312,8220.0,657.3948974609375,41.47999954223633,116.12999725341797,223.25999450683594,83.55000305175781,522.0800170898438,248.24066162109375,538.6799926757812,303.260009765625,734.4500122070312,441.2699890136719,33.310001373291016,224.0800018310547,39.53499984741211,4.260000228881836,8.805999755859375,110.26152038574219,38.38999938964844,288.4599914550781,59.97999954223633,18.917999267578125,290.1300048828125,161.60000610351562,163.27000427246094,104.37999725341797,33.400001525878906,96.7300033569336,6.639999866485596,113.0199966430664,42.68000030517578
2022-11-14,27.704999923706055,541.7999877929688,204.66000366210938,172.17999267578125,11.489999771118164,339.3699951171875,202.64999389648438,347.6700134277344,53.619998931884766,157.6199951171875,8022.0,635.8400268554688,40.59000015258789,112.5,215.3800048828125,82.9000015258789,513.75,244.4119110107422,534.77001953125,306.0299987792969,742.010009765625,428.0299987792969,32.29999923706055,222.6199951171875,39.4900016784668,4.190000057220459,8.925999641418457,107.34861755371094,38.1150016784668,294.8900146484375,58.900001525878906,18.979999542236328,299.2699890136719,161.64999389648438,162.9499969482422,103.95999908447266,33.400001525878906,96.02999877929688,6.650000095367432,114.22000122070312,42.25
2022-11-15,27.604999542236328,547.2000122070312,208.83999633789062,178.97999572753906,11.329999923706055,343.510009765625,198.63999938964844,354.6600036621094,54.16999816894531,157.22000122070312,7986.0,657.22998046875,41.0,112.75,219.5800018310547,83.4000015258789,503.010009765625,245.05999755859375,546.0900268554688,305.2799987792969,728.72998046875,434.3800048828125,32.66999816894531,229.0500030517578,38.54999923706055,4.28000020980835,8.907999992370605,110.19168853759766,38.6349983215332,294.5400085449219,63.52000045776367,18.892000198364258,310.20001220703125,162.38999938964844,166.66000366210938,104.5999984741211,37.0,98.72000122070312,6.769999980926514,117.08000183105469,42.349998474121094
2022-11-16,27.764999389648438,538.0,215.1300048828125,155.47000122070312,10.90999984741211,342.760009765625,201.5,353.6700134277344,53.13999938964844,154.39999389648438,7996.0,647.8900146484375,39.66999816894531,113.6500015258789,219.14999389648438,81.77999877929688,511.5199890136719,243.8000030517578,536.010009765625,305.44000244140625,735.6699829101562,426.0799865722656,31.06999969482422,231.0,38.3650016784668,4.139999866485596,8.925999641418457,103.96685028076172,37.7599983215332,295.1199951171875,62.18000030517578,19.059999465942383,306.0199890136719,161.74000549316406,159.10000610351562,104.76000213623047,38.91999816894531,98.98999786376953,6.699999809265137,113.2300033569336,41.18000030517578
2022-11-17,27.459999084472656,540.4000244140625,208.39999389648438,162.00999450683594,10.960000038146973,341.2699890136719,202.35000610351562,346.7699890136719,51.939998626708984,156.66000366210938,8036.0,639.9400024414062,39.93000030517578,112.30999755859375,216.33999633789062,79.94000244140625,515.3099975585938,232.97000122070312,529.8900146484375,309.8999938964844,739.0800170898438,410.44000244140625,29.959999084472656,227.3000030517578,38.38999938964844,4.119999885559082,8.911999702453613,104.1962890625,37.220001220703125,293.29998779296875,61.31999969482422,18.95199966430664,295.2799987792969,162.6300048828125,156.77000427246094,105.77999877929688,39.119998931884766,98.5,6.650000095367432,111.44999694824219,41.7599983215332
2022-11-18,27.594999313354492,551.0999755859375,209.92999267578125,162.8800048828125,10.770000457763672,343.69000244140625,203.85000610351562,345.8699951171875,51.84000015258789,158.22000122070312,8122.0,647.4099731445312,39.939998626708984,114.55999755859375,215.92999267578125,81.30000305175781,530.0,230.17999267578125,535.239990234375,314.6300048828125,736.72998046875,413.8900146484375,28.790000915527344,230.0800018310547,38.72999954223633,4.119999885559082,9.09000015258789,104.4456787109375,38.02000045776367,296.4800109863281,61.65999984741211,19.29800033569336,287.9800109863281,165.00999450683594,154.08999633789062,103.62000274658203,36.20000076293945,97.80000305175781,6.53000020980835,112.05000305175781,42.040000915527344
2022-11-21,27.864999771118164,549.5999755859375,210.27000427246094,158.02000427246094,10.5600004196167,338.25,203.9499969482422,347.4200134277344,51.33000183105469,157.94000244140625,8166.0,654.8900146484375,40.029998779296875,114.94999694824219,219.91000366210938,82.29000091552734,517.1900024414062,235.8800048828125,536.280029296875,316.20001220703125,738.97998046875,412.8900146484375,27.899999618530273,228.99000549316406,38.084999084472656,3.8399999141693115,9.086000442504883,104.88461303710938,38.43000030517578,296.4100036621094,62.41999816894531,19.549999237060547,285.04998779296875,164.5500030517578,153.1699981689453,104.66000366210938,36.0,95.83000183105469,6.409999847412109,109.86000061035156,41.06999969482422
2022-11-22,27.8700008392334,542.9000244140625,214.47000122070312,157.86000061035156,10.800000190734863,344.9599914550781,204.64999389648438,352.25,51.849998474121094,157.9199981689453,8164.0,656.0700073242188,41.09000015258789,115.77999877929688,218.1300048828125,77.93000030517578,523.0900268554688,236.75,544.75,321.4800109863281,749.22998046875,412.1300048828125,27.81999969482422,234.74000549316406,38.23500061035156,3.940000057220459,9.081999778747559,106.77999877929688,38.10499954223633,309.1600036621094,64.93000030517578,19.604000091552734,286.69000244140625,166.47999572753906,160.3800048828125,103.76000213623047,35.7599983215332,97.33000183105469,6.429999828338623,111.44000244140625,43.849998474121094
2022-11-23,27.954999923706055,546.0999755859375,211.02000427246094,163.41000366210938,11.34000015258789,348.6400146484375,204.5500030517578,358.2699890136719,52.08000183105469,158.27999877929688,8232.0,671.77001953125,40.779998779296875,115.52999877929688,218.25,79.0199966430664,529.7100219726562,238.2899932861328,547.2899780273438,316.1600036621094,735.3599853515625,416.5299987792969,28.56999969482422,237.27999877929688,37.869998931884766,3.9200000762939453,8.98799991607666,107.66999816894531,38.38999938964844,308.1499938964844,63.41999816894531,19.583999633789062,291.5,165.36000061035156,165.19000244140625,104.08000183105469,36.290000915527344,98.81999969482422,6.400000095367432,112.23999786376953,44.61000061035156
2022-11-24,28.03499984741211,548.2000122070312,,,,,206.25,,,160.1999969482422,8174.0,,,,,,,,,,,,,,38.47999954223633,,9.071999549865723,,38.83000183105469,,,19.81399917602539,,,,104.55999755859375,,,6.519999980926514,,
