Date,AD.AS,KER.PA,LOW,TGT,WBD,MA,ALV.F,SPGI,KKR,BARC.L,LSEG.L,EQIX,SLG,PLD,AMT,MDT,UNH,LH,TMO,VRTX,REGN,IDXX,TDOC,HCA,DPW.F,MG,EOAN.F,AMAT,CRG.IR,APD,LPX,DTE.F,NFLX,ETN,NVDA,SAPA.F,TCEHY,GOOG,0992.HK,META,DELL
2017-11-24,14.130162239074707,328.08624267578125,72.55260467529297,49.62019729614258,17.5,148.66038513183594,155.8678741455078,156.82920837402344,17.941205978393555,161.81349182128906,3562.732177734375,432.63507080078125,78.3450927734375,59.0569953918457,133.11109924316406,74.58561706542969,197.4567413330078,149.79225158691406,191.1089630126953,146.5500030517578,384.8500061035156,154.80999755859375,35.25,73.69229888916016,31.732023239135742,22.799999237060547,7.559020519256592,54.32706832885742,25.596023559570312,143.60118103027344,25.042219161987305,11.452413558959961,195.75,67.62370300292969,53.70648956298828,89.88611602783203,52.93160629272461,52.03049850463867,3.4844465255737305,182.77999877929688,22.172212600708008
2017-11-27,14.13431453704834,321.92681884765625,73.09281921386719,49.58467483520508,17.469999313354492,148.88424682617188,154.57315063476562,157.470947265625,17.922815322875977,160.2324981689453,3557.0712890625,437.0611877441406,78.52352905273438,58.889678955078125,133.95150756835938,72.9371337890625,197.35458374023438,150.24832153320312,191.51393127441406,148.5500030517578,374.5299987792969,155.42999267578125,36.75,73.84503936767578,31.674396514892578,22.75,7.558243274688721,53.41708755493164,25.401168823242188,143.0500946044922,24.92310333251953,11.451639175415039,195.0500030517578,67.27630615234375,53.008426666259766,89.33316040039062,52.21245574951172,52.71049880981445,3.4766335487365723,183.02999877929688,22.435155868530273
2017-11-28,14.283798217773438,314.3846435546875,74.78667449951172,50.27729797363281,17.969999313354492,150.07164001464844,155.29592895507812,158.84068298339844,18.051559448242188,160.10430908203125,3585.3759765625,436.1759033203125,78.26749420166016,58.73115539550781,134.3219757080078,73.87783813476562,200.8296356201172,149.921142578125,193.86436462402344,147.32000732421875,366.0,155.02000427246094,36.75,74.53240966796875,31.809667587280273,23.170000076293945,7.589316368103027,53.782955169677734,25.461788177490234,145.09437561035156,25.56450843811035,11.501933097839355,199.17999267578125,68.45208740234375,52.15934371948242,90.20991516113281,53.345367431640625,52.37049865722656,3.4688210487365723,182.4199981689453,22.61319351196289
2017-11-29,14.499712944030762,315.01318359375,76.26996612548828,54.770469665527344,18.8700008392334,144.3876190185547,156.44137573242188,157.7870330810547,18.189495086669922,166.00086975097656,3590.09375,427.3876037597656,79.31488037109375,58.23799514770508,132.2074432373047,73.56426239013672,207.09219360351562,155.6713409423828,190.2300262451172,143.75,358.6300048828125,154.0,35.54999923706055,76.50862121582031,31.921722412109375,23.149999618530273,7.653013229370117,49.63642501831055,25.747581481933594,144.54331970214844,25.28961753845215,11.498064994812012,188.14999389648438,68.44316101074219,48.621986389160156,89.66901397705078,51.22731018066406,51.08300018310547,3.4688210487365723,175.1300048828125,21.361467361450195
2017-11-30,14.944007873535156,312.3733825683594,76.33405303955078,53.18986511230469,19.020000457763672,146.45098876953125,156.22218322753906,158.5054168701172,18.318239212036133,165.3599395751953,3565.56201171875,423.892333984375,79.31488037109375,58.3260612487793,130.06570434570312,73.5821762084961,212.7233123779297,156.9105987548828,190.36827087402344,144.2899932861328,361.8599853515625,156.41000366210938,37.099998474121094,81.14839935302734,31.96493911743164,22.950000762939453,7.58310079574585,49.505096435546875,25.072067260742188,144.91661071777344,25.298782348632812,11.660552978515625,187.5800018310547,69.28044128417969,49.6839485168457,88.13819122314453,50.419490814208984,51.070499420166016,3.4688210487365723,177.17999267578125,21.429943084716797
2017-12-01,14.944007873535156,313.4208984375,77.12146759033203,52.84355926513672,19.459999084472656,145.69183349609375,154.61163330078125,159.16636657714844,18.281452178955078,161.85617065429688,3569.336669921875,428.1542053222656,79.15970611572266,58.29083251953125,129.77650451660156,72.81166076660156,211.4274139404297,155.14588928222656,189.81524658203125,140.7899932861328,373.4700012207031,155.0,35.70000076293945,80.24144744873047,31.58875274658203,22.81999969482422,7.5271711349487305,48.69829559326172,24.97247314453125,143.6722412109375,24.69403076171875,11.652043342590332,186.82000732421875,69.20918273925781,48.933895111083984,86.79386138916016,48.30144500732422,50.50849914550781,3.4453823566436768,175.10000610351562,21.901052474975586
2017-12-04,15.230513572692871,313.04376220703125,80.60994720458984,55.55188751220703,20.850000381469727,139.5990753173828,157.0643768310547,160.40200805664062,18.345827102661133,166.00086975097656,3573.110595703125,403.6235656738281,80.64935302734375,58.0706672668457,125.58349609375,71.5573959350586,206.4302978515625,156.55369567871094,179.77139282226562,138.7899932861328,378.3699951171875,159.3000030517578,33.599998474121094,80.45147705078125,32.44438171386719,22.93000030517578,7.538824081420898,46.69070053100586,25.660980224609375,144.34779357910156,24.272539138793945,11.855542182922363,184.0399932861328,68.06016540527344,46.205997467041016,87.09166717529297,48.1142692565918,49.933998107910156,3.4453823566436768,171.47000122070312,20.51237678527832
2017-12-05,15.392450332641602,317.0663146972656,79.02593231201172,55.23222351074219,19.860000610351562,141.25363159179688,155.86865234375,160.8138427734375,18.005577087402344,163.82168579101562,3586.320068359375,406.644287109375,79.60972595214844,56.74967575073242,127.20106506347656,72.49811553955078,205.1903076171875,153.8867950439453,180.1862030029297,138.36000061035156,372.3399963378906,159.77999877929688,32.79999923706055,79.44905853271484,32.4235725402832,22.719999313354492,7.5629048347473145,46.98152160644531,25.461788177490234,143.9744415283203,24.180908203125,11.85708999633789,184.2100067138672,66.75968933105469,46.47334671020508,87.03878784179688,47.306453704833984,50.25749969482422,3.437570333480835,172.8300018310547,20.397340774536133
2017-12-06,15.363383293151855,318.8262023925781,75.4459228515625,53.918006896972656,19.440000534057617,143.4824676513672,156.0760498046875,161.51307678222656,17.646934509277344,163.2235107421875,3556.127197265625,410.8878479003906,79.43902587890625,56.99626541137695,128.14089965820312,73.01775360107422,205.0504913330078,154.17430114746094,181.58859252929688,137.27999877929688,375.1300048828125,159.99000549316406,31.5,79.3344955444336,31.831274032592773,22.489999771118164,7.4953227043151855,47.85398864746094,25.375181198120117,142.587890625,24.171743392944336,11.912026405334473,185.3000030517578,67.50791931152344,46.8495979309082,88.04634094238281,46.922245025634766,50.91899871826172,3.4063196182250977,176.05999755859375,20.55893898010254
2017-12-07,15.446432113647461,320.2088928222656,76.57209777832031,54.24655532836914,19.530000686645508,145.45826721191406,156.62205505371094,162.3847198486328,18.079143524169922,163.7789764404297,3572.1669921875,415.93450927734375,78.99679565429688,57.96498107910156,130.22837829589844,72.18453216552734,205.24623107910156,153.9264373779297,183.3267822265625,138.77999877929688,373.6099853515625,159.77999877929688,33.75,81.20565795898438,32.08100509643555,22.489999771118164,7.589316368103027,49.06417465209961,25.518085479736328,143.0856170654297,24.6207275390625,12.069872856140137,185.1999969482422,68.81727600097656,47.52538299560547,88.2384033203125,47.877830505371094,51.54650115966797,3.367255926132202,180.13999938964844,20.78627586364746
2017-12-08,15.417364120483398,323.26763916015625,78.3758544921875,54.49519348144531,19.65999984741211,145.886474609375,156.34002685546875,163.9939422607422,18.382610321044922,167.8381805419922,3575.94091796875,412.84991455078125,79.60194396972656,58.2644157409668,128.7463836669922,72.63250732421875,208.75167846679688,154.9178466796875,185.62786865234375,143.61000061035156,380.7799987792969,160.57000732421875,33.54999923706055,80.99563598632812,32.41236877441406,22.469999313354492,7.653013229370117,48.247989654541016,25.91213035583496,143.03228759765625,24.803987503051758,12.03969669342041,188.5399932861328,68.84398651123047,47.40162658691406,88.81547546386719,49.729896545410156,51.852500915527344,3.3594439029693604,179.0,21.158782958984375
2017-12-11,15.533629417419434,324.3152160644531,78.32090759277344,54.84150314331055,19.770000457763672,146.8500518798828,155.7688751220703,164.46327209472656,18.55733299255371,169.71826171875,3616.512451171875,410.28558349609375,79.60194396972656,57.885738372802734,130.1741485595703,72.81166076660156,207.6888885498047,154.45188903808594,187.13888549804688,141.67999267578125,381.32000732421875,159.6999969482422,32.29999923706055,81.11976623535156,32.18505096435547,22.309999465942383,7.496099948883057,48.42624282836914,25.877492904663086,144.98773193359375,24.59324073791504,11.883397102355957,186.22000122070312,69.27153015136719,48.18632507324219,87.45256805419922,51.35538101196289,52.05500030517578,3.3594439029693604,179.0399932861328,21.71753692626953
2017-12-12,15.616674423217773,326.61981201171875,77.81732940673828,54.18440628051758,19.649999618530273,148.42677307128906,155.01625061035156,165.296630859375,18.492956161499023,171.42742919921875,3625.947998046875,410.8604736328125,79.92779541015625,58.273197174072266,129.6861572265625,73.46569061279297,207.42784118652344,154.679931640625,187.13888549804688,140.91000366210938,381.7200012207031,159.27000427246094,33.25,82.53266906738281,31.98815155029297,22.25,7.5116353034973145,47.347389221191406,25.531070709228516,144.7833251953125,24.300025939941406,11.798284530639648,185.72999572753906,69.26264190673828,47.2407112121582,88.55290222167969,49.739749908447266,52.02399826049805,3.3516311645507812,176.9600067138672,21.706581115722656
2017-12-13,15.396604537963867,324.44091796875,78.3758544921875,55.64956283569336,19.790000915527344,147.63841247558594,154.1402587890625,161.88662719726562,18.336631774902344,173.20236206054688,3633.633544921875,411.8369445800781,79.83470153808594,57.91215133666992,129.88497924804688,73.39403533935547,209.16192626953125,154.9178466796875,189.09429931640625,144.8000030517578,386.6700134277344,158.1999969482422,34.650001525878906,83.62103271484375,32.34193420410156,22.809999465942383,7.228880882263184,47.619449615478516,25.435806274414062,144.427734375,24.602401733398438,11.761143684387207,187.86000061035156,69.0934066772461,46.0871696472168,89.06596374511719,50.48845672607422,52.03049850463867,3.367255926132202,178.3000030517578,21.964048385620117
2017-12-14,15.355076789855957,325.6979675292969,78.35753631591797,55.001338958740234,20.040000915527344,147.8719940185547,153.56675720214844,160.52650451660156,18.327434539794922,173.22201538085938,3584.43310546875,420.1142272949219,80.01315307617188,58.04423522949219,129.8036346435547,73.31340026855469,206.2718048095703,154.50144958496094,186.12918090820312,142.52999877929688,383.1199951171875,155.25,34.0,82.24627685546875,32.305110931396484,22.25,7.16363000869751,48.13541793823242,24.924837112426758,142.6856689453125,24.300025939941406,11.765787124633789,189.55999755859375,68.08687591552734,46.158966064453125,90.15238189697266,49.789005279541016,52.45750045776367,3.367255926132202,178.38999938964844,21.846271514892578
2017-12-15,15.147468566894531,325.8655090332031,79.37384796142578,55.596275329589844,21.040000915527344,149.30274963378906,155.04530334472656,161.9249725341797,18.483762741088867,172.8374481201172,3566.50634765625,417.8327331542969,80.0907211303711,58.496395111083984,129.00843811035156,74.8095932006836,206.80320739746094,157.6938018798828,190.03321838378906,145.86000061035156,388.95001220703125,156.60000610351562,35.95000076293945,84.45159912109375,32.29950714111328,22.65999984741211,7.284034252166748,49.28932189941406,24.71698760986328,142.587890625,24.437469482421875,11.676030158996582,190.1199951171875,68.84398651123047,47.418949127197266,89.21440887451172,49.56241989135742,53.20949935913086,3.367255926132202,180.17999267578125,22.18316650390625
2017-12-18,15.40906047821045,333.32391357421875,80.0605697631836,56.901615142822266,21.639999389648438,149.03024291992188,157.5184783935547,163.7065887451172,18.97114372253418,174.76025390625,3575.94091796875,415.9800720214844,80.52522277832031,58.39000701904297,129.08071899414062,74.74687957763672,207.59564208984375,160.0731964111328,191.31809997558594,145.44000244140625,383.3900146484375,157.3000030517578,36.349998474121094,85.62589263916016,32.829376220703125,22.920000076293945,7.338409900665283,50.09611511230469,24.95948028564453,144.11669921875,24.69403076171875,11.842388153076172,190.4199981689453,68.63912963867188,48.98835372924805,91.12654876708984,50.3406867980957,53.856998443603516,3.3594439029693604,180.82000732421875,23.2185115814209
2017-12-19,15.342622756958008,331.5640869140625,81.36071014404297,56.88385009765625,22.010000228881836,147.62867736816406,156.7328338623047,164.75067138671875,19.099889755249023,174.50387573242188,3574.0537109375,409.3182067871094,78.84163665771484,56.1912956237793,128.1951141357422,73.50154113769531,207.00830078125,162.5417938232422,191.63442993164062,145.14999389648438,385.7200012207031,157.38999938964844,35.599998474121094,84.80485534667969,32.72612762451172,22.360000610351562,7.3189897537231445,49.683326721191406,25.375181198120117,144.45443725585938,24.364164352416992,11.70698070526123,187.02000427246094,68.46097564697266,48.545257568359375,89.7163314819336,50.114097595214844,53.534000396728516,3.4063196182250977,179.50999450683594,22.826833724975586
2017-12-20,15.226361274719238,326.2845458984375,82.57848358154297,57.256805419921875,22.3700008392334,147.40481567382812,153.82601928710938,162.8445281982422,19.22863006591797,173.94839477539062,3538.200439453125,408.1135559082031,76.80113983154297,55.89872360229492,126.68597412109375,72.91024017333984,207.3253173828125,161.6297149658203,190.05299377441406,145.1199951171875,382.8900146484375,158.67999267578125,35.599998474121094,82.53266906738281,32.67409896850586,22.170000076293945,7.1752824783325195,49.992923736572266,25.513750076293945,144.72994995117188,24.300025939941406,11.631926536560059,188.82000732421875,68.71930694580078,48.716060638427734,89.53448486328125,49.897377014160156,53.247501373291016,3.4063196182250977,177.88999938964844,22.829572677612305
2017-12-21,15.056116104125977,332.3601989746094,83.07289123535156,57.913909912109375,23.360000610351562,146.50941467285156,154.0687713623047,161.6663360595703,19.449331283569336,174.802978515625,3528.76513671875,406.9180908203125,76.90200805664062,55.863258361816406,126.16181945800781,72.99983978271484,206.68203735351562,159.99388122558594,188.9065399169922,148.82000732421875,384.1400146484375,157.27999877929688,35.20000076293945,83.85969543457031,32.56444549560547,22.25,7.129451751708984,48.67953872680664,25.799549102783203,145.02333068847656,23.97932243347168,11.653592109680176,188.6199951171875,69.56546783447266,48.490806579589844,88.12055969238281,51.07954025268555,53.18149948120117,3.453195333480835,177.4499969482422,22.60771369934082
2017-12-22,15.114250183105469,327.9187316894531,83.49408721923828,58.06487274169922,23.729999542236328,146.8208770751953,153.27685546875,160.75637817382812,19.476919174194336,172.75198364257812,3526.8779296875,407.56597900390625,77.61578369140625,56.59025955200195,127.1106948852539,73.0535888671875,205.1063995361328,159.33953857421875,188.20474243164062,149.97000122070312,381.0,157.64999389648438,35.20000076293945,85.05306243896484,32.36994934082031,22.209999084472656,7.173727512359619,48.839027404785156,25.946775436401367,145.25439453125,24.171743392944336,11.629603385925293,189.94000244140625,69.0399398803711,48.33732604980469,87.7745132446289,51.44404602050781,53.00600051879883,3.578197956085205,177.1999969482422,22.481719970703125
2017-12-26,,,84.13500213623047,58.44668960571289,23.56999969482422,147.2393798828125,,160.36367797851562,19.302196502685547,,,407.6572570800781,77.85628509521484,56.58138656616211,127.3366470336914,72.99085235595703,204.73350524902344,159.65679931640625,188.12567138671875,150.60000610351562,387.42999267578125,157.07000732421875,35.900001525878906,85.1008071899414,,22.290000915527344,,47.891502380371094,,144.881103515625,23.915185928344727,,187.75999450683594,68.87071228027344,48.87448501586914,,51.27656555175781,52.83700180053711,,175.99000549316406,22.289989471435547
2017-12-27,15.226361274719238,330.1394958496094,84.33645629882812,57.84286880493164,23.049999237060547,147.35617065429688,152.91390991210938,162.26022338867188,19.375764846801758,173.17929077148438,3534.42626953125,412.2110900878906,78.09680938720703,56.989219665527344,128.5626678466797,73.25068664550781,205.4980010986328,159.36929321289062,188.94607543945312,151.5500030517578,384.0899963378906,156.69000244140625,35.599998474121094,83.9074478149414,32.477203369140625,22.920000076293945,7.114692687988281,48.4825325012207,25.981414794921875,145.47662353515625,24.15342140197754,11.63347339630127,186.24000549316406,68.95977020263672,48.80765151977539,87.68265533447266,50.76429748535156,52.46849822998047,3.5235095024108887,177.6199951171875,22.25712013244629
2017-12-28,15.247123718261719,329.88800048828125,85.02314758300781,57.558719635009766,22.549999237060547,147.71629333496094,152.29405212402344,162.69125366210938,19.43094253540039,173.82017517089844,3536.313232421875,415.3321838378906,78.3062744140625,57.414772033691406,129.7886962890625,73.28671264648438,207.6888885498047,159.4684295654297,188.94607543945312,151.1699981689453,382.82000732421875,158.7899932861328,35.45000076293945,84.30839538574219,32.094608306884766,23.040000915527344,7.047887802124023,48.52005386352539,26.029050827026367,146.3209991455078,24.300025939941406,11.537527084350586,192.7100067138672,69.61892700195312,48.864585876464844,87.22897338867188,51.12879943847656,52.40700149536133,3.5000720024108887,177.9199981689453,22.194124221801758
2017-12-29,15.226361274719238,329.3433532714844,85.09639739990234,57.9405403137207,22.3799991607666,147.3172149658203,150.98126220703125,162.26022338867188,19.3665714263916,173.5638427734375,3578.771484375,413.6072998046875,78.94216918945312,57.19312286376953,129.5707550048828,72.75514221191406,205.53529357910156,158.1399383544922,187.67108154296875,149.86000061035156,375.9599914550781,156.3800048828125,34.849998474121094,83.85969543457031,31.828073501586914,23.469999313354492,7.061093330383301,47.95717239379883,25.94244384765625,146.68756103515625,24.06178855895996,11.447770118713379,191.9600067138672,70.37605285644531,47.8991813659668,85.9802017211914,51.14849853515625,52.31999969482422,3.4453823566436768,176.4600067138672,22.26259994506836
2018-01-02,15.23881721496582,321.54974365234375,83.88780212402344,60.053932189941406,23.110000610351562,147.85256958007812,151.79908752441406,161.03419494628906,19.78038787841797,173.64926147460938,3530.652099609375,407.8580322265625,78.71534729003906,56.74984359741211,128.17218017578125,74.07058715820312,206.1879119873047,160.90597534179688,190.73501586914062,152.91000366210938,382.6000061035156,157.80999755859375,36.20000076293945,85.45404052734375,31.68800163269043,23.6200008392334,7.090610027313232,49.758384704589844,25.894811630249023,147.9659423828125,24.4649600982666,11.513540267944336,201.07000732421875,70.242431640625,49.3473014831543,86.28265380859375,53.690162658691406,53.25,3.461007833480835,181.4199981689453,22.577585220336914
2018-01-03,15.250444412231445,325.3208312988281,84.25403594970703,59.64546203613281,22.6200008392334,149.71148681640625,151.9248046875,163.62042236328125,20.203397750854492,174.07659912109375,3537.2568359375,409.73797607421875,78.9577865600586,56.643455505371094,128.67164611816406,75.6113052368164,208.3507843017578,161.6495361328125,194.23379516601562,152.00999450683594,393.7799987792969,162.0500030517578,36.849998474121094,83.0959701538086,32.01617431640625,22.93000030517578,7.1014862060546875,50.64022445678711,25.964096069335938,148.77059936523438,25.28961753845215,11.501933097839355,205.0500030517578,72.71864318847656,52.59502410888672,87.67430114746094,53.97585678100586,54.124000549316406,3.4688210487365723,184.6699981689453,22.81587791442871
2018-01-04,15.305252075195312,333.8686828613281,84.91329956054688,58.47333908081055,22.1299991607666,151.64840698242188,154.34454345703125,166.07244873046875,20.221790313720703,174.76025390625,3537.2568359375,408.79803466796875,77.31529235839844,55.508636474609375,126.79170227050781,75.79147338867188,209.25514221191406,161.06460571289062,196.6651611328125,153.07000732421875,382.95001220703125,163.9600067138672,37.20000076293945,82.06488800048828,32.21626663208008,22.920000076293945,7.066530227661133,50.93104553222656,26.717554092407227,149.34274291992188,25.53702163696289,11.57544231414795,205.6300048828125,71.94371032714844,52.87226867675781,88.60208129882812,54.7147102355957,54.31999969482422,3.546947717666626,184.3300018310547,23.221248626708984
2018-01-05,15.341793060302734,336.71795654296875,86.7444839477539,59.094913482666016,22.0,154.79209899902344,155.5543975830078,168.29469299316406,20.157421112060547,170.21389770507812,3545.74853515625,410.203369140625,78.10528564453125,55.46430587768555,127.60905456542969,77.0708999633789,213.2454376220703,165.05006408691406,200.0355224609375,155.69000244140625,385.1000061035156,166.60000610351562,37.5,82.99092102050781,32.56044387817383,22.959999084472656,7.1651835441589355,51.22187042236328,26.9080867767334,150.5943145751953,25.628643035888672,11.559965133666992,209.99000549316406,72.4959487915039,53.32032012939453,89.06596374511719,55.03980255126953,55.11149978637695,3.546947717666626,186.85000610351562,23.391069412231445
2018-01-08,15.348435401916504,332.8630065917969,85.80139923095703,59.65433883666992,22.3700008392334,155.260009765625,156.32431030273438,169.7123260498047,20.258575439453125,171.00013732910156,3532.539306640625,418.15216064453125,77.7298355102539,56.11150360107422,128.9713592529297,77.04386138916016,209.54415893554688,164.51470947265625,200.3616943359375,156.88999938964844,372.5199890136719,165.0800018310547,36.04999923706055,82.81910705566406,32.61647415161133,22.850000381469727,7.162853240966797,52.4601936340332,26.96870994567871,150.7552490234375,25.335432052612305,11.679899215698242,212.0500030517578,73.06600952148438,54.9540901184082,89.06596374511719,55.63089370727539,55.34700012207031,3.6250743865966797,188.27999877929688,23.385589599609375
2018-01-09,15.155771255493164,338.0587463378906,86.57051849365234,61.394779205322266,21.649999618530273,155.48423767089844,157.2042236328125,169.769775390625,20.84711265563965,172.45291137695312,3508.951416015625,416.1261901855469,77.14323425292969,55.54409408569336,128.0994873046875,77.3772201538086,210.58834838867188,169.0751953125,203.70236206054688,156.00999450683594,368.6499938964844,165.72999572753906,34.5,82.10308837890625,32.664493560791016,22.709999084472656,7.019145488739014,51.465782165527344,27.141921997070312,151.13966369628906,25.41790008544922,11.63347339630127,209.30999755859375,73.02149963378906,54.93924331665039,88.13819122314453,56.21212387084961,55.3129997253418,3.6406989097595215,187.8699951171875,23.08429718017578
2018-01-10,15.071067810058594,345.6848449707031,86.22260284423828,62.80667495727539,22.829999923706055,155.83518981933594,157.2827911376953,168.2084503173828,21.01263999938965,171.9401397705078,3491.0244140625,404.2806396484375,75.14876556396484,54.47132873535156,124.97535705566406,77.0258560180664,209.02206420898438,169.00579833984375,203.89012145996094,157.3800048828125,366.4599914550781,166.13999938964844,33.099998474121094,81.11021423339844,32.52042007446289,22.479999542236328,6.937582015991211,50.00230407714844,26.873443603515625,150.5049591064453,25.317108154296875,11.428426742553711,212.52000427246094,73.45793914794922,55.369972229003906,87.67430114746094,55.18757629394531,55.13050079345703,3.586010694503784,187.83999633789062,23.174686431884766
2018-01-11,15.071067810058594,342.2489318847656,87.66008758544922,65.71034240722656,24.010000228881836,156.86846923828125,157.59703063964844,168.96519470214844,21.178165435791016,167.5818328857422,3442.9052734375,397.3357849121094,74.875,54.65751647949219,122.57775115966797,77.24209594726562,210.13153076171875,168.8174285888672,206.2325897216797,158.39999389648438,368.260009765625,171.50999450683594,33.20000076293945,83.02913665771484,32.45638656616211,22.65999984741211,6.938358783721924,49.908485412597656,26.379798889160156,151.9532470703125,25.793577194213867,11.262068748474121,217.24000549316406,74.81184387207031,55.4689826965332,86.74653625488281,54.52753448486328,55.2760009765625,3.5313222408294678,187.77000427246094,23.782743453979492
2018-01-12,15.255427360534668,342.66796875,92.34799194335938,68.19669342041016,24.329999923706055,158.2429962158203,158.73619079589844,170.15293884277344,21.22414779663086,166.21450805664062,3491.0244140625,397.8468933105469,74.67164611816406,54.83483123779297,120.78861236572266,76.98980712890625,213.16146850585938,170.16575622558594,207.7250518798828,157.92999267578125,366.9599914550781,173.24000549316406,32.650001525878906,84.77618408203125,32.37635040283203,22.690000534057617,6.945350170135498,50.14302062988281,26.35382080078125,152.11412048339844,25.931020736694336,11.211773872375488,221.22999572753906,75.0345230102539,55.196685791015625,84.42711639404297,56.07419967651367,56.112998962402344,3.539135217666626,179.3699951171875,23.760833740234375
2018-01-15,15.198956489562988,338.24652099609375,,,,,158.85401916503906,,,167.103271484375,3467.4365234375,,,,,,,,,,,,,,32.25629425048828,,6.9647698402404785,,26.293193817138672,,,11.254332542419434,,,,84.42711639404297,,,3.4766335487365723,,
2018-01-16,15.313559532165527,339.76300048828125,92.44871520996094,66.56279754638672,24.530000686645508,158.20399475097656,158.10768127441406,168.41921997070312,20.957460403442383,170.40188598632812,3490.080810546875,408.934814453125,74.29620361328125,55.091941833496094,123.17715454101562,76.87267303466797,217.13311767578125,169.53125,205.59017944335938,155.7100067138672,370.2099914550781,176.10000610351562,32.75,84.76666259765625,32.04818344116211,22.43000030517578,7.010600566864014,51.128055572509766,26.145967483520508,149.07455444335938,25.335432052612305,11.258200645446777,221.52999877929688,74.24177551269531,54.486244201660156,85.3548812866211,55.56193542480469,56.0880012512207,3.5156965255737305,178.38999938964844,23.580059051513672
2018-01-17,15.463040351867676,339.0047912597656,93.09878540039062,68.21444702148438,24.700000762939453,160.18292236328125,159.2861328125,169.33876037597656,21.01263999938965,169.64988708496094,3480.645751953125,403.2767639160156,74.35879516601562,55.73027038574219,124.09439849853516,77.58445739746094,222.2887420654297,171.1670684814453,209.01974487304688,156.99000549316406,374.07000732421875,179.36000061035156,32.45000076293945,85.34900665283203,32.17625045776367,22.579999923706055,6.945350170135498,53.79234313964844,26.076683044433594,150.69264221191406,25.711111068725586,11.211773872375488,217.5,74.46446228027344,55.62740707397461,83.49934387207031,57.05934143066406,56.5989990234375,3.4922587871551514,177.60000610351562,24.133337020874023
2018-01-18,15.487954139709473,337.6568908691406,92.80580139160156,69.17346954345703,25.59000015258789,161.3136749267578,159.3647003173828,171.11074829101562,20.73675537109375,170.31646728515625,3486.306640625,399.2157287597656,73.6079330444336,54.46247482299805,122.77751159667969,78.6206283569336,226.69851684570312,171.62313842773438,209.93894958496094,157.19000244140625,371.2799987792969,179.0,31.299999237060547,86.02686309814453,32.28030014038086,22.399999618530273,6.890196800231934,53.848628997802734,25.747581481933594,149.2086181640625,25.555341720581055,11.200167655944824,220.3300018310547,74.42882537841797,55.55808639526367,83.96322631835938,56.5667724609375,56.489498138427734,3.546947717666626,179.8000030517578,24.21002769470215
2018-01-19,15.630792617797852,347.1766357421875,96.09281921386719,69.35105895996094,25.709999084472656,162.6296844482422,161.17164611816406,173.5054168701172,20.939075469970703,171.34193420410156,3539.143798828125,399.61724853515625,73.45149230957031,54.772769927978516,124.98442840576172,78.09801483154297,226.8756866455078,172.89212036132812,211.02613830566406,157.97000122070312,371.5299987792969,180.6300048828125,32.650001525878906,88.7954330444336,32.68050765991211,22.489999771118164,6.913500785827637,53.848628997802734,26.232572555541992,150.0132598876953,26.343353271484375,11.18856143951416,220.4600067138672,74.77621459960938,56.96165466308594,85.81876373291016,57.335182189941406,56.8754997253418,3.562572717666626,181.2899932861328,24.2374210357666
2018-01-22,15.737091064453125,344.8177185058594,98.07051849365234,69.77730560302734,26.329999923706055,164.04319763183594,161.32876586914062,174.47280883789062,21.168968200683594,178.7767333984375,3508.951416015625,397.93804931640625,75.05488586425781,55.9519157409668,126.4556655883789,77.53040313720703,227.07144165039062,174.74606323242188,212.81509399414062,161.91000366210938,375.8599853515625,180.9499969482422,32.75,88.65223693847656,32.31231689453125,22.489999771118164,7.013708114624023,53.9049072265625,26.786840438842773,150.72845458984375,26.764846801757812,11.490328788757324,227.5800018310547,75.14139556884766,57.84785461425781,85.81876373291016,58.59616470336914,57.79050064086914,3.546947717666626,185.3699951171875,24.35793685913086
2018-01-23,15.527816772460938,346.16571044921875,98.4473648071289,69.36882019042969,25.700000762939453,162.98062133789062,161.56443786621094,175.21994018554688,21.84946632385254,178.7767333984375,3584.43310546875,403.3680114746094,75.98566436767578,57.6009521484375,128.23573303222656,76.79159545898438,228.60975646972656,174.27020263671875,212.05406188964844,166.5800018310547,381.7099914550781,182.22999572753906,34.54999923706055,87.57344818115234,32.2082633972168,22.489999771118164,7.0509934425354,54.21450424194336,27.323787689208984,151.62240600585938,26.6640567779541,11.517410278320312,250.2899932861328,75.81835174560547,59.140010833740234,86.28265380859375,59.94580841064453,58.49850082397461,3.562572717666626,189.35000610351562,24.407238006591797
2018-01-24,15.061100006103516,342.20611572265625,98.08890533447266,68.27659606933594,26.010000228881836,162.80514526367188,160.7002716064453,175.3923797607422,22.06097412109375,178.17855834960938,3762.758056640625,402.72918701171875,75.85266876220703,57.16653060913086,128.74429321289062,77.26910400390625,228.2740936279297,173.3382568359375,212.81509399414062,167.4499969482422,383.32000732421875,184.0800018310547,34.900001525878906,87.34431457519531,31.976146697998047,22.170000076293945,6.871554851531982,53.36079025268555,26.88210678100586,152.70416259765625,28.03849220275879,11.351051330566406,261.29998779296875,75.26609802246094,58.370155334472656,85.81876373291016,59.206947326660156,58.21200180053711,3.648512125015259,186.5500030517578,24.20454978942871
2018-01-25,15.253765106201172,338.24652099609375,97.77641296386719,67.75270080566406,25.729999542236328,164.3453826904297,159.99319458007812,174.2238006591797,22.447200775146484,179.71678161621094,3709.9208984375,400.785400390625,75.46942901611328,56.93601989746094,129.83413696289062,78.22416687011719,228.58177185058594,173.20938110351562,215.3452911376953,166.24000549316406,391.8399963378906,185.72999572753906,35.29999923706055,88.62358093261719,31.135726928710938,22.079999923706055,6.7573652267456055,52.31010055541992,26.492382049560547,155.5560302734375,27.946863174438477,11.331707000732422,269.70001220703125,75.90742492675781,58.506309509277344,84.89100646972656,58.16270065307617,58.51850128173828,3.687575578689575,187.47999572753906,24.223724365234375
2018-01-26,15.313559532165527,347.1766357421875,98.71392059326172,68.32989501953125,26.040000915527344,166.05133056640625,160.3467254638672,176.05328369140625,22.437999725341797,179.46038818359375,3796.72509765625,402.993896484375,76.58792114257812,57.08673095703125,131.80487060546875,78.49446868896484,231.64907836914062,174.89479064941406,217.22323608398438,169.2100067138672,374.3599853515625,187.02999877929688,36.5,92.67147064208984,31.239774703979492,22.190000534057617,6.712310791015625,53.585960388183594,26.873443603515625,151.84591674804688,28.16677474975586,11.327837944030762,274.6000061035156,77.03864288330078,60.2341423034668,85.3548812866211,60.05417251586914,58.79199981689453,3.6406989097595215,190.0,22.662492752075195
2018-01-29,15.037847518920898,341.1951904296875,98.19920349121094,68.19669342041016,25.90999984741211,164.30638122558594,160.5038604736328,173.40963745117188,22.300060272216797,177.4521484375,3797.66845703125,397.1258850097656,77.01809692382812,56.200157165527344,131.078369140625,78.1340560913086,230.66079711914062,176.58018493652344,216.26451110839844,167.13999938964844,382.8800048828125,186.77999877929688,36.099998474121094,93.1965560913086,31.047679901123047,22.059999465942383,6.663372039794922,51.906700134277344,26.691574096679688,149.00302124023438,27.635324478149414,11.219511032104492,284.5899963378906,76.23698425292969,61.10548400878906,85.3548812866211,58.93111038208008,58.77899932861328,3.6094489097595215,185.97999572753906,20.487728118896484
2018-01-30,14.777084350585938,341.3636169433594,96.67345428466797,66.68712615966797,24.969999313354492,162.98062133789062,160.2288818359375,172.7391357421875,22.03338050842285,172.41018676757812,3763.70166015625,401.1413269042969,76.799072265625,55.76573944091797,131.822998046875,77.4493179321289,220.6292266845703,175.94569396972656,212.1232452392578,166.5399932861328,379.7699890136719,186.58999633789062,36.29999923706055,96.85298919677734,30.535423278808594,21.950000762939453,6.6268630027771,50.07735061645508,26.388458251953125,150.46022033691406,27.47039222717285,11.01833438873291,278.79998779296875,75.47986602783203,60.08314895629883,83.96322631835938,57.561767578125,58.18450164794922,3.570385217666626,187.1199951171875,19.19491958618164
2018-01-31,14.923243522644043,343.5540771484375,96.25984954833984,66.79369354248047,25.06999969482422,164.7450408935547,160.15032958984375,173.46710205078125,22.143733978271484,170.86337280273438,3705.203369140625,415.4052734375,78.62149047851562,57.72506332397461,134.13893127441406,77.38622283935547,220.7504425048828,173.00120544433594,221.50283813476562,166.8699951171875,366.6499938964844,187.0399932861328,37.400001525878906,96.5761489868164,30.439373016357422,21.309999465942383,6.564719200134277,50.31188201904297,25.91213035583496,150.52281188964844,27.131364822387695,10.971908569335938,270.29998779296875,74.79401397705078,60.84556579589844,82.57157135009766,58.290771484375,58.49700164794922,3.5235095024108887,186.88999938964844,19.638635635375977
2018-02-01,14.974733352661133,344.0595703125,95.46022033691406,66.57169342041016,25.280000686645508,168.5760955810547,158.26480102539062,174.3291778564453,22.355239868164062,168.64149475097656,3769.36279296875,405.68603515625,77.82369232177734,56.492733001708984,133.5576934814453,76.56632995605469,219.2960662841797,171.55372619628906,219.77322387695312,172.99000549316406,345.7900085449219,193.9499969482422,37.04999923706055,97.60719299316406,29.991147994995117,21.139999389648438,6.49480676651001,49.98353958129883,25.496429443359375,149.11026000976562,26.957271575927734,10.84036922454834,265.07000732421875,78.25894165039062,59.533607482910156,83.03545379638672,57.04949188232422,58.3849983215332,3.4297571182250977,193.08999633789062,19.24148178100586
2018-02-02,14.823590278625488,334.0342712402344,93.29108428955078,64.77796936035156,23.809999465942383,166.2560272216797,157.1256561279297,169.85598754882812,21.591981887817383,167.120361328125,3789.1767578125,399.12451171875,76.70523834228516,56.59025955200195,131.88665771484375,76.08880615234375,216.18214416503906,168.20277404785156,215.15753173828125,166.24000549316406,347.8599853515625,186.36000061035156,35.29999923706055,95.17273712158203,29.855077743530273,20.459999084472656,6.428001880645752,47.54439926147461,25.020105361938477,145.57899475097656,26.343353271484375,10.712700843811035,267.42999267578125,75.79164123535156,57.80576705932617,82.10769653320312,54.970848083496094,55.595001220703125,3.367255926132202,190.27999877929688,19.419517517089844
2018-02-05,14.700682640075684,327.6315612792969,89.68814086914062,62.84217071533203,22.780000686645508,160.44606018066406,154.89447021484375,159.34840393066406,20.17580795288086,165.71885681152344,3731.6220703125,392.2435302734375,73.24030303955078,54.267417907714844,128.99859619140625,73.35880279541016,205.1250762939453,161.8180694580078,205.88662719726562,155.13999938964844,331.9800109863281,180.36000061035156,33.95000076293945,91.54492950439453,29.566930770874023,19.610000610351562,6.409358978271484,45.32103729248047,24.44851303100586,139.75906372070312,25.41790008544922,10.592766761779785,254.25999450683594,72.66519165039062,52.899497985839844,80.71603393554688,53.19758987426758,52.790000915527344,3.3438186645507812,181.25999450683594,18.510169982910156
2018-02-06,14.331962585449219,315.2474670410156,92.1146011352539,64.56486511230469,23.84000015258789,165.01797485351562,151.2334442138672,172.37510681152344,20.29535675048828,161.56561279296875,3691.050537109375,393.19256591796875,73.0916976928711,53.85072708129883,127.30029296875,73.58405303955078,209.93569946289062,167.2212677001953,207.04302978515625,159.27000427246094,338.79998779296875,180.0500030517578,34.70000076293945,94.23715209960938,29.911104202270508,20.059999465942383,6.358867645263672,47.1410026550293,23.902902603149414,143.23675537109375,25.50952911376953,10.414802551269531,265.7200012207031,73.6449966430664,55.84029006958008,79.78826141357422,54.389610290527344,54.029998779296875,3.218815565109253,185.30999755859375,18.414302825927734
2018-02-07,14.735563278198242,327.294677734375,91.8388671875,65.04438018798828,23.1200008392334,164.4818572998047,153.59033203125,174.99008178710938,20.40570831298828,165.1035614013672,3814.652099609375,388.8394775390625,72.6302490234375,53.230133056640625,127.14591217041016,73.29573822021484,210.5324249267578,168.20277404785156,205.135498046875,155.6699981689453,334.6099853515625,176.8300018310547,34.099998474121094,93.94120025634766,30.2792911529541,20.059999465942383,6.3697428703308105,45.67752456665039,24.335927963256836,141.43980407714844,25.646970748901367,10.468965530395508,264.55999755859375,72.70082092285156,56.63737869262695,80.25214385986328,52.606510162353516,52.42900085449219,3.218815565109253,180.17999267578125,18.28830909729004
2018-02-08,14.787050247192383,313.6468200683594,87.32597351074219,63.14408493041992,22.8700008392334,156.57606506347656,148.65658569335938,166.0054168701172,19.384965896606445,165.8726806640625,3696.711181640625,374.146728515625,70.8703842163086,51.71407699584961,121.3062515258789,70.61978912353516,201.80604553222656,164.03883361816406,196.4180450439453,151.60000610351562,322.6199951171875,169.27999877929688,33.04999923706055,91.6213150024414,29.158723831176758,19.450000762939453,6.303714752197266,42.91941452026367,23.59112548828125,136.60321044921875,24.492443084716797,10.194280624389648,250.10000610351562,70.73233032226562,53.84511184692383,78.86048889160156,50.53771209716797,50.07600021362305,3.211003065109253,171.5800018310547,17.973325729370117
2018-02-09,14.561166763305664,309.0975646972656,89.31126403808594,64.333984375,22.610000610351562,161.0407257080078,143.70712280273438,170.01882934570312,19.486116409301758,164.84719848632812,3644.818115234375,388.593017578125,72.09838104248047,53.478370666503906,123.55858612060547,71.61089324951172,206.00143432617188,166.63633728027344,197.8512420654297,152.9600067138672,336.3800048828125,172.9499969482422,32.95000076293945,93.40656280517578,28.51039695739746,19.860000610351562,6.175543308258057,45.105255126953125,23.175424575805664,141.33248901367188,25.152179718017578,9.958284378051758,249.47000122070312,71.94371032714844,57.449310302734375,75.6133041381836,51.42433547973633,51.888999938964844,3.109438419342041,176.11000061035156,18.433475494384766
2018-02-12,14.752172470092773,320.13372802734375,89.87195587158203,63.827823638916016,23.09000015258789,163.9554901123047,148.56231689453125,172.75830078125,19.798784255981445,165.20611572265625,3711.80810546875,393.740234375,72.49726104736328,53.3276481628418,123.72203063964844,72.2956314086914,210.41116333007812,167.04281616210938,202.13084411621094,152.00999450683594,342.6700134277344,175.05999755859375,33.79999923706055,93.82662963867188,29.270782470703125,19.8799991607666,6.275750637054443,46.437400817871094,23.57380485534668,142.7539520263672,26.059307098388672,10.314212799072266,257.95001220703125,73.05712127685547,56.446773529052734,78.39661407470703,52.754276275634766,52.59700012207031,3.0469372272491455,176.41000366210938,18.6334228515625
2018-02-13,14.669124603271484,307.496826171875,88.29105377197266,65.6037826538086,23.530000686645508,165.8368377685547,147.2267303466797,174.27166748046875,19.54129409790039,164.93264770507812,3708.033935546875,398.12060546875,73.38111114501953,54.22309494018555,123.79471588134766,72.27761840820312,211.29690551757812,169.54115295410156,201.13258361816406,154.13999938964844,324.57000732421875,175.38999938964844,34.150001525878906,94.43763732910156,29.318809509277344,19.84000015258789,6.153016090393066,46.484310150146484,23.946205139160156,142.5393829345703,27.901044845581055,10.089822769165039,258.2699890136719,72.88787841796875,57.58545684814453,77.00495147705078,53.9857063293457,52.60499954223633,2.98443603515625,173.14999389648438,18.70737648010254
2018-02-14,14.644213676452637,324.0090637207031,89.0906753540039,66.90912628173828,23.829999923706055,168.17648315429688,148.9551239013672,178.18934631347656,19.853954315185547,167.239990234375,3747.66162109375,397.7373352050781,73.35762023925781,53.67341613769531,123.04092407226562,73.75524139404297,213.2919921875,171.20672607421875,205.88662719726562,157.25999450683594,330.69000244140625,178.25999450683594,35.75,95.38278198242188,29.73501968383789,19.93000030517578,6.332457065582275,48.745208740234375,23.755678176879883,144.17544555664062,27.5528564453125,10.147855758666992,266.0,73.6360855102539,59.7613410949707,78.39661407470703,55.73925018310547,53.48500061035156,3.0234992504119873,179.52000427246094,19.137401580810547
2018-02-15,14.654176712036133,330.6644592285156,88.70465850830078,67.52182006835938,24.040000915527344,170.29180908203125,149.693603515625,180.95751953125,20.672393798828125,169.6328125,3794.837890625,371.7100524902344,74.72640228271484,54.444732666015625,123.71296691894531,74.72832489013672,210.7188720703125,172.4658203125,208.2686004638672,160.94000244140625,333.17999267578125,181.4499969482422,36.900001525878906,96.37564849853516,29.52691078186035,19.959999084472656,6.2252583503723145,50.64960861206055,24.292625427246094,146.25840759277344,26.636568069458008,10.070479393005371,280.2699890136719,73.71626281738281,61.018856048583984,77.93272399902344,57.748939514160156,54.47600173950195,3.0781874656677246,179.9600067138672,18.907323837280273
2018-02-16,14.772104263305664,330.7486877441406,88.52082061767578,67.21990203857422,23.860000610351562,171.2275848388672,150.03927612304688,181.30235290527344,20.598262786865234,170.9573974609375,3821.25634765625,368.0505065917969,75.24259948730469,54.95008087158203,127.16410064697266,75.06169128417969,213.84207153320312,176.26292419433594,208.15989685058594,160.72000122070312,332.1499938964844,182.47999572753906,37.150001525878906,96.42339324951172,29.911104202270508,20.06999969482422,6.335563659667969,51.6252555847168,24.301284790039062,146.28524780273438,26.801494598388672,10.198149681091309,278.5199890136719,73.74296569824219,60.36038589477539,78.39661407470703,57.354881286621094,54.7400016784668,,177.36000061035156,19.115489959716797
2018-02-19,14.785390853881836,328.13714599609375,,,,,150.08642578125,,,171.7692413330078,3750.4921875,,,,,,,,,,,,,,29.72701072692871,,6.322357654571533,,24.05013084411621,,,10.205886840820312,,,,78.86048889160156,,,,,
2018-02-20,14.657499313354492,328.726806640625,87.9142074584961,65.2323226928711,24.309999465942383,170.9351806640625,151.2177276611328,179.98046875,20.264686584472656,171.81195068359375,3778.7978515625,361.7901306152344,75.28172302246094,54.28514862060547,126.4556655883789,73.52999114990234,211.31553649902344,172.91197204589844,205.4220733642578,160.97999572753906,323.0400085449219,183.16000366210938,37.75,96.42339324951172,29.871084213256836,19.6299991607666,6.418680667877197,53.25117492675781,24.578418731689453,145.64157104492188,26.251728057861328,10.306474685668945,278.54998779296875,72.78099822998047,61.657493591308594,78.86048889160156,56.61602783203125,55.12300109863281,3.101625919342041,176.00999450683594,19.12370491027832
2018-02-21,14.640892028808594,333.1075439453125,87.6292724609375,65.32185363769531,24.09000015258789,167.9814910888672,151.20201110839844,179.6739959716797,20.283218383789062,172.70925903320312,3839.183349609375,351.2770690917969,73.91294860839844,53.1148681640625,124.82096862792969,72.72811126708984,209.88909912109375,172.2675323486328,207.3494110107422,157.88999938964844,317.510009765625,183.94000244140625,38.650001525878906,95.8028335571289,30.111207962036133,19.8700008392334,6.37052059173584,52.7530632019043,24.491819381713867,143.71946716308594,26.636568069458008,10.314212799072266,281.0400085449219,72.64736938476562,59.78362274169922,77.46883392333984,57.23666763305664,55.56700134277344,3.11725115776062,177.91000366210938,19.15109634399414
2018-02-22,14.652517318725586,332.0123596191406,89.05392456054688,67.1751480102539,23.799999237060547,168.59559631347656,150.6049346923828,179.93260192871094,20.181291580200195,180.31497192382812,3854.279296875,356.32373046875,75.01580047607422,53.1414680480957,126.21955871582031,72.44880676269531,211.71640014648438,169.73944091796875,206.69712829589844,157.58999633789062,315.82000732421875,183.86000061035156,38.79999923706055,95.98422241210938,29.759029388427734,19.889999389648438,6.462958335876465,52.69667053222656,24.431194305419922,145.33761596679688,26.581588745117188,10.058874130249023,278.1400146484375,72.93240356445312,59.97929382324219,77.00495147705078,56.77365493774414,55.33150100708008,3.086000442504883,178.99000549316406,19.326391220092773
2018-02-23,14.632585525512695,330.07476806640625,89.60539245605469,67.51535034179688,24.010000228881836,171.3347930908203,150.6049346923828,184.08154296875,20.34808349609375,179.28948974609375,3826.91748046875,362.4464111328125,76.353271484375,54.31175231933594,128.8441925048828,72.4307861328125,214.57861328125,170.8894805908203,209.24710083007812,165.89999389648438,323.8599853515625,187.61000061035156,37.95000076293945,96.27062225341797,29.935117721557617,19.790000915527344,6.746490001678467,53.580116271972656,24.24932289123535,146.857421875,27.354734420776367,10.379982948303223,285.92999267578125,73.23526763916016,60.91557693481445,78.86048889160156,57.67998123168945,56.339500427246094,3.1485018730163574,183.2899932861328,19.66054916381836
2018-02-26,14.797017097473145,333.86578369140625,89.62378692626953,68.84937286376953,25.170000076293945,173.3917236328125,151.45343017578125,185.6470489501953,20.440736770629883,178.17855834960938,3853.3359375,361.840576171875,76.6974105834961,54.3560791015625,129.63430786132812,74.2597885131836,218.21456909179688,173.3382568359375,211.57965087890625,169.5399932861328,324.8900146484375,186.08999633789062,38.54999923706055,95.48779296875,30.175241470336914,20.059999465942383,6.7301764488220215,55.27183151245117,24.361907958984375,147.90338134765625,27.33633041381836,10.465096473693848,294.1600036621094,73.28870391845703,61.07658004760742,79.32437133789062,57.68983840942383,57.1875,3.1875648498535156,184.92999267578125,19.827627182006836
2018-02-27,14.914938926696777,330.7486877441406,88.04288482666016,67.65862274169922,26.040000915527344,171.50057983398438,151.28057861328125,185.49334716796875,19.958911895751953,181.16954040527344,3825.0302734375,359.1142272949219,75.00011444091797,53.513832092285156,127.7816390991211,73.19662475585938,216.77882385253906,173.83395385742188,208.22906494140625,165.8800048828125,320.9700012207031,187.97999572753906,37.29999923706055,96.95801544189453,29.839067459106445,19.670000076293945,6.647835731506348,54.17221450805664,24.01548957824707,146.26736450195312,27.0325927734375,10.298738479614258,290.6099853515625,73.00367736816406,60.94778060913086,79.32437133789062,55.315643310546875,55.91450119018555,3.195378065109253,181.4600067138672,19.923492431640625
2018-02-28,15.365046501159668,326.8734436035156,82.34431457519531,67.51535034179688,24.31999969482422,171.3347930908203,151.24916076660156,184.20643615722656,19.88477897644043,182.45140075683594,3800.4990234375,359.93121337890625,75.80574798583984,53.79753112792969,126.53741455078125,71.98027038574219,210.84934997558594,171.2166290283203,206.1534881591797,166.02999877929688,320.44000244140625,187.22999572753906,40.099998474121094,95.0803451538086,30.087190628051758,19.719999313354492,6.521218299865723,54.12523651123047,23.617109298706055,143.7462921142578,26.231830596923828,10.260051727294922,291.3800048828125,71.88135528564453,59.942138671875,80.71603393554688,54.07436752319336,55.23649978637695,3.195378065109253,178.32000732421875,20.348037719726562
2018-03-01,15.363383293151855,323.9248046875,80.84614562988281,66.36936950683594,24.059999465942383,169.12203979492188,147.54098510742188,182.01669311523438,19.85698127746582,182.23573303222656,3719.356201171875,354.5978698730469,75.6102294921875,53.8329963684082,122.9410171508789,70.54772186279297,209.25514221191406,168.87692260742188,202.82269287109375,165.8300018310547,321.7799987792969,182.50999450683594,38.54999923706055,95.2527847290039,29.134719848632812,19.530000686645508,6.382948398590088,53.63650894165039,23.816299438476562,143.78208923339844,25.47709083557129,10.109166145324707,290.3900146484375,70.89265441894531,57.51721954345703,78.86048889160156,54.921592712402344,53.47600173950195,3.195378065109253,175.94000244140625,20.643850326538086
2018-03-02,15.262069702148438,316.0899353027344,78.43804168701172,67.2825927734375,24.670000076293945,170.6134796142578,144.9012908935547,181.5364990234375,19.97744369506836,177.10296630859375,3620.285888671875,350.49462890625,76.53314208984375,53.389713287353516,121.69674682617188,70.57473754882812,209.94503784179688,170.7506866455078,204.03839111328125,170.05999755859375,330.4700012207031,185.77000427246094,41.95000076293945,97.12086486816406,29.230762481689453,19.940000534057617,6.29361629486084,54.53874969482422,,142.8343963623047,26.17660903930664,10.016315460205078,301.04998779296875,70.99064636230469,58.589725494384766,76.54106140136719,55.05950927734375,53.94599914550781,3.1875648498535156,176.6199951171875,20.17548179626465
2018-03-05,15.496258735656738,322.4083557128906,79.34796905517578,67.27362823486328,24.540000915527344,174.03514099121094,148.49945068359375,182.83303833007812,20.366613388061523,178.74200439453125,3661.80126953125,356.6357421875,76.9711685180664,54.161033630371094,124.24877166748047,71.84512329101562,212.9191131591797,172.49557495117188,204.35464477539062,173.16000366210938,333.9100036621094,191.13999938964844,41.95000076293945,96.8622055053711,29.73501968383789,19.65999984741211,6.509566307067871,54.16282653808594,23.920223236083984,145.97235107421875,25.762420654296875,10.182673454284668,315.0,71.45378875732422,58.36927795410156,78.39661407470703,54.77381896972656,54.54650115966797,3.1563143730163574,180.39999389648438,20.26860809326172
2018-03-06,15.366707801818848,322.5768737792969,80.0740966796875,64.27433776855469,24.420000076293945,173.060302734375,147.46241760253906,183.42848205566406,20.644588470458984,182.322021484375,3658.027587890625,359.4906311035156,78.08179473876953,54.61319351196289,126.12873840332031,72.44880676269531,210.86801147460938,171.23648071289062,207.6755828857422,168.72000122070312,333.4800109863281,190.58999633789062,43.45000076293945,96.74725341796875,29.4788875579834,20.030000686645508,6.549959659576416,56.38084030151367,23.712373733520508,146.7948455810547,26.360687255859375,10.229100227355957,325.2200012207031,72.09513092041016,59.98178482055664,77.46883392333984,55.45356369018555,54.75299835205078,3.1875648498535156,179.77999877929688,20.706846237182617
2018-03-07,15.31521987915039,319.8810119628906,79.145751953125,63.9520378112793,23.940000534057617,174.697998046875,148.05950927734375,182.18955993652344,20.56119728088379,181.97694396972656,3700.48583984375,359.27032470703125,78.2773208618164,54.89689254760742,127.14591217041016,73.0975112915039,211.88424682617188,169.97738647460938,209.69187927246094,170.1699981689453,334.4100036621094,194.4199981689453,44.04999923706055,97.05380249023438,29.430862426757812,20.559999465942383,6.524325370788574,55.845123291015625,23.96352767944336,147.08985900878906,25.891277313232422,10.213624954223633,321.1600036621094,72.1753158569336,59.90251159667969,80.71603393554688,55.463417053222656,55.481998443603516,3.1563143730163574,183.7100067138672,21.17247772216797
2018-03-08,15.07438850402832,322.4083557128906,79.19174194335938,62.447914123535156,23.959999084472656,174.73699951171875,149.00225830078125,184.87872314453125,20.496339797973633,183.1415252685547,3699.5419921875,357.4711608886719,77.80021667480469,55.30472183227539,129.63430786132812,74.07058715820312,210.2098846435547,171.31578063964844,209.23721313476562,171.8800048828125,340.7799987792969,197.4499969482422,43.04999923706055,98.05010986328125,30.231266021728516,20.479999542236328,6.602004528045654,55.798133850097656,24.235057830810547,149.36953735351562,25.6059513092041,10.232970237731934,317.0,72.27328491210938,59.73902893066406,81.643798828125,55.76880645751953,56.29999923706055,3.195378065109253,182.33999633789062,21.205345153808594
2018-03-09,15.115910530090332,326.8734436035156,80.22113800048828,63.110443115234375,24.190000534057617,178.6265411376953,149.20652770996094,187.24134826660156,21.043031692504883,181.80441284179688,3713.695068359375,362.74017333984375,77.90975189208984,56.466129302978516,130.39723205566406,74.91752624511719,210.8647003173828,174.24044799804688,215.35520935058594,176.25999450683594,341.70001220703125,203.1699981689453,43.150001525878906,99.53500366210938,29.79905128479004,20.020000457763672,6.58957576751709,57.90337371826172,24.261507034301758,152.96340942382812,26.158199310302734,10.256180763244629,331.44000244140625,74.66203308105469,60.7669563293457,82.10769653320312,57.305625915527344,58.00199890136719,3.226628303527832,185.22999572753906,21.495677947998047
2018-03-12,15.160754203796387,325.94671630859375,80.58879089355469,63.27159118652344,24.420000076293945,177.94415283203125,149.31649780273438,188.20176696777344,21.024499893188477,182.45140075683594,3722.18701171875,362.9145812988281,78.0505142211914,56.35088348388672,131.75950622558594,75.05265808105469,208.37652587890625,174.10166931152344,214.95982360839844,177.1300048828125,344.54998779296875,204.35000610351562,43.25,99.20928192138672,29.97513771057129,20.09000015258789,6.97098445892334,57.301876068115234,24.217424392700195,152.76675415039062,26.314668655395508,10.252311706542969,321.29998779296875,73.2162094116211,61.864253997802734,82.10769653320312,57.78834915161133,58.224998474121094,3.2656917572021484,184.75999450683594,21.3039493560791
2018-03-13,15.21224308013916,322.2398986816406,79.17333984375,63.719242095947266,24.25,176.45266723632812,145.62405395507812,188.13453674316406,20.77431869506836,180.89865112304688,3684.446044921875,372.1584167480469,77.03372955322266,56.18242263793945,132.82205200195312,75.20584869384766,212.27708435058594,173.14988708496094,212.617431640625,174.9600067138672,337.75,204.52999877929688,42.79999923706055,98.27045440673828,29.086687088012695,19.479999542236328,7.191596031188965,56.0988883972168,24.226240158081055,152.8114471435547,26.287057876586914,10.116905212402344,315.8800048828125,72.99170684814453,61.35648727416992,81.1799087524414,56.970680236816406,56.90850067138672,3.250066041946411,181.8800048828125,21.183433532714844
2018-03-14,15.115910530090332,322.3240966796875,79.3939208984375,63.25367736816406,24.06999969482422,175.58506774902344,145.60833740234375,184.76344299316406,20.496339797973633,178.91453552246094,3742.0009765625,379.7681884765625,77.20579528808594,56.47723388671875,133.0127716064453,74.15168762207031,210.81788635253906,172.8524932861328,211.14361572265625,174.3800048828125,341.4200134277344,203.5800018310547,42.95000076293945,97.64773559570312,29.062679290771484,19.200000762939453,7.1768364906311035,56.606407165527344,24.47308921813965,151.0681610107422,26.259445190429688,10.167200088500977,321.54998779296875,71.92302703857422,61.611610412597656,81.1799087524414,57.77849578857422,57.4744987487793,3.2422540187835693,184.19000244140625,21.314903259277344
2018-03-15,15.243800163269043,325.6097412109375,78.62188720703125,63.23577880859375,23.399999618530273,176.3941650390625,147.94952392578125,185.08038330078125,20.162763595581055,178.5694580078125,3792.007568359375,381.1636047363281,76.94770050048828,56.673770904541016,133.18533325195312,73.9084243774414,214.65296936035156,172.33694458007812,210.14454650878906,173.97000122070312,334.92999267578125,203.3699951171875,42.5,98.81649780273438,29.43886947631836,19.200000762939453,7.124790668487549,56.65338897705078,24.96678352355957,151.15756225585938,26.793283462524414,10.174936294555664,321.0899963378906,72.08470153808594,61.760215759277344,81.643798828125,58.84244918823242,57.479000091552734,3.2422540187835693,183.86000061035156,21.2601261138916
2018-03-16,15.396604537963867,321.73443603515625,79.96379089355469,63.55809020996094,23.209999084472656,177.95391845703125,149.2693634033203,184.8883056640625,20.357345581054688,180.7261199951172,3770.306396484375,385.4412536621094,77.38568115234375,57.022178649902344,133.094482421875,73.24168395996094,213.1376495361328,172.33694458007812,208.15634155273438,175.66000366210938,343.29998779296875,204.72999572753906,41.25,98.45248413085938,29.64697265625,19.450000762939453,7.07119083404541,55.863929748535156,24.8521728515625,151.58665466308594,27.29951286315918,10.430275917053223,318.45001220703125,72.7222900390625,62.0425910949707,81.643798828125,58.389286041259766,56.7864990234375,3.218815565109253,185.08999633789062,21.353252410888672
2018-03-19,15.389958381652832,318.4488525390625,78.85165405273438,62.97614669799805,22.950000762939453,176.0334930419922,146.47254943847656,182.9098663330078,20.05156898498535,187.1959991455078,3735.39599609375,377.93231201171875,76.85385131835938,56.58443832397461,131.7958221435547,72.19652557373047,210.5092315673828,169.11485290527344,209.4224395751953,170.77000427246094,339.0799865722656,199.05999755859375,41.54999923706055,98.34709167480469,29.022655487060547,19.459999084472656,6.88165283203125,54.9804801940918,24.47308921813965,149.0119171142578,26.728858947753906,10.310344696044922,313.4800109863281,72.25531768798828,59.6944465637207,79.32437133789062,57.38444137573242,54.99100112915039,3.234441041946411,172.55999755859375,21.355989456176758
2018-03-20,15.517849922180176,326.4521789550781,78.79650115966797,64.06841278076172,21.989999771118164,177.91490173339844,149.23794555664062,187.9040069580078,20.153493881225586,186.29022216796875,3808.047119140625,381.19122314453125,76.32195281982422,56.7988395690918,132.8765411376953,71.98929595947266,212.12745666503906,169.03555297851562,212.38990783691406,171.47000122070312,333.8599853515625,200.72000122070312,41.79999923706055,96.3736343383789,29.25477409362793,19.40999984741211,6.897965908050537,55.666568756103516,24.52598762512207,148.10006713867188,26.55397605895996,10.22523021697998,317.5,72.88394927978516,61.81966018676758,79.32437133789062,58.79319381713867,54.885501861572266,3.211003065109253,168.14999389648438,21.429943084716797
2018-03-21,15.487954139709473,332.6021423339844,80.19356536865234,62.797088623046875,22.15999984741211,176.19918823242188,148.2794952392578,186.13685607910156,20.209091186523438,182.40826416015625,3915.609130859375,378.0517272949219,75.85266876220703,55.95016860961914,129.26197814941406,72.11544036865234,208.42330932617188,168.11354064941406,210.64903259277344,170.33999633789062,334.8699951171875,200.22999572753906,43.099998474121094,96.6610336303711,29.05467414855957,19.360000610351562,6.913500785827637,57.123313903808594,24.52598762512207,148.61859130859375,26.701242446899414,10.178805351257324,316.4800109863281,73.17131042480469,61.5670166015625,78.86048889160156,57.02979278564453,54.54399871826172,3.2656917572021484,169.38999938964844,20.816408157348633
2018-03-22,15.507887840270996,324.7673034667969,78.76890563964844,61.67792892456055,21.520000457763672,171.1008758544922,145.2783660888672,181.59413146972656,19.523406982421875,178.5694580078125,3946.744384765625,383.3208312988281,75.12528228759766,55.12828063964844,129.87953186035156,70.81051635742188,201.30499267578125,164.27676391601562,205.0801239013672,166.10000610351562,327.69000244140625,193.8800048828125,42.70000076293945,95.59765625,28.710498809814453,19.239999771118164,6.863786697387695,55.412803649902344,24.111635208129883,144.10386657714844,25.863670349121094,9.99697208404541,306.70001220703125,71.3303451538086,59.90500259399414,78.86048889160156,50.92191696166992,52.45399856567383,3.2813172340393066,164.88999938964844,20.394601821899414
2018-03-23,15.522833824157715,324.2617492675781,76.9950180053711,60.773677825927734,21.079999923706055,167.5038299560547,141.4445037841797,179.10665893554688,19.097171783447266,176.2834014892578,3891.076904296875,368.72528076171875,72.69280242919922,53.698936462402344,129.20750427246094,69.36964416503906,198.8168487548828,161.09434509277344,202.42919921875,160.92999267578125,321.2900085449219,190.30999755859375,42.29999923706055,94.63009643554688,28.062170028686523,18.799999237060547,6.905733108520508,52.04819107055664,24.085186004638672,141.28778076171875,25.72559928894043,10.035660743713379,300.94000244140625,70.20780944824219,57.7054557800293,78.39661407470703,51.611515045166016,51.07849884033203,3.195378065109253,159.38999938964844,20.033052444458008
2018-03-26,15.32352352142334,321.9871826171875,82.0777816772461,62.922428131103516,21.739999771118164,172.7093505859375,141.68020629882812,183.70701599121094,19.18056869506836,177.6205291748047,3847.675048828125,376.0046691894531,73.86602783203125,54.6994743347168,131.87754821777344,71.10047912597656,204.91561889648438,163.32501220703125,207.4045867919922,166.10000610351562,330.7099914550781,197.3000030517578,43.599998474121094,93.86369323730469,27.782026290893555,18.510000228881836,6.889420509338379,54.95228958129883,23.60030746459961,143.88038635253906,26.701242446899414,9.942809104919434,320.3500061035156,72.83004760742188,60.55643844604492,77.93272399902344,54.438865661621094,52.660499572753906,3.203190326690674,160.05999755859375,20.578113555908203
2018-03-27,15.575984001159668,322.5768737792969,79.00788879394531,61.33772277832031,21.68000030517578,168.17648315429688,143.07861328125,180.43202209472656,18.874788284301758,177.83621215820312,3930.704833984375,376.2525329589844,74.27275848388672,55.42308807373047,131.19639587402344,70.8286361694336,203.87730407714844,161.332275390625,204.37779235839844,160.33999633789062,329.239990234375,190.89999389648438,41.150001525878906,93.33683013916016,28.158222198486328,18.190000534057617,6.872331619262695,52.10457229614258,23.8912353515625,141.81524658203125,26.231830596923828,10.070479393005371,300.69000244140625,71.58179473876953,55.86013412475586,78.39661407470703,52.85279083251953,50.255001068115234,3.250066041946411,152.22000122070312,20.180957794189453
2018-03-28,15.83840560913086,323.7562561035156,78.93437194824219,61.93756866455078,21.170000076293945,166.0610809326172,144.1470947265625,179.86534118652344,18.717266082763672,177.706787109375,3895.79443359375,382.8066711425781,76.64263153076172,55.86082458496094,131.0510711669922,71.10047912597656,204.3824462890625,160.14259338378906,203.68539428710938,159.5800018310547,338.4800109863281,188.7899932861328,39.150001525878906,93.06858825683594,28.046165466308594,18.399999618530273,6.986520767211914,50.8076057434082,24.261507034301758,141.4129638671875,26.148996353149414,10.128511428833008,285.7699890136719,70.9891128540039,54.82724380493164,78.39661407470703,51.89720916748047,50.22800064086914,3.1719396114349365,153.02999877929688,19.74819564819336
2018-03-29,15.979581832885742,327.54742431640625,80.65312957763672,62.161415100097656,21.43000030517578,170.74993896484375,145.0112762451172,183.49569702148438,18.809932708740234,178.1381378173828,3892.964111328125,383.83477783203125,76.36895751953125,56.27176284790039,131.99559020996094,72.69539642333984,200.17315673828125,160.36070251464844,204.2195587158203,162.97999572753906,344.3599853515625,191.38999938964844,40.29999923706055,92.92488861083984,28.53441047668457,18.940000534057617,7.025359630584717,52.264347076416016,24.305585861206055,143.16845703125,26.480342864990234,10.294869422912598,295.3500061035156,71.76139831542969,57.36363983154297,77.93272399902344,52.49814987182617,51.589500427246094,3.1328766345977783,159.7899932861328,20.05222511291504
2018-04-02,,,77.74870300292969,61.75851821899414,21.579999923706055,167.2796173095703,,179.24111938476562,18.430021286010742,,,375.0316467285156,75.21749877929688,54.851348876953125,130.624267578125,70.2124252319336,203.16639709472656,158.95289611816406,200.93557739257812,156.30999755859375,330.55999755859375,186.6199951171875,38.5,91.3154525756836,,18.739999771118164,,49.707984924316406,,140.93580627441406,26.10297393798828,,280.2900085449219,69.7677993774414,54.7529411315918,,50.646080017089844,50.32350158691406,,155.38999938964844,19.874191284179688
2018-04-03,15.850030899047852,338.24652099609375,78.53913879394531,62.25094223022461,22.030000686645508,168.127685546875,144.57131958007812,181.7093505859375,18.263233184814453,178.4400634765625,3855.222900390625,375.0775146484375,76.3453369140625,55.14615249633789,128.43553161621094,71.00080871582031,210.06959533691406,162.06591796875,204.4371337890625,158.36000061035156,332.20001220703125,188.7100067138672,40.0,92.99195098876953,28.02214813232422,19.34000015258789,7.036234378814697,50.73241424560547,24.367298126220703,143.39353942871094,26.97736358642578,10.198149681091309,283.6700134277344,69.9204330444336,55.81802749633789,78.39661407470703,51.463748931884766,50.670501708984375,3.226628303527832,156.11000061035156,19.945405960083008
2018-04-04,15.986224174499512,337.6568908691406,80.93804931640625,64.33702087402344,22.540000915527344,169.3169708251953,143.6757049560547,181.95907592773438,18.624610900878906,178.91453552246094,3792.950927734375,378.18939208984375,75.96675872802734,55.5213508605957,129.91586303710938,71.33611297607422,214.007568359375,162.4327392578125,207.0485382080078,162.1199951171875,337.3500061035156,190.8300018310547,40.75,92.7907485961914,27.998138427734375,19.5,6.993511199951172,52.21736526489258,23.997026443481445,145.959228515625,27.474393844604492,10.120773315429688,288.94000244140625,70.56702423095703,56.03847885131836,77.46883392333984,51.83810043334961,51.25699996948242,3.1719396114349365,155.10000610351562,19.98649024963379
2018-04-05,16.242006301879883,352.73687744140625,81.57225036621094,64.8563003540039,22.6299991607666,171.3738250732422,147.41526794433594,182.2279510498047,18.83772850036621,183.0552520751953,3917.49609375,379.658203125,75.71435546875,55.172950744628906,130.85130310058594,72.22417449951172,214.26947021484375,163.6422576904297,209.56094360351562,157.66000366210938,328.5899963378906,190.8800048828125,41.400001525878906,94.11278533935547,28.79054069519043,19.65999984741211,7.022253036499023,51.02375793457031,24.552433013916016,147.7417755126953,27.870166778564453,10.364507675170898,293.9700012207031,71.16869354248047,54.83467483520508,77.46883392333984,51.8282470703125,51.390499114990234,,159.33999633789062,19.94266700744629
2018-04-06,16.35328483581543,351.81011962890625,81.103515625,64.72200012207031,22.6200008392334,165.66297912597656,146.39398193359375,179.90380859375,18.541215896606445,180.7692413330078,3979.767578125,373.6455078125,74.547119140625,54.70841979980469,129.1075897216797,70.35741424560547,209.48965454101562,160.26156616210938,203.32928466796875,154.25,319.6099853515625,185.55999755859375,39.150001525878906,92.1968002319336,28.854570388793945,19.579999923706055,7.035458087921143,49.19108200073242,24.332033157348633,144.00572204589844,27.189064025878906,10.422538757324219,288.8500061035156,68.22319030761719,53.0686149597168,80.71603393554688,50.49830627441406,50.35200119018555,3.1485018730163574,157.1999969482422,19.526338577270508
2018-04-09,16.288509368896484,350.46221923828125,78.34611511230469,63.99680709838867,22.530000686645508,166.28778076171875,147.24246215820312,180.3359832763672,18.541215896606445,182.19259643554688,4019.395751953125,375.96795654296875,74.49189758300781,54.77987289428711,130.04299926757812,71.10047912597656,208.33914184570312,161.24305725097656,207.27603149414062,156.75999450683594,319.70001220703125,187.1300048828125,38.70000076293945,92.26387023925781,28.734512329101562,19.56999969482422,6.988849639892578,49.830169677734375,24.270322799682617,144.24874877929688,27.041797637939453,10.4341459274292,289.92999267578125,68.18724822998047,53.3559455871582,81.1799087524414,51.24701690673828,50.772499084472656,3.203190326690674,157.92999267578125,19.693416595458984
2018-04-10,16.37653923034668,361.6669006347656,80.09246826171875,65.16963195800781,22.600000381469727,170.56356811523438,148.04380798339844,183.92788696289062,18.91185760498047,185.25503540039062,4061.8544921875,372.314453125,75.07553100585938,55.0300178527832,125.44166564941406,71.85263061523438,212.13677978515625,163.72158813476562,212.85479736328125,161.1699981689453,328.0400085449219,193.25999450683594,39.70000076293945,92.85783386230469,29.222753524780273,19.549999237060547,6.943018913269043,51.50308609008789,24.235057830810547,146.91355895996094,27.879375457763672,10.724305152893066,298.07000732421875,69.677978515625,56.45211410522461,82.10769653320312,52.754276275634766,51.582000732421875,3.1641273498535156,165.0399932861328,19.93718719482422
2018-04-11,16.4296875,366.89007568359375,79.64208984375,65.19652557373047,22.549999237060547,168.25973510742188,146.1739959716797,181.949462890625,18.745071411132812,185.12562561035156,4006.1865234375,375.4263610839844,75.01243591308594,55.047882080078125,127.74234771728516,71.21827697753906,207.5626983642578,162.75990295410156,210.4808349609375,158.88999938964844,322.7799987792969,192.41000366210938,40.099998474121094,92.1489028930664,28.94261932373047,19.6299991607666,6.88165283203125,51.64406204223633,23.93531608581543,145.49110412597656,27.502004623413086,10.743650436401367,303.6700134277344,69.30078887939453,56.03847885131836,80.71603393554688,52.36022186279297,50.99850082397461,3.195378065109253,166.32000732421875,19.701631546020508
2018-04-12,16.379859924316406,370.5969543457031,80.00054168701172,64.84735107421875,23.18000030517578,170.64170837402344,148.028076171875,184.561767578125,19.069379806518555,186.33334350585938,3998.63818359375,368.28466796875,74.92566680908203,55.06575012207031,126.33639526367188,72.3510513305664,209.75152587890625,163.483642578125,211.01499938964844,161.97999572753906,325.0799865722656,194.2100067138672,41.45000076293945,92.57041931152344,29.230762481689453,19.65999984741211,6.972537517547607,53.03501892089844,24.199796676635742,146.77850341796875,27.759723663330078,10.77846908569336,309.25,69.54327392578125,58.109195709228516,79.78826141357422,52.5276985168457,51.6254997253418,3.1797525882720947,163.8699951171875,19.907058715820312
2018-04-13,16.151668548583984,367.47979736328125,79.25605773925781,64.03260803222656,22.829999923706055,170.12429809570312,148.48374938964844,183.2075958251953,18.83772850036621,184.04733276367188,4028.830322265625,368.5141906738281,75.03608703613281,55.61961364746094,126.81111907958984,72.10636901855469,209.78897094726562,163.4043426513672,212.02395629882812,161.38999938964844,321.55999755859375,191.77999877929688,41.150001525878906,92.23512268066406,29.214752197265625,19.950000762939453,6.98185920715332,52.69667053222656,24.19097900390625,146.71548461914062,27.621658325195312,10.797812461853027,311.6499938964844,69.38162994384766,57.34134292602539,82.10769653320312,50.872657775878906,51.4635009765625,3.1563143730163574,164.52000427246094,19.967317581176758
2018-04-16,16.256328582763672,368.5750427246094,79.09980010986328,64.46235656738281,23.399999618530273,169.7338104248047,149.253662109375,184.0719757080078,19.199100494384766,184.4355010986328,3977.880615234375,372.25018310546875,76.12450408935547,55.92335891723633,126.46421813964844,73.03975677490234,215.438720703125,165.06991577148438,213.56698608398438,158.6999969482422,318.20001220703125,195.6199951171875,41.650001525878906,93.34640502929688,29.262781143188477,20.270000457763672,6.999725341796875,53.44854736328125,24.199796676635742,148.93011474609375,27.980621337890625,10.751387596130371,307.7799987792969,69.55224609375,57.338871002197266,81.1799087524414,50.63623046875,51.89899826049805,3.11725115776062,164.8300018310547,20.364471435546875
2018-04-17,16.180837631225586,367.47979736328125,79.19174194335938,64.86522674560547,23.770000457763672,174.0974578857422,150.7777862548828,186.27130126953125,19.44001579284668,182.66708374023438,3939.196533203125,376.14239501953125,76.56615447998047,58.335391998291016,128.7466278076172,73.06696319580078,223.13694763183594,165.34750366210938,215.86180114746094,164.99000549316406,322.6300048828125,199.6199951171875,42.5,93.60505676269531,29.79905128479004,20.6200008392334,7.02769136428833,54.37898635864258,24.05873680114746,151.36985778808594,28.588092803955078,10.855844497680664,336.05999755859375,70.00125885009766,58.83742141723633,80.71603393554688,51.02043151855469,53.70800018310547,3.086000442504883,168.66000366210938,20.64932632446289
2018-04-18,16.556577682495117,366.1318664550781,79.42150115966797,64.9368667602539,23.510000228881836,175.19082641601562,151.3905487060547,186.96279907226562,19.430747985839844,184.6080322265625,3967.502197265625,380.1997375488281,76.11658477783203,58.657005310058594,127.64189910888672,72.668212890625,221.12588500976562,166.16046142578125,217.14772033691406,163.36000061035156,321.3900146484375,200.83999633789062,42.650001525878906,94.58220672607422,30.239269256591797,20.06999969482422,7.064976215362549,51.437294006347656,24.52598762512207,151.57688903808594,28.05425453186035,10.817155838012695,334.5199890136719,71.11483001708984,58.547611236572266,81.643798828125,50.7051887512207,53.604000091552734,3.0625622272491455,166.36000061035156,20.758888244628906
2018-04-19,16.68182373046875,361.4141540527344,78.01524353027344,63.549156188964844,23.3799991607666,174.75155639648438,150.8877716064453,186.26171875,19.597536087036133,184.7805633544922,4009.9609375,375.784423828125,76.54249572753906,58.272857666015625,125.45993041992188,72.49605560302734,220.5272216796875,166.81478881835938,214.6352996826172,159.5500030517578,315.8299865722656,197.82000732421875,43.04999923706055,94.27565002441406,30.21525764465332,20.15999984741211,7.03312873840332,48.11027145385742,24.658222198486328,150.16351318359375,27.842557907104492,10.77846908569336,332.70001220703125,71.07889556884766,56.73201370239258,81.643798828125,50.62637710571289,54.3849983215332,3.0703749656677246,168.10000610351562,20.2412166595459
2018-04-20,16.6955509185791,363.09912109375,76.8571548461914,62.95823669433594,23.15999984741211,172.86746215820312,151.83050537109375,185.3205108642578,19.847719192504883,185.9020233154297,4009.9609375,372.7459411621094,75.71435546875,58.058448791503906,124.72956848144531,72.4054183959961,219.87246704101562,163.75131225585938,213.5472412109375,158.14999389648438,314.25,196.75,42.75,93.35596466064453,30.175241470336914,20.110000610351562,6.953117847442627,48.01628494262695,25.49574089050293,149.68637084960938,27.474393844604492,10.917745590209961,327.7699890136719,70.99809265136719,56.650272369384766,80.25214385986328,49.75945281982422,53.64799880981445,2.960998058319092,166.27999877929688,19.904321670532227
2018-04-23,16.858543395996094,367.5641174316406,77.52810668945312,63.52228927612305,23.770000457763672,171.25668334960938,153.38607788085938,184.44651794433594,19.745790481567383,186.6352996826172,3976.9375,374.1412353515625,75.88788604736328,57.960174560546875,126.1720199584961,72.51416015625,219.19894409179688,165.18887329101562,214.00225830078125,158.69000244140625,316.010009765625,197.6300048828125,42.54999923706055,92.82908630371094,30.4473819732666,20.270000457763672,6.906509876251221,47.16102981567383,25.478107452392578,149.5422821044922,27.557226181030273,10.998990058898926,318.69000244140625,70.52212524414062,55.45391845703125,79.78826141357422,49.680641174316406,53.372501373291016,2.9453725814819336,165.83999633789062,20.019357681274414
2018-04-24,17.02667999267578,369.16473388671875,76.57679748535156,63.14625930786133,23.940000534057617,169.11878967285156,152.19190979003906,181.58453369140625,19.597536087036133,185.81576538085938,4057.136474609375,375.9312438964844,75.84846496582031,58.2639274597168,125.03997802734375,71.9251480102539,219.08670043945312,164.6535186767578,210.85671997070312,155.6699981689453,312.0,193.85000610351562,41.150001525878906,92.74284362792969,30.151222229003906,20.450000762939453,6.861456394195557,45.78887176513672,25.125469207763672,147.64276123046875,27.640064239501953,10.875189781188965,307.0199890136719,68.18724822998047,54.79009246826172,83.49934387207031,49.03044891357422,50.999000549316406,2.96881103515625,159.69000244140625,19.83858299255371
2018-04-25,17.114179611206055,386.182373046875,75.25603485107422,63.692386627197266,24.100000381469727,168.3671112060547,151.68910217285156,182.07432556152344,19.226896286010742,183.7454071044922,4031.660888671875,376.5554504394531,76.0219497680664,57.745784759521484,123.9170150756836,72.00667572021484,219.7227783203125,171.22657775878906,212.14259338378906,155.14999389648438,316.1700134277344,194.61000061035156,40.650001525878906,94.28520965576172,29.7879638671875,20.239999771118164,6.839705944061279,46.18360900878906,25.74258804321289,149.05616760253906,27.179861068725586,10.925482749938965,305.760009765625,68.90568542480469,53.665557861328125,83.03545379638672,48.37040328979492,51.058998107910156,2.9063093662261963,159.69000244140625,19.66054916381836
2018-04-26,17.102170944213867,390.05767822265625,76.91852569580078,64.35492706298828,24.149999618530273,173.9217529296875,152.96182250976562,182.71778869628906,19.35662078857422,181.15740966796875,4054.304931640625,381.94378662109375,77.03147888183594,58.8445930480957,124.93040466308594,73.03070831298828,221.71519470214844,170.99853515625,211.51947021484375,158.80999755859375,323.9700012207031,199.05999755859375,42.099998474121094,91.33462524414062,29.713653564453125,20.270000457763672,6.951564788818359,47.452388763427734,25.927722930908203,149.70436096191406,27.06940460205078,11.099578857421875,313.9800109863281,68.1692886352539,55.78582000732422,82.10769653320312,48.70534896850586,52.00199890136719,2.8125574588775635,174.16000366210938,19.98649024963379
2018-04-27,17.229991912841797,401.599365234375,77.58352661132812,65.22337341308594,23.950000762939453,171.7545623779297,153.19752502441406,179.66371154785156,19.328819274902344,180.2516326904297,4074.119873046875,386.5979309082031,77.78074645996094,59.478878021240234,123.46964263916016,73.66504669189453,224.66165161132812,173.02102661132812,210.5303192138672,156.0500030517578,313.04998779296875,197.19000244140625,43.0,92.20639038085938,29.796215057373047,19.950000762939453,6.915831089019775,46.42795944213867,25.795480728149414,148.56103515625,26.747262954711914,11.242724418640137,311.760009765625,68.38479614257812,56.06076431274414,85.3548812866211,48.7447624206543,51.502498626708984,2.882871627807617,173.58999633789062,19.890623092651367
2018-04-30,17.161365509033203,404.04248046875,76.13345336914062,64.99954986572266,23.649999618530273,174.0291290283203,154.1402587890625,181.1331024169922,19.402952194213867,178.7851104736328,4057.136474609375,386.2674560546875,77.08670043945312,57.98698425292969,124.4921875,72.61384582519531,221.12588500976562,169.2834014892578,208.06732177734375,153.16000366210938,303.67999267578125,194.49000549316406,43.0,91.71780395507812,29.8540096282959,19.469999313354492,7.053325176239014,46.68170928955078,26.015878677368164,146.10330200195312,26.07536506652832,11.161479949951172,312.4599914550781,67.37901306152344,55.70655822753906,84.89100646972656,48.39996337890625,50.86650085449219,2.9297473430633545,172.0,19.657808303833008
2018-05-01,,,76.62297058105469,63.62970733642578,24.010000228881836,175.96206665039062,,182.50653076171875,19.82918357849121,177.27548217773438,4109.0302734375,388.3236999511719,77.42585754394531,58.129913330078125,123.34186553955078,73.41130828857422,221.54681396484375,169.41229248046875,208.43331909179688,152.47999572753906,301.2200012207031,195.05999755859375,42.70000076293945,92.15847778320312,,19.43000030517578,,47.84711456298828,25.83074378967285,146.28335571289062,25.900482177734375,,313.29998779296875,66.32833099365234,56.26140594482422,,48.51816940307617,51.865501403808594,,173.86000061035156,19.559207916259766
2018-05-02,16.87741470336914,409.4342041015625,77.54658508300781,63.96992111206055,23.579999923706055,181.39955139160156,156.34002685546875,180.53765869140625,19.921842575073242,177.23233032226562,4126.95703125,389.2966613769531,76.51094055175781,57.844058990478516,124.59263610839844,72.42355346679688,218.37582397460938,169.47177124023438,206.57371520996094,149.47000122070312,296.1400146484375,193.1699981689453,45.45000076293945,93.6337890625,29.994361877441406,19.760000228881836,7.16363000869751,47.48997497558594,26.43023109436035,145.56314086914062,25.92809295654297,11.25046157836914,313.3599853515625,65.3943862915039,56.05580139160156,85.3548812866211,48.77431106567383,51.21900177001953,2.9375596046447754,176.07000732421875,19.364734649658203
2018-05-03,16.817365646362305,408.0020446777344,76.50289916992188,63.70132827758789,22.8700008392334,182.04383850097656,155.63296508789062,182.12234497070312,20.514867782592773,174.86004638671875,4089.08203125,365.46649169921875,76.9052963256836,57.88871383666992,125.60600280761719,72.11544036865234,219.021240234375,168.1829376220703,206.0593719482422,149.63999938964844,292.4100036621094,195.77999877929688,41.70000076293945,91.81360626220703,30.16773796081543,19.459999084472656,7.245970249176025,47.659141540527344,26.20983123779297,144.42880249023438,25.532316207885742,11.153742790222168,311.69000244140625,66.21906280517578,57.71040725708008,87.2104263305664,48.19307327270508,51.18600082397461,2.890684127807617,174.02000427246094,19.50168800354004
2018-05-04,16.410741806030273,407.3280029296875,77.79596710205078,63.61182403564453,23.15999984741211,183.69363403320312,156.52857971191406,184.561767578125,21.311738967895508,177.36175537109375,4120.48583984375,370.74481201171875,78.80604553222656,58.29072189331055,126.76545715332031,73.4747543334961,220.65817260742188,169.82867431640625,207.79037475585938,149.38999938964844,291.25,212.1999969482422,42.20000076293945,93.45177459716797,30.192506790161133,19.8700008392334,7.351614475250244,49.39784240722656,26.615367889404297,146.52642822265625,26.066160202026367,11.196300506591797,320.0899963378906,67.85030364990234,59.21392059326172,88.13819122314453,48.87282943725586,52.410499572753906,2.9063093662261963,176.61000061035156,19.98101234436035
2018-05-07,16.385007858276367,402.69451904296875,77.4449691772461,62.071876525878906,23.389999389648438,184.60150146484375,158.0684051513672,185.72386169433594,20.931835174560547,,,361.8222351074219,79.15306091308594,58.5051155090332,126.11726379394531,76.86392974853516,218.67515563964844,169.6403045654297,206.71221923828125,149.5,288.5400085449219,207.52999877929688,44.349998474121094,93.51884460449219,30.613569259643555,20.010000228881836,7.368704795837402,49.42604446411133,,147.14761352539062,25.891277313232422,11.277543067932129,326.260009765625,67.69623565673828,61.596736907958984,89.52985382080078,48.1832275390625,52.739498138427734,2.8125574588775635,177.97000122070312,19.855018615722656
2018-05-08,16.71957015991211,409.0129699707031,77.81444549560547,62.15245056152344,23.049999237060547,185.9974822998047,157.16494750976562,187.116455078125,21.00596809387207,178.48318481445312,4140.47021484375,356.479736328125,79.08207702636719,58.237125396728516,125.08557891845703,75.39588165283203,217.03822326660156,168.5398406982422,205.81210327148438,148.27000427246094,285.8599853515625,204.9600067138672,45.29999923706055,93.30806732177734,28.59082794189453,20.079999923706055,7.395117282867432,50.23429489135742,26.99445152282715,147.20159912109375,25.366640090942383,11.223381042480469,326.8900146484375,67.80497741699219,62.022789001464844,89.52985382080078,49.22747802734375,52.695499420166016,2.898496389389038,178.9199981689453,19.72354507446289
2018-05-09,16.621774673461914,404.88494873046875,77.97144317626953,62.60906219482422,22.280000686645508,186.09510803222656,156.49716186523438,189.59432983398438,21.200550079345703,181.97694396972656,4189.00244140625,356.32366943359375,79.58683776855469,58.2639274597168,125.94380187988281,76.17521667480469,214.4004364013672,170.3838653564453,206.42535400390625,149.07000732421875,284.6000061035156,206.6199951171875,46.650001525878906,95.913818359375,28.227556228637695,19.549999237060547,7.392007827758789,50.87339782714844,27.32946014404297,148.4439697265625,24.786779403686523,11.111185073852539,330.29998779296875,68.56623840332031,63.35537338256836,89.99373626708984,49.838260650634766,54.13800048828125,2.898496389389038,182.66000366210938,19.918014526367188
2018-05-10,16.635498046875,411.2033996582031,78.57178497314453,62.88661193847656,23.81999969482422,188.45753479003906,157.31564331054688,192.68685913085938,20.85770606994629,184.4355010986328,4254.6630859375,365.95306396484375,79.83134460449219,58.59446334838867,127.71495056152344,77.64327239990234,218.60964965820312,172.5054931640625,211.4997100830078,151.00999450683594,288.8999938964844,209.10000610351562,47.0,97.20708465576172,28.120227813720703,19.34000015258789,7.600550651550293,52.18916702270508,27.258930206298828,149.0741729736328,25.05369758605957,11.060892105102539,329.6000061035156,69.28215026855469,64.43284606933594,89.06596374511719,51.9267578125,54.878501892089844,2.960998058319092,185.52999877929688,20.457597732543945
2018-05-11,16.836238861083984,415.9211120605469,80.7699966430664,62.895545959472656,24.030000686645508,188.75042724609375,156.693603515625,192.07217407226562,20.568281173706055,184.99623107910156,4216.59912109375,368.9179992675781,78.93220520019531,58.36219024658203,126.77459716796875,77.53451538085938,222.88441467285156,174.42881774902344,214.20005798339844,155.97000122070312,306.94000244140625,211.3800048828125,47.849998474121094,97.50407409667969,28.466983795166016,18.639999389648438,7.714028835296631,51.540679931640625,27.073793411254883,149.70436096191406,25.550724029541016,11.03381061553955,326.4599914550781,69.30028533935547,63.045753479003906,89.99373626708984,51.63121795654297,54.91299819946289,2.976623296737671,186.99000549316406,20.35625457763672
2018-05-14,16.93231964111328,419.3349609375,79.96644592285156,65.26812744140625,23.829999923706055,187.5496826171875,155.760498046875,191.1885986328125,20.306854248046875,182.79647827148438,4203.27587890625,365.30133056640625,78.04888916015625,58.25498580932617,126.25418090820312,78.09636688232422,227.20590209960938,175.61851501464844,215.05072021484375,157.4600067138672,309.5400085449219,210.8800048828125,48.5,97.50407409667969,28.39267921447754,18.440000534057617,7.674270153045654,51.935401916503906,26.72115707397461,150.1274871826172,24.998472213745117,11.053154945373535,328.5299987792969,69.39998626708984,63.25135040283203,89.52985382080078,51.57210159301758,55.0099983215332,3.0234992504119873,186.63999938964844,20.17548179626465
2018-05-15,16.999229431152344,426.74139404296875,79.14442443847656,65.99052429199219,22.959999084472656,187.4324951171875,157.6103057861328,190.5355224609375,20.166805267333984,182.53768920898438,4258.47021484375,356.4613037109375,76.09290313720703,57.37057876586914,124.80255889892578,76.45613098144531,224.025634765625,174.31976318359375,206.81112670898438,155.5399932861328,300.45001220703125,208.9199981689453,49.04999923706055,96.8143081665039,28.120227813720703,18.75,7.708230018615723,50.83579635620117,26.818134307861328,149.5153045654297,25.16414451599121,10.971908569335938,326.1300048828125,69.53591918945312,60.823936462402344,89.06596374511719,49.6116828918457,53.96149826049805,3.0234992504119873,184.32000732421875,20.24669647216797
2018-05-16,16.988937377929688,436.8910827636719,78.9781723022461,67.93196868896484,23.690000534057617,187.803466796875,155.3512725830078,190.33383178710938,20.83903694152832,179.86346435546875,4248.95361328125,354.11138916015625,75.02031707763672,56.63804244995117,124.59263610839844,77.52546691894531,226.10215759277344,175.350830078125,208.3838653564453,156.16000366210938,303.2099914550781,199.4199981689453,49.45000076293945,98.5961685180664,28.384424209594727,19.299999237060547,7.665987968444824,51.8508186340332,27.197216033935547,149.92938232421875,25.587539672851562,10.995121955871582,328.19000244140625,70.07964324951172,60.93539810180664,89.52985382080078,53.00056457519531,54.0885009765625,3.015686511993408,183.1999969482422,20.32886505126953
2018-05-17,16.68010711669922,436.7081604003906,78.94123840332031,68.47373962402344,23.020000457763672,186.65155029296875,156.74270629882812,189.8344268798828,21.203157424926758,180.29476928710938,4280.35693359375,350.5956115722656,74.5865478515625,56.53083038330078,124.93950653076172,77.12671661376953,227.26202392578125,174.78573608398438,208.72018432617188,156.33999633789062,308.0,195.58999633789062,48.70000076293945,98.76860046386719,28.301862716674805,19.290000915527344,7.7686967849731445,50.713619232177734,27.629199981689453,150.13648986816406,25.680011749267578,10.964171409606934,325.2200012207031,70.38777160644531,61.35648727416992,88.60208129882812,51.975860595703125,53.929500579833984,2.976623296737671,183.75999450683594,20.35625457763672
2018-05-18,16.6955509185791,437.80535888671875,79.7447738647461,68.57308197021484,22.56999969482422,185.87059020996094,156.51353454589844,190.08412170410156,20.91373062133789,179.00079345703125,4308.9052734375,354.2030944824219,74.34991455078125,56.49510192871094,125.12210845947266,76.70079803466797,228.8334503173828,174.69650268554688,212.60755920410156,157.24000549316406,301.80999755859375,200.75999450683594,49.349998474121094,98.50994873046875,28.12848663330078,19.229999542236328,7.7902326583862305,46.53133773803711,28.087629318237305,151.45985412597656,26.308837890625,10.919568061828613,324.17999267578125,71.22151184082031,60.918052673339844,88.27596282958984,51.55136489868164,53.31800079345703,2.9453725814819336,182.67999267578125,21.58606719970703
2018-05-21,16.899721145629883,444.48040771484375,80.71458435058594,69.4128646850586,22.6299991607666,186.65155029296875,156.51353454589844,192.67721557617188,21.147138595581055,180.20849609375,4323.1796875,356.8560485839844,75.16229248046875,57.01323318481445,125.42343139648438,77.31702423095703,231.8828125,176.15386962890625,214.37808227539062,156.22000122070312,296.6000061035156,201.19000244140625,49.900001525878906,99.49666595458984,28.12848663330078,19.3700008392334,7.7902326583862305,46.99186325073242,28.2903995513916,152.54017639160156,26.37356948852539,10.919568061828613,331.82000732421875,72.39962768554688,60.49697494506836,88.27596282958984,51.975860595703125,53.979000091552734,3.007874011993408,184.49000549316406,22.040740966796875
2018-05-22,17.059280395507812,444.66326904296875,79.1998519897461,68.14866638183594,23.15999984741211,187.06155395507812,157.348388671875,192.11061096191406,21.072444915771484,182.1063232421875,4322.22900390625,353.827392578125,75.0281982421875,56.96857452392578,125.21341705322266,76.99987030029297,229.33860778808594,175.15255737304688,215.495849609375,156.27999877929688,294.67999267578125,199.99000549316406,49.599998474121094,99.06560516357422,28.326631546020508,19.1299991607666,7.805971145629883,47.22682571411133,28.246318817138672,150.9827117919922,26.475292205810547,11.000664710998535,331.6199951171875,71.73807525634766,60.11552810668945,91.5804214477539,51.472389221191406,53.48649978637695,,183.8000030517578,22.122913360595703
2018-05-23,16.91001319885254,438.9027099609375,87.45695495605469,64.26581573486328,22.56999969482422,188.39894104003906,154.90927124023438,192.98460388183594,20.81102752685547,180.1222381591797,4252.76025390625,354.96319580078125,75.89575958251953,57.86191177368164,124.92125701904297,77.26265716552734,228.47801208496094,174.06199645996094,214.17039489746094,156.97999572753906,295.30999755859375,204.16000366210938,49.849998474121094,99.16139221191406,27.979873657226562,19.040000915527344,7.6982903480529785,47.500465393066406,27.655649185180664,150.33450317382812,26.72496795654297,10.992555618286133,344.7200012207031,71.59307861328125,61.35228729248047,90.16422271728516,51.86726760864258,53.984500885009766,2.99224853515625,186.89999389648438,22.42967987060547
2018-05-24,16.930601119995117,445.394775390625,89.11944580078125,64.0581283569336,22.479999542236328,187.34463500976562,153.3541259765625,191.908935546875,21.007089614868164,177.10296630859375,4271.79248046875,357.345458984375,75.49353790283203,57.602848052978516,123.70699310302734,78.83038330078125,227.04690551757812,173.89346313476562,213.6263427734375,156.97000122070312,294.6099853515625,202.3699951171875,50.599998474121094,99.24761199951172,27.63312339782715,18.940000534057617,7.652734279632568,47.90620803833008,27.585121154785156,149.52426147460938,26.928417205810547,10.822253227233887,349.2900085449219,71.51152038574219,61.389469146728516,91.10835266113281,51.166358947753906,53.96200180053711,3.0547497272491455,185.92999267578125,22.643320083618164
2018-05-25,17.07300567626953,445.7605285644531,89.30419158935547,64.30193328857422,22.34000015258789,186.62222290039062,153.07583618164062,192.91026306152344,20.969745635986328,177.8793487548828,4324.13134765625,358.3150329589844,75.60395812988281,57.540321350097656,124.46480560302734,78.20511627197266,229.12344360351562,180.57557678222656,211.33151245117188,157.5,293.739990234375,203.6999969482422,50.70000076293945,99.33382415771484,27.608348846435547,18.93000030517578,7.579843044281006,47.981693267822266,27.49696159362793,148.54299926757812,26.863677978515625,10.822253227233887,351.2900085449219,70.9315185546875,61.783538818359375,91.10835266113281,51.2255859375,53.78300094604492,3.2656917572021484,184.9199981689453,22.46528434753418
2018-05-28,16.8825626373291,447.3149719238281,,,,,152.20822143554688,,,,,,,,,,,,,,,,,,27.715681076049805,,7.602207660675049,,27.073793411254883,,,10.773595809936523,,,,91.5804214477539,,,3.2735044956207275,,
2018-05-29,16.88084602355957,445.48626708984375,88.46369171142578,64.74439239501953,21.899999618530273,185.02127075195312,147.2480926513672,189.8677520751953,20.45623779296875,171.461181640625,4263.22802734375,365.74822998046875,75.41468048095703,57.45097732543945,124.1361083984375,77.38044738769531,226.5230255126953,178.56300354003906,206.70230102539062,155.24000549316406,296.5,205.25,50.79999923706055,98.94105529785156,27.261594772338867,18.899999618530273,7.487900733947754,49.085697174072266,26.835765838623047,145.6621856689453,27.011638641357422,10.696554183959961,349.7300109863281,69.7262191772461,61.61252975463867,90.63627624511719,50.29762649536133,53.01599884033203,3.234441041946411,185.74000549316406,22.062652587890625
2018-05-30,16.95633888244629,445.94342041015625,89.97840881347656,66.34269714355469,21.399999618530273,187.19822692871094,148.06661987304688,192.10147094726562,20.680315017700195,171.823486328125,4232.77685546875,370.54046630859375,76.70023345947266,57.88871383666992,125.83424377441406,77.83354187011719,229.11410522460938,181.5074920654297,208.6608123779297,156.63999938964844,300.8900146484375,209.0800018310547,51.20000076293945,100.49297332763672,27.58358383178711,19.110000610351562,7.576530933380127,48.67995071411133,26.871028900146484,146.7694854736328,27.557231903076172,10.838472366333008,353.5400085449219,70.60526275634766,62.70307159423828,90.63627624511719,50.21864318847656,53.38999938964844,3.211003065109253,187.6699981689453,22.196863174438477
2018-05-31,16.86025619506836,447.7721862792969,87.75251007080078,65.81896209716797,21.09000015258789,185.59722900390625,144.38336181640625,190.15658569335938,20.755008697509766,170.14996337890625,4260.373046875,366.4407043457031,76.9131851196289,57.48670959472656,126.32723999023438,78.22322845458984,225.9056854248047,179.03887939453125,206.00994873046875,154.0,300.32000732421875,208.2100067138672,50.900001525878906,99.1376953125,26.824024200439453,19.25,7.502810001373291,47.9156494140625,27.858415603637695,145.31109619140625,26.983901977539062,10.728992462158203,351.6000061035156,69.39998626708984,62.50477981567383,91.10835266113281,50.41609191894531,54.2495002746582,3.250066041946411,191.77999877929688,22.09278106689453
2018-06-01,16.889427185058594,449.6923828125,88.5098876953125,65.7376937866211,20.950000762939453,190.7223358154297,147.21536254882812,192.8717498779297,20.979082107543945,174.169921875,4267.03466796875,368.6198425292969,77.28385925292969,58.1656494140625,126.46421813964844,79.59159851074219,227.62686157226562,180.85316467285156,209.53126525878906,152.0500030517578,306.8800048828125,215.36000061035156,50.79999923706055,100.27190399169922,27.31938934326172,19.690000534057617,7.472163200378418,49.293296813964844,28.008289337158203,147.2286376953125,27.575733184814453,10.728992462158203,359.92999267578125,69.6899642944336,63.85060501098633,92.5245361328125,51.65007781982422,55.974998474121094,3.250066041946411,193.99000549316406,23.24042320251465
2018-06-04,16.995800018310547,453.9899597167969,90.13542938232422,68.94329833984375,21.09000015258789,193.02621459960938,148.6722869873047,193.95970153808594,21.025766372680664,176.45596313476562,4286.06689453125,370.21722412109375,77.52046966552734,59.18406295776367,127.8701400756836,79.3106689453125,228.8241729736328,181.47775268554688,211.84585571289062,149.64999389648438,312.0899963378906,218.80999755859375,51.900001525878906,100.26229095458984,27.509281158447266,19.93000030517578,7.497012138366699,49.34047317504883,,147.21961975097656,27.90863609313965,10.80197811126709,361.80999755859375,69.75341033935547,65.64252471923828,92.5245361328125,52.5977897644043,56.964500427246094,3.2735044956207275,193.27999877929688,23.289722442626953
2018-06-05,17.009523391723633,457.73895263671875,90.05229949951172,70.88473510742188,21.739999771118164,194.617431640625,147.18263244628906,195.79869079589844,20.96040916442871,170.63304138183594,4297.486328125,365.2588195800781,77.55200958251953,58.996463775634766,126.82023620605469,78.53134155273438,228.63702392578125,180.78378295898438,212.43936157226562,145.72000122070312,311.8500061035156,217.4499969482422,53.79999923706055,100.20462036132812,27.112985610961914,19.989999771118164,7.414181232452393,49.92549133300781,28.14052391052246,148.42599487304688,28.038101196289062,10.850637435913086,365.79998779296875,72.00089263916016,65.69706726074219,91.5804214477539,53.1506233215332,56.983001708984375,3.3047547340393066,192.94000244140625,23.733442306518555
2018-06-06,17.157073974609375,456.6416931152344,90.9666748046875,70.34294128417969,22.360000610351562,198.3758544921875,146.49508666992188,198.52345275878906,21.156478881835938,173.60919189453125,4333.646484375,365.203369140625,78.12773895263672,58.907127380371094,126.93891143798828,79.05693054199219,232.58438110351562,183.02435302734375,215.9013671875,145.97000122070312,315.1300048828125,219.50999450683594,54.29999923706055,100.58909606933594,27.20380401611328,20.010000228881836,7.390160083770752,49.566932678222656,28.40500831604004,151.0006866455078,27.714445114135742,10.923623085021973,367.45001220703125,72.75306701660156,65.7168960571289,92.99661254882812,53.96998977661133,56.84400177001953,3.2813172340393066,191.33999633789062,23.925172805786133
2018-06-07,17.109033584594727,437.7140197753906,91.68709564208984,70.74929809570312,22.770000457763672,194.79312133789062,145.8239288330078,197.67617797851562,20.988420486450195,173.52291870117188,4284.1630859375,366.9670104980469,77.88329315185547,58.924991607666016,126.15376281738281,78.504150390625,232.89306640625,182.37994384765625,214.1110382080078,145.75,308.7200012207031,218.0399932861328,53.0,101.23308563232422,26.865304946899414,20.049999237060547,7.3470892906188965,48.35913848876953,28.431447982788086,150.99171447753906,27.7051944732666,10.903349876403809,361.3999938964844,72.80742645263672,65.15922546386719,92.99661254882812,53.259212493896484,56.19300079345703,3.2656917572021484,188.17999267578125,24.11964225769043
2018-06-08,17.09016227722168,462.1278991699219,92.56452178955078,70.45128631591797,23.020000457763672,195.28121948242188,146.24952697753906,198.7930908203125,21.45524024963379,171.66822814941406,4286.06689453125,372.442626953125,77.72552490234375,58.91606521606445,126.51896667480469,79.0025405883789,234.4832305908203,185.3541717529297,214.66497802734375,150.5500030517578,308.1000061035156,219.72000122070312,53.599998474121094,101.30038452148438,25.849803924560547,19.899999618530273,7.3470892906188965,48.2647705078125,28.30803108215332,151.70291137695312,27.816164016723633,10.793869972229004,360.57000732421875,72.81649780273438,65.00556182861328,92.5245361328125,52.913692474365234,56.04349899291992,3.2422540187835693,189.10000610351562,24.19359588623047
2018-06-11,17.091873168945312,463.5909423828125,92.82313537597656,71.39041137695312,23.889999389648438,193.7681121826172,148.05023193359375,199.70777893066406,21.71666717529297,172.5308837890625,4323.1796875,373.2552185058594,76.92108917236328,58.4962043762207,127.48670959472656,78.4678955078125,237.38294982910156,187.32708740234375,214.98146057128906,148.6300048828125,311.95001220703125,221.07000732421875,54.70000076293945,102.30964660644531,24.991172790527344,19.719999313354492,7.3719377517700195,47.07584762573242,28.634220123291016,151.63995361328125,27.714445114135742,11.077706336975098,361.45001220703125,73.23336791992188,64.59413146972656,95.35692596435547,52.92356491088867,56.4995002746582,3.234441041946411,191.5399932861328,24.004606246948242
2018-06-12,17.221416473388672,459.75054931640625,92.82313537597656,71.3994369506836,24.020000457763672,195.36911010742188,148.8032684326172,199.775146484375,21.69799041748047,171.51295471191406,4282.26025390625,374.2709045410156,76.85796356201172,58.522987365722656,128.85610961914062,78.55851745605469,237.1958465576172,187.3568115234375,215.5848388671875,150.99000549316406,309.5299987792969,222.33999633789062,56.70000076293945,102.1846923828125,24.40498924255371,19.309999465942383,7.523519039154053,47.99114227294922,28.431447982788086,151.24383544921875,28.102832794189453,11.166911125183105,363.8299865722656,72.87088012695312,65.07991790771484,96.3010482788086,52.61753463745117,56.965999603271484,3.3125672340393066,192.39999389648438,23.749876022338867
2018-06-13,17.320068359375,462.1278991699219,91.86258697509766,70.45128631591797,24.40999984741211,194.66619873046875,147.3790740966797,199.6403350830078,22.06212043762207,170.7020721435547,4295.58349609375,362.5993957519531,75.54873657226562,57.803043365478516,124.58345031738281,77.78825378417969,236.53173828125,186.1373748779297,214.00225830078125,151.94000244140625,308.2799987792969,222.5800018310547,59.04999923706055,101.57913970947266,24.40498924255371,18.940000534057617,7.438202381134033,48.1043586730957,28.149341583251953,149.52426147460938,25.957439422607422,11.000664710998535,379.92999267578125,72.54460906982422,65.03532409667969,96.3010482788086,52.06470489501953,56.739498138427734,3.2969422340393066,192.41000366210938,24.078556060791016
2018-06-14,17.53023910522461,470.54022216796875,91.58551025390625,69.7289047241211,25.5,194.56858825683594,150.22744750976562,199.5825653076172,22.183488845825195,173.04849243164062,4272.744140625,366.3392028808594,77.1655502319336,57.974029541015625,126.30897521972656,78.44977569580078,238.83277893066406,186.26626586914062,214.36851501464844,154.99000549316406,315.6700134277344,226.0800018310547,60.599998474121094,101.89632415771484,25.098501205444336,18.760000228881836,7.678411960601807,46.88712692260742,28.75764274597168,149.19119262695312,26.105390548706055,11.25611686706543,392.8699951171875,71.8468246459961,66.1530990600586,98.1893081665039,52.222660064697266,57.60599899291992,3.3125672340393066,196.80999755859375,24.078556060791016
2018-06-15,17.671789169311523,468.162841796875,91.60397338867188,69.75599670410156,27.170000076293945,194.78335571289062,147.77194213867188,200.92088317871094,22.32353973388672,167.82078552246094,4196.615234375,368.204345703125,78.33284759521484,57.55105972290039,126.50069427490234,78.64010620117188,240.2877655029297,187.7831268310547,213.62606811523438,155.02000427246094,315.29998779296875,227.89999389648438,60.849998474121094,102.37693786621094,25.14803695678711,18.770000457763672,7.830820083618164,46.528568267822266,28.51961326599121,147.80479431152344,25.68926429748535,11.1506929397583,391.9800109863281,71.81962585449219,65.7441635131836,98.1893081665039,51.72905731201172,57.612998962402344,3.3828816413879395,195.85000610351562,24.21002769470215
2018-06-18,17.50450325012207,465.23687744140625,91.05904388427734,69.63862609863281,27.209999084472656,196.34532165527344,146.31500244140625,199.88107299804688,22.37021827697754,168.18310546875,4182.34033203125,370.9097595214844,78.70349884033203,57.74905014038086,126.90470123291016,78.15979766845703,239.2457733154297,184.3131866455078,210.67608642578125,151.69000244140625,315.6099853515625,226.25,62.150001525878906,101.83866119384766,24.974660873413086,18.56999969482422,7.68752384185791,45.59440231323242,27.999469757080078,147.04859924316406,25.98518180847168,11.065542221069336,390.3999938964844,71.801513671875,65.70201873779297,97.24518585205078,50.94917297363281,58.67300033569336,,198.30999755859375,24.533233642578125
2018-06-19,17.405853271484375,451.4296875,90.6618881225586,69.1419677734375,27.549999237060547,194.93955993652344,144.43247985839844,199.53443908691406,22.57562255859375,166.49229431152344,4158.5498046875,370.9744567871094,78.37225341796875,57.155086517333984,127.68498992919922,78.48603820800781,237.50924682617188,185.70115661621094,207.81517028808594,154.5,327.07000732421875,225.3800048828125,60.45000076293945,101.42532348632812,24.561857223510742,18.540000915527344,7.655218601226807,45.81143569946289,27.664464950561523,143.6365509033203,25.633777618408203,10.931731224060059,404.9800109863281,70.87713623046875,64.48260498046875,94.41279602050781,50.169288635253906,58.40299987792969,3.2656917572021484,197.49000549316406,24.377107620239258
2018-06-20,17.513086318969727,440.18280029296875,90.92049407958984,68.07643127441406,28.209999084472656,196.74554443359375,144.28514099121094,198.6389923095703,22.668989181518555,167.09616088867188,4235.630859375,379.24786376953125,79.3975601196289,57.69505310058594,129.02540588378906,78.0510482788086,237.31207275390625,185.56236267089844,206.69656372070312,157.6300048828125,336.92999267578125,224.97999572753906,62.349998474121094,103.60724639892578,24.735233306884766,18.5,7.6038641929626465,45.839744567871094,27.761438369750977,141.86306762695312,25.319366455078125,10.943897247314453,416.760009765625,70.63246154785156,65.01299285888672,96.3010482788086,50.159420013427734,58.492000579833984,3.3125672340393066,202.0,24.431888580322266
2018-06-21,17.641761779785156,438.9027099609375,91.49315643310547,68.7536849975586,27.940000534057617,196.00363159179688,142.25526428222656,198.9856414794922,22.939746856689453,164.0768585205078,4234.6787109375,386.8934020996094,79.02684783935547,57.55105972290039,130.0719757080078,78.20511627197266,236.44851684570312,185.96885681152344,204.45932006835938,156.57000732421875,329.0400085449219,221.91000366210938,61.45000076293945,103.39579772949219,24.206844329833984,18.350000381469727,7.563276290893555,46.22661209106445,27.294193267822266,140.86378479003906,24.8385009765625,10.830363273620605,415.44000244140625,69.20059967041016,63.72419738769531,97.24518585205078,49.290687561035156,57.882999420166016,3.2656917572021484,201.5,24.40176010131836
2018-06-22,17.538818359375,444.3889465332031,90.7173080444336,68.66338348388672,28.1200008392334,196.68699645996094,144.05596923828125,198.67750549316406,23.201169967651367,167.37222290039062,4245.14697265625,386.7640686035156,80.12316131591797,57.87503433227539,131.1186065673828,78.66726684570312,238.77642822265625,187.50552368164062,206.64707946777344,159.19000244140625,331.9700012207031,222.89999389648438,61.599998474121094,102.5979995727539,24.190330505371094,19.1200008392334,7.521861553192139,45.254703521728516,27.417617797851562,142.3131866455078,24.783018112182617,11.000664710998535,411.0899963378906,69.4090347290039,62.19744873046875,94.41279602050781,49.80402755737305,57.77399826049805,3.2891294956207275,201.74000549316406,24.316850662231445
2018-06-25,17.264307022094727,428.5701904296875,89.45197296142578,69.38574981689453,28.100000381469727,190.3415985107422,140.56915283203125,196.3667755126953,22.9117374420166,164.3011474609375,4187.09814453125,386.49639892578125,79.35020446777344,57.7220458984375,130.5034942626953,78.60383605957031,235.34083557128906,185.89942932128906,202.86553955078125,154.75999450683594,327.1099853515625,217.49000549316406,59.54999923706055,101.13697052001953,23.463796615600586,19.280000686645508,7.479618072509766,44.075218200683594,26.53601837158203,140.22462463378906,24.533340454101562,10.826308250427246,384.4800109863281,68.81997680664062,59.26539993286133,94.41279602050781,48.165279388427734,56.240501403808594,3.2891294956207275,196.35000610351562,23.544450759887695
2018-06-26,17.229991912841797,434.6051025390625,89.71056365966797,68.92524719238281,27.940000534057617,191.78643798828125,141.82962036132812,195.6061553955078,23.341211318969727,163.0934295654297,4275.599609375,396.1271057128906,78.9953384399414,57.614051818847656,131.43991088867188,78.71257019042969,234.45848083496094,181.6562042236328,203.09324645996094,151.5,327.2300109863281,217.33999633789062,59.650001525878906,101.25231170654297,23.323442459106445,19.479999542236328,7.642794609069824,44.03748321533203,27.003267288208008,140.3146514892578,25.004955291748047,10.720884323120117,399.3900146484375,68.4302749633789,59.97673034667969,92.5245361328125,48.33310317993164,55.92300033569336,3.218815565109253,199.0,23.681400299072266
2018-06-27,17.440168380737305,443.474609375,88.95319366455078,69.4128646850586,28.190000534057617,188.5844268798828,141.09300231933594,194.32554626464844,23.191831588745117,162.17904663085938,4243.24365234375,392.9600524902344,79.02684783935547,57.96503829956055,131.6051483154297,77.4710922241211,232.95654296875,177.84918212890625,201.3311767578125,147.5,336.6099853515625,212.74000549316406,55.70000076293945,100.13734436035156,23.17483139038086,19.15999984741211,7.608833312988281,42.69757080078125,27.399982452392578,139.68446350097656,24.930971145629883,10.785759925842285,390.3900146484375,68.20374298095703,58.42272186279297,95.35692596435547,47.21757507324219,55.19900131225586,3.1719396114349365,195.83999633789062,23.00760841369629
2018-06-28,17.40156364440918,435.7938232421875,88.66688537597656,68.26605987548828,28.479999542236328,192.4111785888672,141.33853149414062,196.116455078125,22.827709197998047,163.8353271484375,4200.421875,394.3265380859375,80.15042114257812,58.6309928894043,132.44061279296875,78.2322769165039,229.88699340820312,177.95823669433594,203.53868103027344,147.58999633789062,341.82000732421875,217.47000122070312,57.70000076293945,99.08963012695312,23.11703872680664,18.969999313354492,7.530144214630127,42.73532485961914,26.597734451293945,140.46768188476562,24.903234481811523,10.749266624450684,395.4200134277344,67.46060943603516,59.69666290283203,92.05247497558594,48.3232307434082,55.71099853515625,3.1641273498535156,196.22999572753906,23.35546112060547
2018-06-29,17.590293884277344,442.1944580078125,88.26973724365234,68.73562622070312,27.5,191.84498596191406,145.00540161132812,196.3090057373047,23.201169967651367,163.04168701171875,4254.6630859375,396.948974609375,79.93571472167969,59.11696243286133,132.35800170898438,77.57981872558594,230.3000030517578,177.98797607421875,205.05328369140625,169.9600067138672,344.989990234375,217.94000244140625,58.04999923706055,98.61863708496094,23.11703872680664,18.8799991607666,7.565762042999268,43.58455276489258,26.756418228149414,141.19297790527344,25.17140769958496,10.781704902648926,391.42999267578125,67.73249053955078,58.71519088745117,93.94072723388672,49.60658645629883,55.782501220703125,3.320380210876465,194.32000732421875,23.16646957397461
2018-07-02,17.38440704345703,432.04486083984375,87.62320709228516,68.4195556640625,27.420000076293945,192.96763610839844,143.33567810058594,196.72299194335938,24.209508895874023,159.93612670898438,4176.6318359375,395.3976745605469,79.80847930908203,58.064022064208984,132.81703186035156,77.96041870117188,232.30882263183594,179.2272491455078,203.4990997314453,169.61000061035156,351.1400146484375,221.27999877929688,59.400001525878906,99.18576049804688,22.902381896972656,19.34000015258789,7.655218601226807,43.10331726074219,26.447860717773438,140.9753875732422,25.476572036743164,10.785759925842285,398.17999267578125,67.90467071533203,60.03870391845703,92.99661254882812,48.964908599853516,56.37300109863281,,197.36000061035156,25.253589630126953
2018-07-03,17.397275924682617,431.49615478515625,87.79869842529297,69.19612121582031,27.360000610351562,191.6204833984375,147.41180419921875,195.19212341308594,24.909744262695312,160.24667358398438,4221.3564453125,393.5786437988281,80.53205871582031,58.5410041809082,131.31138610839844,77.91513061523438,231.83946228027344,178.36471557617188,203.80599975585938,167.72999572753906,353.8599853515625,218.82000732421875,59.849998474121094,99.83937072753906,22.86935806274414,19.479999542236328,7.827507019042969,42.27295684814453,26.624181747436523,140.53114318847656,25.66152000427246,10.931731224060059,390.5199890136719,68.37591552734375,58.7003059387207,92.05247497558594,48.83657455444336,55.144500732421875,3.2735044956207275,192.72999572753906,25.97394561767578
2018-07-04,17.611740112304688,431.5876159667969,,,,,146.6915283203125,,,160.24667358398438,4261.3251953125,,,,,,,,,,,,,,22.844589233398438,,8.009735107421875,,26.79168128967285,,,11.175020217895508,,,,93.94072723388672,,,3.226628303527832,,
2018-07-05,17.637475967407227,431.3133544921875,88.22354125976562,69.12390899658203,27.639999389648438,194.13909912109375,147.87017822265625,197.1947784423828,25.068464279174805,160.97132873535156,4243.24365234375,406.42279052734375,81.54190826416016,59.37793731689453,133.73507690429688,78.30706024169922,235.1437225341797,179.23715209960938,205.2611541748047,169.49000549316406,360.95001220703125,221.83999633789062,62.79999923706055,99.46449279785156,22.94366455078125,20.3700008392334,8.149718284606934,42.876861572265625,26.756418228149414,141.24737548828125,25.809476852416992,11.199350357055664,398.3900146484375,68.72933959960938,60.16013717651367,91.5804214477539,48.86619186401367,56.2135009765625,3.203190326690674,198.4499969482422,25.705524444580078
2018-07-06,17.779020309448242,435.70233154296875,88.79618835449219,69.34062194824219,27.8700008392334,195.01876831054688,147.166259765625,198.69680786132812,25.245861053466797,160.88502502441406,4279.4052734375,411.5474548339844,81.66912841796875,59.5759162902832,133.86361694335938,78.96334838867188,235.38775634765625,179.78244018554688,205.11270141601562,173.4499969482422,369.5899963378906,225.52999877929688,63.349998474121094,101.13697052001953,22.852848052978516,20.920000076293945,8.158829689025879,43.52793502807617,26.923927307128906,142.01803588867188,25.846466064453125,11.203404426574707,408.25,68.89247131347656,61.30024337768555,93.94072723388672,49.142601013183594,57.00849914550781,3.1719396114349365,203.22999572753906,25.565834045410156
2018-07-09,17.942012786865234,444.3889465332031,89.5535659790039,70.2165298461914,28.299999237060547,196.39698791503906,148.132080078125,201.3060302734375,25.311216354370117,162.5068359375,4282.26025390625,408.6019592285156,81.52599334716797,59.21595001220703,130.53102111816406,79.41909790039062,238.11935424804688,180.56565856933594,209.69606018066406,174.16000366210938,371.30999755859375,229.50999450683594,65.1500015258789,101.61759185791016,23.0675048828125,21.0,8.069372177124023,43.895938873291016,27.020898818969727,143.1513671875,26.17012596130371,11.243951797485352,418.9700012207031,70.50559997558594,61.77610778808594,95.35692596435547,50.29762649536133,57.70249938964844,3.2422540187835693,204.74000549316406,25.645265579223633
2018-07-10,18.160764694213867,451.5210876464844,91.44695281982422,70.70413208007812,28.399999618530273,196.97369384765625,148.85235595703125,201.96072387695312,24.536287307739258,160.86781311035156,4282.26025390625,411.7137145996094,81.11254119873047,59.24295425415039,131.7795867919922,79.65609741210938,239.87474060058594,182.91529846191406,212.00259399414062,175.11000061035156,366.2699890136719,234.10000610351562,62.20000076293945,101.69448852539062,23.406003952026367,21.18000030517578,8.05115032196045,44.1035270690918,26.95918846130371,144.75611877441406,26.022167205810547,11.25206184387207,415.6300048828125,70.96776580810547,62.76750183105469,96.3010482788086,48.59965133666992,57.641998291015625,3.279237747192383,203.5399932861328,25.84795379638672
2018-07-11,17.984907150268555,434.330810546875,91.0775146484375,70.05399322509766,27.670000076293945,199.24131774902344,146.4132537841797,201.65264892578125,24.545623779296875,161.7132110595703,4276.5498046875,409.4884033203125,80.9455337524414,58.8559684753418,131.66024780273438,79.53761291503906,238.98297119140625,182.8756561279297,207.55783081054688,175.00999450683594,365.2099914550781,234.16000366210938,62.70000076293945,101.42532348632812,23.0675048828125,21.059999465942383,8.042866706848145,42.65039825439453,26.659448623657227,142.7161865234375,25.569047927856445,11.23178768157959,418.6499938964844,68.65684509277344,61.34980773925781,94.41279602050781,47.59270477294922,57.69499969482422,3.2463631629943848,202.5399932861328,25.771257400512695
2018-07-12,18.019216537475586,446.58349609375,90.79120635986328,69.0787582397461,27.559999465942383,203.0924530029297,146.9370880126953,202.9139404296875,24.835050582885742,163.47300720214844,4296.53369140625,411.5197448730469,81.74864196777344,59.09894561767578,131.98153686523438,80.09361267089844,240.3534698486328,184.4024200439453,209.93362426757812,178.27000427246094,366.42999267578125,237.4600067138672,65.44999694824219,101.28115844726562,22.86935806274414,21.149999618530273,8.005593299865723,43.10331726074219,26.906291961669922,143.17857360839844,25.827978134155273,11.260172843933105,413.5,69.66278076171875,62.26685333251953,94.41279602050781,48.3133544921875,59.17399978637695,3.2381441593170166,206.9199981689453,26.053377151489258
2018-07-13,18.135026931762695,450.3324279785156,91.97341918945312,70.18040466308594,27.440000534057617,201.26461791992188,147.18263244628906,202.81759643554688,24.769699096679688,163.6282958984375,4301.29296875,409.4513244628906,81.87584686279297,58.97296142578125,131.49501037597656,80.5402603149414,242.841064453125,185.60203552246094,209.07237243652344,180.5,367.6400146484375,238.14999389648438,66.0999984741211,102.4153823852539,23.24913787841797,21.309999465942383,7.967491626739502,43.52793502807617,26.888656616210938,142.6436309814453,25.541303634643555,11.1506929397583,395.79998779296875,70.46934509277344,61.793460845947266,96.3010482788086,48.0961799621582,59.441001892089844,3.295675039291382,207.32000732421875,25.993118286132812
2018-07-16,18.246549606323242,448.2294006347656,92.01959991455078,69.71987915039062,27.350000381469727,199.47592163085938,147.77194213867188,203.6071319580078,24.835050582885742,163.63693237304688,4271.50732421875,406.08111572265625,81.07278442382812,58.53199005126953,130.14544677734375,79.96601867675781,241.2264862060547,184.838623046875,206.69656372070312,181.22000122070312,364.75,237.9199981689453,67.05000305175781,102.68450927734375,23.406003952026367,21.270000457763672,7.950924873352051,43.69778060913086,27.06498146057129,141.02976989746094,26.429054260253906,11.142581939697266,400.4800109863281,70.08870697021484,61.515869140625,98.1893081665039,47.819759368896484,59.19300079345703,3.295675039291382,207.22999572753906,25.960250854492188
2018-07-17,18.44814682006836,454.7214660644531,92.59224700927734,69.77404022216797,26.3799991607666,201.7142333984375,150.94772338867188,204.6855010986328,25.115144729614258,162.48959350585938,4282.26025390625,404.8530578613281,79.68126678466797,57.07408142089844,130.52183532714844,80.47643280029297,234.946533203125,183.26229858398438,208.91400146484375,182.58999633789062,365.42999267578125,239.7899932861328,68.30000305175781,104.20320892333984,23.61240577697754,21.5,8.06357479095459,44.631935119628906,26.66826057434082,141.6190948486328,26.253355026245117,11.142581939697266,379.4800109863281,70.52368927001953,62.87656021118164,97.24518585205078,47.82963562011719,59.939998626708984,3.3038933277130127,209.99000549316406,25.982162475585938
2018-07-18,18.36664581298828,460.4820861816406,93.33112335205078,69.3947982788086,26.579999923706055,203.6593475341797,151.16053771972656,206.29344177246094,25.39524269104004,162.95541381835938,4327.93701171875,401.2518310546875,80.00728607177734,56.66911697387695,129.79656982421875,80.2212142944336,239.7620849609375,184.3131866455078,209.3000946044922,181.1300048828125,365.9800109863281,239.10000610351562,69.1500015258789,102.45381164550781,23.851831436157227,21.549999237060547,8.08759593963623,45.55665969848633,27.100244522094727,141.38339233398438,25.365604400634766,11.195294380187988,375.1300048828125,71.02215576171875,62.38332748413086,98.1893081665039,47.88886260986328,59.79399871826172,3.328549385070801,209.36000061035156,26.039682388305664
2018-07-19,18.375228881835938,453.0755920410156,93.64514923095703,70.84861755371094,26.690000534057617,201.4112548828125,150.1947021484375,203.41455078125,25.264528274536133,160.0396270751953,4346.9697265625,403.6895751953125,80.83424377441406,57.146087646484375,130.06280517578125,80.59494018554688,237.4246826171875,185.38392639160156,213.9032440185547,180.1199951171875,367.739990234375,242.82000732421875,70.4000015258789,103.52075958251953,24.049976348876953,21.65999984741211,8.047836303710938,44.03748321533203,26.800500869750977,139.98715209960938,25.624530792236328,11.170966148376465,364.2300109863281,70.87713623046875,62.465118408203125,97.24518585205078,47.01026153564453,59.347999572753906,3.312112331390381,208.08999633789062,25.949295043945312
2018-07-20,18.452434539794922,445.12042236328125,92.97091674804688,70.2165298461914,26.579999923706055,202.04656982421875,148.1975555419922,204.43516540527344,25.46059799194336,161.1265869140625,4321.27685546875,400.9471435546875,78.96562957763672,56.19214630126953,128.87847900390625,80.23033142089844,237.20884704589844,185.33433532714844,214.6654815673828,177.39999389648438,367.1099853515625,248.13999938964844,68.55000305175781,103.80912017822266,23.86008644104004,21.559999465942383,7.945955753326416,44.12239456176758,26.421415328979492,139.94183349609375,24.718284606933594,11.195294380187988,361.04998779296875,70.360595703125,62.182579040527344,94.41279602050781,47.58283233642578,59.24549865722656,3.369642496109009,209.94000244140625,25.834257125854492
2018-07-23,18.456724166870117,442.46875,93.43273162841797,71.05631256103516,26.700000762939453,203.15106201171875,149.67088317871094,204.95509338378906,25.525957107543945,160.9540557861328,4316.5185546875,395.9424133300781,79.22802734375,56.30914306640625,129.3008270263672,80.78636169433594,237.24636840820312,186.65292358398438,216.279052734375,176.5399932861328,366.2099914550781,248.5500030517578,69.55000305175781,104.15514373779297,23.41425895690918,21.209999084472656,8.042038917541504,43.81101608276367,26.253910064697266,139.50662231445312,24.302152633666992,11.118252754211426,362.6600036621094,69.66278076171875,61.81576156616211,93.46867370605469,46.80295181274414,60.275001525878906,3.468266248703003,210.91000366210938,25.642526626586914
2018-07-24,18.392385482788086,448.8694152832031,92.80168914794922,71.66131591796875,26.06999969482422,204.851806640625,150.964111328125,205.19580078125,25.67533302307129,163.3349609375,4329.8408203125,395.87774658203125,79.52225494384766,56.120155334472656,129.9710235595703,81.04155731201172,238.20387268066406,182.8954620361328,219.1696014404297,174.8800048828125,372.7699890136719,248.07000732421875,63.70000076293945,103.96290588378906,23.694965362548828,21.030000686645508,7.91862154006958,43.32034683227539,26.491939544677734,140.79408264160156,24.570327758789062,11.012828826904297,357.32000732421875,70.18840026855469,61.642269134521484,93.46867370605469,47.70130157470703,62.40399932861328,3.460047483444214,214.6699981689453,25.500099182128906
2018-07-25,18.426698684692383,460.4820861816406,91.89222717285156,72.2302017211914,25.8700008392334,209.32850646972656,148.95057678222656,206.79405212402344,25.8994140625,162.17904663085938,4335.55126953125,399.4881591796875,80.35714721679688,57.38007736206055,131.228759765625,81.78900146484375,239.23643493652344,178.1168670654297,226.97024536132812,176.80999755859375,374.489990234375,251.1300048828125,66.9000015258789,113.5460205078125,23.761014938354492,21.0,7.855669975280762,43.36751937866211,26.262727737426758,142.61643981933594,24.348386764526367,11.029047966003418,362.8699951171875,71.574951171875,62.425472259521484,96.3010482788086,48.48118591308594,63.185001373291016,3.542233943939209,217.5,25.69182777404785
2018-07-26,18.456724166870117,459.75054931640625,91.4281997680664,72.11280822753906,26.25,202.69171142578125,150.7676544189453,204.12705993652344,26.002113342285156,163.1969757080078,4302.244140625,401.85211181640625,80.67520904541016,58.621986389160156,132.6701202392578,81.36058044433594,241.2452392578125,173.04083251953125,231.64271545410156,175.8699951171875,373.5899963378906,247.97999572753906,65.9000015258789,119.47660064697266,24.611392974853516,20.790000915527344,8.019674301147461,44.509281158447266,26.659448623657227,146.46971130371094,24.68129539489746,11.23178768157959,363.0899963378906,72.46305847167969,63.16157531738281,97.24518585205078,46.990516662597656,63.416500091552734,3.542233943939209,176.25999450683594,25.856168746948242
2018-07-27,18.52964210510254,424.2726135253906,90.9456558227539,72.3565902709961,26.030000686645508,198.36160278320312,152.60110473632812,196.2801055908203,25.824716567993164,164.6807098388672,4274.6474609375,409.239013671875,80.12655639648438,58.49599838256836,132.55076599121094,80.81370544433594,240.25958251953125,172.48565673828125,228.77194213867188,172.10000610351562,367.6000061035156,241.27000427246094,63.849998474121094,119.33240509033203,24.528831481933594,20.489999771118164,8.074342727661133,45.575531005859375,26.20101547241211,146.1886749267578,24.49634552001953,11.483184814453125,355.2099914550781,73.015869140625,62.462642669677734,97.24518585205078,46.417945861816406,61.92499923706055,3.550452709197998,174.88999938964844,25.656219482421875
2018-07-30,18.615427017211914,423.8154296875,92.13350677490234,73.33183288574219,26.149999618530273,193.406005859375,153.4687042236328,193.41091918945312,25.497940063476562,166.45779418945312,4192.80908203125,399.5066833496094,79.93571472167969,58.49599838256836,131.02679443359375,81.19652557373047,238.2789306640625,171.10757446289062,228.395751953125,174.4199981689453,371.510009765625,237.75999450683594,61.04999923706055,119.23629760742188,24.644418716430664,20.459999084472656,7.974117279052734,45.20752716064453,26.121673583984375,146.1796112060547,24.58881950378418,11.507513999938965,334.9599914550781,72.3724365234375,60.50712203979492,94.41279602050781,45.411006927490234,60.98699951171875,3.566890001296997,171.05999755859375,25.393278121948242
2018-07-31,18.662607192993164,416.95751953125,92.1891860961914,72.85326385498047,26.579999923706055,193.53306579589844,154.59823608398438,192.98724365234375,25.563297271728516,167.32044982910156,4184.244140625,405.619384765625,81.9872055053711,59.05396270751953,136.09451293945312,82.2447509765625,237.69696044921875,173.83395385742188,232.1673583984375,175.0500030517578,368.010009765625,244.92999267578125,59.849998474121094,119.4093246459961,24.933380126953125,21.040000915527344,8.011391639709473,45.88692092895508,25.813114166259766,148.84510803222656,24.89398765563965,11.46696662902832,337.45001220703125,75.3720932006836,60.68805694580078,94.41279602050781,45.11484909057617,60.862998962402344,3.575108051300049,172.5800018310547,25.341236114501953
2018-08-01,18.748394012451172,419.3349609375,90.90851593017578,71.29108428955078,26.219999313354492,196.66087341308594,154.40179443359375,190.37802124023438,25.5726318359375,165.37083435058594,4146.1796875,411.0211486816406,82.48814392089844,59.49492263793945,137.86639404296875,82.25386810302734,237.83778381347656,173.35809326171875,231.5536346435547,177.8699951171875,371.0299987792969,236.14999389648438,61.849998474121094,119.74574279785156,24.793025970458984,21.010000228881836,7.8606390953063965,45.2641487121582,25.125469207763672,146.91397094726562,24.47784996032715,11.491293907165527,338.3800048828125,74.64710998535156,61.08708953857422,94.41279602050781,44.868045806884766,61.0004997253418,3.632639169692993,171.64999389648438,25.39601707458496
2018-08-02,18.786996841430664,416.4089050292969,90.42596435546875,72.92550659179688,26.559999465942383,197.45262145996094,152.4046630859375,189.9447479248047,25.32988739013672,160.91954040527344,4279.4052734375,413.5696716308594,82.03488159179688,59.260948181152344,136.0669708251953,81.9348373413086,240.38162231445312,174.97410583496094,230.82102966308594,177.88999938964844,397.0,240.8000030517578,65.25,120.41856384277344,24.4215030670166,21.170000076293945,7.835790157318115,45.3962516784668,24.896251678466797,145.0553436279297,25.134418487548828,11.406143188476562,344.5,73.55961608886719,62.11565399169922,93.46867370605469,43.80187225341797,61.307498931884766,3.542233943939209,176.3699951171875,25.483665466308594
2018-08-03,18.563955307006836,420.1578674316406,90.6022720336914,73.54855346679688,27.059999465942383,196.66087341308594,153.4523468017578,190.7150115966797,25.32048988342285,162.7828826904297,4271.79248046875,420.5318908691406,83.00495147705078,60.1248893737793,138.6192169189453,82.47262573242188,241.4517364501953,177.37330627441406,230.96957397460938,174.5399932861328,394.8800048828125,242.63999938964844,62.5,125.10919952392578,24.4215030670166,20.469999313354492,7.904539585113525,46.08507537841797,25.195999145507812,145.02813720703125,25.633777618408203,11.527787208557129,343.0899963378906,73.92211151123047,62.48248291015625,93.94072723388672,44.660736083984375,61.18550109863281,3.509359359741211,177.77999877929688,25.497360229492188
2018-08-06,18.636873245239258,418.5120544433594,90.71363830566406,73.69303131103516,26.920000076293945,196.99319458007812,154.04165649414062,191.14828491210938,25.029233932495117,162.66212463378906,4251.80859375,418.1681213378906,83.89551544189453,59.82790756225586,138.5457763671875,82.57288360595703,241.01995849609375,177.80955505371094,232.72171020507812,174.91000366210938,390.04998779296875,242.91000366210938,66.0,123.81158447265625,24.371963500976562,20.790000915527344,7.974946022033691,46.688968658447266,25.284156799316406,145.934814453125,25.66152000427246,11.556171417236328,350.9200134277344,73.5777359008789,62.9608268737793,93.46867370605469,44.562015533447266,61.23849868774414,3.460047483444214,185.69000244140625,25.593225479125977
2018-08-07,18.00634765625,426.74139404296875,91.66949462890625,74.26190185546875,25.549999237060547,198.048828125,154.76194763183594,194.71070861816406,24.78495216369629,163.35223388671875,4319.373046875,413.578857421875,84.14202117919922,59.08995819091797,137.73788452148438,82.80987548828125,241.85536193847656,178.57290649414062,233.1276092529297,177.50999450683594,391.4200134277344,245.52000427246094,66.69999694824219,124.4171371459961,25.362695693969727,23.239999771118164,8.010562896728516,46.83051681518555,25.407577514648438,145.89849853515625,26.614002227783203,11.572391510009766,351.8299865722656,74.8374252319336,63.68453598022461,93.46867370605469,45.24318313598633,62.111000061035156,3.542233943939209,183.80999755859375,25.664440155029297
2018-08-08,17.718969345092773,424.72979736328125,91.7530288696289,74.3973617553711,25.649999618530273,198.28346252441406,154.6964569091797,193.86343383789062,24.559463500976562,166.59580993652344,4291.7763671875,413.2095031738281,83.5933609008789,59.12594985961914,137.08604431152344,82.7734146118164,242.9442901611328,178.285400390625,232.2168731689453,175.3000030517578,374.2699890136719,246.22000122070312,69.3499984741211,123.3309555053711,25.701194763183594,23.389999389648438,7.826679229736328,47.34949493408203,25.478107452392578,145.6536865234375,26.466045379638672,11.56833553314209,347.6099853515625,74.23023223876953,64.04886627197266,93.94072723388672,45.81575393676758,62.28049850463867,3.583327531814575,185.17999267578125,25.787694931030273
2018-08-09,17.967748641967773,432.41058349609375,92.74600982666016,74.60505676269531,26.100000381469727,199.00677490234375,154.94200134277344,193.47830200195312,24.653419494628906,167.36489868164062,4284.1630859375,410.8918762207031,83.37074279785156,58.8289794921875,138.233642578125,83.14713287353516,245.55384826660156,178.39447021484375,230.89035034179688,175.0500030517578,372.1400146484375,244.6300048828125,69.0,123.2252426147461,25.882829666137695,22.6200008392334,7.819222927093506,46.387020111083984,24.922704696655273,145.49957275390625,26.355077743530273,11.604829788208008,349.3599853515625,74.04899597167969,63.563087463378906,93.94072723388672,46.941162109375,62.45500183105469,3.607983350753784,183.08999633789062,25.94655418395996
2018-08-10,17.736127853393555,424.8212585449219,91.23332977294922,74.68633270263672,25.989999771118164,198.0781707763672,152.0936279296875,193.83456420898438,24.17425537109375,163.99139404296875,4264.1796875,403.7357177734375,82.54378509521484,58.10901641845703,136.95748901367188,82.58198547363281,244.3992462158203,178.04747009277344,229.0886993408203,174.82000732421875,368.7799987792969,243.52000427246094,71.8499984741211,123.19641876220703,25.214086532592773,22.3799991607666,7.651905536651611,45.415122985839844,24.86098861694336,143.13323974609375,26.51228141784668,11.27233600616455,345.8699951171875,72.99774169921875,63.14918899536133,92.99661254882812,46.44755935668945,61.88050079345703,3.607983350753784,180.25999450683594,25.89177703857422
2018-08-13,17.748998641967773,426.3756408691406,90.10115051269531,74.09937286376953,25.889999389648438,197.74581909179688,152.91213989257812,193.07391357421875,23.676300048828125,161.24713134765625,4272.744140625,407.0322265625,82.0905532836914,57.9830322265625,136.80142211914062,82.70962524414062,244.91555786132812,178.22593688964844,228.37594604492188,175.0500030517578,366.45001220703125,240.57000732421875,69.5,123.65779876708984,25.428743362426758,22.190000534057617,7.6461076736450195,45.52835464477539,24.86098861694336,147.27664184570312,26.604755401611328,11.373705863952637,341.30999755859375,72.60807037353516,63.47880935668945,93.46867370605469,45.16421127319336,61.7504997253418,3.665513515472412,180.0500030517578,25.74660873413086
2018-08-14,17.84335708618164,424.45550537109375,91.31684875488281,75.24609375,26.420000076293945,199.2803955078125,151.7662353515625,195.51947021484375,23.90179443359375,160.7751922607422,4223.25927734375,400.762451171875,82.13031005859375,57.641056060791016,136.8932342529297,82.99217987060547,247.3280029296875,179.03887939453125,229.2767791748047,175.92999267578125,366.2300109863281,243.3699951171875,71.69999694824219,124.96502685546875,25.40397834777832,22.31999969482422,7.79768705368042,45.651023864746094,24.96678352355957,148.99020385742188,27.04863166809082,11.499403953552246,337.489990234375,72.62619018554688,64.7948989868164,94.41279602050781,43.63405227661133,62.10499954223633,3.6901698112487793,181.11000061035156,25.982162475585938
2018-08-15,17.779020309448242,412.84283447265625,89.8598861694336,73.43501281738281,26.059999465942383,195.72251892089844,150.8331298828125,194.21966552734375,23.58234405517578,157.1394805908203,4178.5341796875,402.9693603515625,82.47222900390625,58.05502700805664,137.28799438476562,82.93746948242188,244.63392639160156,177.6707305908203,226.69309997558594,173.0,361.8699951171875,241.57000732421875,70.75,124.59976196289062,24.88384246826172,22.049999237060547,7.71320104598999,44.83009719848633,24.53479766845703,148.8813934326172,26.983901977539062,11.27233600616455,326.3999938964844,72.16400909423828,64.21244812011719,93.94072723388672,40.721824645996094,60.71900177001953,3.657294511795044,179.52999877929688,25.932861328125
2018-08-16,17.980615615844727,414.21441650390625,90.64868927001953,74.6909408569336,26.389999389648438,199.00677490234375,152.24095153808594,195.1536102294922,23.836023330688477,159.21951293945312,4185.19580078125,409.60833740234375,83.42637634277344,59.08094787597656,137.45326232910156,83.03775787353516,246.97128295898438,177.3435821533203,228.46505737304688,174.9600067138672,371.7799987792969,243.25999450683594,72.5999984741211,124.01343536376953,25.370952606201172,21.809999465942383,7.8250226974487305,44.75460433959961,25.01967430114746,149.3438262939453,27.494781494140625,11.402090072631836,322.44000244140625,72.96150207519531,63.80598068237305,92.99661254882812,42.14338684082031,60.324501037597656,3.7805750370025635,174.6999969482422,26.179370880126953
2018-08-17,17.937721252441406,414.30584716796875,90.92707061767578,75.57373046875,26.950000762939453,198.6255340576172,150.62033081054688,195.5580291748047,23.864208221435547,159.58660888671875,4194.7109375,405.1484680175781,84.173828125,60.68284606933594,138.7844696044922,82.58198547363281,246.2484893798828,180.6251220703125,227.68296813964844,176.0800018310547,374.260009765625,243.5,73.94999694824219,126.4645004272461,25.379207611083984,21.809999465942383,7.8614678382873535,41.30105972290039,25.037309646606445,151.05735778808594,28.042821884155273,11.329102516174316,316.7799987792969,73.40555572509766,60.67814636230469,95.35692596435547,43.5649528503418,60.04800033569336,4.027133941650391,173.8000030517578,26.02324676513672
2018-08-20,18.057823181152344,423.35821533203125,91.84584045410156,75.82854461669922,27.920000076293945,200.13079833984375,151.5043182373047,196.3378448486328,24.00514030456543,160.5654296875,4208.98583984375,404.7422180175781,83.88758087158203,60.970821380615234,138.4355926513672,82.06243896484375,246.31417846679688,177.48236083984375,227.82159423828125,175.7100067138672,374.79998779296875,242.47999572753906,75.30000305175781,126.3587646484375,25.77549934387207,21.81999969482422,7.873891830444336,41.07459259033203,25.222444534301758,151.4019012451172,28.18214988708496,11.329102516174316,327.7300109863281,73.72272491455078,61.426639556884766,97.24518585205078,44.10790252685547,60.38850021362305,4.1750688552856445,172.5,26.02872657775879
2018-08-21,18.113582611083984,422.2609558105469,92.56038665771484,75.78305053710938,29.549999237060547,198.5082550048828,152.27369689941406,196.75186157226562,24.324586868286133,161.1597137451172,4190.9052734375,401.5492248535156,82.66307067871094,59.17094039916992,137.04931640625,86.74755096435547,245.647705078125,176.0547332763672,229.09857177734375,176.86000061035156,378.55999755859375,242.52000427246094,74.8499984741211,125.54173278808594,25.833293914794922,21.979999542236328,7.852355003356934,41.291622161865234,25.354684829711914,150.594970703125,28.06139373779297,11.361540794372559,338.0199890136719,74.33897399902344,62.78485107421875,96.3010482788086,44.61137390136719,60.08100128173828,4.142195224761963,172.6199951171875,26.04789924621582
2018-08-22,18.130739212036133,419.4263610839844,97.92432403564453,78.2129898071289,29.06999969482422,199.70074462890625,152.1099853515625,195.37503051757812,24.62523078918457,161.85890197753906,4231.82470703125,399.0709533691406,82.25753021240234,58.639991760253906,135.9751739501953,87.12128448486328,244.7559356689453,175.06332397460938,231.73178100585938,177.72000122070312,380.1700134277344,245.88999938964844,75.69999694824219,126.0223388671875,25.841548919677734,21.780000686645508,7.8697509765625,40.75131607055664,25.531002044677734,149.01739501953125,27.494781494140625,11.475074768066406,344.44000244140625,73.84962463378906,65.139404296875,96.3010482788086,45.51960372924805,60.36650085449219,4.133975982666016,173.63999938964844,26.220455169677734
2018-08-23,18.143606185913086,417.3233337402344,99.43699645996094,78.91375732421875,28.790000915527344,200.5901641845703,151.68438720703125,195.30764770507812,24.888303756713867,160.0585174560547,4289.33447265625,398.3562316894531,81.78044891357422,58.07302474975586,135.30499267578125,87.14862060546875,245.39431762695312,174.4089813232422,231.830810546875,176.02000427246094,379.19000244140625,245.97000122070312,75.80000305175781,125.9935073852539,25.957136154174805,21.719999313354492,7.868093490600586,40.56171417236328,25.284156799316406,149.07177734375,27.151094436645508,11.479129791259766,339.1700134277344,73.33306884765625,66.1357421875,97.24518585205078,44.27573013305664,60.26900100708008,4.1750688552856445,172.89999389648438,26.105417251586914
2018-08-24,18.143606185913086,418.0547790527344,99.1121826171875,79.45979309082031,28.540000915527344,204.6758575439453,151.96266174316406,195.30764770507812,25.07621192932129,160.5129852294922,4300.7978515625,399.14520263671875,82.05079650878906,59.476924896240234,135.92926025390625,87.09393310546875,248.07891845703125,173.199462890625,232.34556579589844,176.83999633789062,376.3299865722656,249.5,75.75,126.26262664794922,26.064462661743164,21.93000030517578,7.837446689605713,40.504844665527344,25.760215759277344,150.4770965576172,27.095365524291992,11.430474281311035,358.82000732421875,74.02179718017578,67.46918487548828,97.24518585205078,45.23331069946289,61.032501220703125,4.109320640563965,174.64999389648438,26.113632202148438
2018-08-27,18.220813751220703,430.5818176269531,99.26995849609375,78.8136215209961,28.770000457763672,206.75782775878906,153.68150329589844,197.09329223632812,24.86012077331543,,,401.4934997558594,82.05079650878906,59.35993194580078,136.21388244628906,86.9936752319336,250.70729064941406,172.6839141845703,235.52320861816406,179.32000732421875,388.44000244140625,251.33999633789062,74.05000305175781,126.16649627685547,26.361682891845703,22.329999923706055,7.890458106994629,41.471736907958984,25.698505401611328,151.67388916015625,27.29042625427246,11.495349884033203,364.5799865722656,75.2995834350586,68.3812484741211,99.13343811035156,45.8749885559082,62.090999603271484,4.18328857421875,177.4600067138672,26.1328067779541
2018-08-28,18.06211280822754,437.25677490234375,100.47637176513672,78.90465545654297,28.290000915527344,207.83303833007812,153.27224731445312,196.07017517089844,24.72858428955078,160.54795837402344,4391.552734375,404.3987731933594,82.76643371582031,60.60185241699219,137.80213928222656,87.2944564819336,252.0496826171875,172.74343872070312,235.56283569335938,180.8699951171875,390.04998779296875,251.6999969482422,74.5,125.18610382080078,26.469011306762695,22.049999237060547,7.736392498016357,41.13995361328125,25.284156799316406,151.42001342773438,27.095365524291992,11.41830825805664,368.489990234375,75.73460388183594,68.00453186035156,98.1893081665039,45.78614044189453,61.557498931884766,4.1915059089660645,176.25999450683594,26.09172248840332
2018-08-29,18.010639190673828,440.4571838378906,100.85686492919922,79.75102233886719,28.34000015258789,209.72923278808594,153.71426391601562,199.0912322998047,24.737977981567383,158.57278442382812,4426.89892578125,404.7978820800781,82.99701690673828,60.48487091064453,138.12344360351562,88.04190063476562,252.5095672607422,172.4459991455078,237.31500244140625,184.86000061035156,406.6199951171875,254.4600067138672,74.05000305175781,127.00276184082031,26.312145233154297,22.59000015258789,7.718170642852783,40.85557556152344,25.795480728149414,152.58053588867188,27.41118049621582,11.462911605834961,368.0400085449219,75.73460388183594,69.06092834472656,99.13343811035156,45.60844421386719,62.46500015258789,4.224381446838379,175.89999389648438,26.313581466674805
2018-08-30,17.997772216796875,441.09722900390625,100.11445617675781,79.45979309082031,28.18000030517578,208.97662353515625,152.01177978515625,198.51210021972656,24.484298706054688,155.82852172851562,4440.27294921875,399.76708984375,82.65508270263672,60.18788528442383,136.7371826171875,88.242431640625,251.93704223632812,171.37527465820312,236.7803955078125,186.02999877929688,408.510009765625,253.47999572753906,75.94999694824219,126.6759262084961,26.122255325317383,22.81999969482422,7.689179420471191,40.89349365234375,25.689687728881836,151.16619873046875,27.43904685974121,11.369651794433594,370.9800109863281,75.06397247314453,68.8923110961914,98.1893081665039,42.42967224121094,61.95600128173828,4.207943439483643,177.63999938964844,26.466968536376953
2018-08-31,17.980615615844727,427.93011474609375,100.92184448242188,79.6327133178711,27.829999923706055,210.69692993164062,149.81820678710938,199.8440704345703,24.503093719482422,153.5561981201172,4417.345703125,404.81646728515625,83.0129165649414,60.45785903930664,136.90237426757812,87.87783813476562,252.00271606445312,171.38519287109375,236.6913604736328,184.39999389648438,406.75,254.0399932861328,77.55000305175781,129.24920654296875,25.841548919677734,22.809999465942383,7.593924045562744,40.77974319458008,25.222444534301758,150.76724243164062,27.086071014404297,11.27233600616455,367.67999267578125,75.34490203857422,69.60401153564453,97.24518585205078,42.58761978149414,60.90950012207031,4.207943439483643,175.72999572753906,26.340970993041992
2018-09-03,18.040664672851562,422.626708984375,,,,,150.964111328125,,,155.14683532714844,4461.2900390625,,,,,,,,,,,,,,25.80852508544922,,7.602207660675049,,25.240076065063477,,,11.337211608886719,,,,97.24518585205078,,,4.224381446838379,,
2018-09-04,17.813331604003906,413.2085876464844,102.01687622070312,80.95233154296875,27.469999313354492,211.92852783203125,148.62319946289062,200.52940368652344,24.39034652709961,158.20574951171875,4471.79833984375,397.6322021484375,81.73274993896484,59.60292053222656,136.01190185546875,87.10304260253906,252.0496826171875,167.6971435546875,233.67205810546875,183.30999755859375,403.92999267578125,251.0,79.1500015258789,129.17210388183594,25.618637084960938,22.690000534057617,7.511093616485596,40.40057373046875,25.107833862304688,148.99925231933594,26.8817195892334,11.142581939697266,363.6000061035156,75.00959777832031,70.3529281616211,97.24518585205078,41.53132247924805,59.849998474121094,4.331223487854004,171.16000366210938,26.335494995117188
2018-09-05,17.980615615844727,401.595947265625,100.60630798339844,80.63380432128906,27.459999084472656,206.39617919921875,148.3448944091797,197.85577392578125,23.911191940307617,155.56634521484375,4453.6474609375,399.3215637207031,81.89972686767578,60.51185989379883,135.50697326660156,87.54057312011719,251.23294067382812,167.44927978515625,233.9888153076172,183.2100067138672,406.94000244140625,245.64999389648438,77.30000305175781,128.94076538085938,25.230600357055664,22.65999984741211,7.4133524894714355,40.28681945800781,24.91388702392578,149.9512481689453,27.36473846435547,10.935787200927734,341.17999267578125,76.63178253173828,69.04358673095703,95.35692596435547,39.9024543762207,59.32400131225586,4.355879783630371,167.17999267578125,26.209501266479492
2018-09-06,17.88625144958496,393.2751159667969,101.50647735595703,80.88864135742188,27.6200008392334,207.96983337402344,148.00112915039062,199.8151397705078,23.648113250732422,153.99319458007812,4454.60302734375,400.6581115722656,81.88379669189453,60.45785903930664,135.95681762695312,87.95076751708984,253.97378540039062,168.25233459472656,233.3552703857422,180.0500030517578,397.92999267578125,244.25999450683594,76.44999694824219,127.50475311279297,25.45351219177246,22.450000762939453,7.37276554107666,38.172950744628906,25.10564422607422,150.5587158203125,27.466917037963867,10.911458015441895,346.4599914550781,76.7314682006836,67.63007354736328,94.41279602050781,39.99129867553711,58.571998596191406,4.281911849975586,162.52999877929688,26.261539459228516
2018-09-07,17.890539169311523,408.9109802246094,101.70135498046875,80.76122283935547,27.950000762939453,206.32772827148438,148.00112915039062,199.6799774169922,23.601139068603516,152.50746154785156,4436.45166015625,400.1382751464844,80.23788452148438,59.39593505859375,134.54298400878906,87.79578399658203,252.68344116210938,166.2298583984375,233.58297729492188,179.47000122070312,395.4200134277344,242.5500030517578,77.05000305175781,127.66861724853516,25.181060791015625,22.110000610351562,7.3305230140686035,37.774810791015625,24.546356201171875,149.461669921875,27.374025344848633,11.012828826904297,348.67999267578125,75.95210266113281,67.41679382324219,92.99661254882812,39.932064056396484,58.24150085449219,4.38053560256958,163.0399932861328,26.36562156677246
2018-09-10,17.76186180114746,410.09967041015625,104.29981231689453,81.23446655273438,28.299999237060547,206.89466857910156,149.11428833007812,201.00234985351562,24.75676727294922,154.517578125,4514.78759765625,402.85797119140625,80.03113555908203,59.881900787353516,135.2590789794922,87.84136199951172,244.63047790527344,167.4393768310547,234.8005828857422,179.27999877929688,395.0400085449219,246.11000061035156,77.1500015258789,126.7337646484375,25.362695693969727,21.950000762939453,7.472163200378418,37.537837982177734,24.741662979125977,150.5587158203125,28.033527374267578,11.053377151489258,348.4100036621094,77.25708770751953,68.1285171508789,95.35692596435547,38.77705001831055,58.231998443603516,4.290130138397217,164.17999267578125,26.5272216796875
2018-09-11,17.864805221557617,402.5103454589844,105.96095275878906,80.81584930419922,28.510000228881836,208.63450622558594,149.9327850341797,202.17019653320312,24.925884246826172,152.71719360351562,4526.25048828125,403.4520568847656,80.0788345336914,59.74690628051758,134.95611572265625,87.57704162597656,245.86431884765625,169.3230438232422,234.04824829101562,178.61000061035156,393.7699890136719,242.42999267578125,78.1500015258789,127.00361633300781,25.24711036682129,22.020000457763672,7.6038641929626465,37.13970947265625,24.723907470703125,151.0845947265625,28.50725555419922,11.097978591918945,355.92999267578125,77.08489990234375,67.64990997314453,96.3010482788086,39.47795867919922,58.86800003051758,4.306567192077637,165.94000244140625,26.486141204833984
2018-09-12,18.044954299926758,416.3175048828125,106.10944366455078,80.6793212890625,30.700000762939453,209.20144653320312,151.25875854492188,202.68179321289062,25.245325088500977,150.51480102539062,4579.748046875,407.8795166015625,80.52410888671875,59.782901763916016,135.24072265625,87.73197937011719,247.3996124267578,170.50283813476562,236.641845703125,178.33999633789062,388.8800048828125,245.64999389648438,76.94999694824219,126.7337646484375,25.536073684692383,22.309999465942383,7.304017066955566,36.39085006713867,24.235645294189453,150.72190856933594,29.49186897277832,11.065542221069336,369.95001220703125,77.90958404541016,66.50920867919922,99.13343811035156,39.320011138916016,58.14099884033203,4.479158878326416,162.0,26.63130760192871
2018-09-13,17.500215530395508,408.36236572265625,104.6339111328125,80.16057586669922,31.84000015258789,212.31947326660156,151.7662353515625,204.49635314941406,25.536584854125977,150.49732971191406,4535.8037109375,411.972900390625,79.99138641357422,60.826820373535156,136.5352020263672,88.37002563476562,250.05563354492188,171.04811096191406,241.5419921875,179.86000061035156,397.7099914550781,249.2899932861328,77.75,128.9889373779297,25.792011260986328,22.469999313354492,7.352886199951172,36.864803314208984,24.27115249633789,151.98214721679688,28.497968673706055,11.138526916503906,368.1499938964844,78.57113647460938,67.28785705566406,98.1893081665039,41.41286849975586,58.76649856567383,4.454503059387207,161.36000061035156,26.664173126220703
2018-09-14,16.7281494140625,408.9109802246094,105.69183349609375,80.03314971923828,32.18000030517578,213.04273986816406,151.74984741210938,206.50396728515625,25.856027603149414,149.5184783935547,4575.92626953125,415.9642028808594,79.68922424316406,60.93559265136719,135.1305389404297,88.42474365234375,249.88609313964844,171.49424743652344,239.70933532714844,179.00999450683594,392.1700134277344,247.94000244140625,77.30000305175781,128.78659057617188,25.659914016723633,22.56999969482422,7.27005672454834,37.063865661621094,24.18238067626953,152.87066650390625,28.730188369750977,11.158801078796387,364.55999755859375,78.97895050048828,68.55010223388672,98.1893081665039,40.82054138183594,58.62649917602539,4.372316837310791,162.32000732421875,27.020244598388672
2018-09-17,16.954620361328125,403.2418212890625,105.55262756347656,79.43251037597656,32.02000045776367,211.58636474609375,152.45376586914062,203.9944305419922,25.949981689453125,149.57093811035156,4538.66943359375,415.1844482421875,80.76263427734375,61.19844055175781,135.6446533203125,87.53146362304688,248.52981567382812,169.8385772705078,236.22235107421875,175.8000030517578,386.489990234375,242.94000244140625,74.5999984741211,127.8902816772461,25.849803924560547,22.030000686645508,7.340462684631348,36.68470764160156,24.386560440063477,152.9976043701172,27.903486251831055,11.138526916503906,350.3500061035156,78.96080780029297,67.93012237548828,97.24518585205078,39.91232681274414,57.8025016784668,4.413410186767578,160.5800018310547,26.655956268310547
2018-09-18,16.698978424072266,403.51611328125,107.23233795166016,79.7965316772461,31.579999923706055,215.0856170654297,153.1576690673828,206.11785888671875,25.9969539642334,148.10263061523438,4545.357421875,413.2445373535156,80.32532501220703,60.48240280151367,135.33251953125,88.30624389648438,247.98355102539062,169.84849548339844,236.85635375976562,177.1199951171875,388.3299865722656,245.22000122070312,76.94999694824219,128.9311065673828,26.237842559814453,21.920000076293945,7.380220413208008,37.149192810058594,24.572988510131836,152.94322204589844,27.708419799804688,11.243951797485352,367.6499938964844,78.7795639038086,67.20848846435547,97.24518585205078,40.5145149230957,58.06100082397461,4.462721347808838,160.3000030517578,26.39849090576172
2018-09-19,16.53255844116211,405.07061767578125,107.89124298095703,79.32328796386719,32.04999923706055,213.267578125,153.84521484375,205.55804443359375,26.203651428222656,151.3013916015625,4549.17822265625,410.5156555175781,78.37724304199219,59.77544021606445,135.48858642578125,87.92340087890625,249.90492248535156,169.54115295410156,238.79795837402344,176.60000610351562,383.70001220703125,240.89999389648438,75.44999694824219,127.1385726928711,26.130512237548828,21.610000610351562,7.186396598815918,37.00699996948242,24.812685012817383,153.37838745117188,26.937454223632812,11.126362800598145,366.9599914550781,79.75830841064453,67.4465560913086,96.3010482788086,41.29439926147461,58.554500579833984,4.405191421508789,163.05999755859375,26.146503448486328
2018-09-20,16.24088478088379,410.8312072753906,108.29955291748047,79.52349090576172,32.2599983215332,216.3953857421875,155.43309020996094,205.68356323242188,26.325796127319336,152.2976837158203,4534.84814453125,413.0588684082031,78.98948669433594,61.05343246459961,136.5443878173828,88.85313415527344,250.90333557128906,170.69119262695312,240.22445678710938,180.52000427246094,387.25,242.02000427246094,75.4000015258789,127.8902816772461,26.171794891357422,21.920000076293945,7.192195415496826,37.338768005371094,25.203292846679688,154.51174926757812,26.58448028564453,11.191239356994629,365.3599853515625,80.03923034667969,66.03306579589844,95.35692596435547,41.452354431152344,59.34349822998047,4.314786434173584,166.02000427246094,26.2834529876709
2018-09-21,16.572019577026367,415.7688903808594,108.4294662475586,79.45979309082031,31.799999237060547,216.8938751220703,157.31564331054688,204.10060119628906,26.541885375976562,154.25535583496094,4556.82080078125,409.9679870605469,79.72102355957031,61.1712532043457,136.32403564453125,89.19038391113281,251.16702270507812,170.6019744873047,241.20516967773438,180.0800018310547,390.2799987792969,241.1300048828125,78.0999984741211,128.53598022460938,26.072717666625977,21.790000915527344,7.42163610458374,37.5662841796875,25.043498992919922,154.68397521972656,26.240795135498047,11.25611686706543,361.19000244140625,80.20237731933594,65.33126068115234,97.24518585205078,42.22235870361328,58.304500579833984,4.405191421508789,162.92999267578125,26.34918975830078
2018-09-24,16.685253143310547,417.41473388671875,106.7312240600586,79.3960952758789,31.90999984741211,216.35635375976562,157.02099609375,202.98101806640625,26.541885375976562,153.80091857910156,4454.60302734375,400.9552001953125,77.66161346435547,60.11080551147461,134.38694763183594,90.11102294921875,251.8169403076172,168.05404663085938,239.8777313232422,182.1699981689453,390.19000244140625,242.7100067138672,78.5,129.44195556640625,25.965391159057617,21.31999969482422,7.429919719696045,37.063865661621094,24.99911117553711,153.9949188232422,26.101469039916992,11.187185287475586,369.6099853515625,79.25081634521484,65.88923645019531,97.24518585205078,41.25490951538086,58.66849899291992,4.331223487854004,165.41000366210938,26.34918975830078
2018-09-25,16.72471809387207,420.9808349609375,106.90753173828125,79.45979309082031,31.549999237060547,217.1089324951172,159.06723022460938,199.62208557128906,26.419748306274414,153.04931640625,4379.13330078125,397.9756164550781,77.66161346435547,60.16518020629883,133.7626190185547,90.23863220214844,248.1907196044922,169.0751953125,240.8088836669922,182.64999389648438,390.04998779296875,245.83999633789062,80.75,129.64430236816406,26.047950744628906,21.5,7.358685493469238,36.57095718383789,24.981355667114258,153.0791778564453,25.43267059326172,11.223678588867188,369.42999267578125,78.97895050048828,66.56127166748047,101.02169036865234,41.639915466308594,59.23249816894531,,164.91000366210938,26.554615020751953
2018-09-26,16.779619216918945,419.6092529296875,106.52704620361328,79.98765563964844,31.510000228881836,217.2457733154297,159.7875213623047,198.13568115234375,26.3070068359375,153.4688262939453,4380.08837890625,392.74981689453125,76.3416748046875,59.811702728271484,132.15597534179688,90.39356231689453,247.6256103515625,169.38253784179688,240.5712127685547,186.64999389648438,391.5299987792969,244.38999938964844,78.55000305175781,131.6778564453125,25.643402099609375,21.15999984741211,7.438202381134033,36.26761245727539,25.123394012451172,152.1362762451172,25.34907341003418,11.280445098876953,377.8800048828125,78.76145935058594,66.19175720214844,101.02169036865234,41.49183654785156,59.02450180053711,4.38053560256958,166.9499969482422,26.461488723754883
2018-09-27,16.91344451904297,424.2726135253906,106.25790405273438,79.64183807373047,31.90999984741211,217.2946319580078,161.37542724609375,196.92918395996094,25.837230682373047,154.41270446777344,4394.41845703125,399.2658996582031,77.29035186767578,60.2376823425293,132.36834716796875,89.05365753173828,249.26443481445312,169.29331970214844,242.02737426757812,189.74000549316406,406.0,248.67999267578125,82.5,133.31622314453125,25.866315841674805,21.510000228881836,7.384361743927002,36.35293197631836,25.21217155456543,152.7890625,25.24689483642578,11.398035049438477,380.7099914550781,78.6255111694336,66.310791015625,101.02169036865234,41.008113861083984,59.731998443603516,4.577783107757568,168.83999633789062,26.636783599853516
2018-09-28,16.942611694335938,422.1695556640625,106.55489349365234,80.27887725830078,32.0,217.58787536621094,157.16831970214844,188.58985900878906,25.62114143371582,150.13026428222656,4381.04443359375,401.8091125488281,78.21257781982422,61.443172454833984,134.13150024414062,89.66436004638672,250.57366943359375,172.18821716308594,241.7896270751953,192.74000549316406,404.0400085449219,249.66000366210938,86.3499984741211,134.0775909423828,25.28839111328125,21.670000076293945,7.274197578430176,36.63731384277344,25.016864776611328,152.45138549804688,24.605966567993164,11.280445098876953,374.1300048828125,78.59832000732422,69.6883316040039,100.07756805419922,40.31707000732422,59.673500061035156,4.701062202453613,164.4600067138672,26.601177215576172
2018-10-01,16.616628646850586,428.2958679199219,105.85887145996094,80.51549530029297,32.41999816894531,218.72166442871094,158.0359344482422,192.47000122070312,25.837230682373047,150.672119140625,4380.08837890625,400.379638671875,77.69132232666016,60.944671630859375,132.9591522216797,90.68525695800781,253.45582580566406,171.9304656982422,246.1780548095703,191.57000732421875,394.2300109863281,248.9199981689453,83.72000122070312,135.2147979736328,25.280136108398438,21.270000457763672,7.22946834564209,36.34345245361328,25.256559371948242,154.6234130859375,24.6895694732666,11.248007774353027,381.42999267578125,79.25081634521484,71.75653076171875,101.02169036865234,40.63298034667969,59.765499114990234,,162.44000244140625,26.488880157470703
2018-10-02,16.616628646850586,420.52362060546875,104.48540496826172,78.83182525634766,32.86000061035156,217.35325622558594,157.4138946533203,189.8542938232422,25.856027603149414,148.81932067871094,4317.03759765625,400.8066101074219,77.53091430664062,60.20143508911133,133.0514678955078,90.25684356689453,254.8968505859375,171.85113525390625,245.4251708984375,191.92999267578125,400.57000732421875,242.3800048828125,80.37000274658203,132.93069458007812,25.16455078125,21.010000228881836,7.2601165771484375,36.87429428100586,24.99911117553711,155.3443603515625,24.290151596069336,11.223678588867188,377.1400146484375,79.6133041381836,71.04232025146484,100.07756805419922,39.71488571166992,60.00550079345703,4.733936786651611,159.3300018310547,26.50257110595703
2018-10-03,16.608049392700195,422.99249267578125,103.70587158203125,78.24028015136719,33.31999969482422,218.09613037109375,,188.88909912109375,26.335189819335938,150.77699279785156,4360.02685546875,394.76409912109375,77.24223327636719,59.84793472290039,132.848388671875,88.8440170288086,255.15115356445312,170.32437133789062,245.02896118164062,192.2100067138672,403.0400085449219,239.36000061035156,79.9000015258789,133.6246337890625,,21.030000686645508,,36.893245697021484,25.469619750976562,154.89720153808594,23.454160690307617,,377.04998779296875,79.49551391601562,71.10433197021484,,39.41872787475586,60.147499084472656,4.898309707641602,162.42999267578125,26.461488723754883
2018-10-04,16.333532333374023,400.3158264160156,102.80569458007812,77.21187591552734,33.150001525878906,211.27362060546875,159.11634826660156,186.27342224121094,26.0251407623291,152.33267211914062,4318.94921875,392.12799072265625,76.15962219238281,59.39476013183594,133.33761596679688,88.39740753173828,252.72113037109375,169.00579833984375,241.09617614746094,188.6199951171875,392.04998779296875,231.11000061035156,78.06999969482422,134.1739501953125,24.834306716918945,20.760000228881836,7.18971061706543,35.9168815612793,25.309823989868164,154.86984252929688,23.35198402404785,11.373705863952637,363.6499938964844,79.47737884521484,69.25933074951172,101.02169036865234,38.1254997253418,58.40950012207031,4.898309707641602,158.85000610351562,26.4833984375
2018-10-05,16.316377639770508,392.3607482910156,101.84056854248047,76.92063903808594,32.93000030517578,208.690185546875,157.88861083984375,186.8621826171875,25.339279174804688,151.14405822753906,4310.3505859375,387.35699462890625,75.53411865234375,59.13191604614258,133.623779296875,88.570556640625,253.54995727539062,167.64756774902344,238.4314422607422,188.0500030517578,391.7699890136719,229.24000549316406,75.83000183105469,133.93304443359375,24.4215030670166,20.31999969482422,7.14084005355835,35.300743103027344,25.079008102416992,154.1215057373047,23.00830078125,11.353431701660156,351.3500061035156,78.54393768310547,66.92084503173828,100.07756805419922,38.4315299987793,57.86750030517578,4.158631801605225,157.3300018310547,26.557353973388672
2018-10-08,16.26490592956543,384.2227783203125,101.98905181884766,77.7215347290039,33.0099983215332,203.79733276367188,154.68008422851562,183.39712524414062,24.76616668701172,147.70062255859375,4232.01611328125,388.8607177734375,75.98320007324219,60.00202941894531,134.58387756347656,87.47677612304688,253.37103271484375,168.7381134033203,237.41110229492188,185.33999633789062,394.1499938964844,224.2899932861328,71.0,133.84628295898438,23.909624099731445,20.260000228881836,7.042271137237549,34.68457794189453,24.741662979125977,154.48655700683594,23.05474090576172,11.30072021484375,349.1000061035156,78.54393768310547,65.90657806396484,97.24518585205078,38.00703811645508,57.44850158691406,4.076445579528809,157.25,26.171154022216797
2018-10-09,16.630352020263672,385.7771301269531,101.31158447265625,77.95814514160156,32.36000061035156,205.2651824951172,156.1697540283203,181.28335571289062,24.484298706054688,146.61691284179688,4161.32275390625,386.679443359375,75.99119567871094,60.78151321411133,136.30093383789062,87.67730712890625,254.40707397460938,170.8002471923828,237.71820068359375,185.66000366210938,392.5299987792969,223.89999389648438,69.25,134.5208740234375,24.049976348876953,20.110000610351562,7.140012264251709,33.859893798828125,24.928089141845703,149.9600067138672,21.847204208374023,11.276390075683594,355.7099914550781,76.96707916259766,65.84955596923828,97.24518585205078,36.57560348510742,56.941001892089844,4.043571472167969,157.89999389648438,25.905471801757812
2018-10-10,16.793350219726562,348.6532897949219,98.63892364501953,77.53951263427734,32.060001373291016,192.47525024414062,154.45091247558594,175.82998657226562,22.943464279174805,150.00790405273438,3974.082275390625,380.6368408203125,74.67606353759766,59.42195129394531,134.316162109375,86.65641784667969,247.78578186035156,168.9958953857422,228.4955291748047,176.42999267578125,381.94000244140625,217.2100067138672,63.43000030517578,130.1936492919922,23.61240577697754,19.5,6.974350929260254,32.63706588745117,24.102481842041016,146.56504821777344,22.00511360168457,11.531842231750488,325.8900146484375,74.08524322509766,60.92708206176758,93.46867370605469,34.94673156738281,54.06100082397461,3.9449474811553955,151.3800048828125,25.327539443969727
2018-10-11,16.429615020751953,340.42388916015625,96.7271957397461,75.35530853271484,31.020000457763672,190.34194946289062,149.75270080566406,173.76443481445312,22.783742904663086,146.82666015625,3894.7919921875,368.5702209472656,72.69528198242188,56.95661163330078,129.8666534423828,84.869873046875,242.1721954345703,166.80487060546875,223.96844482421875,175.66000366210938,371.6700134277344,214.11000061035156,62.43000030517578,127.63002014160156,23.224369049072266,19.600000381469727,6.948672771453857,31.08247184753418,23.330135345458984,143.36181640625,21.62427520751953,11.353431701660156,321.1000061035156,72.07337951660156,58.30837631225586,90.63627624511719,34.60121154785156,53.965999603271484,3.8381052017211914,153.35000610351562,25.127593994140625
2018-10-12,16.44505500793457,347.19036865234375,97.77584838867188,77.00255584716797,31.760000228881836,199.8438720703125,147.98475646972656,179.98031616210938,23.009233474731445,144.20474243164062,3913.8984375,367.5120544433594,72.23817443847656,56.6847038269043,131.13133239746094,86.31004333496094,244.5174560546875,168.4010467529297,229.23849487304688,181.32000732421875,384.1600036621094,222.4199981689453,65.94000244140625,129.00820922851562,23.306930541992188,19.270000457763672,6.841821193695068,31.935598373413086,23.365644454956055,144.43873596191406,20.983346939086914,11.223678588867188,339.55999755859375,72.2908706665039,61.13785171508789,92.99661254882812,37.38510513305664,55.50400161743164,3.9120726585388184,153.74000549316406,25.883560180664062
2018-10-15,16.863691329956055,339.1437683105469,97.1355209350586,76.99344635009766,32.29999923706055,196.0274658203125,149.9164276123047,177.80865478515625,23.319276809692383,142.7714385986328,3909.121337890625,368.11541748046875,72.42262268066406,57.16508102416992,131.75906372070312,85.51704406738281,245.1202850341797,168.07386779785156,225.95962524414062,177.64999389648438,377.54998779296875,216.89999389648438,66.37000274658203,127.9480972290039,23.455541610717773,19.65999984741211,6.936247825622559,31.689144134521484,23.74738121032715,143.0059051513672,21.457075119018555,11.483184814453125,333.1300048828125,71.73807525634766,58.370365142822266,92.05247497558594,35.687129974365234,54.61249923706055,4.010696887969971,153.52000427246094,26.020509719848633
2018-10-16,16.786483764648438,349.20196533203125,98.35123443603516,78.09467315673828,33.060001373291016,203.32763671875,150.0964813232422,183.2813262939453,24.09909439086914,142.3169708251953,4009.428955078125,378.9753723144531,74.33121490478516,57.88111114501953,134.49154663085938,88.00545501708984,256.7240905761719,172.2080535888672,232.94342041015625,185.4499969482422,398.5199890136719,225.7899932861328,70.87000274658203,130.58877563476562,24.033464431762695,19.979999542236328,7.040615081787109,32.94987869262695,24.05809211730957,145.734619140625,21.810049057006836,11.552116394042969,346.3999938964844,72.73493957519531,60.96179962158203,93.94072723388672,36.67432403564453,56.06399917602539,4.142195224761963,158.77999877929688,26.201282501220703
2018-10-17,16.712705612182617,345.91015625,95.06603240966797,76.82963562011719,33.04999923706055,202.93618774414062,151.42245483398438,183.99554443359375,24.00514030456543,144.16981506347656,4083.943115234375,380.9709777832031,73.91421508789062,56.97473907470703,135.40545654296875,88.67994689941406,251.76040649414062,172.59469604492188,232.4481201171875,185.47999572753906,399.05999755859375,228.49000549316406,69.94999694824219,131.52362060546875,24.016952514648438,19.729999542236328,7.032331943511963,33.13946533203125,23.43666648864746,145.54296875,20.76041603088379,11.698089599609375,364.70001220703125,72.32713317871094,60.27488327026367,94.41279602050781,35.99315643310547,55.78450012207031,,159.4199981689453,26.04789924621582
2018-10-18,17.076435089111328,334.5718688964844,92.53253936767578,75.86494445800781,33.130001068115234,199.25674438476562,149.99826049804688,180.41464233398438,23.178346633911133,144.20474243164062,4094.451904296875,382.0940856933594,74.25103759765625,57.16508102416992,135.50698852539062,87.43120574951172,251.29893493652344,170.91921997070312,227.554443359375,178.89999389648438,395.2200012207031,224.3300018310547,68.2300033569336,131.42721557617188,23.86008644104004,19.329999923706055,6.965238571166992,32.153621673583984,22.442384719848633,142.99676513671875,20.26811408996582,11.718362808227539,346.7099914550781,71.03119659423828,59.399497985839844,87.80390167236328,34.56172180175781,54.39849853515625,4.281911849975586,154.9199981689453,25.88081932067871
2018-10-19,17.20425796508789,329.3598937988281,92.42119598388672,74.64543914794922,33.400001525878906,198.70877075195312,151.81532287597656,181.78526306152344,22.708580017089844,142.82388305664062,4194.7587890625,384.56304931640625,74.45150756835938,57.63639450073242,138.60873413085938,85.62642669677734,249.8766326904297,171.11749267578125,225.01846313476562,175.69000244140625,389.8299865722656,218.39999389648438,67.08999633789062,128.86367797851562,23.94264793395996,19.59000015258789,7.106879711151123,32.504364013671875,21.687793731689453,141.8195343017578,20.24953842163086,11.888664245605469,332.6700134277344,70.04339599609375,56.83039093017578,89.6921615600586,35.262638092041016,54.823001861572266,4.216162204742432,154.0500030517578,25.686351776123047
2018-10-22,17.11761474609375,335.5776672363281,91.30756378173828,75.74662780761719,33.380001068115234,200.11788940429688,150.62033081054688,182.35470581054688,22.464303970336914,144.4844207763672,4160.36767578125,382.1684265136719,73.64157104492188,57.33728790283203,137.77789306640625,85.33473205566406,246.947509765625,167.8954315185547,223.6514434814453,177.39999389648438,387.79998779296875,219.77999877929688,69.13999938964844,127.5625991821289,23.6536865234375,19.639999389648438,7.104394435882568,31.78392791748047,21.527996063232422,139.9030303955078,20.379575729370117,11.8237886428833,329.5400085449219,69.38184356689453,57.33875274658203,90.16422271728516,36.82240295410156,55.05799865722656,4.1750688552856445,154.77999877929688,25.94108009338379
2018-10-23,17.380117416381836,322.8678283691406,91.50340270996094,75.23699188232422,32.779998779296875,198.09226989746094,149.3271026611328,177.45152282714844,21.75025177001953,144.8689422607422,4031.4013671875,381.871337890625,73.75382232666016,58.04426193237305,139.25491333007812,84.8516616821289,249.46224975585938,167.15187072753906,221.2343292236328,174.1699981689453,380.69000244140625,218.1199951171875,67.18000030517578,125.89531707763672,23.11703872680664,19.6200008392334,7.084515571594238,31.77445411682129,21.013099670410156,138.75314331054688,20.509618759155273,11.706199645996094,333.1600036621094,66.61780548095703,54.819244384765625,87.33184051513672,35.63776397705078,55.18450164794922,3.9531655311584473,154.38999938964844,25.437103271484375
2018-10-24,17.410140991210938,338.3208312988281,90.02063751220703,74.8729476928711,29.81999969482422,191.49668884277344,148.8196258544922,171.62171936035156,20.78253746032715,149.1863555908203,4045.730712890625,386.827880859375,73.33680725097656,59.15910339355469,140.28884887695312,83.37501525878906,241.41876220703125,153.9661102294922,218.49034118652344,163.08999633789062,351.3900146484375,206.9499969482422,62.150001525878906,121.9150161743164,23.11703872680664,18.8700008392334,7.019907474517822,30.153501510620117,20.84442901611328,135.8966827392578,20.138065338134766,11.795405387878418,301.8299865722656,63.790340423583984,49.45040512084961,87.80390167236328,33.614013671875,52.535499572753906,4.092883586883545,146.0399932861328,24.60992431640625
2018-10-25,17.59886932373047,348.4704895019531,91.3448715209961,76.29269409179688,30.940000534057617,199.82431030273438,149.3271026611328,171.0039825439453,22.088483810424805,150.37498474121094,4118.333984375,382.39111328125,74.50765228271484,59.721046447753906,141.71044921875,83.63933563232422,248.87828063964844,155.29458618164062,228.0299835205078,165.61000061035156,336.94000244140625,210.77999877929688,65.95999908447266,122.4546890258789,23.513330459594727,19.360000610351562,7.061322212219238,30.94028091430664,21.39483642578125,138.24209594726562,20.788280487060547,11.681869506835938,312.8699951171875,65.43063354492188,51.540897369384766,87.80390167236328,34.492618560791016,54.778499603271484,4.043571472167969,150.9499969482422,24.883825302124023
2018-10-26,17.260019302368164,345.0872802734375,87.45606231689453,74.5726089477539,30.1299991607666,193.2581024169922,146.6260528564453,165.44447326660156,21.552953720092773,146.8791046142578,4046.686279296875,357.5617980957031,73.12830352783203,58.39775085449219,138.11021423339844,81.8072280883789,243.17059326171875,153.2027130126953,227.84173583984375,169.47999572753906,335.82000732421875,203.4499969482422,62.5099983215332,123.2257080078125,23.35646629333496,19.649999618530273,7.024877071380615,30.67485809326172,21.59902000427246,136.37124633789062,19.896560668945312,11.4872407913208,299.8299865722656,65.25845336914062,49.17265701293945,86.85977935791016,32.695926666259766,53.57350158691406,4.043571472167969,145.3699951171875,24.23194122314453
2018-10-29,17.062711715698242,348.74468994140625,86.59811401367188,76.53840637207031,30.360000610351562,186.94630432128906,148.2794189453125,166.2552032470703,20.47248649597168,151.1964874267578,4081.07666015625,352.6330261230469,74.3953857421875,59.18629837036133,141.0735321044922,81.5337905883789,241.60708618164062,156.751953125,226.2071990966797,170.33999633789062,336.17999267578125,203.91000366210938,63.220001220703125,124.32437896728516,23.73624610900879,19.549999237060547,7.034816741943359,29.499433517456055,22.02513885498047,137.7675323486328,19.617900848388672,11.531842231750488,284.8399963378906,64.3703384399414,46.030704498291016,87.80390167236328,31.738346099853516,51.00400161743164,4.027133941650391,142.08999633789062,23.763572692871094
2018-10-30,17.31148910522461,343.8985290527344,88.35133361816406,78.05825805664062,31.25,183.70721435546875,149.06517028808594,170.46347045898438,21.740859985351562,148.53964233398438,4069.613037109375,349.7369689941406,74.03450012207031,59.47634506225586,148.57858276367188,82.28121185302734,243.2647705078125,157.05929565429688,230.48667907714844,171.49000549316406,339.70001220703125,210.22000122070312,67.19000244140625,130.30931091308594,23.670198440551758,20.219999313354492,7.051382541656494,30.731731414794922,22.806364059448242,140.34107971191406,19.775808334350586,11.621047973632812,285.80999755859375,63.754085540771484,50.340667724609375,86.85977935791016,31.9357852935791,51.81050109863281,4.076445579528809,146.22000122070312,24.289461135864258
2018-10-31,17.354381561279297,359.90020751953125,88.7989501953125,76.11066436767578,32.38999938964844,193.43423461914062,150.9313507080078,175.9747772216797,22.22002410888672,150.75953674316406,4122.1552734375,351.5469665527344,73.1844711303711,58.43400192260742,143.83367919921875,81.87102508544922,246.1562957763672,159.1710205078125,231.4574737548828,169.4600067138672,339.239990234375,212.1199951171875,69.33999633789062,128.690185546875,23.150066375732422,19.899999618530273,7.095283031463623,31.167783737182617,23.463300704956055,140.8612518310547,20.2216739654541,11.78324031829834,301.7799987792969,64.9503173828125,52.28236770629883,89.6921615600586,33.89043045043945,53.8385009765625,4.101101398468018,151.7899932861328,24.757827758789062
2018-11-01,17.410140991210938,364.8378601074219,90.86927032470703,76.6567153930664,33.04999923706055,195.4305419921875,151.09506225585938,176.40911865234375,23.084400177001953,153.41636657714844,4087.763671875,358.9261779785156,73.56137084960938,58.69684600830078,141.25814819335938,83.44792175292969,245.76075744628906,162.96810913085938,231.4674072265625,175.19000244140625,355.1099853515625,205.05999755859375,69.5199966430664,130.7719268798828,23.224369049072266,19.56999969482422,7.14166784286499,33.5091552734375,23.4100341796875,141.7921600341797,21.531387329101562,11.722418785095215,317.3800048828125,66.83531951904297,54.08768844604492,88.7480239868164,36.70393371582031,53.5,4.158631801605225,151.75,24.968732833862305
2018-11-02,17.453035354614258,384.9541931152344,90.29106903076172,76.820556640625,32.310001373291016,193.483154296875,151.27513122558594,176.61175537109375,22.560283660888672,153.5736846923828,4095.4072265625,364.2540588378906,73.2967300415039,58.32524108886719,140.37188720703125,83.32942199707031,245.83609008789062,161.08441162109375,232.01222229003906,173.2899932861328,352.5899963378906,204.91000366210938,72.51000213623047,129.56719970703125,23.158321380615234,19.510000228881836,7.159891128540039,33.43331527709961,23.63197135925293,142.22105407714844,21.568544387817383,11.673760414123535,309.1000061035156,66.37312316894531,53.2966194152832,88.7480239868164,37.3653564453125,52.88949966430664,4.470940113067627,150.35000610351562,24.974210739135742
2018-11-05,17.495927810668945,374.8960266113281,90.52423095703125,77.67603302001953,33.20000076293945,193.7375946044922,151.27513122558594,176.8338165283203,22.664161682128906,152.85704040527344,4069.613037109375,367.9947509765625,74.3953857421875,58.97782897949219,143.73211669921875,83.50262451171875,245.83609008789062,161.59996032714844,234.300537109375,174.58999633789062,354.92999267578125,201.4499969482422,63.34000015258789,130.45387268066406,23.01796531677246,19.299999237060547,7.251004695892334,32.53279495239258,23.56095314025879,143.6173553466797,21.289878845214844,11.734582901000977,315.44000244140625,66.83531951904297,52.51546859741211,89.22010040283203,37.33574295043945,52.00450134277344,4.405191421508789,148.67999267578125,25.119375228881836
2018-11-06,17.4744815826416,374.8045959472656,90.93455505371094,77.89444732666016,33.290000915527344,194.88253784179688,150.9149932861328,177.0654296875,22.654720306396484,151.1615447998047,4061.0166015625,367.6048583984375,75.66242980957031,59.73918151855469,144.15676879882812,84.3229751586914,248.21902465820312,163.31509399414062,235.9945068359375,175.22999572753906,357.6099853515625,202.27000427246094,63.40999984741211,130.33822631835938,23.81880760192871,17.110000610351562,7.097768306732178,33.05414962768555,22.78860855102539,144.27442932128906,21.782184600830078,11.754857063293457,310.8399963378906,68.22185516357422,52.33940124511719,88.27596282958984,36.92112350463867,52.79050064086914,4.520252704620361,149.94000244140625,25.226198196411133
2018-11-07,18.701208114624023,376.26763916015625,93.81617736816406,78.95926666259766,33.08000183105469,203.7777557373047,151.86444091796875,180.22161865234375,23.362974166870117,153.2940216064453,4065.792236328125,371.28057861328125,76.48841094970703,60.79963684082031,144.88604736328125,85.79049682617188,258.6642761230469,169.52134704589844,243.2259979248047,183.8800048828125,364.25,209.7899932861328,68.27999877929688,136.51588439941406,23.884859085083008,17.34000015258789,7.240236759185791,33.41435623168945,23.489931106567383,146.91183471679688,22.67390251159668,11.933267593383789,327.5,68.34872436523438,53.016395568847656,87.33184051513672,38.15511703491211,54.669498443603516,4.586001396179199,151.52999877929688,26.803861618041992
2018-11-08,18.967147827148438,372.5186462402344,92.76237487792969,79.72372436523438,33.79999923706055,204.38449096679688,153.02671813964844,181.61151123046875,23.079673767089844,156.3529052734375,3997.009765625,361.5158996582031,76.40020751953125,60.83591079711914,147.1107940673828,86.35562133789062,260.5667724609375,169.9873046875,243.26565551757812,180.25999450683594,363.3399963378906,209.6699981689453,65.33000183105469,136.49661254882812,23.6536865234375,17.950000762939453,7.222843647003174,33.12049865722656,23.08156394958496,147.1582794189453,22.28377342224121,11.864335060119629,317.9200134277344,67.27935791015625,51.082130432128906,88.7480239868164,36.032649993896484,54.119998931884766,4.561346054077148,147.8699951171875,27.09419822692871
2018-11-09,19.387495040893555,359.534423828125,90.29106903076172,79.1230697631836,32.97999954223633,201.21385192871094,156.2843475341797,179.7872772216797,22.465852737426758,154.517578125,4024.714111328125,357.30181884765625,76.19171142578125,61.2437629699707,147.8308563232422,86.00924682617188,260.47259521484375,168.6885528564453,241.16552734375,180.5500030517578,356.6600036621094,207.1699981689453,62.4900016784668,138.73251342773438,23.60414695739746,17.309999465942383,7.24106502532959,32.49488067626953,22.904014587402344,145.92625427246094,21.77289581298828,11.925158500671387,303.4700012207031,66.5453109741211,51.002777099609375,90.16422271728516,34.3741569519043,53.307498931884766,4.766811847686768,144.9600067138672,26.85590362548828
2018-11-12,19.34889030456543,355.41973876953125,89.19995880126953,77.78523254394531,32.40999984741211,194.87277221679688,156.03880310058594,175.8685760498047,21.5403995513916,149.22132873535156,3978.859130859375,361.4602355957031,75.90300750732422,61.41597366333008,148.6523895263672,84.44148254394531,256.54510498046875,166.0613250732422,234.12222290039062,172.85000610351562,346.55999755859375,198.82000732421875,60.560001373291016,136.7664337158203,23.41425895690918,16.799999237060547,7.142496585845947,30.921321868896484,22.797481536865234,143.7268524169922,21.930801391601562,11.917049407958984,294.07000732421875,65.7115707397461,47.0028076171875,87.33184051513672,33.29811096191406,51.93149948120117,4.79146671295166,141.5500030517578,26.97916030883789
2018-11-13,19.837867736816406,366.4837341308594,89.14400482177734,76.73863983154297,32.11000061035156,193.92355346679688,158.60888671875,173.80303955078125,21.597057342529297,153.34646606445312,4020.893310546875,358.08966064453125,76.52050018310547,61.22563934326172,148.91091918945312,83.92190551757812,253.56884765625,163.02760314941406,232.8146514892578,170.30999755859375,342.1000061035156,198.83999633789062,58.5099983215332,136.40988159179688,23.637170791625977,16.709999084472656,7.21621561050415,31.74601936340332,23.054931640625,144.23793029785156,21.77289581298828,12.058966636657715,294.3999938964844,65.53031158447266,49.42559814453125,86.38771057128906,34.65056610107422,51.8025016784668,4.8325605392456055,142.16000366210938,27.820032119750977
2018-11-14,19.589092254638672,363.5577087402344,88.50987243652344,75.6556167602539,31.920000076293945,193.34619140625,155.67864990234375,172.8475341796875,21.172107696533203,151.7034149169922,3943.51318359375,359.7608642578125,75.90300750732422,61.23469924926758,150.84951782226562,83.95835876464844,249.55642700195312,162.46249389648438,232.87408447265625,164.5800018310547,337.2900085449219,196.69000244140625,57.400001525878906,134.78111267089844,23.4968204498291,16.920000076293945,7.429919719696045,31.831331253051758,22.86850357055664,143.47134399414062,21.847204208374023,12.091404914855957,286.7300109863281,65.57563018798828,48.899879455566406,87.33184051513672,36.13136291503906,52.18299865722656,4.816123008728027,144.22000122070312,28.948501586914062
2018-11-15,19.593381881713867,359.2601013183594,87.3628158569336,73.49871826171875,31.760000228881836,196.4091033935547,155.15481567382812,174.7971954345703,21.05878448486328,145.4632568359375,3915.80908203125,359.7235412597656,75.17324829101562,60.473350524902344,149.66793823242188,84.55997467041016,249.5376434326172,162.88880920410156,235.45962524414062,166.6699981689453,341.6499938964844,200.57000732421875,60.290000915527344,132.74761962890625,23.60414695739746,17.040000915527344,7.468850135803223,33.19633865356445,21.954120635986328,146.60159301757812,21.44556427001953,12.1238431930542,290.05999755859375,67.04373931884766,50.189395904541016,87.80390167236328,37.14817810058594,53.23550033569336,4.8325605392456055,143.85000610351562,28.775943756103516
2018-11-16,19.59766960144043,356.24267578125,86.96180725097656,72.51581573486328,31.440000534057617,194.77488708496094,155.02386474609375,175.0192108154297,20.614944458007812,144.18728637695312,3913.8984375,362.851318359375,76.05535888671875,61.008113861083984,151.3756866455078,85.40765380859375,255.34889221191406,162.88880920410156,238.79795837402344,165.11000061035156,345.3299865722656,201.3699951171875,59.08000183105469,135.2052001953125,23.48030662536621,16.899999618530273,7.574873447418213,33.556556701660156,21.43922233581543,149.54017639160156,21.3708438873291,12.237377166748047,286.2099914550781,67.27935791015625,40.775936126708984,86.85977935791016,36.99022674560547,53.074501037597656,4.8407793045043945,139.52999877929688,28.614341735839844
2018-11-19,19.63198471069336,349.8420104980469,85.18994140625,70.79576873779297,30.469999313354492,185.22402954101562,153.87794494628906,171.1101837158203,19.925575256347656,145.14865112304688,3874.730712890625,358.03363037109375,74.68408203125,61.361595153808594,153.4527130126953,82.37236022949219,250.58306884765625,160.31112670898438,230.69471740722656,161.07000732421875,338.989990234375,193.52000427246094,52.939998626708984,130.2611083984375,23.282163619995117,17.209999084472656,7.628713607788086,32.627586364746094,21.297182083129883,145.9171142578125,21.221391677856445,12.273870468139648,270.6000061035156,66.59062194824219,35.883216857910156,84.97151947021484,36.012901306152344,51.0,4.816123008728027,131.5500030517578,28.293880462646484
2018-11-20,19.185901641845703,342.16119384765625,80.36856842041016,63.344539642333984,29.510000228881836,183.05160522460938,151.2423858642578,169.3921356201172,19.77448081970215,141.18080139160156,3769.646728515625,351.52593994140625,74.13874816894531,60.45521545410156,148.2924041748047,84.00395965576172,246.29757690429688,159.6171417236328,231.2098388671875,159.75999450683594,337.2900085449219,192.16000366210938,54.7599983215332,130.1936492919922,23.11703872680664,16.75,7.653562068939209,33.907283782958984,21.24391746520996,143.79074096679688,21.408203125,12.26576042175293,266.9800109863281,66.1103286743164,36.96938705444336,82.61119842529297,35.0750617980957,51.28799819946289,4.799685955047607,132.42999267578125,28.11310386657715
2018-11-21,19.344600677490234,350.2077941894531,82.41089630126953,63.55561447143555,30.360000610351562,183.6387481689453,152.65020751953125,171.4576416015625,20.529951095581055,145.63804626464844,3821.233642578125,357.4920959472656,74.33121490478516,60.65461730957031,147.9877471923828,84.74226379394531,245.40280151367188,159.30979919433594,230.8334197998047,160.25,343.1700134277344,193.49000549316406,54.91999816894531,129.92379760742188,23.00971221923828,16.81999969482422,7.620429992675781,33.545047760009766,21.350448608398438,145.26918029785156,21.735116958618164,12.399569511413574,262.1300048828125,67.13436889648438,35.885704040527344,84.49945831298828,36.67432403564453,51.88050079345703,4.625302791595459,134.82000732421875,28.20897102355957
2018-11-22,19.23307991027832,354.7796630859375,,,,,149.9655303955078,,,144.65921020507812,3821.233642578125,,,,,,,,,,,,,,22.76202964782715,,7.473818778991699,,21.252796173095703,,,12.26576042175293,,,,84.97151947021484,,,4.542263031005859,,
2018-11-23,19.353181838989258,356.8827209472656,81.88864135742188,61.80290603637695,30.43000030517578,178.68716430664062,150.70216369628906,168.66819763183594,20.92658042907715,143.80271911621094,3849.892578125,355.167236328125,73.87410736083984,60.69087600708008,148.06161499023438,83.86722564697266,246.4105987548828,160.31112670898438,232.8047637939453,160.38999938964844,340.8599853515625,192.64999389648438,55.75,130.0394287109375,23.001455307006836,16.899999618530273,7.485415935516357,33.41158676147461,21.696670532226562,143.7268524169922,21.65105438232422,12.330636978149414,258.82000732421875,67.1434326171875,35.95761489868164,82.61119842529297,36.55585861206055,51.194000244140625,4.533959865570068,131.72999572753906,28.463699340820312
2018-11-26,19.438966751098633,356.24267578125,83.28749084472656,63.546409606933594,30.139999389648438,187.73898315429688,154.84378051757812,171.2259979248047,21.41763687133789,147.43844604492188,3876.641357421875,356.8198547363281,74.41944885253906,60.14705276489258,149.16937255859375,83.91279602050781,250.68670654296875,160.83657836914062,237.93612670898438,167.39999389648438,353.17999267578125,196.6999969482422,58.40999984741211,130.59841918945312,23.52984619140625,16.690000534057617,7.559964179992676,34.32671356201172,21.838712692260742,144.7216339111328,21.557649612426758,12.403624534606934,261.42999267578125,68.04967498779297,37.953880310058594,84.49945831298828,37.80959701538086,52.430999755859375,4.492439270019531,136.3800048828125,28.932065963745117
2018-11-27,19.443256378173828,354.2309875488281,85.46036529541016,65.50099182128906,30.1299991607666,188.84474182128906,155.56405639648438,171.36151123046875,21.077672958374023,147.1412811279297,3885.238525390625,356.7638244628906,74.6359634399414,60.418968200683594,149.6217498779297,84.88810729980469,255.38661193847656,159.1511688232422,239.71925354003906,175.4499969482422,353.5899963378906,194.39999389648438,59.349998474121094,133.06564331054688,23.628917694091797,16.549999237060547,7.639480113983154,34.31718444824219,21.732179641723633,142.61349487304688,21.268102645874023,12.545541763305664,266.6300048828125,68.28528594970703,38.12251281738281,84.49945831298828,38.34268569946289,52.22050094604492,4.542263031005859,135.0,28.666385650634766
2018-11-28,19.45612335205078,354.6882629394531,87.37214660644531,65.9598159790039,31.309999465942383,197.94546508789062,155.6622772216797,177.31422424316406,21.719818115234375,145.77789306640625,3868.043701171875,358.58447265625,75.63035583496094,61.04436492919922,149.54788208007812,86.92988586425781,264.6168518066406,163.67201232910156,245.07847595214844,178.3800048828125,363.6400146484375,202.41000366210938,63.540000915527344,139.14695739746094,23.670198440551758,16.760000228881836,7.558306694030762,35.37529373168945,21.58126449584961,144.79461669921875,21.52962875366211,12.496885299682617,282.6499938964844,69.39091491699219,39.69472885131836,85.91564178466797,40.49477005004883,54.311500549316406,4.625302791595459,136.75999450683594,29.197751998901367
2018-11-29,19.305999755859375,355.41973876953125,86.91520690917969,65.30828094482422,31.6299991607666,192.44593811035156,155.02386474609375,174.5653076171875,21.474294662475586,146.1624298095703,3900.524169921875,358.63116455078125,75.23741912841797,60.89028549194336,150.21255493164062,88.0510025024414,266.12384033203125,160.42018127441406,246.2374725341797,179.4499969482422,359.57000732421875,201.1199951171875,64.08999633789062,139.2625732421875,23.538101196289062,16.950000762939453,7.4705071449279785,34.83194351196289,21.97187614440918,145.29656982421875,21.482925415039062,12.472557067871094,288.75,68.88341522216797,39.061737060546875,86.38771057128906,39.21141052246094,54.415000915527344,4.600390434265137,138.67999267578125,29.033409118652344
2018-11-30,19.477569580078125,351.1221008300781,88.00630187988281,65.11559295654297,30.719999313354492,196.7613983154297,152.38827514648438,176.99484252929688,21.644275665283203,142.3519287109375,3852.75830078125,359.7235412597656,77.32246398925781,61.035301208496094,151.84649658203125,88.89871215820312,265.8498229980469,144.38906860351562,247.20828247070312,180.7899932861328,365.6499938964844,203.75999450683594,62.45000076293945,139.10800170898438,23.323442459106445,17.190000534057617,7.487072467803955,35.537353515625,21.678916931152344,146.8114776611328,21.352163314819336,12.529322624206543,286.1300048828125,69.7262191772461,40.56849670410156,86.38771057128906,39.566802978515625,54.721500396728516,4.691734790802002,140.61000061035156,28.890981674194336
2018-12-03,19.215925216674805,378.09637451171875,87.93167877197266,66.38191986083984,28.200000762939453,205.363037109375,155.2857666015625,179.259765625,22.333646774291992,142.806396484375,3897.65771484375,365.1668395996094,77.1460189819336,62.22264862060547,150.5448455810547,90.0107650756836,270.5458068847656,146.7982177734375,249.615478515625,184.64999389648438,382.6099853515625,206.36000061035156,64.87999725341797,141.3300323486328,23.761014938354492,16.719999313354492,7.461395263671875,36.54780197143555,22.149423599243164,152.0590057373047,21.566991806030273,12.533377647399902,290.29998779296875,70.69589233398438,42.20930862426758,88.27596282958984,40.929134368896484,55.32149887084961,4.791382312774658,141.08999633789062,28.90467643737793
2018-12-04,19.49901580810547,370.6899108886719,84.23873138427734,63.60148239135742,27.979999542236328,196.19383239746094,152.65020751953125,171.92288208007812,20.9643497467041,139.0657958984375,3858.489990234375,359.5461730957031,75.78273010253906,60.600242614746094,150.91407775878906,87.95076751708984,263.1947326660156,142.0989227294922,241.60137939453125,177.92999267578125,372.79998779296875,196.8000030517578,59.810001373291016,137.3110809326172,22.918895721435547,16.06999969482422,7.428263187408447,33.77383041381836,21.306058883666992,149.5949249267578,20.46482276916504,12.407678604125977,275.3299865722656,67.95905303955078,38.99967575073242,86.38771057128906,40.080142974853516,52.54100036621094,4.783078193664551,137.92999267578125,28.611604690551758
2018-12-05,19.250240325927734,368.67828369140625,,,,,151.37335205078125,,,138.48899841308594,3847.026611328125,,,,,,,,,,,,,,22.753772735595703,,7.445657253265381,,20.800045013427734,,,12.399569511413574,,,,86.38771057128906,,,4.575479984283447,,
2018-12-06,18.872783660888672,357.43133544921875,84.81690216064453,63.812538146972656,29.149999618530273,198.64024353027344,144.8744659423828,167.92535400390625,20.40719223022461,133.99681091308594,3697.043212890625,366.6700744628906,76.75305938720703,62.06858825683594,154.74514770507812,87.7228775024414,261.58843994140625,142.35667419433594,239.7687530517578,179.61000061035156,381.69000244140625,199.69000244140625,55.810001373291016,136.07449340820312,21.895139694213867,15.819999694824219,7.360340595245361,33.06841278076172,19.734737396240234,147.26780700683594,21.165353775024414,12.22115707397461,282.8800048828125,66.41844177246094,39.2925910949707,83.08325958251953,38.9053840637207,53.436500549316406,4.533959865570068,139.6300048828125,28.926586151123047
2018-12-07,19.027196884155273,361.4546203613281,83.37142181396484,62.22502899169922,28.93000030517578,192.2893524169922,143.43389892578125,163.71490478515625,19.831146240234375,134.90573120117188,3699.909423828125,360.83465576171875,74.7642593383789,60.58210754394531,153.63739013671875,85.89987182617188,254.3412628173828,140.74069213867188,233.64675903320312,172.2100067138672,372.8299865722656,190.00999450683594,53.40999984741211,131.25363159179688,21.50710105895996,16.1299991607666,7.331349849700928,32.0675048828125,20.25851058959961,143.4257049560547,20.455482482910156,12.192774772644043,265.1400146484375,64.56969451904297,36.641475677490234,83.55532836914062,39.17192459106445,51.82899856567383,4.575479984283447,137.4199981689453,28.48560905456543
2018-12-10,18.872783660888672,355.9683532714844,83.3994140625,62.69300079345703,28.3700008392334,193.8158721923828,143.7613067626953,163.6954803466797,19.93502426147461,134.0317840576172,3694.177490234375,361.4041748046875,74.67606353759766,59.76637268066406,153.41583251953125,87.03013610839844,251.8373565673828,138.3513946533203,234.85531616210938,173.77999877929688,377.5899963378906,196.0,52.34000015258789,129.57264709472656,21.15209197998047,15.420000076293945,7.236924171447754,32.57271957397461,19.548311233520508,143.35269165039062,19.895057678222656,12.148171424865723,269.70001220703125,64.6421890258789,37.696468353271484,84.49945831298828,38.64871597290039,51.977500915527344,4.359576225280762,141.85000610351562,28.51573944091797
2018-12-11,19.12156105041504,365.20355224609375,83.446044921875,61.27984619140625,27.940000534057617,193.50274658203125,142.25526428222656,161.449951171875,19.746152877807617,134.62603759765625,3754.361572265625,363.9436950683594,74.41944885253906,60.24674987792969,153.8312225341797,87.0210189819336,252.48931884765625,139.75918579101562,235.27137756347656,173.22999572753906,375.7200012207031,196.47000122070312,53.4900016784668,129.3504638671875,20.863128662109375,15.289999961853027,7.366139888763428,32.42973709106445,20.04545021057129,142.30319213867188,19.885717391967773,12.200883865356445,265.32000732421875,64.27064514160156,36.78544616699219,85.4435806274414,39.5174446105957,52.587501525878906,4.525655746459961,142.0800018310547,28.68555450439453
2018-12-12,19.40464973449707,374.6217041015625,85.89869689941406,62.20667266845703,28.3799991607666,195.9980926513672,145.6929473876953,163.72454833984375,19.972797393798828,138.9609375,3855.62451171875,361.4415283203125,72.35845947265625,58.58809280395508,151.9941864013672,87.23979187011719,255.72076416015625,139.64022827148438,239.0059814453125,175.4499969482422,377.9599914550781,199.72999572753906,53.709999084472656,130.3842010498047,20.904409408569336,15.65999984741211,7.569074630737305,32.60132598876953,19.974428176879883,143.92764282226562,19.84835433959961,12.379295349121094,274.8800048828125,64.44283294677734,36.961700439453125,84.97151947021484,39.98142623901367,53.183998107910156,4.675127029418945,144.5,28.762250900268555
2018-12-13,19.19447898864746,376.1761779785156,87.93167877197266,61.18809509277344,27.969999313354492,194.6966094970703,144.18692016601562,164.10205078125,19.632829666137695,138.97842407226562,3849.892578125,363.49566650390625,72.06974792480469,59.023155212402344,153.9789276123047,87.04837036132812,257.1474609375,138.510009765625,239.25364685058594,173.4199981689453,378.510009765625,194.97000122070312,52.45000076293945,131.6980743408203,20.978713989257812,14.930000305175781,7.620429992675781,32.13422393798828,20.205245971679688,143.53521728515625,19.717592239379883,12.192774772644043,276.0199890136719,64.16189575195312,36.9592170715332,86.38771057128906,39.67539596557617,53.095001220703125,4.5920867919921875,145.00999450683594,28.896461486816406
2018-12-14,19.460412979125977,369.7755432128906,87.06438446044922,61.63772201538086,27.969999313354492,191.1444091796875,144.66165161132812,161.2756805419922,19.000125885009766,138.4715118408203,3859.445556640625,361.236083984375,71.59660339355469,58.74216079711914,153.79429626464844,85.4259033203125,250.4105682373047,136.22975158691406,232.15585327148438,170.05999755859375,381.1700134277344,190.27000427246094,51.16999816894531,122.43321990966797,20.598936080932617,14.670000076293945,7.6038641929626465,31.123783111572266,20.09871482849121,141.82864379882812,19.96044158935547,12.269816398620605,266.8399963378906,63.962528228759766,36.3535270690918,83.55532836914062,38.94487762451172,52.10499954223633,4.583783149719238,144.05999755859375,28.975889205932617
2018-12-17,19.207345962524414,368.58685302734375,84.35063171386719,59.022464752197266,27.520000457763672,186.3689727783203,143.1392364501953,160.956298828125,18.69793128967285,133.57728576660156,3840.33935546875,344.5794677734375,69.0946044921875,56.17625427246094,148.56935119628906,83.72138214111328,243.8437042236328,132.65077209472656,226.88204956054688,166.1699981689453,375.5,183.7899932861328,47.869998931884766,118.94562530517578,20.400787353515625,14.140000343322754,7.40755558013916,31.142845153808594,19.974428176879883,140.3684539794922,19.400014877319336,12.28603458404541,262.79998779296875,62.693782806396484,35.64110565185547,83.55532836914062,37.770111083984375,50.826499938964844,4.625302791595459,140.19000244140625,28.781421661376953
2018-12-18,18.95427894592285,368.0382080078125,85.29251098632812,59.93092346191406,26.899999618530273,187.50413513183594,143.7285614013672,162.60179138183594,18.80181121826172,133.0179443359375,3833.652587890625,346.3627624511719,68.66957092285156,57.18983840942383,149.8340301513672,83.85810852050781,239.02487182617188,129.35928344726562,228.29962158203125,163.42999267578125,369.0,187.57000732421875,47.9900016784668,121.06134796142578,20.98697280883789,14.229999542236328,7.387675762176514,31.72433090209961,19.841270446777344,141.23545837402344,19.642866134643555,12.28603458404541,270.94000244140625,62.42190933227539,36.47516632080078,84.02738952636719,37.91818618774414,51.43550109863281,4.542263031005859,143.66000366210938,28.99506378173828
2018-12-19,19.220212936401367,372.7929992675781,84.23873138427734,57.655189514160156,26.8799991607666,183.11032104492188,144.1378173828125,161.6531982421875,18.272981643676758,132.37123107910156,3849.892578125,344.0006103515625,67.33033752441406,55.92970657348633,150.04637145996094,83.18360900878906,236.51150512695312,127.2971420288086,226.37648010253906,158.66000366210938,360.70001220703125,183.89999389648438,48.58000183105469,118.10509490966797,20.062286376953125,14.699999809265137,7.450627326965332,30.056133270263672,19.974428176879883,140.63311767578125,19.549461364746094,12.472557067871094,266.7699890136719,61.63347625732422,34.382568359375,84.49945831298828,37.41472244262695,51.1505012512207,4.61699914932251,133.24000549316406,28.718425750732422
2018-12-20,19.20305633544922,365.6607666015625,83.14762878417969,56.61825942993164,25.860000610351562,178.79481506347656,143.1392364501953,160.2497100830078,18.04633903503418,129.20745849609375,3868.998779296875,334.44915771484375,64.80422973632812,55.12614440917969,149.12318420410156,81.94393920898438,229.07537841796875,124.51127624511719,217.75204467773438,161.3000030517578,356.2300109863281,185.0399932861328,45.869998931884766,115.7864761352539,19.51738739013672,15.09000015258789,7.289935111999512,29.455583572387695,19.38851547241211,141.03465270996094,19.16651153564453,12.208993911743164,260.5799865722656,60.8178596496582,33.53609848022461,83.08325958251953,37.7503662109375,50.47050094604492,4.61699914932251,133.39999389648438,28.32400894165039
2018-12-21,19.173030853271484,362.1861877441406,81.7301025390625,56.09519958496094,25.049999237060547,171.4359588623047,142.87730407714844,156.41673278808594,17.96135139465332,130.2212371826172,3885.238525390625,327.07318115234375,64.53959655761719,53.756431579589844,145.85531616210938,80.75899505615234,225.20135498046875,123.05390930175781,213.9156494140625,156.5,344.6000061035156,184.94000244140625,44.0099983215332,116.00868225097656,19.814605712890625,14.380000114440918,7.3487443923950195,28.89316177368164,19.86789894104004,141.6278839111328,19.614845275878906,12.131953239440918,246.38999938964844,60.147254943847656,32.16337585449219,81.19499969482422,39.033721923828125,48.97700119018555,4.3678812980651855,124.94999694824219,28.13775634765625
2018-12-24,18.919965744018555,353.8652648925781,80.16339874267578,56.48060989379883,24.469999313354492,170.90753173828125,,153.90013122558594,17.640274047851562,127.91397857666016,3733.34521484375,316.5320739746094,62.254085540771484,51.080936431884766,141.7751007080078,78.2068099975586,220.09901428222656,119.78225708007812,206.65924072265625,151.91000366210938,340.6400146484375,176.17999267578125,42.880001068115234,112.19259643554688,,13.90999984741211,,27.634868621826172,20.00994110107422,136.7819061279297,19.39067840576172,,233.8800048828125,58.7788200378418,31.545278549194336,,38.40190887451172,48.81100082397461,4.442615509033203,124.05999755859375,22.0489559173584
2018-12-26,,,84.90082550048828,59.74739456176758,25.549999237060547,182.43511962890625,,159.63023376464844,18.527956008911133,,,326.1021423339844,64.51554870605469,52.934608459472656,146.22122192382812,80.81370544433594,229.9351348876953,123.47030639648438,216.07672119140625,161.83999633789062,363.2900085449219,185.60000610351562,48.33000183105469,117.17765045166016,,14.170000076293945,,29.20773696899414,,143.20669555664062,20.109888076782227,,253.6699981689453,61.43410873413086,33.03963851928711,,39.46808624267578,51.972999572753906,,134.17999267578125,22.221515655517578
2018-12-27,18.812732696533203,352.49371337890625,85.66554260253906,59.38034439086914,24.780000686645508,184.64666748046875,140.04531860351562,163.71490478515625,18.735706329345703,127.6692886352539,3804.992919921875,323.4132385253906,63.87398910522461,52.96201705932617,147.21438598632812,82.17951965332031,232.41075134277344,123.52978515625,219.1696014404297,162.3699951171875,364.7900085449219,187.9499969482422,48.33000183105469,118.230712890625,19.451337814331055,14.430000305175781,7.040615081787109,30.0751953125,19.734737396240234,145.7893524169922,20.436800003051758,11.815677642822266,255.57000732421875,62.285980224609375,32.560546875,82.1391372680664,39.32987976074219,52.194000244140625,4.268233299255371,134.52000427246094,21.912006378173828
2018-12-28,18.928544998168945,363.4662780761719,85.67488098144531,59.60975646972656,24.639999389648438,182.17088317871094,143.84315490722656,162.90182495117188,18.546838760375977,131.21759033203125,3882.373046875,329.4447021484375,64.01836395263672,53.409446716308594,147.4279022216797,81.822021484375,232.6658477783203,123.44055938720703,220.51783752441406,161.4199981689453,362.6199951171875,185.8800048828125,48.40999984741211,118.3563003540039,19.699020385742188,14.550000190734863,7.120131969451904,30.86639976501465,20.4449405670166,146.65634155273438,20.446138381958008,12.002199172973633,256.0799865722656,61.8419075012207,33.17616653442383,81.66707611083984,38.91818618774414,51.854000091552734,4.359576225280762,133.1999969482422,22.472566604614258
2018-12-31,18.937122344970703,376.35906982421875,86.13182830810547,60.64668273925781,24.739999771118164,184.60751342773438,,164.4892120361328,18.537395477294922,131.5496826171875,3880.462646484375,329.1739196777344,64.09939575195312,53.619468688964844,146.8338165283203,83.38037109375,235.38706970214844,125.27467346191406,221.84613037109375,165.7100067138672,373.5,186.02000427246094,49.56999969482422,120.23050689697266,,14.380000114440918,,31.209575653076172,20.507083892822266,147.06985473632812,20.75437355041504,,267.6600036621094,62.22254180908203,33.13893508911133,,38.967552185058594,51.78049850463867,4.392792701721191,131.08999633789062,24.17420768737793
2019-01-02,18.967147827148438,368.3124694824219,86.0478744506836,60.96786117553711,25.829999923706055,185.6741943359375,143.59759521484375,164.40213012695312,18.527956008911133,131.68951416015625,3939.691650390625,326.7837829589844,63.045684814453125,52.076255798339844,145.48793029785156,80.59368896484375,230.0674285888672,125.34407043457031,217.5141143798828,164.0800018310547,372.44000244140625,182.4600067138672,48.18000030517578,117.63172149658203,19.814605712890625,14.619999885559082,7.408383846282959,31.914979934692383,20.471572875976562,146.64715576171875,19.810993194580078,12.046801567077637,267.6600036621094,62.17723083496094,33.814117431640625,82.1391372680664,39.00703811645508,52.29249954223633,4.2599287033081055,135.67999267578125,23.308547973632812
2019-01-03,19.00575065612793,348.10467529296875,85.02206420898438,60.13280487060547,25.68000030517578,177.29757690429688,142.1570281982422,159.09786987304688,17.66860580444336,131.3224639892578,3886.194091796875,322.9930419921875,62.786293029785156,51.65622329711914,146.36044311523438,78.32952117919922,223.79348754882812,122.63751220703125,210.3271026611328,163.72999572753906,372.0799865722656,178.02000427246094,46.22999954223633,115.39039611816406,19.500877380371094,14.729999542236328,7.445657253265381,30.0656681060791,20.320653915405273,142.71429443359375,20.24999237060547,12.148171424865723,271.20001220703125,60.38286590576172,31.771167755126953,79.77882385253906,37.90129470825195,50.803001403808594,4.251625061035156,131.74000549316406,22.324169158935547
2019-01-04,19.164451599121094,363.3748779296875,87.53999328613281,60.95869064331055,26.139999389648438,185.6937713623047,145.31643676757812,166.7348175048828,18.886804580688477,135.552490234375,4037.13330078125,330.3224182128906,64.34256744384766,52.96201705932617,146.9451904296875,80.78618621826172,226.41079711914062,126.86092376708984,219.8338165283203,172.6999969482422,397.54998779296875,187.42999267578125,49.439998626708984,119.20648193359375,20.2274112701416,14.779999732971191,7.5077805519104,32.124698638916016,21.368202209472656,148.50332641601562,20.83843994140625,12.249542236328125,297.57000732421875,62.104705810546875,33.806678771972656,81.19499969482422,40.102909088134766,53.535499572753906,4.318056583404541,137.9499969482422,22.76441764831543
2019-01-07,19.19447898864746,362.4604797363281,89.19995880126953,63.94100570678711,26.530000686645508,187.12246704101562,144.3506317138672,168.07054138183594,19.53839683532715,135.83212280273438,4018.026611328125,330.9853210449219,66.231201171875,53.82034683227539,147.85488891601562,75.5794906616211,226.84544372558594,125.88935089111328,222.7978057861328,175.85000610351562,396.6300048828125,186.88999938964844,52.130001068115234,120.2208480834961,20.359508514404297,14.920000076293945,7.429919719696045,32.696651458740234,20.977590560913086,146.95956420898438,21.146671295166016,12.241432189941406,315.3399963378906,62.285980224609375,35.59641647338867,82.1391372680664,40.37934875488281,53.419498443603516,4.1934967041015625,138.0500030517578,22.91281509399414
2019-01-08,19.37462615966797,375.353271484375,91.04644775390625,63.87676239013672,27.239999771118164,188.4850311279297,144.74349975585938,169.60955810546875,19.95390510559082,137.49269104003906,3978.859130859375,337.8570251464844,68.89795684814453,55.610103607177734,149.525634765625,76.11116790771484,229.8784942626953,127.25749206542969,227.982421875,178.19000244140625,397.260009765625,189.2899932861328,53.779998779296875,121.91153717041016,20.598936080932617,15.359999656677246,7.4961838722229,31.37162208557129,21.22616195678711,145.268798828125,21.286779403686523,12.058966636657715,320.2699890136719,61.78754806518555,34.71023941040039,83.55532836914062,40.24113082885742,53.81399917602539,4.2599287033081055,142.52999877929688,23.18488121032715
2019-01-09,19.211633682250977,384.1312561035156,90.48690795898438,64.50077056884766,27.280000686645508,191.90614318847656,145.18548583984375,168.0899200439453,20.284425735473633,137.0557098388672,4010.384033203125,333.6181640625,69.89492797851562,55.98448944091797,148.21685791015625,77.27534484863281,230.2091827392578,128.57608032226562,234.3367462158203,182.3000030517578,399.5799865722656,192.22000122070312,55.06999969482422,123.94999694824219,20.84661865234375,15.539999961853027,7.4001007080078125,32.696651458740234,21.705549240112305,144.07423400878906,21.763137817382812,11.961651802062988,319.9599914550781,62.58503723144531,35.39287185668945,83.08325958251953,41.7911491394043,53.733001708984375,4.442615509033203,144.22999572753906,23.21950912475586
2019-01-10,19.396074295043945,370.6899108886719,89.50772857666016,62.665504455566406,26.809999465942383,193.0628662109375,145.61109924316406,171.46795654296875,19.9444637298584,139.25808715820312,4079.166259765625,346.09197998046875,70.63256072998047,56.961551666259766,150.24034118652344,77.77033233642578,231.37136840820312,129.77566528320312,236.78526306152344,186.02999877929688,408.05999755859375,192.72000122070312,55.54999923706055,125.35082244873047,20.698007583618164,15.649999618530273,7.477133274078369,33.13515090942383,21.80320167541504,144.4509735107422,22.351587295532227,11.957596778869629,324.6600036621094,63.60908889770508,36.05068588256836,82.61119842529297,41.90961837768555,53.51649856567383,4.467527866363525,144.1999969482422,22.35384750366211
2019-01-11,19.23307991027832,371.1470947265625,90.73871612548828,63.87676239013672,27.1200008392334,192.03358459472656,146.24952697753906,170.33544921875,19.736709594726562,137.4052734375,4129.79736328125,346.7922668457031,70.94868469238281,56.94328689575195,149.81336975097656,77.77033233642578,234.0170135498047,130.7869110107422,237.9153594970703,188.16000366210938,408.6300048828125,192.91000366210938,55.470001220703125,124.7614974975586,20.623703002929688,15.649999618530273,7.497840404510498,33.154205322265625,21.67003631591797,144.07423400878906,22.239500045776367,11.941377639770508,337.5899963378906,63.63626480102539,36.9443244934082,84.02738952636719,41.57394027709961,52.859500885009766,4.5173516273498535,143.8000030517578,21.99768829345703
2019-01-14,19.198768615722656,363.64923095703125,90.375,63.17018508911133,27.0,191.5727996826172,146.65878295898438,171.3421173095703,19.604501724243164,139.0657958984375,4193.80322265625,351.60064697265625,70.348876953125,56.93415832519531,149.81336975097656,77.6878433227539,234.38552856445312,130.02352905273438,232.9984588623047,183.91000366210938,400.7300109863281,189.7899932861328,57.130001068115234,124.87743377685547,20.698007583618164,15.34000015258789,7.521033763885498,32.2772216796875,21.705549240112305,142.53968811035156,22.164779663085938,11.941377639770508,332.94000244140625,63.78126907348633,37.34398651123047,83.55532836914062,40.813743591308594,52.234500885009766,4.758166313171387,145.38999938964844,21.171600341796875
2019-01-15,19.138717651367188,363.74139404296875,88.50987243652344,62.59207534790039,27.100000381469727,192.64132690429688,146.65878295898438,175.79458618164062,19.925575256347656,139.04833984375,4269.27294921875,357.5761413574219,71.01351165771484,57.719459533691406,151.34495544433594,78.86117553710938,242.7098846435547,131.500732421875,233.42471313476562,186.67999267578125,405.0199890136719,196.00999450683594,59.2400016784668,127.03184509277344,20.35125160217285,15.3100004196167,7.501153945922852,32.17235565185547,21.85646629333496,142.50294494628906,22.015329360961914,11.917049407958984,354.6400146484375,63.32814025878906,37.20248031616211,83.55532836914062,41.56407165527344,53.85749816894531,4.741558074951172,148.9499969482422,21.27547836303711
2019-01-16,19.16016387939453,366.2321472167969,87.62393188476562,62.26172637939453,27.110000610351562,193.86669921875,147.41180419921875,179.06617736816406,21.01156997680664,141.05845642089844,4216.7314453125,355.83013916015625,71.71870422363281,58.020790100097656,152.0225372314453,79.74118041992188,247.04684448242188,130.89596557617188,232.592041015625,186.14999389648438,404.5400085449219,197.24000549316406,60.43000030517578,127.82398986816406,20.66498374938965,15.279999732971191,7.459738254547119,32.0675048828125,21.954120635986328,142.08023071289062,21.79115867614746,11.937322616577148,351.3900146484375,63.52751159667969,36.946800231933594,84.97151947021484,42.08732604980469,54.048500061035156,4.583783149719238,147.5399932861328,21.082561492919922
2019-01-17,19.17732048034668,366.69342041015625,85.84272766113281,63.65653991699219,27.299999237060547,195.37625122070312,147.60824584960938,179.3759307861328,21.38930320739746,140.16702270507812,4207.1787109375,356.5023498535156,72.11590576171875,58.48649597167969,152.57948303222656,80.30037689208984,245.44998168945312,134.0982208251953,236.10125732421875,190.52000427246094,417.3800048828125,196.89999389648438,63.290000915527344,129.51470947265625,20.780569076538086,15.289999961853027,7.503639221191406,32.92543411254883,21.9274845123291,143.32992553710938,22.127418518066406,11.840007781982422,353.19000244140625,64.3159408569336,37.661705017089844,84.02738952636719,42.35388946533203,54.494998931884766,4.500743389129639,148.3000030517578,21.621742248535156
2019-01-18,19.34889030456543,378.2247009277344,88.57515716552734,64.858642578125,27.709999084472656,198.01318359375,150.68580627441406,182.58946228027344,21.549842834472656,144.95635986328125,4254.9423828125,349.81732177734375,72.33472442626953,59.08003234863281,152.8486328125,80.02535247802734,250.86415100097656,136.51727294921875,238.5696563720703,194.6999969482422,418.8399963378906,200.8699951171875,62.380001068115234,129.97837829589844,21.341981887817383,15.25,7.588953971862793,34.04073715209961,22.451261520385742,145.75582885742188,22.48234748840332,12.058966636657715,339.1000061035156,65.131591796875,38.95499038696289,85.4435806274414,42.9265022277832,54.91299819946289,4.658519268035889,150.0399932861328,21.443666458129883
2019-01-21,19.258817672729492,380.8999328613281,,,,,151.27513122558594,,,144.16981506347656,4305.57470703125,,,,,,,,,,,,,,21.185115814208984,,7.497840404510498,,22.264833450317383,,,11.791349411010742,,,,87.33184051513672,,,4.783078193664551,,
2019-01-22,19.26310920715332,378.2247009277344,85.81948852539062,64.49159240722656,26.600000381469727,195.5233154296875,149.2943572998047,181.28271484375,20.92658042907715,142.68405151367188,4251.12255859375,346.400146484375,71.60523223876953,59.153076171875,152.85792541503906,79.75035095214844,251.0436553955078,134.53445434570312,238.60928344726562,193.8800048828125,404.75,201.30999755859375,60.47999954223633,128.46163940429688,21.14383888244629,15.1899995803833,7.509437561035156,32.830101013183594,22.415748596191406,144.9196319580078,21.71643829345703,11.746747970581055,325.1600036621094,63.835655212402344,36.92942428588867,86.38771057128906,41.672672271728516,53.5260009765625,4.724950790405273,147.57000732421875,21.794876098632812
2019-01-23,19.88075828552246,380.71539306640625,86.07255554199219,64.5282974243164,26.559999465942383,194.43527221679688,150.29290771484375,181.58279418945312,21.04934310913086,142.33445739746094,4222.46240234375,341.03155517578125,71.3863754272461,59.41789245605469,153.88824462890625,79.89701843261719,252.3003387451172,134.83187866210938,239.3626708984375,189.88999938964844,401.2099914550781,201.63999938964844,60.16999816894531,129.25387573242188,21.341981887817383,15.069999694824219,7.5980658531188965,32.706180572509766,22.0872802734375,143.48611450195312,21.38018226623535,11.722418785095215,321.989990234375,63.57283401489258,37.05850601196289,87.33184051513672,41.652923583984375,53.778499603271484,4.658519268035889,144.3000030517578,22.071887969970703
2019-01-24,19.79497528076172,382.5604248046875,86.04443359375,64.7944107055664,27.31999969482422,195.8468017578125,151.45518493652344,182.52169799804688,21.115442276000977,142.15965270996094,4215.775390625,346.6522521972656,69.9922103881836,59.10742950439453,153.75830078125,79.96118927001953,251.45945739746094,135.18878173828125,238.49037170410156,186.5800018310547,407.92999267578125,206.16000366210938,61.029998779296875,128.19113159179688,21.341981887817383,14.960000038146973,7.767040252685547,36.05210494995117,22.10503578186035,143.80772399902344,22.10873794555664,11.527787208557129,326.6700134277344,63.58189392089844,39.18088912963867,85.91564178466797,42.29465103149414,53.69499969482422,4.716646671295166,145.8300018310547,22.240076065063477
2019-01-25,20.060909271240234,388.5566711425781,87.93778228759766,66.42781066894531,27.68000030517578,198.9346160888672,151.97903442382812,183.2379150390625,21.55928611755371,143.41819763183594,4222.46240234375,344.9342346191406,72.32664489746094,60.2762451171875,155.39190673828125,79.76868438720703,253.27357482910156,136.21983337402344,238.8075408935547,189.5,418.2900085449219,208.85000610351562,63.0,128.39401245117188,21.771299362182617,14.800000190734863,7.822537899017334,37.35806655883789,22.74422264099121,147.86012268066406,22.426307678222656,11.44263744354248,338.04998779296875,64.40658569335938,39.75429916381836,88.27596282958984,43.50899124145508,54.54949951171875,4.766469955444336,149.00999450683594,22.710002899169922
2019-01-28,19.915071487426758,385.88140869140625,87.30977630615234,66.18003845214844,27.790000915527344,196.20950317382812,151.0459442138672,182.12481689453125,21.512069702148438,139.9048309326172,4246.345703125,352.0954895019531,72.7076187133789,60.91543197631836,155.98599243164062,79.21868133544922,252.0640869140625,135.32757568359375,235.8137969970703,188.08999633789062,413.95001220703125,205.6999969482422,62.040000915527344,127.26366424560547,21.721759796142578,14.4399995803833,7.776980876922607,36.89097595214844,22.682077407836914,146.9228057861328,22.519712448120117,11.535898208618164,335.6600036621094,62.630332946777344,34.258453369140625,86.38771057128906,42.9265022277832,53.50400161743164,4.724950790405273,147.47000122070312,23.199722290039062
2019-01-29,20.073776245117188,385.9736328125,87.57222747802734,65.79463958740234,27.399999618530273,195.30763244628906,152.01177978515625,180.37286376953125,21.20987892150879,140.97103881835938,4327.54638671875,354.1308898925781,72.97508239746094,61.67335510253906,157.2761993408203,79.2645263671875,252.6027069091797,135.446533203125,234.84228515625,186.3800048828125,417.1499938964844,204.2899932861328,60.7599983215332,133.35006713867188,21.61443328857422,14.380000114440918,7.985713481903076,36.41434860229492,22.460140228271484,150.0011444091797,22.49169158935547,11.584555625915527,328.8999938964844,64.44283294677734,32.66728973388672,85.91564178466797,43.133827209472656,53.03099822998047,4.675127029418945,144.19000244140625,23.17498779296875
2019-01-30,20.01372718811035,398.7964172363281,89.74676513671875,66.37274169921875,26.739999771118164,199.99331665039062,151.42245483398438,182.94754028320312,21.30430793762207,141.4429931640625,4384.865234375,357.6041564941406,73.69647216796875,62.44950866699219,158.23226928710938,80.51119995117188,255.4656982421875,137.1815185546875,242.93141174316406,187.0500030517578,419.9100036621094,207.67999267578125,62.06999969482422,134.3451385498047,21.25116539001465,14.529999732971191,7.926076412200928,37.748905181884766,22.42462921142578,150.6811065673828,22.68783950805664,11.552116394042969,340.6600036621094,66.046875,34.10455322265625,84.97151947021484,44.081607818603516,54.452999114990234,4.724950790405273,150.4199981689453,23.743850708007812
2019-01-31,19.74779510498047,403.59344482421875,90.13107299804688,66.987548828125,28.3799991607666,206.96299743652344,151.48793029785156,185.50286865234375,21.200437545776367,138.24429321289062,4374.35693359375,367.8651428222656,74.9204330444336,63.15263748168945,160.43214416503906,81.02452087402344,255.3050994873047,138.15310668945312,243.53610229492188,190.91000366210938,429.2699890136719,212.77999877929688,64.19999694824219,134.70263671875,21.38326072692871,14.710000038146973,8.008907318115234,37.253211975097656,22.28258514404297,151.057861328125,22.77190589904785,11.438582420349121,339.5,69.10089874267578,35.68330001831055,84.02738952636719,44.04212188720703,55.81850051879883,4.733254432678223,166.69000244140625,24.035703659057617
2019-02-01,19.683452606201172,411.619140625,91.02152252197266,65.30828094482422,28.559999465942383,209.55088806152344,152.12637329101562,187.61294555664062,22.17310333251953,138.6288299560547,4375.3125,370.0873107910156,74.02073669433594,63.38092041015625,158.19512939453125,80.95118713378906,253.90664672851562,139.7790069580078,241.31556701660156,191.52000427246094,430.1499938964844,205.3800048828125,63.20000076293945,134.97314453125,21.23465347290039,14.770000457763672,8.010562896728516,37.47246170043945,22.761974334716797,152.43621826171875,22.968050003051758,11.539952278137207,339.8500061035156,69.3093490600586,35.92655944824219,85.91564178466797,43.69657516479492,55.537498474121094,4.857813358306885,165.7100067138672,24.560047149658203
2019-02-04,19.86789321899414,407.83685302734375,91.73385620117188,66.47368621826172,28.290000915527344,210.66839599609375,151.68438720703125,188.17434692382812,22.39030647277832,138.43655395507812,4418.30126953125,369.0696105957031,75.22846984863281,63.600067138671875,158.6685333251953,80.49286651611328,253.42471313476562,139.75918579101562,241.4741973876953,187.97999572753906,425.3999938964844,203.16000366210938,64.41999816894531,134.05532836914062,21.20988655090332,14.640000343322754,7.919450283050537,37.081626892089844,22.904014587402344,153.34596252441406,22.613115310668945,11.479129791259766,351.3399963378906,69.87122344970703,37.03119659423828,84.97151947021484,43.943389892578125,56.63999938964844,4.8495097160339355,169.25,25.143749237060547
2019-02-05,20.039464950561523,416.2316589355469,91.94944763183594,66.7764892578125,29.040000915527344,211.5996551513672,153.27224731445312,188.64862060546875,22.41864013671875,140.2893829345703,4445.05029296875,369.53643798828125,75.76343536376953,63.864891052246094,160.0515594482422,80.69453430175781,251.62948608398438,140.69110107421875,243.87319946289062,187.02000427246094,421.0400085449219,207.97999572753906,63.81999969482422,134.9827880859375,21.548383712768555,15.109999656677246,8.060260772705078,37.29133605957031,23.241361618041992,154.30160522460938,22.68783950805664,11.722418785095215,355.80999755859375,69.91654205322266,37.22233200073242,87.33184051513672,44.9207878112793,57.29949951171875,,171.16000366210938,25.262468338012695
2019-02-06,20.099515914916992,410.2353820800781,91.09651184082031,66.53793334960938,29.1200008392334,211.05068969726562,153.43597412109375,186.7611846923828,21.94646644592285,141.2157745361328,4442.18408203125,364.2237854003906,75.04203033447266,63.444828033447266,158.04661560058594,81.45536804199219,254.64361572265625,140.02687072753906,245.10243225097656,182.38999938964844,406.55999755859375,208.8300018310547,64.0,135.28228759765625,21.663969039916992,15.329999923706055,7.9807448387146,38.39712142944336,23.77401351928711,156.13021850585938,22.40762710571289,11.641321182250977,352.19000244140625,69.7262191772461,37.97944641113281,87.33184051513672,44.24944305419922,55.76150131225586,,170.49000549316406,25.198162078857422
2019-02-07,19.9665470123291,406.2685852050781,90.80592346191406,65.94146728515625,28.639999389648438,209.74691772460938,151.66799926757812,188.7454376220703,21.955907821655273,136.7061004638672,4385.8203125,363.9344177246094,75.7472152709961,64.31232452392578,159.66171264648438,81.49203491210938,254.1711883544922,146.1934356689453,240.8000946044922,180.17999267578125,406.4599914550781,206.80999755859375,62.25,135.85226440429688,21.1273250579834,15.1899995803833,7.841588497161865,38.05393981933594,23.303504943847656,152.73944091796875,22.53839683532715,11.531842231750488,344.7099914550781,69.20059967041016,36.59431457519531,86.38771057128906,43.341156005859375,54.93550109863281,,166.3800048828125,24.950828552246094
2019-02-08,19.957965850830078,406.7298583984375,91.07774353027344,65.04216766357422,29.190000534057617,212.30543518066406,150.1783447265625,187.38063049316406,21.998634338378906,136.28659057617188,4371.490234375,369.564453125,74.75833892822266,64.67755126953125,160.0515594482422,81.5928726196289,247.4626007080078,143.58602905273438,241.39486694335938,181.33999633789062,406.8599853515625,207.74000549316406,62.59000015258789,134.79925537109375,20.98697280883789,14.829999923706055,7.855669975280762,37.92049026489258,23.38340187072754,152.44540405273438,22.332902908325195,11.491293907165527,347.57000732421875,68.72029876708984,36.78048324584961,84.97151947021484,43.66695785522461,54.75299835205078,4.857813358306885,167.3300018310547,25.47022819519043
2019-02-11,19.902206420898438,416.047119140625,90.80592346191406,64.3722915649414,28.639999389648438,212.81515502929688,151.17689514160156,187.90333557128906,22.254980087280273,137.0731658935547,4431.67529296875,373.53253173828125,74.70160675048828,64.86933135986328,160.57139587402344,82.13369750976562,242.96498107910156,143.0506591796875,242.44566345214844,181.52999877929688,408.510009765625,206.63999938964844,63.56999969482422,133.958740234375,21.416288375854492,14.880000114440918,7.898741245269775,38.03487777709961,23.81839942932129,153.952392578125,22.426307678222656,11.491293907165527,345.7300109863281,68.53904724121094,36.3535270690918,87.33184051513672,44.121097564697266,54.7504997253418,4.940852642059326,165.7899932861328,25.732398986816406
2019-02-12,19.88933753967285,429.7000732421875,93.23355102539062,64.61089324951172,28.1299991607666,214.5894317626953,152.0281524658203,188.9874267578125,22.41638946533203,138.13941955566406,4374.35693359375,371.11431884765625,74.06124877929688,64.46753692626953,160.20005798339844,82.72953033447266,248.97442626953125,145.33091735839844,246.17303466796875,184.00999450683594,416.3399963378906,209.5,65.7699966430664,135.46583557128906,21.573152542114258,15.260000228881836,7.993996620178223,38.78794479370117,23.898298263549805,157.4258575439453,22.669157028198242,11.4872407913208,359.9700012207031,69.48153686523438,37.525184631347656,87.33184051513672,44.05199432373047,56.06850051879883,4.940852642059326,165.0399932861328,26.51396942138672
2019-02-13,19.70490074157715,442.7995910644531,95.09879302978516,66.59297943115234,28.31999969482422,216.187255859375,152.4701385498047,190.85548400878906,22.31195068359375,138.1044464111328,4430.7197265625,365.9137878417969,74.79075622558594,64.66844177246094,161.23040771484375,83.11454010009766,249.25782775878906,145.92576599121094,245.24119567871094,185.25,412.0899963378906,210.38999938964844,66.6500015258789,136.11314392089844,21.696992874145508,15.15999984741211,7.957551956176758,38.940467834472656,24.17350196838379,158.02313232421875,24.86415672302246,11.511568069458008,351.7699890136719,70.38777160644531,37.949668884277344,88.27596282958984,43.301666259765625,56.007999420166016,4.832901954650879,164.07000732421875,26.68709945678711
2019-02-14,19.601959228515625,431.91412353515625,95.1456527709961,66.23509216308594,28.770000457763672,215.4716796875,152.5028839111328,189.58750915527344,22.207509994506836,137.17803955078125,4424.033203125,392.69134521484375,73.73702239990234,64.69583129882812,163.17034912109375,83.62786865234375,250.70350646972656,145.4994354248047,244.0020294189453,185.72000122070312,414.9700012207031,206.94000244140625,66.58000183105469,137.39805603027344,21.606176376342773,15.25,8.002280235290527,38.8070182800293,23.74738121032715,157.70152282714844,24.86415672302246,11.479129791259766,359.07000732421875,69.96182250976562,38.35923767089844,88.27596282958984,42.35388946533203,56.083499908447266,4.882725715637207,163.9499969482422,26.899803161621094
2019-02-15,19.70490074157715,436.8033752441406,97.7044677734375,66.84073638916016,29.299999237060547,217.7262725830078,155.25302124023438,191.9589385986328,22.340431213378906,139.39791870117188,4475.61962890625,393.4383850097656,74.2476806640625,65.00629425048828,165.0546417236328,84.58120727539062,256.18377685546875,148.8801727294922,250.296875,188.07000732421875,423.9700012207031,210.25999450683594,69.43000030517578,139.3688507080078,22.010725021362305,15.420000076293945,8.00062370300293,37.272274017333984,23.88054084777832,159.96197509765625,25.022937774658203,11.539952278137207,356.8699951171875,71.34838104248047,39.05677032470703,88.7480239868164,42.32426834106445,55.682498931884766,4.758166313171387,162.5,27.20649528503418
2019-02-18,19.61911964416504,438.5561218261719,,,,,155.36761474609375,,,138.1918487548828,4461.2900390625,,,,,,,,,,,,,,21.61443328857422,,7.9840569496154785,,24.25339698791504,,,11.673760414123535,,,,88.27596282958984,,,4.832901954650879,,
2019-02-19,19.76066017150879,438.3716125488281,98.47306823730469,67.85910034179688,29.059999465942383,216.2362823486328,156.12063598632812,191.31045532226562,22.501842498779297,138.9609375,4397.28515625,402.0281066894531,74.64485168457031,65.1797866821289,164.85043334960938,84.63619995117188,255.50350952148438,148.50341796875,248.6512908935547,186.86000061035156,420.6000061035156,211.32000732421875,69.98999786376953,138.7215576171875,21.87862777709961,15.680000305175781,8.037897109985352,37.462928771972656,24.342172622680664,160.90846252441406,24.369110107421875,11.7589111328125,361.9200134277344,71.41181945800781,38.88301086425781,89.22010040283203,42.68955993652344,55.928001403808594,4.758166313171387,162.2899932861328,27.22628402709961
2019-02-20,19.6577205657959,437.72589111328125,99.03544616699219,67.31288146972656,29.09000015258789,216.7460174560547,157.33201599121094,191.66854858398438,22.454368591308594,140.60400390625,4306.52978515625,402.9056396484375,73.65596008300781,64.21186065673828,164.0057373046875,85.06703186035156,254.65306091308594,148.46377563476562,250.02923583984375,187.83999633789062,422.510009765625,211.44000244140625,69.5,137.5043182373047,22.08502960205078,16.09000015258789,8.004764556884766,37.367103576660156,24.546356201171875,163.23330688476562,24.72404670715332,11.811622619628906,359.9100036621094,72.24555969238281,39.35712814331055,88.7480239868164,42.86726760864258,55.689998626708984,4.949157238006592,162.55999755859375,27.473613739013672
2019-02-21,19.687746047973633,439.4786376953125,98.90423583984375,66.6833724975586,29.0,214.98150634765625,158.42881774902344,191.79440307617188,22.463863372802734,140.5166015625,4307.4853515625,397.6117858886719,74.15850830078125,64.86019897460938,163.83865356445312,84.89287567138672,251.71450805664062,147.0460662841797,249.265869140625,183.05999755859375,418.6199951171875,205.99000549316406,68.25,137.1951446533203,22.24189567565918,16.09000015258789,8.008078575134277,37.204227447509766,24.66176414489746,164.1797332763672,24.770751953125,11.892720222473145,356.9700012207031,72.21839904785156,38.66705322265625,88.7480239868164,42.52172088623047,54.8484992980957,5.538738250732422,160.0399932861328,27.473613739013672
2019-02-22,19.61482810974121,442.7995910644531,99.60719299316406,66.88703155517578,29.209999084472656,218.91241455078125,158.88717651367188,195.40475463867188,22.16953468322754,136.46139526367188,4308.44091796875,400.1141052246094,74.8475112915039,65.3989486694336,163.95005798339844,85.95622253417969,252.38534545898438,147.48226928710938,249.91026306152344,185.75999450683594,422.5199890136719,209.17999267578125,69.1500015258789,139.15631103515625,22.142824172973633,16.110000610351562,8.037068367004395,37.77910232543945,24.493093490600586,165.5121612548828,24.72404670715332,11.912994384765625,363.0199890136719,73.21524810791016,39.51599884033203,90.16422271728516,43.617591857910156,55.51850128173828,5.812768459320068,161.88999938964844,27.790199279785156
2019-02-25,19.6577205657959,446.1205749511719,98.42620086669922,67.6739501953125,29.209999084472656,218.91241455078125,158.78897094726562,196.01625061035156,21.637842178344727,139.15322875976562,4306.52978515625,400.5248718261719,73.90724182128906,65.07022857666016,161.7223663330078,84.53538513183594,250.01376342773438,145.8266143798828,251.6351318359375,186.3300018310547,420.3800048828125,210.10000610351562,69.9800033569336,138.4027557373047,21.928163528442383,16.030000686645508,8.054464340209961,37.999481201171875,24.528600692749023,166.47702026367188,24.418926239013672,11.856225967407227,363.9100036621094,73.33306884765625,39.391883850097656,89.22010040283203,43.59784698486328,55.470001220703125,5.746337413787842,164.6199951171875,28.017745971679688
2019-02-26,19.662010192871094,448.7957763671875,98.44495391845703,66.92406463623047,28.389999389648438,219.5789794921875,159.60745239257812,195.56976318359375,21.637842178344727,144.1173553466797,4289.33447265625,399.88629150390625,73.2425765991211,64.86933135986328,161.5274200439453,83.6828842163086,248.48301696777344,145.6580810546875,251.7838592529297,188.9199981689453,426.1499938964844,207.74000549316406,67.41000366210938,137.68783569335938,22.382251739501953,16.010000228881836,8.13729476928711,37.92283630371094,24.60849952697754,166.73428344726562,24.08094596862793,11.762967109680176,364.9700012207031,72.94337463378906,38.9972038269043,87.80390167236328,43.459632873535156,55.756500244140625,5.870896816253662,164.1300048828125,28.06226348876953
2019-02-27,19.387495040893555,444.09112548828125,100.87257385253906,67.59986877441406,28.639999389648438,220.13772583007812,159.28005981445312,195.802734375,21.675823211669922,145.8652801513672,4288.37841796875,392.6650085449219,73.1452865600586,64.06575775146484,160.7663116455078,83.31622314453125,236.2941436767578,145.85635375976562,256.8891296386719,189.80999755859375,433.3299865722656,208.97000122070312,68.98999786376953,134.10362243652344,22.357481002807617,15.960000038146973,8.061090469360352,37.15633010864258,24.45758056640625,166.87213134765625,24.11850357055664,11.7589111328125,362.8699951171875,73.07930755615234,38.57768630981445,88.7480239868164,43.04497528076172,55.8025016784668,5.978847503662109,162.80999755859375,27.824825286865234
2019-02-28,19.451831817626953,442.891845703125,98.5011978149414,67.24808502197266,28.899999618530273,220.3337860107422,159.60745239257812,194.49237060546875,21.106155395507812,146.9935302734375,4305.57470703125,397.68896484375,73.53438568115234,63.974456787109375,163.50448608398438,82.95870971679688,228.86749267578125,146.96673583984375,257.3153991699219,188.75,430.739990234375,211.02999877929688,64.36000061035156,134.71401977539062,22.539113998413086,15.779999732971191,8.009735107421875,36.734745025634766,24.715030670166016,166.48619079589844,23.72419548034668,11.767021179199219,358.1000061035156,72.2908706665039,38.33167266845703,88.7480239868164,42.26503372192383,55.99599838256836,5.870896816253662,161.4499969482422,27.612117767333984
2019-03-01,19.567642211914062,457.09832763671875,97.44203186035156,67.52581787109375,29.079999923706055,222.7648162841797,161.78466796875,195.919189453125,21.419469833374023,145.5071258544922,4485.17236328125,406.4126892089844,73.05613708496094,63.810089111328125,165.14744567871094,84.41619873046875,232.58082580566406,147.4525146484375,261.7663879394531,192.16000366210938,439.57000732421875,215.92999267578125,67.55000305175781,134.1618194580078,22.621673583984375,16.1299991607666,8.059432983398438,36.94554138183594,25.087886810302734,165.4937744140625,23.911958694458008,11.831897735595703,357.32000732421875,72.70774841308594,38.875877380371094,90.16422271728516,42.09719467163086,57.04949951171875,6.028671741485596,162.27999877929688,28.02269172668457
2019-03-04,19.095821380615234,456.1758117675781,96.72032165527344,67.27586364746094,28.780000686645508,221.8237762451172,160.9006805419922,194.02642822265625,21.913183212280273,146.61746215820312,4506.18896484375,400.95684814453125,74.11798095703125,64.2301254272461,166.7904052734375,84.59954071044922,223.00924682617188,145.75721740722656,257.1964111328125,190.0399932861328,433.8299865722656,213.41000366210938,63.130001068115234,131.8655242919922,22.679468154907227,16.06999969482422,7.992340087890625,37.443763732910156,24.892581939697266,166.04513549804688,23.63970375061035,11.840007781982422,351.0400085449219,73.67742156982422,38.957862854003906,90.63627624511719,43.242427825927734,57.38999938964844,6.003759860992432,167.3699951171875,27.374683380126953
2019-03-05,19.40464973449707,455.16107177734375,96.55158996582031,70.3586654663086,28.989999771118164,221.75514221191406,162.01385498046875,192.15304565429688,21.713802337646484,147.35171508789062,4523.3857421875,400.90045166015625,74.3854751586914,64.2301254272461,168.06202697753906,84.99370574951172,228.12100219726562,146.10421752929688,252.24977111816406,187.8000030517578,437.1300048828125,210.8000030517578,63.75,131.17759704589844,22.70423698425293,16.06999969482422,7.969148635864258,37.300045013427734,25.00798988342285,164.67596435546875,23.36743927001953,11.945432662963867,354.29998779296875,73.22431945800781,38.89325714111328,89.6921615600586,45.97716522216797,58.10150146484375,6.012063980102539,171.25999450683594,27.26585578918457
2019-03-06,19.460412979125977,451.1020812988281,95.9236068725586,71.1918716430664,28.809999465942383,220.03970336914062,162.3248748779297,191.5317840576172,21.618850708007812,148.0322265625,4494.7255859375,398.7782287597656,73.6640625,64.07489776611328,168.60968017578125,84.40705108642578,225.89109802246094,143.9627685546875,249.0577392578125,181.11000061035156,423.69000244140625,207.80999755859375,60.15999984741211,124.72482299804688,22.398761749267578,15.520000457763672,7.950924873352051,36.47604751586914,24.732786178588867,165.6775665283203,23.358051300048828,11.933267593383789,359.6099853515625,73.3602523803711,37.782527923583984,89.22010040283203,45.345314025878906,57.893001556396484,5.995455741882324,172.50999450683594,26.578275680541992
2019-03-07,19.245948791503906,449.2571105957031,94.39579010009766,70.51605224609375,28.420000076293945,218.0203857421875,161.2117156982422,190.7164306640625,21.571380615234375,145.31011962890625,4424.98876953125,400.7408447265625,73.3641586303711,63.48135757446289,168.70248413085938,83.49037170410156,223.65176391601562,144.5576171875,248.6314697265625,178.61000061035156,409.5799865722656,203.88999938964844,59.31999969482422,122.94206237792969,22.679468154907227,15.399999618530273,8.00062370300293,35.99698257446289,24.333297729492188,165.0802764892578,23.264171600341797,12.087349891662598,352.6000061035156,73.07683563232422,37.08924865722656,90.16422271728516,43.884159088134766,57.165000915527344,5.862592697143555,169.1300048828125,26.281476974487305
2019-03-08,19.08296012878418,449.0726013183594,93.1023178100586,70.18277740478516,28.920000076293945,217.49098205566406,160.524169921875,190.5708465576172,21.25806427001953,142.1761016845703,4427.85400390625,404.149658203125,73.2425765991211,63.864891052246094,168.57254028320312,82.97703552246094,225.06495666503906,145.2515869140625,247.67979431152344,177.25999450683594,402.6400146484375,201.74000549316406,58.91999816894531,120.85896301269531,22.86935806274414,15.369999885559082,8.028785705566406,36.15987014770508,24.36880874633789,166.651611328125,23.71480941772461,12.091404914855957,349.6000061035156,72.57396697998047,37.43216323852539,90.16422271728516,43.0745964050293,57.11600112915039,5.6466898918151855,169.60000610351562,25.89563751220703
2019-03-11,19.12156105041504,449.7183532714844,94.10523223876953,70.6086196899414,28.420000076293945,221.18658447265625,161.5718536376953,191.45416259765625,21.799251556396484,144.16397094726562,4436.45166015625,411.61505126953125,73.8423843383789,64.82366180419922,171.8677215576172,84.33370971679688,230.62306213378906,147.73011779785156,252.11097717285156,180.52000427246094,412.04998779296875,204.72000122070312,58.7400016784668,121.97318267822266,23.282163619995117,15.5,8.143092155456543,36.89763259887695,24.67951774597168,169.0315399169922,24.156057357788086,12.140063285827637,358.8599853515625,73.42424011230469,40.04127502441406,90.63627624511719,44.95040512084961,58.78799819946289,5.746337413787842,172.07000732421875,26.78603172302246
2019-03-12,19.190189361572266,449.81060791015625,94.53638458251953,70.52529907226562,28.3700008392334,222.46099853515625,161.0971221923828,191.70651245117188,22.017621994018555,145.82948303222656,4460.33447265625,411.77471923828125,74.49893951416016,65.3989486694336,172.41534423828125,84.737060546875,233.2124481201172,150.10951232910156,252.70579528808594,182.57000732421875,417.6199951171875,205.97000122070312,58.09000015258789,124.87016296386719,23.521589279174805,13.989999771118164,8.107475280761719,37.08924865722656,24.493093490600586,169.12344360351562,23.508264541625977,12.172500610351562,356.2699890136719,73.46995544433594,40.38418960571289,90.16422271728516,45.14786148071289,59.65999984741211,5.721425533294678,171.9199981689453,27.05809783935547
2019-03-13,19.357471466064453,452.48583984375,94.82695770263672,71.39553833007812,26.93000030517578,223.9901580810547,162.45582580566406,193.84197998046875,22.61577033996582,146.7606964111328,4457.46875,412.1221618652344,74.10987854003906,66.09292602539062,173.7891082763672,85.26871490478516,239.25425720214844,153.59927368164062,256.6214599609375,185.66000366210938,409.010009765625,209.88999938964844,60.150001525878906,126.74981689453125,23.851831436157227,13.90999984741211,7.992340087890625,36.98386001586914,24.59074592590332,170.08827209472656,23.01068878173828,12.281981468200684,361.2099914550781,73.68024444580078,41.89995574951172,91.10835266113281,45.03925704956055,59.66600036621094,5.679905414581299,173.3699951171875,27.1817626953125
2019-03-14,19.353181838989258,456.2680969238281,94.48954772949219,70.81229400634766,27.43000030517578,224.980224609375,162.8487091064453,195.68624877929688,22.91959571838379,147.727783203125,4461.2900390625,413.634033203125,74.18284606933594,66.0285415649414,174.47596740722656,85.55288696289062,240.22171020507812,151.50741577148438,259.349609375,186.11000061035156,407.5,210.8699951171875,60.939998626708984,127.67021942138672,24.132539749145508,13.800000190734863,7.920277118682861,37.300045013427734,24.856775283813477,170.1893310546875,22.954357147216797,12.330636978149414,358.82000732421875,74.04593658447266,41.13958740234375,91.10835266113281,44.9207878112793,59.27750015258789,5.58856201171875,170.1699981689453,28.284862518310547
2019-03-15,19.70490074157715,457.83636474609375,93.86154174804688,70.96969604492188,27.43000030517578,226.60745239257812,164.1092071533203,197.21990966796875,22.938581466674805,148.58740234375,4537.71533203125,414.6951904296875,73.25878143310547,65.89976501464844,175.40420532226562,85.97455596923828,238.44805908203125,153.03416442871094,260.9964294433594,188.08999633789062,414.4700012207031,216.2100067138672,62.86000061035156,128.23220825195312,24.305917739868164,14.039999961853027,7.910337448120117,38.69891357421875,25.372554779052734,169.8585205078125,23.12334632873535,12.472557067871094,361.4599914550781,73.67109680175781,42.19566345214844,91.10835266113281,45.37493133544922,59.222999572753906,5.6632981300354,165.97999572753906,29.793588638305664
2019-03-18,20.150983810424805,457.5596008300781,95.49244689941406,72.09912109375,27.229999542236328,225.84286499023438,164.1092071533203,199.6853790283203,23.270891189575195,148.83811950683594,4567.32861328125,417.03338623046875,72.89404296875,65.17305755615234,175.32992553710938,84.23285675048828,241.86257934570312,153.55963134765625,261.432861328125,187.47999572753906,407.6000061035156,215.74000549316406,63.099998474121094,130.5574951171875,24.578369140625,13.699999809265137,7.969148635864258,38.32524108886719,25.209674835205078,170.33636474609375,23.22661781311035,12.764500617980957,363.44000244140625,75.06077575683594,41.981964111328125,92.99661254882812,46.24372863769531,59.2130012512207,5.854288578033447,160.47000122070312,29.922199249267578
2019-03-19,20.168142318725586,469.9210510253906,96.96399688720703,72.63607025146484,27.260000228881836,226.45059204101562,163.699951171875,201.76263427734375,22.986051559448242,150.96922302246094,4591.2119140625,416.5169372558594,72.23750305175781,64.78672790527344,176.27670288085938,84.93871307373047,243.8828582763672,154.6204376220703,263.843505859375,181.75999450683594,406.989990234375,218.3000030517578,63.119998931884766,132.3693389892578,24.644418716430664,13.930000305175781,8.03044319152832,38.67974853515625,25.073945999145508,169.90447998046875,23.18906021118164,12.715843200683594,358.7799987792969,75.17047882080078,43.66173553466797,94.41279602050781,46.46092987060547,59.942501068115234,5.779552459716797,161.57000732421875,29.897464752197266
2019-03-20,20.19816780090332,463.8325500488281,97.09522247314453,71.78435516357422,26.690000534057617,225.35272216796875,163.66722106933594,200.22894287109375,22.862628936767578,147.24424743652344,4500.45751953125,420.7707824707031,72.36715698242188,65.2374496459961,177.78968811035156,84.07704162597656,237.59442138671875,152.78631591796875,263.5162048339844,179.97999572753906,405.5,219.27000427246094,61.9900016784668,130.87725830078125,24.388479232788086,13.9399995803833,8.139778137207031,37.913246154785156,25.17348289489746,169.6747589111328,22.672706604003906,12.723952293395996,375.2200012207031,74.2653579711914,43.336219787597656,93.94072723388672,46.401695251464844,61.19850158691406,5.804464817047119,165.44000244140625,29.496788024902344
2019-03-21,20.318267822265625,461.24957275390625,99.68217468261719,73.58961486816406,26.68000030517578,231.21469116210938,161.7355499267578,203.61660766601562,23.28038787841797,143.78790283203125,4434.54150390625,430.3585205078125,73.71269989013672,66.28611755371094,180.73211669921875,84.88811492919922,239.03611755371094,154.95751953125,268.8930358886719,182.55999755859375,402.5899963378906,225.69000244140625,63.2599983215332,132.65032958984375,23.802295684814453,13.970000267028809,8.200243949890137,39.59955978393555,25.001554489135742,172.0087890625,22.944969177246094,12.813158988952637,377.8699951171875,74.97847747802734,45.70679473876953,94.41279602050781,46.30297088623047,61.57699966430664,5.754640579223633,166.0800018310547,30.031023025512695
2019-03-22,20.266794204711914,454.0541076660156,98.3699722290039,72.50646209716797,26.670000076293945,226.20556640625,160.78610229492188,199.46212768554688,22.463863372802734,139.1853790283203,4388.68701171875,423.9823913574219,72.72380828857422,65.37543487548828,179.7482147216797,83.3120346069336,234.36009216308594,152.99452209472656,261.7106628417969,181.52999877929688,391.79998779296875,219.42999267578125,58.77000045776367,130.25717163085938,23.521589279174805,13.460000038146973,8.22923755645752,38.191097259521484,24.60341453552246,171.19097900390625,22.334732055664062,12.695569038391113,361.010009765625,72.24485778808594,44.106529235839844,94.41279602050781,44.683841705322266,60.275001525878906,5.879199504852295,164.33999633789062,29.457216262817383
2019-03-25,20.099515914916992,458.85107421875,99.38225555419922,72.70086669921875,27.110000610351562,225.87225341796875,160.2786407470703,198.99620056152344,22.368915557861328,139.27493286132812,4335.1884765625,418.986572265625,72.0429458618164,65.26505279541016,181.64183044433594,83.5240249633789,234.14193725585938,151.60655212402344,266.66094970703125,183.85000610351562,395.0,219.24000549316406,55.65999984741211,128.53256225585938,23.587636947631836,13.279999732971191,8.270651817321777,37.7503662109375,24.585315704345703,170.841796875,22.28778648376465,12.655022621154785,366.2300109863281,72.18997955322266,43.18216323852539,92.99661254882812,44.407413482666016,59.650001525878906,5.812768459320068,166.2899932861328,28.33927345275879
2019-03-26,20.108095169067383,465.12408447265625,99.31663513183594,73.71922302246094,27.639999389648438,228.68563842773438,161.60459899902344,200.08335876464844,22.49234390258789,137.26918029785156,4395.373046875,420.3858337402344,72.9507827758789,66.37810516357422,181.04774475097656,83.93878936767578,230.85073852539062,149.84182739257812,269.2798767089844,189.91000366210938,405.6199951171875,220.0,52.5,125.71308898925781,23.6536865234375,13.300000190734863,8.215155601501465,37.970741271972656,24.277660369873047,171.98121643066406,22.46616554260254,12.715843200683594,359.9700012207031,72.70197296142578,43.949981689453125,94.41279602050781,44.24944305419922,59.23099899291992,5.854288578033447,167.67999267578125,29.1307373046875
2019-03-27,20.571332931518555,463.0945739746094,100.65699005126953,73.89511108398438,27.579999923706055,227.9308319091797,162.8650665283203,199.16123962402344,22.046104431152344,139.27493286132812,4442.18408203125,420.7707824707031,72.40769958496094,65.85375213623047,180.15663146972656,83.19222259521484,229.2572784423828,149.6138153076172,266.7105407714844,185.82000732421875,402.8699951171875,218.83999633789062,50.869998931884766,124.6763687133789,23.901371002197266,14.020000457763672,8.263195991516113,37.300045013427734,24.16002655029297,172.43148803710938,22.72903823852539,12.728007316589355,353.3699951171875,72.56483459472656,43.85804748535156,94.41279602050781,44.407413482666016,58.6510009765625,5.945631504058838,165.8699951171875,28.462942123413086
2019-03-28,20.24534797668457,464.3861389160156,101.57554626464844,74.3580093383789,26.90999984741211,230.22463989257812,162.0629425048828,201.5684814453125,22.08408546447754,137.07217407226562,4495.6806640625,422.53619384765625,73.48790740966797,66.34129333496094,180.9363250732422,82.91571807861328,229.75045776367188,149.32627868652344,268.1489562988281,182.4199981689453,404.8299865722656,220.55999755859375,53.68000030517578,124.6570053100586,23.81880760192871,13.670000076293945,8.188650131225586,36.89763259887695,24.20526885986328,174.74710083007812,23.21722984313965,12.586091041564941,354.6099853515625,73.01283264160156,44.044410705566406,96.3010482788086,44.49626159667969,58.42449951171875,5.887504577636719,165.5500030517578,28.15625
2019-03-29,20.352581024169922,471.58154296875,102.60658264160156,74.30245971679688,27.020000457763672,230.802978515625,162.3576202392578,204.37371826171875,22.30245590209961,138.50485229492188,4538.66943359375,425.54119873046875,73.58611297607422,66.18492126464844,182.9134063720703,83.94800567626953,234.52133178710938,151.666015625,271.5417785644531,183.9499969482422,410.6199951171875,223.60000610351562,55.599998474121094,126.323486328125,23.909624099731445,13.8100004196167,8.227579116821289,37.999481201171875,25.019651412963867,176.54995727539062,22.888635635375977,12.577596664428711,356.55999755859375,73.6528091430664,44.618412017822266,97.24518585205078,45.394676208496094,58.66550064086914,5.862592697143555,166.69000244140625,29.03180503845215
2019-04-01,20.232481002807617,481.6368408203125,102.10043334960938,74.03399658203125,27.75,234.33192443847656,163.82272338867188,206.65478515625,22.910099029541016,141.7642364501953,4541.5361328125,428.4898681640625,73.98710632324219,66.424072265625,178.69004821777344,83.58853912353516,232.88998413085938,153.46047973632812,273.99212646484375,186.0500030517578,410.04998779296875,225.1199951171875,53.630001068115234,127.87368774414062,24.202716827392578,13.699999809265137,8.186163902282715,39.40792465209961,25.571622848510742,177.03994750976562,22.916805267333984,12.592883110046387,366.9599914550781,75.18875885009766,45.2943000793457,97.24518585205078,46.56952667236328,59.721500396728516,5.812768459320068,168.6999969482422,29.892520904541016
2019-04-02,19.927946090698242,485.6036071777344,103.01900482177734,73.56185913085938,27.389999389648438,234.5377960205078,164.68214416503906,206.9653778076172,22.074586868286133,143.26852416992188,4591.2119140625,432.3775329589844,74.59269714355469,67.27957916259766,181.11265563964844,83.32125091552734,231.81817626953125,156.2265167236328,272.62310791015625,187.11000061035156,414.82000732421875,224.9199981689453,55.52000045776367,126.5850830078125,23.930267333984375,13.5600004196167,8.209357261657715,39.273799896240234,25.544477462768555,176.10617065429688,22.6539249420166,12.560611724853516,367.7200012207031,75.5544662475586,45.473209381103516,98.1893081665039,46.27334976196289,60.02450180053711,5.796160697937012,174.1999969482422,30.308034896850586
2019-04-03,19.88504981994629,483.57415771484375,104.912353515625,73.4229736328125,27.8700008392334,234.21429443359375,168.28353881835938,207.33425903320312,22.39739990234375,146.8502655029297,4709.66943359375,433.8518981933594,75.05914306640625,67.28876495361328,180.34228515625,81.52393341064453,233.1745147705078,155.33424377441406,274.5576171875,187.88999938964844,407.0,227.5800018310547,55.459999084472656,127.12763977050781,24.623777389526367,13.539999961853027,8.297986030578613,40.65351104736328,26.431249618530273,177.25259399414062,22.71965217590332,12.64893627166748,369.75,75.7647476196289,46.869712829589844,97.24518585205078,47.38896179199219,60.29600143432617,5.721425533294678,173.5399932861328,30.46632957458496
2019-04-04,19.983707427978516,482.00579833984375,106.2152099609375,75.3393325805664,28.8799991607666,231.40093994140625,168.4063262939453,206.412109375,22.454368591308594,147.44125366210938,4708.71484375,433.31658935546875,75.11641693115234,67.0127944946289,179.19131469726562,82.24287414550781,234.64463806152344,156.09762573242188,272.86114501953125,184.14999389648438,406.5299987792969,225.92999267578125,57.0099983215332,128.23220825195312,24.652673721313477,13.539999961853027,8.2963285446167,40.835548400878906,26.177885055541992,177.29881286621094,22.71025848388672,12.750846862792969,367.8800048828125,76.04815673828125,46.780250549316406,98.1893081665039,47.43832778930664,60.75,5.771248817443848,176.02000427246094,29.847997665405273
2019-04-05,19.820709228515625,489.01678466796875,107.7711181640625,74.93196868896484,29.479999542236328,231.95970153808594,168.89743041992188,208.23696899414062,22.596782684326172,145.73992919921875,4723.0439453125,438.1808776855469,75.77928924560547,67.20597839355469,181.7067108154297,81.96636199951172,235.96304321289062,157.61448669433594,274.2897033691406,188.88999938964844,408.94000244140625,227.77000427246094,58.4900016784668,129.90835571289062,24.71046257019043,13.569999694824219,8.311239242553711,41.23796081542969,26.67556381225586,178.6116943359375,23.865022659301758,12.691398620605469,365.489990234375,76.11216735839844,47.44868850708008,94.41279602050781,48.05043411254883,60.35749816894531,,175.72000122070312,30.768075942993164
2019-04-08,19.76066017150879,485.7880554199219,108.53032684326172,75.84849548339844,28.8700008392334,231.93026733398438,167.95614624023438,207.38275146484375,22.454368591308594,145.1668701171875,4647.5751953125,435.16650390625,75.34557342529297,67.04959869384766,182.1337127685547,82.02165985107422,235.9346160888672,157.40631103515625,276.2043762207031,188.92999267578125,401.260009765625,227.75,57.060001373291016,127.73805236816406,24.875585556030273,13.579999923706055,8.346027374267578,41.122989654541016,25.99691390991211,178.4637451171875,23.71480941772461,12.738957405090332,361.4100036621094,76.50528717041016,47.65741729736328,94.41279602050781,47.99119567871094,60.19200134277344,5.771248817443848,174.92999267578125,30.911527633666992
2019-04-09,19.743505477905273,477.67010498046875,106.0464859008789,74.67278289794922,28.84000015258789,231.5768585205078,168.61094665527344,208.50875854492188,21.74228286743164,144.55796813964844,4573.060546875,432.067626953125,73.58611297607422,66.58045959472656,182.5978240966797,81.7728042602539,235.97250366210938,156.28599548339844,275.5893249511719,188.30999755859375,395.7300109863281,224.77999877929688,55.93000030517578,128.16436767578125,24.739360809326172,13.289999961853027,8.240833282470703,40.25108337402344,26.00596046447754,177.77032470703125,23.54581642150879,12.689701080322266,364.7099914550781,75.2893295288086,47.02873992919922,92.99661254882812,48.020816802978516,59.86249923706055,5.821073055267334,177.5800018310547,30.53558349609375
2019-04-10,19.996570587158203,483.0205993652344,106.62762451171875,74.75609588623047,30.59000015258789,232.70571899414062,169.18389892578125,206.4412384033203,21.903690338134766,144.28933715820312,4556.82080078125,433.10052490234375,75.03459167480469,67.6659164428711,183.34381103515625,81.6898422241211,233.3546905517578,158.23907470703125,276.6310119628906,190.3699951171875,408.2300109863281,224.52000427246094,56.56999969482422,129.7630157470703,24.764131546020508,13.510000228881836,8.362593650817871,40.404388427734375,25.87928009033203,178.47296142578125,23.42377471923828,12.696494102478027,363.9200134277344,75.35333251953125,47.73444747924805,94.41279602050781,49.7584114074707,60.108001708984375,6.219662189483643,177.82000732421875,31.307254791259766
2019-04-11,19.679166793823242,493.81378173828125,107.91172790527344,74.47835540771484,30.190000534057617,231.70449829101562,170.41165161132812,206.87802124023438,21.808746337890625,146.56370544433594,4623.6923828125,432.5935363769531,74.27352905273438,67.6659164428711,183.3717803955078,80.74050903320312,223.29135131835938,156.51402282714844,278.2778015136719,185.1199951171875,393.4800109863281,223.75999450683594,55.150001525878906,126.08126068115234,24.892099380493164,13.520000457763672,8.324492454528809,40.691829681396484,26.304569244384766,178.94451904296875,23.658477783203125,12.586089134216309,367.6499938964844,75.86532592773438,47.59529113769531,93.46867370605469,48.968597412109375,60.23099899291992,5.904111862182617,177.50999450683594,31.589214324951172
2019-04-12,19.40485954284668,489.2935791015625,108.97087097167969,74.73758697509766,30.020000457763672,234.44320678710938,170.69813537597656,208.62521362304688,22.160037994384766,148.6053009033203,4640.8876953125,435.1383972167969,74.05256652832031,68.46620178222656,184.5933380126953,79.95704650878906,211.71983337402344,156.09762573242188,278.4166259765625,182.77999877929688,382.94000244140625,225.32000732421875,53.45000076293945,123.8915786743164,24.94163703918457,13.579999923706055,8.222609519958496,41.190059661865234,26.358858108520508,179.5084686279297,23.451934814453125,12.586089134216309,351.1400146484375,76.68814086914062,47.21510696411133,93.46867370605469,49.551082611083984,60.89350128173828,5.937327861785889,179.10000610351562,31.416086196899414
2019-04-15,19.79419708251953,490.4005432128906,109.83316802978516,75.89480590820312,30.049999237060547,234.75733947753906,171.80308532714844,210.12005615234375,22.16953468322754,150.14544677734375,4645.6640625,431.96435546875,73.61884307861328,67.82229614257812,182.84957885742188,80.06766510009766,218.34027099609375,157.7037353515625,275.3511657714844,182.49000549316406,375.5,225.22000122070312,54.029998779296875,123.1358413696289,25.139781951904297,13.850000381469727,8.187821388244629,40.92177200317383,26.494590759277344,179.2958221435547,23.752357482910156,12.638744354248047,348.8699951171875,76.4412841796875,45.8956413269043,94.41279602050781,48.67241287231445,61.05500030517578,5.837680339813232,179.64999389648438,31.599109649658203
2019-04-16,19.63934326171875,491.5998840332031,109.69258117675781,75.88554382324219,29.979999542236328,235.68011474609375,173.19456481933594,210.58596801757812,22.653749465942383,149.89471435546875,4715.40185546875,425.07171630859375,71.41748046875,66.93921661376953,179.22227478027344,79.404052734375,209.57630920410156,151.2991943359375,264.70660400390625,179.74000549316406,367.69000244140625,222.1699981689453,52.54999923706055,110.82127380371094,25.143909454345703,13.960000038146973,8.084281921386719,41.88949203491211,26.793201446533203,182.22662353515625,23.658477783203125,12.694794654846191,359.4599914550781,76.93499755859375,46.76782989501953,92.99661254882812,49.65968322753906,61.35649871826172,5.904111862182617,178.8699951171875,31.059926986694336
2019-04-17,19.524316787719727,495.8433837890625,109.77694702148438,76.54283905029297,30.40999984741211,236.5733642578125,175.158935546875,209.07171630859375,22.283466339111328,151.25576782226562,4723.99951171875,420.2449645996094,70.91012573242188,66.47007751464844,178.2617950439453,78.09524536132812,205.66856384277344,142.9217987060547,255.4607391357422,166.97000122070312,342.9700012207031,215.52999877929688,49.86000061035156,108.52503204345703,25.366825103759766,13.760000228881836,8.095050811767578,42.052371978759766,26.90178108215332,182.82757568359375,23.170286178588867,12.57080364227295,354.739990234375,77.19099426269531,46.53922653198242,93.46867370605469,49.63006591796875,61.81700134277344,5.920720100402832,178.77999877929688,31.04014015197754
2019-04-18,19.497770309448242,470.84356689453125,106.60885620117188,77.07978057861328,30.1299991607666,236.4654083251953,175.65005493164062,210.82862854003906,22.55880355834961,151.68556213378906,4742.150390625,419.2308044433594,71.23746490478516,67.67511749267578,179.8843231201172,77.62516784667969,210.32562255859375,143.97268676757812,257.71270751953125,168.16000366210938,333.3399963378906,218.49000549316406,51.599998474121094,111.65453338623047,25.750734329223633,14.0600004196167,8.172083854675293,42.10986328125,27.62567901611328,183.15118408203125,23.207839965820312,12.564008712768555,360.3500061035156,77.90412139892578,46.2932243347168,92.99661254882812,49.728797912597656,61.81850051879883,6.061887264251709,178.27999877929688,31.0896053314209
2019-04-22,,,106.31829071044922,75.93181610107422,29.1200008392334,238.58572387695312,,210.78982543945312,22.235992431640625,,,419.9726257324219,71.196533203125,67.08639526367188,179.33416748046875,77.56066131591797,215.40948486328125,143.01100158691406,257.02825927734375,168.52000427246094,334.0299987792969,221.58999633789062,54.959999084472656,111.4220199584961,,13.960000038146973,,41.956565856933594,,181.78286743164062,22.428611755371094,,377.3399963378906,77.65726470947266,46.83243179321289,,49.15617370605469,62.44200134277344,,181.44000244140625,31.2874698638916
2019-04-23,18.882795333862305,490.4005432128906,106.8736572265625,76.06143188476562,29.469999313354492,239.01763916015625,175.73190307617188,211.59547424316406,22.577796936035156,149.1604766845703,4773.67529296875,422.7710266113281,72.32586669921875,68.25463104248047,180.3412322998047,78.43626403808594,218.70068359375,149.99053955078125,261.8197937011719,175.3699951171875,344.1400146484375,224.4499969482422,54.36000061035156,116.44084930419922,25.713581085205078,14.069999694824219,8.134809494018555,41.99488067626953,27.137046813964844,181.82907104492188,22.541271209716797,12.708383560180664,381.8900146484375,78.25153350830078,47.37910842895508,95.35692596435547,49.56095886230469,63.227500915527344,6.012063980102539,183.77999877929688,32.153133392333984
2019-04-24,18.683704376220703,491.7842712402344,107.2784194946289,76.72798919677734,30.3799991607666,240.78456115722656,173.84934997558594,211.9740447998047,22.625267028808594,148.98138427734375,4762.21240234375,425.8229064941406,72.44043731689453,69.27569580078125,180.18272399902344,78.93397521972656,218.48255920410156,152.6376190185547,259.4785461425781,172.5800018310547,340.4599914550781,224.5800018310547,54.459999084472656,119.9869613647461,25.614505767822266,13.899999618530273,7.959208965301514,42.598506927490234,27.28182601928711,184.37158203125,22.60698699951172,12.569104194641113,374.2300109863281,78.02296447753906,47.50335693359375,106.68647003173828,48.9488525390625,62.79999923706055,6.111711502075195,182.5800018310547,32.77145767211914
2019-04-25,18.803159713745117,488.27880859375,106.93013763427734,75.672607421875,30.3700008392334,241.09869384765625,174.6678466796875,212.7699737548828,22.891111373901367,143.62672424316406,4814.75341796875,426.2267150878906,71.54842376708984,69.41368103027344,179.30616760253906,80.0584487915039,218.8998565673828,153.39108276367188,267.4049072265625,174.61000061035156,349.989990234375,227.6699981689453,55.029998779296875,120.6845474243164,25.705324172973633,13.369999885559082,8.037068367004395,42.58893585205078,26.757001876831055,184.5379638671875,22.822925567626953,12.637044906616211,368.3299865722656,76.61502838134766,46.444801330566406,107.63058471679688,48.03069305419922,63.17250061035156,6.003759860992432,193.25999450683594,33.1424560546875
2019-04-26,18.82970428466797,488.37109375,105.87590026855469,71.39553833007812,31.510000228881836,242.14903259277344,174.74969482421875,213.80859375,23.318359375,144.1997833251953,4854.87646484375,425.43792724609375,72.2849349975586,70.00241088867188,180.16407775878906,80.51007843017578,224.78990173339844,153.29193115234375,271.0457458496094,172.85000610351562,343.6600036621094,232.47000122070312,57.75,121.64375305175781,25.62689208984375,13.520000457763672,8.011391639709473,42.79013442993164,26.557931900024414,187.28384399414062,23.2735595703125,12.713479042053223,374.8500061035156,76.58757781982422,44.253135681152344,110.46297454833984,48.72177505493164,63.60900115966797,6.086799144744873,191.49000549316406,32.33121109008789
2019-04-29,18.798734664916992,484.31207275390625,105.63116455078125,72.02506256103516,31.6299991607666,242.5907745361328,175.89559936523438,213.25531005859375,23.555723190307617,147.47705078125,4879.71533203125,421.4563293457031,71.32746124267578,69.340087890625,179.44606018066406,80.59303283691406,225.21673583984375,154.14453125,270.351318359375,172.52000427246094,344.1499938964844,230.67999267578125,59.189998626708984,121.51779174804688,25.5484561920166,13.770000457763672,7.978259563446045,42.387725830078125,26.919879913330078,188.2083740234375,23.236003875732422,12.676112174987793,371.8299865722656,76.7887191772461,44.5612678527832,107.63058471679688,49.06732177734375,64.37899780273438,5.962240219116211,194.77999877929688,32.42519760131836
2019-04-30,18.98897933959961,486.15704345703125,106.49714660644531,71.67327880859375,30.899999618530273,249.5701904296875,175.8546905517578,214.18714904785156,23.213924407958984,147.10098266601562,4789.916015625,426.98736572265625,72.29312133789062,70.52672576904297,182.1129608154297,81.85574340820312,221.06240844726562,158.54641723632812,275.2420654296875,168.97999572753906,343.1400146484375,232.0,56.880001068115234,123.27149200439453,25.55671501159668,13.710000038146973,7.920277118682861,42.22483444213867,27.08275604248047,190.2608642578125,23.517654418945312,12.645538330078125,370.5400085449219,75.71903228759766,44.97624206542969,107.63058471679688,48.613182067871094,59.42399978637695,6.036975383758545,193.39999389648438,33.34526824951172
2019-05-01,,,104.20040130615234,70.05316925048828,30.889999389648438,244.18101501464844,,213.01260375976562,23.39431381225586,146.4383544921875,4954.22900390625,422.5832824707031,72.26039123535156,71.3822021484375,179.8843231201172,81.39491271972656,220.00010681152344,159.77577209472656,274.2897033691406,172.60000610351562,340.7900085449219,234.05999755859375,58.0,120.22918701171875,,13.779999732971191,,41.56372833251953,27.08275604248047,186.8955535888672,23.264171600341797,,378.80999755859375,74.88705444335938,44.84453201293945,,48.47496032714844,58.40399932861328,,193.02999877929688,33.92403030395508
2019-05-02,18.807584762573242,486.34405517578125,105.52763366699219,70.74749755859375,29.260000228881836,242.64967346191406,176.3457794189453,210.79949951171875,22.99555015563965,147.33377075195312,4912.998046875,436.6690673828125,71.00013732910156,70.21395874023438,179.78175354003906,82.159912109375,220.47434997558594,164.20738220214844,275.5992126464844,169.5399932861328,335.4100036621094,242.33999633789062,58.0,121.61467742919922,25.60624885559082,13.75,7.827507019042969,41.87032699584961,27.453752517700195,191.98045349121094,23.21722984313965,12.671016693115234,379.05999755859375,75.08995056152344,45.52042007446289,106.68647003173828,48.59343719482422,58.13050079345703,5.995455741882324,192.52999877929688,33.70637512207031
2019-05-03,18.887216567993164,491.76654052734375,105.762939453125,70.30314636230469,29.34000015258789,243.39572143554688,175.9774627685547,211.4886932373047,23.422801971435547,146.56370544433594,4928.41162109375,447.91888427734375,70.91012573242188,70.61870574951172,179.92160034179688,82.5654525756836,220.00010681152344,163.533203125,276.4227294921875,173.8699951171875,336.8900146484375,250.47000122070312,60.93000030517578,121.701904296875,25.5690975189209,13.720000267028809,7.7686967849731445,42.119441986083984,27.62567901611328,193.76487731933594,23.87441062927246,12.723670959472656,385.0299987792969,76.36266326904297,45.4756965637207,106.68647003173828,49.126556396484375,59.27000045776367,5.995455741882324,195.47000122070312,33.98339080810547
2019-05-06,18.887216567993164,479.61260986328125,104.81224822998047,70.34017181396484,29.139999389648438,244.07302856445312,174.053955078125,213.16796875,22.938581466674805,,,449.364990234375,70.54186248779297,70.13117218017578,179.20359802246094,83.09082794189453,228.10960388183594,164.01901245117188,276.7401428222656,174.75999450683594,344.2300109863281,251.8800048828125,62.54999923706055,124.77325439453125,25.090242385864258,13.8100004196167,7.815910816192627,41.305030822753906,,190.44573974609375,23.836856842041016,12.637044906616211,378.6700134277344,75.66175842285156,44.69047927856445,105.74232482910156,47.68514633178711,59.46950149536133,5.7131218910217285,193.8800048828125,33.73110580444336
2019-05-07,18.776609420776367,474.1900939941406,100.83059692382812,69.46993255615234,28.690000534057617,240.55877685546875,171.92588806152344,208.30491638183594,22.701221466064453,142.7491912841797,4924.55859375,445.984375,69.19978332519531,68.36502075195312,177.03094482421875,82.27973175048828,225.78582763671875,160.82666015625,269.5378723144531,170.27999877929688,322.3999938964844,245.4499969482422,61.720001220703125,122.5738754272461,24.29766273498535,13.0,7.876377582550049,40.2894172668457,26.639371871948242,185.989501953125,22.71965217590332,12.596280097961426,370.4599914550781,74.73027038574219,43.01567459106445,105.74232482910156,46.855838775634766,58.70500183105469,5.746337413787842,189.77000427246094,33.38484191894531
2019-05-08,18.537702560424805,482.1369323730469,100.46350860595703,69.8124771118164,28.920000076293945,240.82382202148438,171.39385986328125,208.4311065673828,22.55880355834961,142.8745574951172,4953.45849609375,449.7875671386719,68.72511291503906,68.42940521240234,178.70005798339844,82.0308837890625,226.8291778564453,162.09567260742188,268.3573303222656,169.00999450683594,329.0,245.7899932861328,61.560001373291016,121.19805908203125,24.177947998046875,12.630000114440918,7.826679229736328,39.83909225463867,26.47649383544922,189.81707763671875,23.029462814331055,12.730464935302734,364.3699951171875,74.66572570800781,43.21693801879883,103.85407257080078,48.43547439575195,58.313499450683594,5.472306728363037,189.5399932861328,33.19192886352539
2019-05-09,18.520004272460938,468.9546203613281,100.04934692382812,69.53473663330078,28.450000762939453,240.80418395996094,170.96621704101562,206.86830139160156,22.710712432861328,140.4569091796875,4889.87841796875,447.5432434082031,68.82330322265625,68.65939331054688,179.52064514160156,81.23820495605469,225.70999145507812,164.49488830566406,266.8593444824219,169.91000366210938,324.1700134277344,246.22000122070312,61.5,120.72331237792969,24.099515914916992,13.020000457763672,7.8391032218933105,39.22588348388672,25.89737892150879,189.01272583007812,23.386215209960938,12.572502136230469,362.75,74.66572570800781,42.29009246826172,104.79821014404297,47.13227462768555,58.11899948120117,5.322835445404053,188.64999389648438,33.186981201171875
2019-05-10,18.210304260253906,474.09661865234375,100.3787841796875,69.09961700439453,28.459999084472656,242.88526916503906,170.72674560546875,208.04281616210938,23.04953956604004,141.0478973388672,4886.02490234375,450.5763854980469,69.1915512084961,69.50565338134766,182.4486083984375,81.413330078125,228.19496154785156,164.91127014160156,267.0379638671875,168.85000610351562,312.8599853515625,247.8300018310547,60.970001220703125,119.89977264404297,23.95916175842285,13.220000267028809,7.951752662658691,39.09174346923828,25.81593894958496,192.57220458984375,23.320499420166016,12.693097114562988,361.0400085449219,75.1545181274414,41.94966125488281,103.85407257080078,47.843109130859375,58.2135009765625,5.447394847869873,188.33999633789062,33.22160720825195
2019-05-13,18.188186645507812,459.04443359375,98.51504516601562,66.35933685302734,27.34000015258789,236.94638061523438,167.45965576171875,202.55856323242188,22.228729248046875,138.88095092773438,4864.83203125,447.21453857421875,69.10973358154297,69.04573059082031,183.58624267578125,80.49165344238281,227.2085723876953,160.62840270996094,259.0023498535156,164.61000061035156,305.1499938964844,242.6199951171875,58.029998779296875,118.3689193725586,23.434900283813477,13.25,7.91862154006958,37.45334243774414,25.38159942626953,189.1144561767578,22.757200241088867,12.4417142868042,345.260009765625,72.39697265625,39.37285232543945,103.85407257080078,46.08576583862305,56.60150146484375,,181.5399932861328,31.67825698852539
2019-05-14,18.152790069580078,475.40545654296875,99.54103088378906,66.5648422241211,27.739999771118164,241.42262268066406,171.43661499023438,205.61618041992188,22.992277145385742,141.1553497314453,4949.60498046875,454.5015869140625,69.83807373046875,69.26651000976562,184.69590759277344,80.79580688476562,224.24932861328125,161.9271240234375,265.2621154785156,166.72000122070312,304.6199951171875,246.17999267578125,58.52000045776367,118.43672180175781,23.975675582885742,13.630000114440918,7.984884738922119,38.3348274230957,25.707353591918945,190.24237060546875,22.822925567626953,12.587787628173828,345.6099853515625,72.99645233154297,40.26491165161133,103.85407257080078,46.470802307128906,56.02199935913086,5.189971923828125,180.72999572753906,32.72199630737305
2019-05-15,18.37843132019043,482.97833251953125,101.3012466430664,66.14449310302734,27.75,244.57363891601562,172.3346405029297,205.5093994140625,23.10680389404297,143.26852416992188,5032.451171875,456.9619445800781,70.05902099609375,69.91960144042969,186.93385314941406,81.35804748535156,223.91734313964844,163.93968200683594,260.9468078613281,166.8800048828125,305.8500061035156,249.5500030517578,59.099998474121094,119.34749603271484,23.8105525970459,14.029999732971191,7.915527820587158,39.7624397277832,25.888328552246094,189.54898071289062,23.020076751708984,12.596280097961426,354.989990234375,73.35611724853516,39.65363693237305,104.79821014404297,45.937679290771484,58.21049880981445,5.356050968170166,186.27000427246094,33.58765411376953
2019-05-16,18.449216842651367,487.9333801269531,102.21427917480469,66.11647033691406,27.8799991607666,248.7652587890625,175.67013549804688,208.97467041015625,23.53630256652832,143.87744140625,5090.251953125,461.7886657714844,70.84464263916016,70.71070098876953,188.3791961669922,81.21057891845703,224.5907440185547,163.5728759765625,264.89508056640625,170.22999572753906,308.0400085449219,251.97000122070312,61.47999954223633,118.88243103027344,24.390981674194336,14.119999885559082,8.030835151672363,39.91572952270508,26.25932502746582,193.6261749267578,22.81353187561035,12.85106086730957,359.30999755859375,73.78958129882812,39.805213928222656,111.1960678100586,46.33069610595703,58.94900131225586,5.306227207183838,186.99000549316406,34.52751541137695
2019-05-17,18.57309341430664,488.0268859863281,102.6190414428711,66.21923065185547,27.8700008392334,247.91122436523438,174.81488037109375,206.69361877441406,23.54584503173828,142.14031982421875,5094.10595703125,460.39892578125,71.09832000732422,70.47152709960938,188.76153564453125,80.86032104492188,228.9442596435547,162.99786376953125,259.647216796875,168.72999572753906,304.94000244140625,249.55999755859375,59.43000030517578,119.66722869873047,24.107215881347656,13.75,8.067248344421387,40.91219711303711,25.987863540649414,194.07919311523438,22.541271209716797,12.859553337097168,354.45001220703125,72.62752532958984,38.895748138427734,109.27889251708984,44.33094787597656,58.1150016784668,5.231491565704346,185.3000030517578,34.3444938659668
2019-05-20,18.661584854125977,470.450439453125,102.78849029541016,67.33082580566406,27.309999465942383,248.83396911621094,172.3346405029297,205.61618041992188,23.383594512939453,140.00918579101562,5055.5712890625,450.85809326171875,70.45184326171875,69.53325653076172,184.86378479003906,80.7128677368164,233.31680297851562,164.16770935058594,260.81781005859375,165.72999572753906,302.57000732421875,248.5399932861328,60.61000061035156,121.77941131591797,23.797653198242188,14.010000228881836,8.045574188232422,38.66058349609375,25.85213279724121,189.9095458984375,22.177778244018555,13.019214630126953,348.1099853515625,72.32318878173828,37.707977294921875,108.3203125,42.271812438964844,56.942501068115234,4.957461357116699,182.72000122070312,33.637123107910156
2019-05-21,18.334184646606445,476.9013977050781,104.57691955566406,67.21873474121094,28.010000228881836,250.66957092285156,174.77212524414062,210.5665740966797,23.832170486450195,140.582275390625,5076.7646484375,457.26715087890625,71.3847427368164,70.67389678955078,184.7891387939453,80.89718627929688,237.0632781982422,164.94100952148438,263.248291015625,169.1199951171875,309.95001220703125,249.3300018310547,63.18000030517578,124.22100830078125,23.853544235229492,14.329999923706055,8.13833999633789,39.54206848144531,25.969764709472656,191.3610382080078,22.59320068359375,12.86634635925293,354.2699890136719,73.7065658569336,38.53047180175781,109.27889251708984,42.905391693115234,57.48149871826172,5.0737175941467285,184.82000732421875,34.45331954956055
2019-05-22,18.104124069213867,475.40545654296875,92.18960571289062,72.44974517822266,27.420000076293945,252.18133544921875,173.5747528076172,211.21690368652344,23.765363693237305,136.83937072753906,5097.9580078125,466.2718505859375,71.6384506225586,70.41635131835938,187.120361328125,81.8096694946289,236.4941864013672,166.0216522216797,269.4981994628906,172.3699951171875,320.0899963378906,250.3800048828125,63.029998779296875,124.22100830078125,23.69016456604004,14.15999984741211,8.10626220703125,38.993141174316406,26.141691207885742,190.69540405273438,22.05504035949707,12.803502082824707,359.7300109863281,72.79354858398438,37.81980514526367,110.23748016357422,42.52920150756836,57.57099914550781,5.015589237213135,185.32000732421875,34.13178634643555
2019-05-23,17.900606155395508,459.2314453125,89.23394775390625,74.16852569580078,27.239999771118164,245.1430206298828,170.2820281982422,207.71278381347656,22.944551467895508,133.86654663085938,5018.9638671875,468.41448974609375,71.52387237548828,70.30596160888672,189.21841430664062,84.46414947509766,233.80052185058594,164.81214904785156,268.86322021484375,173.00999450683594,315.260009765625,253.57000732421875,59.88999938964844,122.76765441894531,23.329008102416992,14.15999984741211,8.083721160888672,38.463470458984375,25.65306282043457,188.8000946044922,21.620737075805664,12.784817695617676,352.2099914550781,71.041259765625,36.607173919677734,108.3203125,41.10364532470703,57.03850173950195,4.882725715637207,180.8699951171875,32.4994010925293
2019-05-24,18.07757568359375,451.2846374511719,89.77047729492188,76.19554901123047,27.139999389648438,246.86085510253906,173.4464874267578,208.04281616210938,22.896833419799805,133.65162658691406,5038.23046875,468.6597900390625,72.51410675048828,69.36768341064453,189.2930145263672,85.74531555175781,234.87229919433594,165.36732482910156,269.6369934082031,171.77000427246094,312.55999755859375,256.1099853515625,61.20000076293945,119.9869613647461,23.238719940185547,13.960000038146973,8.176487922668457,38.03974914550781,25.580673217773438,189.05897521972656,21.658506393432617,12.844265937805176,354.3900146484375,71.373291015625,36.06795883178711,108.3203125,40.450260162353516,56.673500061035156,4.86611795425415,181.05999755859375,32.7071533203125
2019-05-27,18.148366928100586,454.3231201171875,,,,,173.232666015625,,,,,,,,,,,,,,,,,,23.221521377563477,,8.211166381835938,,25.671161651611328,,,12.958067893981934,,,,108.3203125,,,4.733254432678223,,
2019-05-28,18.197032928466797,448.05914306640625,86.47598266601562,75.44824981689453,27.920000076293945,248.77505493164062,172.93331909179688,208.78250122070312,22.476879119873047,134.90525817871094,5032.451171875,463.6667175292969,71.42569732666016,68.4110107421875,188.87339782714844,84.15998840332031,229.58920288085938,163.8306427001953,264.26019287109375,172.75999450683594,307.92999267578125,246.85000610351562,61.20000076293945,119.21184539794922,23.05384063720703,13.859999656677246,8.22937297821045,37.567848205566406,25.562572479248047,186.97877502441406,21.450790405273438,12.917304039001465,355.05999755859375,70.26656341552734,35.61571502685547,108.3203125,40.70765686035156,56.70750045776367,4.675127029418945,184.30999755859375,32.850608825683594
2019-05-29,17.953699111938477,431.09039306640625,87.75615692138672,74.39270782470703,27.469999313354492,248.90267944335938,170.3333282470703,210.7484588623047,22.142831802368164,134.9947967529297,4957.3115234375,455.4737243652344,70.63186645507812,67.28876495361328,187.54931640625,84.35355377197266,229.91171264648438,162.2939453125,262.653076171875,166.5500030517578,307.7799987792969,247.4499969482422,58.040000915527344,118.06856536865234,22.782974243164062,13.890000343322754,8.145277976989746,37.914546966552734,25.25491714477539,187.66287231445312,21.68682289123535,12.883332252502441,349.19000244140625,69.71319580078125,34.87273406982422,106.40313720703125,41.03434371948242,55.823001861572266,4.650214672088623,182.19000244140625,32.746726989746094
2019-05-30,17.900606155395508,443.6650390625,88.36798095703125,75.09329986572266,27.1299991607666,249.52110290527344,172.46292114257812,211.35189819335938,22.31462860107422,135.12013244628906,5059.42529296875,459.9666442871094,70.58274841308594,67.44513702392578,190.868896484375,85.33055877685547,230.95504760742188,161.96678161621094,265.84747314453125,170.25999450683594,307.9599914550781,249.6999969482422,58.099998474121094,118.7564926147461,23.002246856689453,13.970000267028809,8.149611473083496,38.28049850463867,25.72545051574707,188.82781982421875,21.488555908203125,12.976751327514648,351.8500061035156,69.95299530029297,34.6065559387207,107.3617172241211,41.17293930053711,55.897499084472656,4.666822910308838,183.00999450683594,32.850608825683594
2019-05-31,17.816547393798828,435.6247863769531,87.80319213867188,75.14932250976562,27.260000228881836,246.87069702148438,169.87149047851562,208.1596221923828,21.264753341674805,133.7232666015625,5090.251953125,458.531982421875,70.378173828125,67.76708984375,194.6734619140625,85.33055877685547,229.34263610839844,161.21331787109375,264.85540771484375,166.17999267578125,301.7200012207031,249.77000427246094,58.119998931884766,117.58027648925781,22.679786682128906,13.819999694824219,8.081987380981445,37.25969314575195,25.327306747436523,188.22689819335938,21.545209884643555,12.857854843139648,343.2799987792969,68.69872283935547,33.69853973388672,105.44454956054688,41.34123229980469,55.18149948120117,4.525655746459961,177.47000122070312,29.457216262817383
2019-06-03,17.754610061645508,436.1856994628906,88.33030700683594,77.48462677001953,27.31999969482422,237.8102264404297,169.51226806640625,207.27395629882812,21.684696197509766,133.8486328125,5107.59130859375,458.3337097167969,70.84464263916016,69.08251953125,195.15830993652344,86.02182006835938,224.3726043701172,162.27410888671875,263.1689453125,166.63999938964844,303.95001220703125,245.58999633789062,53.97999954223633,119.5924301147461,22.727079391479492,13.84000015258789,8.152212142944336,37.34635925292969,,193.19166564941406,21.819007873535156,12.845964431762695,336.6300048828125,69.51954650878906,33.28060531616211,104.4859619140625,42.35100555419922,51.811500549316406,4.525655746459961,164.14999389648438,27.631906509399414
2019-06-04,17.658153533935547,437.9620666503906,91.144775390625,80.19353485107422,28.6200008392334,244.60308837890625,173.1898956298828,209.084228515625,22.495969772338867,137.9855194091797,5105.66455078125,454.057861328125,71.00830078125,68.99054718017578,193.96473693847656,87.01725769042969,228.35621643066406,165.00048828125,265.8375549316406,171.27000427246094,302.05999755859375,252.8800048828125,55.75,122.02259063720703,23.260215759277344,14.079999923706055,8.191226959228516,38.92573165893555,26.042156219482422,197.5277557373047,22.366607666015625,12.946178436279297,353.3999938964844,71.7237319946289,35.57427215576172,104.4859619140625,41.96491622924805,52.65250015258789,4.450920104980469,167.5,28.532196044921875
2019-06-05,17.719213485717773,440.72003173828125,90.59881591796875,79.85726165771484,28.049999237060547,251.55308532714844,172.97607421875,214.37872314453125,22.62959098815918,136.55282592773438,5138.41845703125,467.4989318847656,72.49769592285156,71.26261901855469,198.40333557128906,88.98968505859375,230.26266479492188,165.40696716308594,272.6033020019531,173.27000427246094,300.0,256.6000061035156,55.13999938964844,121.26439666748047,23.307512283325195,13.800000190734863,8.285727500915527,39.08944320678711,25.951669692993164,200.8837890625,22.328840255737305,12.993735313415527,355.7300109863281,72.13873291015625,35.146385192871094,106.40313720703125,41.3907356262207,52.111000061035156,4.583783149719238,168.1699981689453,26.959163665771484
2019-06-06,17.882909774780273,440.2993469238281,90.58941650390625,80.05342864990234,28.3799991607666,253.09422302246094,172.20635986328125,216.0721893310547,22.705942153930664,135.42459106445312,5161.53759765625,466.9042663574219,72.4895248413086,71.87894439697266,198.33804321289062,88.9435806274414,229.3616180419922,165.7936248779297,274.0615539550781,167.75,299.6000061035156,259.67999267578125,54.27000045776367,122.48917388916016,23.221521377563477,13.670000076293945,8.401902198791504,39.85024642944336,25.752595901489258,204.77613830566406,22.53655433654785,13.007325172424316,357.1300048828125,72.21250915527344,35.76831817626953,106.40313720703125,41.68772506713867,52.21699905395508,4.675127029418945,168.3300018310547,26.330942153930664
2019-06-07,18.068729400634766,448.38641357421875,91.07886505126953,81.12764739990234,28.420000076293945,260.9178161621094,174.25897216796875,218.66102600097656,22.868194580078125,135.26341247558594,5213.5576171875,471.5670471191406,72.45680236816406,71.92494201660156,198.11428833007812,89.5058364868164,234.0565948486328,165.5457763671875,279.4483947753906,173.50999450683594,306.7200012207031,264.9200134277344,55.70000076293945,124.8221206665039,23.513885498046875,13.779999732971191,8.58483600616455,39.97543716430664,25.85213279724121,206.22764587402344,22.461021423339844,13.019214630126953,360.8699951171875,72.931884765625,36.19619369506836,110.23748016357422,42.380706787109375,53.301998138427734,,173.35000610351562,26.860233306884766
2019-06-10,18.020061492919922,450.3964538574219,90.6552963256836,81.78153991699219,28.25,261.2123107910156,,221.0552215576172,22.868194580078125,137.07217407226562,5263.65087890625,477.6267395019531,72.14581298828125,72.12731170654297,195.68052673339844,90.09571075439453,235.3560028076172,166.00181579589844,281.5018615722656,172.83999633789062,304.25,268.4700012207031,57.470001220703125,126.630126953125,,13.720000267028809,,41.54517364501953,25.9426212310791,204.62820434570312,22.687612533569336,,352.010009765625,73.1532211303711,36.92509841918945,,43.00438690185547,54.01900100708008,4.807990074157715,174.82000732421875,26.810766220092773
2019-06-11,18.024486541748047,458.67047119140625,90.69294738769531,82.06177520751953,28.969999313354492,258.8171081542969,176.14053344726562,216.7339630126953,22.944551467895508,136.30209350585938,5248.23828125,475.9466857910156,71.94125366210938,72.51365661621094,194.8599090576172,89.92058563232422,233.20297241210938,165.178955078125,282.7816467285156,172.0,306.8399963378906,263.92999267578125,58.06999969482422,124.46244812011719,23.569780349731445,13.600000381469727,8.536284446716309,42.13262176513672,26.114547729492188,202.52024841308594,22.64040756225586,13.024310111999512,351.2699890136719,73.05177307128906,37.502254486083984,108.3203125,43.459774017333984,53.93600082397461,4.965765476226807,178.10000610351562,26.88001823425293
2019-06-12,17.825395584106445,455.44500732421875,90.67412567138672,82.44474792480469,29.229999542236328,259.003662109375,176.0977783203125,218.20362854003906,23.001819610595703,134.74404907226562,5209.70458984375,475.40869140625,71.70393371582031,72.98596954345703,197.2190704345703,89.8929443359375,231.90353393554688,165.04014587402344,282.9502258300781,170.6300048828125,306.1600036621094,265.04998779296875,57.7400016784668,123.18905639648438,23.582677841186523,13.5600004196167,8.596973419189453,39.96580505371094,25.27301788330078,203.35235595703125,23.225770950317383,13.155096054077148,345.55999755859375,72.55375671386719,36.37033462524414,107.3617172241211,42.35100555419922,53.85150146484375,4.924245357513428,175.0399932861328,26.232009887695312
2019-06-13,18.064306259155273,453.4349670410156,92.82966613769531,82.48211669921875,29.889999389648438,256.40240478515625,177.63723754882812,218.44691467285156,23.20224952697754,133.8844451904297,5211.63134765625,478.8349914550781,72.2358627319336,74.02320098876953,194.897216796875,89.86528015136719,232.33984375,166.56692504882812,284.1514892578125,168.88999938964844,307.4200134277344,267.1600036621094,59.2599983215332,123.8208999633789,23.578378677368164,13.729999542236328,8.599574089050293,40.110260009765625,25.861183166503906,203.56495666503906,23.48069190979004,13.095648765563965,343.42999267578125,73.12555694580078,36.882808685302734,108.3203125,41.96491622924805,54.438499450683594,4.882725715637207,177.47000122070312,26.62774085998535
2019-06-14,18.205881118774414,454.79058837890625,93.7803726196289,82.00572967529297,29.020000457763672,255.32257080078125,177.08132934570312,218.8848419189453,22.705942153930664,133.4188232421875,5246.31103515625,481.3079833984375,71.6384506225586,74.05097198486328,196.96731567382812,89.86528015136719,233.7593536376953,164.9608612060547,283.17864990234375,170.22000122070312,305.239990234375,267.739990234375,58.66999816894531,123.09185028076172,23.582677841186523,13.720000267028809,8.60130786895752,39.705780029296875,25.662111282348633,202.70516967773438,24.245439529418945,13.044692039489746,339.7300109863281,72.27706909179688,35.982261657714844,108.3203125,41.35113525390625,54.26750183105469,4.749862194061279,181.3300018310547,25.38613510131836
2019-06-17,18.197032928466797,462.08294677734375,94.2039566040039,81.39855194091797,29.520000457763672,254.4390869140625,178.10763549804688,218.1743927001953,22.4482479095459,134.9768829345703,5254.0185546875,482.7804870605469,72.44043731689453,74.94002532958984,199.6342010498047,89.69939422607422,234.33096313476562,164.70309448242188,283.8436279296875,173.77999877929688,310.9800109863281,268.25,60.02000045776367,124.58882904052734,23.582677841186523,13.529999732971191,8.596105575561523,39.002777099609375,25.52638053894043,200.5047607421875,24.09438133239746,13.056581497192383,350.6199951171875,71.60383605957031,36.079280853271484,109.27889251708984,41.4996337890625,54.625,4.733254432678223,189.00999450683594,25.044815063476562
2019-06-18,18.55097770690918,480.73455810546875,93.47913360595703,80.77269744873047,29.649999618530273,254.0561981201172,180.24578857421875,220.17930603027344,22.31462860107422,135.7469482421875,5261.724609375,474.99334716796875,69.90353393554688,74.53256225585938,200.77676391601562,90.28926849365234,234.07371520996094,164.66342163085938,287.08984375,177.94000244140625,306.6300048828125,269.7200012207031,60.90999984741211,125.45396423339844,23.909439086914062,13.699999809265137,8.730487823486328,40.74585723876953,25.92452049255371,202.4000701904297,24.08493423461914,13.163588523864746,357.1199951171875,73.29155731201172,38.032135009765625,114.07182312011719,43.390480041503906,55.18000030517578,4.816294193267822,188.47000122070312,25.480119705200195
2019-06-19,18.334184646606445,475.125,92.9332046508789,80.48312377929688,30.5,255.09678649902344,181.0155029296875,224.40322875976562,23.183164596557617,137.19752502441406,5279.06494140625,482.4878234863281,70.3045425415039,75.50495910644531,202.44369506835938,91.01740264892578,238.35125732421875,168.0441436767578,290.643798828125,181.75,310.8299865722656,274.2799987792969,61.619998931884766,126.46491241455078,24.01692771911621,13.819999694824219,8.605642318725586,40.957725524902344,25.707353591918945,203.7591094970703,23.678958892822266,13.212845802307129,363.5199890136719,73.7342300415039,38.091835021972656,112.15465545654297,44.20225524902344,55.11650085449219,4.982372760772705,187.47999572753906,26.424928665161133
2019-06-20,18.484609603881836,479.61260986328125,95.48410034179688,80.52982330322266,30.93000030517578,261.8896179199219,180.45960998535156,225.09422302246094,23.5172119140625,134.74404907226562,5327.23095703125,479.8448791503906,70.42729187011719,76.38475799560547,203.70797729492188,91.48748779296875,236.0362548828125,166.547119140625,291.1995849609375,182.1699981689453,320.4800109863281,272.8800048828125,62.77000045776367,124.50135040283203,24.369483947753906,14.050000190734863,8.539752006530762,41.612586975097656,26.105499267578125,205.2938690185547,24.018848419189453,13.144905090332031,365.2099914550781,76.21509552001953,38.335636138916016,113.11324310302734,45.03383255004883,55.57099914550781,5.032196521759033,189.52999877929688,26.914644241333008
2019-06-21,18.559823989868164,482.6044006347656,94.91931915283203,81.8282470703125,30.690000534057617,259.6123046875,181.1865692138672,222.583251953125,23.46949577331543,133.1501922607422,5298.33154296875,479.5806579589844,69.16703796386719,75.31974029541016,201.51657104492188,91.59806060791016,240.34234619140625,169.3329620361328,292.31146240234375,183.97000122070312,320.260009765625,273.92999267578125,63.5,124.64714813232422,24.511367797851562,13.970000267028809,8.596105575561523,41.371829986572266,25.797840118408203,205.3770751953125,23.877227783203125,13.056581497192383,369.2099914550781,76.7500228881836,37.75350570678711,114.07182312011719,44.97443389892578,56.09400177001953,4.807990074157715,191.13999938964844,26.706886291503906
2019-06-24,17.984668731689453,484.2872314453125,93.20618438720703,81.00621795654297,31.010000228881836,260.427001953125,181.91351318359375,222.72921752929688,22.992277145385742,132.935302734375,5383.10498046875,481.4212341308594,67.857666015625,74.64368438720703,200.92657470703125,91.39531707763672,237.82728576660156,167.8656768798828,293.3934631347656,181.02000427246094,312.54998779296875,275.010009765625,62.75,127.42725372314453,24.322189331054688,13.869999885559082,8.48946762084961,40.7651252746582,25.40874671936035,206.76385498046875,24.132143020629883,13.06847095489502,371.0400085449219,75.8738784790039,37.97740173339844,114.07182312011719,44.697242736816406,55.7760009765625,4.857813358306885,192.60000610351562,26.365570068359375
2019-06-25,17.426326751708984,477.3688659667969,92.45316314697266,80.05342864990234,29.93000030517578,254.9593505859375,181.143798828125,221.88250732421875,22.868194580078125,131.53843688964844,5379.251953125,471.9918212890625,67.32573699951172,73.88427734375,197.4240264892578,91.1556625366211,235.9409942626953,167.9549102783203,291.38824462890625,180.14999389648438,312.8999938964844,271.30999755859375,60.72999954223633,131.4029541015625,24.145910263061523,14.149999618530273,8.37675952911377,40.428062438964844,25.698307037353516,207.743896484375,24.207674026489258,13.00902271270752,360.29998779296875,75.69864654541016,37.6838493347168,114.07182312011719,43.49937057495117,54.317501068115234,4.807990074157715,188.83999633789062,25.875850677490234
2019-06-26,17.25819969177246,476.994873046875,93.41325378417969,79.95067596435547,29.520000457763672,256.5005187988281,182.08456420898438,220.34475708007812,23.4122257232666,133.68746948242188,5307.96484375,462.76995849609375,65.4353256225586,72.365478515625,192.732177734375,89.60721588134766,231.94927978515625,166.72555541992188,290.0977478027344,177.66000366210938,305.0799865722656,269.8900146484375,60.08000183105469,129.92544555664062,24.30929183959961,14.020000457763672,8.305667877197266,41.968910217285156,25.81593894958496,207.031982421875,24.207674026489258,12.947876930236816,362.20001220703125,76.20588684082031,39.619285583496094,110.23748016357422,44.49924850463867,53.9900016784668,4.9159417152404785,187.66000366210938,26.330942153930664
2019-06-27,17.394472122192383,482.04339599609375,93.52621459960938,80.21223449707031,29.739999771118164,256.30419921875,180.45960998535156,220.91896057128906,23.765363693237305,134.31427001953125,5250.1650390625,470.23614501953125,65.8323745727539,73.49531555175781,192.77899169921875,89.84686279296875,234.6834259033203,169.5015106201172,291.6264953613281,178.5800018310547,310.6700134277344,272.04998779296875,62.81999969482422,130.35317993164062,24.485570907592773,14.4399995803833,8.270988464355469,43.037879943847656,25.834033966064453,206.6344451904297,24.519243240356445,12.86634635925293,370.0199890136719,76.28887939453125,40.606910705566406,113.11324310302734,44.9051399230957,53.800498962402344,5.015589237213135,189.5,25.826383590698242
2019-06-28,17.500654220581055,486.2505187988281,94.98522186279297,80.9034652709961,30.700000762939453,259.671142578125,180.3740692138672,221.6975860595703,24.118501663208008,134.1351776123047,5284.84521484375,475.9938659667969,66.47755432128906,74.18064880371094,191.46791076660156,89.76390075683594,232.4636688232422,171.4149169921875,291.5371398925781,183.3800048828125,313.0,275.3299865722656,66.41000366210938,131.39324951171875,24.756437301635742,14.369999885559082,8.296998023986816,43.2497444152832,25.960718154907227,210.37974548339844,24.75527000427246,12.942780494689941,367.32000732421875,76.80533599853516,40.85567092895508,115.98900604248047,44.80613708496094,54.045501708984375,5.023892879486084,193.0,25.128910064697266
2019-07-01,17.59798812866211,490.9250793457031,96.19945526123047,81.21172332763672,30.68000030517578,261.8700256347656,183.11090087890625,226.04800415039062,24.700706481933594,136.5707550048828,5381.177734375,476.6073913574219,66.2459487915039,74.013916015625,189.45443725585938,90.41830444335938,231.1584930419922,173.52664184570312,297.225341796875,181.83999633789062,316.55999755859375,280.1600036621094,67.69999694824219,130.78085327148438,24.902620315551758,14.640000343322754,8.355952262878418,43.991275787353516,26.41315269470215,212.6566925048828,24.906333923339844,12.91390609741211,374.6000061035156,76.71311950683594,41.33830261230469,118.8647689819336,46.0139045715332,54.897499084472656,,193.0,25.50485610961914
2019-07-02,17.68824005126953,492.3274230957031,96.66069793701172,81.30513000488281,30.8799991607666,265.6002502441406,184.39378356933594,228.69528198242188,24.672073364257812,137.69895935058594,5467.8779296875,486.04638671875,66.965576171875,75.5605239868164,192.57298278808594,90.37223052978516,232.4255828857422,174.666748046875,298.9128723144531,179.52999877929688,315.5299987792969,277.010009765625,66.91999816894531,131.55848693847656,25.1304931640625,14.710000038146973,8.482532501220703,43.00897979736328,26.603174209594727,214.00428771972656,24.962982177734375,12.917304039001465,375.42999267578125,75.38506317138672,40.358131408691406,116.94759368896484,45.74660873413086,55.5625,5.156756401062012,195.0,25.81154441833496
2019-07-03,17.962547302246094,492.4209899902344,97.09368896484375,82.10846710205078,30.899999618530273,268.0641784667969,185.4200897216797,231.7707977294922,24.805692672729492,138.7734832763672,5550.72412109375,489.83135986328125,67.3625717163086,76.49588775634766,196.82469177246094,91.07270812988281,233.60694885253906,174.7064208984375,303.2013854980469,183.25999450683594,318.3900146484375,278.8699951171875,67.27999877929688,134.3191375732422,25.280975341796875,15.079999923706055,8.56576156616211,43.01860809326172,26.838441848754883,215.05445861816406,25.161251068115234,13.026008605957031,381.7200012207031,75.91997528076172,40.48750305175781,119.82335662841797,45.69711685180664,56.07899856567383,5.032196521759033,197.1999969482422,26.177595138549805
2019-07-04,18.02890968322754,492.794921875,,,,,185.6339111328125,,,139.65101623535156,5571.91748046875,,,,,,,,,,,,,,25.452957153320312,,8.496403694152832,,27.390413284301758,,,13.124524116516113,,,,118.8647689819336,,,5.131844520568848,,
2019-07-05,17.931577682495117,488.2138671875,98.10087585449219,82.79972076416016,31.260000228881836,267.1413879394531,185.505615234375,230.66127014160156,24.757972717285156,140.7792510986328,5448.61181640625,489.1044921875,66.99864196777344,76.33844757080078,195.76644897460938,90.92443084716797,235.3026885986328,176.25302124023438,298.45623779296875,178.33999633789062,307.0,278.489990234375,68.27999877929688,134.65936279296875,25.36696434020996,15.050000190734863,8.367223739624023,42.354122161865234,27.046560287475586,214.2924041748047,25.114046096801758,13.112632751464844,380.54998779296875,75.44963836669922,39.860595703125,117.90618133544922,45.19222640991211,56.579498291015625,5.140148639678955,196.39999389648438,25.90553092956543
2019-07-08,17.896183013916016,489.6163024902344,98.51504516601562,83.05191040039062,31.299999237060547,266.5713806152344,186.1042938232422,226.17457580566406,24.242584228515625,140.51063537597656,5483.291015625,490.02947998046875,66.965576171875,76.22731018066406,195.68215942382812,90.84101104736328,236.11244201660156,174.36935424804688,295.63702392578125,176.75,302.8399963378906,276.75,69.13999938964844,133.5220489501953,25.341167449951172,14.9399995803833,8.343814849853516,41.84371566772461,26.62127113342285,212.18275451660156,24.962982177734375,13.082059860229492,376.1600036621094,74.94239044189453,39.10930633544922,116.94759368896484,44.390350341796875,55.817501068115234,4.99898099899292,195.75999450683594,25.371294021606445
2019-07-09,17.69709014892578,488.120361328125,98.70330047607422,82.01506805419922,31.6299991607666,268.6451110839844,186.01876831054688,225.28887939453125,24.901142120361328,140.08082580566406,5469.80517578125,492.2381286621094,67.18061828613281,76.514404296875,197.892333984375,91.23026275634766,234.3595428466797,173.199462890625,294.7336120605469,178.4600067138672,307.9700012207031,279.54998779296875,69.66999816894531,131.21827697753906,24.997209548950195,14.770000457763672,8.389764785766602,42.344486236572266,26.494590759277344,210.0823516845703,24.72694969177246,13.146602630615234,379.92999267578125,74.01092529296875,39.134185791015625,117.90618133544922,44.568546295166016,56.24150085449219,4.932549476623535,199.2100067138672,25.277307510375977
2019-07-10,17.745758056640625,483.165283203125,97.02780151367188,80.19353485107422,31.649999618530273,270.65008544921875,184.94969177246094,228.48114013671875,25.015668869018555,140.1166229248047,5460.171875,497.5805969238281,67.49491882324219,76.88484191894531,198.0983123779297,91.61023712158203,235.76947021484375,172.8128204345703,294.3562927246094,178.75999450683594,301.42999267578125,282.5299987792969,69.63999938964844,132.8610382080078,25.14339256286621,14.819999694824219,8.25971794128418,43.066768646240234,26.431249618530273,210.27755737304688,24.46259307861328,13.071868896484375,381.0,72.89498901367188,39.81830596923828,116.94759368896484,45.10313034057617,57.02399826049805,5.082020282745361,202.72999572753906,25.8659610748291
2019-07-11,17.84309196472168,484.0067138671875,98.71271514892578,80.77269744873047,31.6200008392334,273.53961181640625,184.8214111328125,232.06272888183594,25.2542781829834,141.42396545410156,5469.80517578125,494.4846496582031,67.2964096069336,75.03263092041016,195.9724884033203,92.67599487304688,248.80221557617188,173.4473114013672,293.3934631347656,176.00999450683594,291.82000732421875,285.4599914550781,71.0999984741211,134.77603149414062,25.164888381958008,14.829999923706055,8.236310005187988,43.60606384277344,26.666513442993164,211.6715850830078,24.368175506591797,12.998831748962402,379.5,72.99645233154297,41.36566162109375,117.90618133544922,44.89523696899414,57.21049880981445,5.11474084854126,201.22999572753906,26.454607009887695
2019-07-12,18.04218101501465,488.2138671875,101.09415435791016,81.76284790039062,32.40999984741211,274.73858642578125,184.8214111328125,234.8073272705078,25.569244384765625,140.76133728027344,5485.21826171875,488.9440612792969,67.72653198242188,74.11580657958984,195.71023559570312,91.98092651367188,253.31785583496094,173.94302368164062,288.817138671875,175.7899932861328,292.55999755859375,284.239990234375,70.62000274658203,137.5560760498047,25.203582763671875,14.90999984741211,8.166083335876465,44.79058837890625,26.919879913330078,211.11395263671875,24.415386199951172,12.942780494689941,373.25,74.89627075195312,41.6965217590332,116.94759368896484,44.96453094482422,57.244998931884766,5.338618755340576,204.8699951171875,26.603004455566406
2019-07-15,17.989093780517578,486.0636291503906,101.63070678710938,81.08094024658203,32.380001068115234,274.571533203125,185.80496215820312,234.4472198486328,25.330638885498047,140.38528442382812,5456.31787109375,487.9812927246094,67.63557434082031,74.03246307373047,197.32106018066406,92.5091781616211,253.37503051757812,173.100341796875,286.72247314453125,176.3699951171875,298.20001220703125,284.0799865722656,71.33999633789062,136.98257446289062,25.306774139404297,14.9399995803833,8.149611473083496,44.569095611572266,26.702709197998047,211.57867431640625,24.708065032958984,12.74744987487793,366.6000061035156,74.41670989990234,41.61195755004883,116.94759368896484,45.63771438598633,57.516998291015625,5.502222061157227,203.91000366210938,27.31532096862793
2019-07-16,18.17491340637207,496.0672302246094,100.24700164794922,82.49146270751953,32.56999969482422,271.8687438964844,186.318115234375,233.61021423339844,24.86296272277832,141.54931640625,5543.01806640625,485.3665771484375,67.6769027709961,75.44013214111328,196.01930236816406,92.5555191040039,252.13661193847656,173.5464630126953,284.12164306640625,176.16000366210938,298.3699951171875,283.6600036621094,69.19999694824219,135.7966766357422,25.36696434020996,15.0,8.165217399597168,44.30907440185547,27.327070236206055,211.0582275390625,24.745832443237305,12.742353439331055,365.989990234375,74.8409423828125,41.564674377441406,115.98900604248047,45.63771438598633,57.67900085449219,5.5366644859313965,203.83999633789062,27.706106185913086
2019-07-17,18.44478988647461,490.4576110839844,98.76919555664062,82.07111358642578,31.799999237060547,270.55181884765625,185.76219177246094,233.98977661132812,24.290302276611328,139.48983764648438,5566.13818359375,483.4411315917969,67.1971664428711,75.57904052734375,195.48548889160156,93.52861785888672,254.03233337402344,172.37660217285156,284.9058837890625,177.13999938964844,299.4200134277344,284.7300109863281,68.44000244140625,136.05914306640625,25.315372467041016,14.970000267028809,8.149611473083496,44.51131057739258,26.738903045654297,210.43551635742188,24.46259307861328,12.492671012878418,362.44000244140625,73.1808853149414,42.21894836425781,115.98900604248047,45.50901794433594,57.317501068115234,5.614160537719727,201.8000030517578,27.9484920501709
2019-07-18,18.020061492919922,485.7829895019531,97.658447265625,82.66893768310547,31.31999969482422,272.0260009765625,183.96615600585938,234.66131591796875,24.280757904052734,139.973388671875,5558.43115234375,483.43170166015625,68.96724700927734,76.33844757080078,195.41058349609375,93.9178466796875,248.26866149902344,173.46713256835938,291.5867614746094,178.08999633789062,303.0899963378906,289.8500061035156,68.52999877929688,137.28390502929688,25.23798179626465,14.960000038146973,8.173887252807617,46.38922882080078,26.666513442993164,209.60841369628906,24.594772338867188,12.528339385986328,325.2099914550781,72.91343688964844,42.33586883544922,109.27889251708984,45.09322738647461,57.31650161743164,5.639992713928223,200.77999877929688,28.388742446899414
2019-07-19,18.037757873535156,488.6813659667969,96.48184967041016,82.21123504638672,31.459999084472656,270.8663330078125,184.60760498046875,233.5128936767578,23.994428634643555,139.3465576171875,5541.09130859375,478.1836242675781,67.38739776611328,74.77334594726562,192.5074005126953,93.41741180419922,244.5055694580078,171.7520294189453,287.7053527832031,174.1300048828125,298.1099853515625,284.69000244140625,68.55000305175781,135.58282470703125,25.358367919921875,14.890000343322754,8.196428298950195,46.04253387451172,26.666513442993164,208.66973876953125,24.57588768005371,12.499465942382812,315.1000061035156,73.65123748779297,41.90300750732422,107.3617172241211,45.271427154541016,56.505001068115234,5.562496185302734,198.36000061035156,28.096891403198242
2019-07-22,18.192611694335938,492.8884582519531,96.5289306640625,81.4732894897461,30.979999542236328,273.8246154785156,183.75233459472656,235.0019989013672,24.9488582611084,140.22409057617188,5506.4111328125,477.98553466796875,66.46100616455078,75.18082427978516,193.5750274658203,93.8251953125,243.23851013183594,170.67137145996094,289.6014099121094,174.0800018310547,296.5199890136719,287.07000732421875,70.13999938964844,136.64234924316406,25.37556266784668,14.819999694824219,8.187759399414062,48.85457992553711,26.711759567260742,210.04519653320312,24.557004928588867,12.475685119628906,310.6199951171875,73.37456512451172,42.61948013305664,110.23748016357422,45.053627014160156,56.903499603271484,5.519443035125732,202.32000732421875,27.908916473388672
2019-07-23,18.13067054748535,489.8967590332031,97.09673309326172,82.70631408691406,30.889999389648438,274.1784362792969,184.8214111328125,236.90953063964844,25.502429962158203,143.35809326171875,5431.271484375,478.86328125,67.24679565429688,76.48662567138672,193.668701171875,94.16807556152344,242.94317626953125,174.45855712890625,291.47760009765625,175.24000549316406,309.260009765625,286.82000732421875,67.13999938964844,136.7395782470703,25.934497833251953,14.850000381469727,8.256250381469727,49.14349365234375,26.666513442993164,212.6938934326172,24.632539749145508,12.543627738952637,307.29998779296875,75.44963836669922,43.69914245605469,107.3617172241211,45.69711685180664,57.31050109863281,5.5366644859313965,202.36000061035156,27.43404197692871
2019-07-24,18.033334732055664,485.6896057128906,97.28601837158203,83.2200698852539,31.489999771118164,275.43646240234375,183.7950897216797,236.58836364746094,26.046463012695312,143.1968994140625,5421.638671875,479.7977600097656,67.84233856201172,76.18101501464844,191.7863006591797,94.83535766601562,239.24679565429688,176.57028198242188,286.2559509277344,173.33999633789062,313.6300048828125,285.3999938964844,69.23999786376953,139.28634643554688,26.132272720336914,15.079999923706055,8.257983207702637,50.212459564208984,26.648420333862305,208.97645568847656,25.000749588012695,12.569104194641113,317.94000244140625,76.29810333251953,44.445457458496094,107.3617172241211,46.42969512939453,56.890499114990234,5.5108323097229,204.66000366210938,27.809986114501953
2019-07-25,18.090848922729492,475.7794494628906,96.57624053955078,82.17387390136719,31.459999084472656,274.5519104003906,181.8280029296875,235.8681640625,26.14189910888672,142.85662841796875,5419.7119140625,462.958740234375,67.2964096069336,75.43086242675781,192.3762969970703,94.61292266845703,236.93174743652344,170.29464721679688,288.4696960449219,169.55999755859375,303.4200134277344,283.55999755859375,66.80999755859375,137.90603637695312,26.011886596679688,15.039999961853027,8.24844741821289,48.941253662109375,27.001317977905273,211.56935119628906,24.849685668945312,12.416236877441406,326.4599914550781,75.60641479492188,43.131935119628906,108.3203125,46.696983337402344,56.60599899291992,5.5969390869140625,200.7100067138672,27.24112319946289
2019-07-26,18.166065216064453,442.44970703125,97.97683715820312,81.32380676269531,31.469999313354492,277.22515869140625,181.65695190429688,237.81466674804688,26.056005477905273,143.34017944335938,5464.02392578125,461.3824768066406,67.15579986572266,76.0420913696289,191.5989990234375,95.03923797607422,240.97113037109375,165.09963989257812,285.11431884765625,166.8300018310547,309.17999267578125,283.94000244140625,69.52999877929688,141.00689697265625,25.97319221496582,15.0,8.2076997756958,48.86421203613281,27.27277946472168,214.26451110839844,25.104602813720703,12.789913177490234,335.7799987792969,75.2282943725586,43.552364349365234,107.3617172241211,46.88507843017578,62.52050018310547,5.519443035125732,199.75,27.345001220703125
2019-07-29,18.36073112487793,447.9189147949219,98.3837890625,81.48260498046875,31.079999923706055,276.6059875488281,182.38392639160156,236.79275512695312,25.683773040771484,144.00279235839844,6302.125,459.277587890625,67.05653381347656,76.52366638183594,192.5167999267578,95.69723510742188,241.80947875976562,165.863037109375,286.8119201660156,166.22999572753906,306.0400085449219,284.9100036621094,68.5,142.07615661621094,26.170969009399414,14.949999809265137,8.211166381835938,48.79680633544922,27.09180450439453,214.8593292236328,24.915775299072266,12.874838829040527,332.70001220703125,74.76716613769531,43.490169525146484,109.27889251708984,47.053375244140625,61.97050094604492,5.485000133514404,195.94000244140625,27.68631935119629
2019-07-30,18.0510311126709,440.67333984375,98.20397186279297,81.15568542480469,31.020000457763672,273.38232421875,178.2786865234375,235.4593963623047,25.77921485900879,141.2269744873047,6265.51708984375,470.8308410644531,68.08219146728516,75.94949340820312,195.4011993408203,96.15135192871094,242.86692810058594,169.15451049804688,281.83843994140625,169.5399932861328,311.1300048828125,286.04998779296875,70.13999938964844,129.08946228027344,25.164888381958008,15.0600004196167,7.99702262878418,48.85457992553711,26.738903045654297,215.4355010986328,25.255664825439453,12.654029846191406,325.92999267578125,76.65780639648438,43.64689254760742,108.3203125,46.696983337402344,61.25699996948242,5.4936113357543945,197.0399932861328,28.30959701538086
2019-07-31,18.099699020385742,438.9437255859375,95.96112060546875,80.7072982788086,30.309999465942383,267.593505859375,180.41683959960938,238.39859008789062,25.53106117248535,137.9676055908203,6383.04443359375,473.92681884765625,67.06481170654297,74.65294647216797,198.18264770507812,94.47393035888672,237.2271270751953,166.08114624023438,275.65386962890625,166.6199951171875,304.760009765625,282.04998779296875,68.23999786376953,129.77960205078125,25.4228572845459,15.15999984741211,7.834897518157959,47.544857025146484,27.146095275878906,212.1455535888672,24.679746627807617,12.676112174987793,322.989990234375,75.80008697509766,41.97266387939453,108.3203125,46.0337028503418,60.83399963378906,5.476389408111572,194.22999572753906,28.561874389648438
2019-08-01,18.090848922729492,438.8970031738281,94.15355682373047,77.17634582519531,29.940000534057617,269.45098876953125,179.219482421875,250.3404541015625,24.519365310668945,139.57937622070312,6799.20458984375,493.4180908203125,66.08049774169922,74.81038665771484,197.98597717285156,94.8724136352539,237.4557342529297,164.57420349121094,275.7828674316406,179.2899932861328,309.42999267578125,268.29998779296875,71.44999694824219,125.92053985595703,25.07459831237793,15.149999618530273,7.830562591552734,46.67814254760742,27.1551456451416,210.37974548339844,24.273759841918945,12.810295104980469,319.5,74.39535522460938,41.027339935302734,106.40313720703125,45.221927642822266,60.45050048828125,5.321397304534912,192.72999572753906,28.537141799926758
2019-08-02,18.081998825073242,421.55426025390625,93.90748596191406,76.1488265991211,29.43000030517578,264.82196044921875,175.2852783203125,247.1579132080078,24.102157592773438,137.14381408691406,6564.15087890625,494.682861328125,66.04741668701172,74.56033325195312,201.7881622314453,94.83535766601562,238.21788024902344,163.35476684570312,272.81475830078125,178.38999938964844,305.239990234375,268.7099914550781,69.62999725341797,123.58760070800781,24.507068634033203,14.729999542236328,7.981417655944824,45.79214859008789,26.0150089263916,207.09913635253906,23.82057762145996,12.608170509338379,318.8299865722656,73.77205657958984,40.09941864013672,105.44454956054688,44.439849853515625,59.699501037597656,5.080298900604248,189.02000427246094,25.925317764282227
2019-08-05,17.909452438354492,413.5606994628906,91.83497619628906,75.4669418334961,29.18000030517578,252.4285125732422,172.42018127441406,237.64920043945312,23.392425537109375,131.89662170410156,6363.77685546875,483.9130554199219,64.31871032714844,72.82852935791016,200.3178253173828,92.22187805175781,233.46400451660156,158.39772033691406,266.50115966796875,175.55999755859375,299.57000732421875,260.07000732421875,65.5999984741211,120.08818054199219,23.849246978759766,14.350000381469727,7.950206756591797,43.77940368652344,25.24587059020996,204.5155029296875,23.43347930908203,12.4417142868042,307.6300048828125,71.4742431640625,37.51219940185547,102.56878662109375,41.90552520751953,57.61600112915039,5.054466247558594,181.72999572753906,24.940937042236328
2019-08-06,17.838665008544922,417.6275939941406,92.66775512695312,77.31647491455078,29.540000915527344,260.1338195800781,172.12081909179688,239.24537658691406,24.06379508972168,131.84288024902344,6356.07080078125,490.690185546875,63.938201904296875,74.04171752929688,203.1741943359375,93.8251953125,236.53163146972656,160.26156616210938,273.9464111328125,176.94000244140625,300.260009765625,270.3800048828125,67.08999633789062,120.85610961914062,24.670448303222656,16.5,7.922462463378906,44.61725616455078,25.1644287109375,205.7794189453125,21.809566497802734,12.417935371398926,310.1000061035156,73.39064025878906,37.90028381347656,101.6102066040039,42.36090850830078,58.497501373291016,5.071688175201416,184.50999450683594,25.11406898498535
2019-08-07,17.745758056640625,417.9080810546875,93.10308837890625,77.54067993164062,29.860000610351562,264.68438720703125,170.8464813232422,242.02883911132812,23.459564208984375,132.11148071289062,6541.03076171875,503.1778869628906,63.51634979248047,74.55107879638672,203.62368774414062,93.96419525146484,234.7882080078125,160.53915405273438,272.7850341796875,175.64999389648438,302.2200012207031,267.8699951171875,65.94000244140625,122.57666015625,24.82093048095703,16.31999969482422,7.686644077301025,44.954307556152344,25.227773666381836,207.68463134765625,21.31861686706543,12.373772621154785,304.2900085449219,72.64640808105469,38.28338623046875,101.6102066040039,42.96479415893555,58.699501037597656,5.123351097106934,185.14999389648438,24.921152114868164
2019-08-08,18.674856185913086,426.4158630371094,95.08098602294922,78.27864074707031,29.670000076293945,273.2643737792969,172.97607421875,250.885498046875,24.159706115722656,133.37283325195312,6560.29833984375,518.421630859375,64.8646240234375,76.09765625,206.98574829101562,94.78901672363281,235.9029083251953,163.02760314941406,278.4533386230469,182.94000244140625,309.8699951171875,275.57000732421875,66.5,123.08214569091797,25.147693634033203,16.6299991607666,7.486371994018555,46.09068298339844,26.033105850219727,211.87603759765625,21.68682289123535,12.395854949951172,315.8999938964844,74.19998931884766,39.370521545410156,101.6102066040039,43.4003791809082,60.2400016784668,5.14918327331543,190.16000366210938,25.39107894897461
2019-08-09,18.42801284790039,425.013427734375,93.26397705078125,76.98020935058594,29.459999084472656,270.22747802734375,170.62411499023438,249.3380126953125,24.140522003173828,131.39857482910156,6589.19775390625,521.4232788085938,64.16152954101562,75.78277587890625,208.11891174316406,94.22368621826172,236.86509704589844,163.52330017089844,274.3534240722656,182.97999572753906,304.8900146484375,278.8599853515625,64.87000274658203,123.93754577636719,24.80373191833496,16.399999618530273,7.3147101402282715,45.406925201416016,25.680206298828125,213.63255310058594,21.507442474365234,12.334708213806152,308.92999267578125,73.52086639404297,38.35553741455078,103.52737426757812,42.558902740478516,59.4005012512207,5.157793998718262,187.85000610351562,24.94588279724121
2019-08-12,18.33376121520996,419.5909729003906,90.92645263671875,76.62522888183594,29.25,265.3624572753906,170.74386596679688,247.30392456054688,23.469152450561523,129.3146209716797,6541.03076171875,522.2537841796875,63.9299430847168,75.65312194824219,208.10955810546875,93.60276794433594,231.69203186035156,162.51206970214844,270.01531982421875,179.83999633789062,295.8699951171875,275.7799987792969,65.38999938964844,122.28504180908203,24.59305763244629,16.139999389648438,7.282630920410156,44.74244689941406,25.834033966064453,211.08609008789062,20.8465518951416,12.312626838684082,310.8299865722656,72.51615905761719,37.6763801574707,101.6102066040039,42.34111022949219,58.73550033569336,5.16640567779541,185.3699951171875,24.466060638427734
2019-08-13,18.230533599853516,411.31695556640625,91.39962768554688,78.68962097167969,29.600000381469727,269.8146667480469,172.93331909179688,251.45970153808594,24.006250381469727,128.96730041503906,6500.5703125,517.6099243164062,64.52548217773438,75.7735366821289,207.06065368652344,94.90022277832031,237.42713928222656,164.77247619628906,273.1622314453125,183.91000366210938,304.8599853515625,280.9100036621094,65.91999816894531,124.32636260986328,25.07459831237793,16.030000686645508,7.228878974914551,46.28329086303711,26.376956939697266,213.44668579101562,21.582975387573242,12.390759468078613,312.2799987792969,73.87438201904297,38.82073974609375,101.6102066040039,42.925193786621094,59.86349868774414,5.028635025024414,188.4499969482422,24.49574089050293
2019-08-14,18.077943801879883,400.5653381347656,88.57001495361328,76.49445343017578,27.489999771118164,262.5614013671875,167.6478271484375,241.9607391357422,23.315696716308594,126.82849884033203,6481.3037109375,509.5868835449219,64.4924087524414,74.32881927490234,204.9816436767578,93.53788757324219,231.69203186035156,162.2245635986328,267.5137634277344,179.52999877929688,293.5299987792969,269.80999755859375,61.5,119.82572174072266,24.365184783935547,15.619999885559082,7.123974323272705,44.98320007324219,25.87023162841797,206.86680603027344,21.32805633544922,12.23789119720459,299.1099853515625,69.94857025146484,37.33308410644531,100.651611328125,41.06404495239258,58.214500427246094,5.16640567779541,179.7100067138672,24.0406494140625
2019-08-15,18.127309799194336,399.77069091796875,88.37126922607422,77.12030029296875,27.170000076293945,267.22003173828125,167.75045776367188,246.39878845214844,22.999195098876953,125.40264129638672,6475.5244140625,515.6844482421875,64.70745086669922,75.20858764648438,209.96380615234375,94.29783630371094,232.69232177734375,162.2245635986328,271.3157653808594,181.1199951171875,293.1099853515625,273.07000732421875,56.939998626708984,119.82572174072266,24.231901168823242,15.600000381469727,7.109235763549805,45.416568756103516,25.707353591918945,210.35189819335938,21.488555908203125,12.424729347229004,295.760009765625,70.61836242675781,37.00968551635742,100.651611328125,41.36103439331055,58.362998962402344,4.856420993804932,182.58999633789062,23.199722290039062
2019-08-16,18.836427688598633,404.164794921875,88.88231658935547,78.66160583496094,27.950000762939453,269.6475830078125,169.9228057861328,249.8148651123047,23.469152450561523,127.79735565185547,6600.75732421875,520.8475341796875,65.47671508789062,76.30140686035156,208.7744598388672,95.23387145996094,234.064208984375,164.722900390625,274.13507080078125,184.94000244140625,296.8500061035156,275.4100036621094,60.43000030517578,120.46729278564453,24.464075088500977,15.59000015258789,7.199401378631592,44.906166076660156,26.159788131713867,212.60093688964844,22.139148712158203,12.68630313873291,302.79998779296875,71.93008422851562,39.69392776489258,101.6102066040039,41.469932556152344,58.880001068115234,4.796145915985107,183.6999969482422,23.95655632019043
2019-08-19,18.7017822265625,409.4471130371094,89.95169830322266,80.87544250488281,28.420000076293945,273.29388427734375,172.46292114257812,253.70787048339844,23.6993350982666,128.5102996826172,6673.970703125,524.5475463867188,65.49323272705078,77.66278839111328,210.8909454345703,96.54985809326172,233.1305694580078,167.17169189453125,277.4804992675781,187.08999633789062,298.3800048828125,279.5299987792969,61.119998931884766,121.12828063964844,24.83812713623047,15.739999771118164,7.2982378005981445,45.35877990722656,26.268373489379883,212.42437744140625,21.730751037597656,12.759339332580566,309.3800048828125,73.62321472167969,42.485130310058594,103.52737426757812,42.31140899658203,59.92250061035156,4.865031719207764,186.1699981689453,24.26325035095215
2019-08-20,18.571632385253906,406.5020446777344,92.62043762207031,80.50833892822266,28.209999084472656,272.2815246582031,171.5221405029297,254.2529754638672,23.910337448120117,126.57258605957031,6627.73095703125,518.6031494140625,64.44278717041016,76.35696411132812,211.23744201660156,99.07989501953125,228.79586791992188,165.5755157470703,274.17474365234375,183.72000122070312,296.0299987792969,281.4100036621094,60.279998779296875,119.74796295166016,24.627452850341797,15.390000343322754,7.139579772949219,45.00246047973633,25.8068904876709,209.78497314453125,21.322349548339844,12.716876029968262,298.989990234375,72.71153259277344,41.76121139526367,102.56878662109375,41.79662322998047,59.134498596191406,4.8305888175964355,183.80999755859375,23.97634506225586
2019-08-21,18.74666404724121,410.4754333496094,102.20708465576172,96.95265197753906,28.280000686645508,277.1661682128906,172.80502319335938,257.5425109863281,24.648845672607422,127.21238708496094,6646.99755859375,523.4383544921875,63.905113220214844,77.1441650390625,212.94189453125,99.89546203613281,228.97689819335938,167.1320343017578,276.239501953125,186.39999389648438,297.7799987792969,280.9599914550781,60.61000061035156,120.12706756591797,25.057401657104492,15.680000305175781,7.106634616851807,45.30234909057617,26.4493465423584,212.48941040039062,21.56928825378418,12.60307502746582,297.80999755859375,73.16736602783203,42.597076416015625,105.44454956054688,42.073814392089844,59.5625,4.615322589874268,183.5500030517578,24.228620529174805
2019-08-22,18.697294235229492,402.76239013671875,102.35851287841797,100.07772064208984,28.030000686645508,275.9474792480469,171.90701293945312,256.2773132324219,24.620073318481445,127.34034729003906,6606.51611328125,525.6377563476562,64.74055480957031,77.78315734863281,214.00013732910156,99.93253326416016,221.91751098632812,166.49752807617188,276.14031982421875,184.2100067138672,295.0199890136719,279.8800048828125,59.779998779296875,118.82450866699219,25.044504165649414,15.4399995803833,7.032074451446533,45.49582290649414,25.987863540649414,209.36672973632812,21.44582176208496,12.560611724853516,296.92999267578125,72.90687561035156,42.659271240234375,104.4859619140625,41.677825927734375,59.47650146484375,4.5981011390686035,182.0399932861328,24.258302688598633
2019-08-23,18.670366287231445,398.2748107910156,100.68345642089844,97.41387176513672,27.010000228881836,267.22003173828125,169.13595581054688,250.16526794433594,24.418657302856445,126.17041015625,6600.71875,520.8973999023438,63.51634979248047,75.8383560180664,212.18338012695312,98.28289794921875,219.74539184570312,164.4353790283203,267.3946533203125,180.17999267578125,286.8500061035156,270.44000244140625,56.04999923706055,116.43324279785156,25.15199089050293,15.010000228881836,7.055482387542725,43.648128509521484,26.440296173095703,205.05450439453125,20.82847023010254,12.507957458496094,291.44000244140625,71.2509765625,40.41038513183594,104.4859619140625,40.945247650146484,57.56449890136719,4.606710910797119,177.75,22.660537719726562
2019-08-26,18.62099838256836,397.3866271972656,100.69292449951172,98.61872100830078,27.200000762939453,271.68206787109375,170.67543029785156,250.8773193359375,24.648845672607422,,,529.6766967773438,64.18636322021484,76.52366638183594,215.4611053466797,99.06139373779297,220.14556884765625,163.80088806152344,268.9432678222656,180.63999938964844,284.7300109863281,277.1300048828125,55.93000030517578,117.04563903808594,24.945615768432617,15.020000457763672,7.1222405433654785,44.12214660644531,26.48554229736328,207.0526580810547,21.38883399963379,12.609869003295898,294.9800109863281,71.4742431640625,41.15918731689453,100.651611328125,40.846248626708984,58.44449996948242,4.511993885040283,180.36000061035156,22.95733642578125
2019-08-27,18.647926330566406,402.06121826171875,100.35220336914062,98.5528335571289,26.469999313354492,271.88848876953125,169.87149047851562,250.9358367919922,24.6104793548584,124.92736053466797,6608.44873046875,528.576904296875,64.12020111083984,75.94949340820312,215.19886779785156,99.66378021240234,212.3811492919922,162.52197265625,270.9385070800781,178.25,281.4100036621094,284.7699890136719,55.29999923706055,114.11973571777344,25.048803329467773,14.829999923706055,7.254020690917969,44.02540588378906,26.693662643432617,209.60841369628906,21.23686981201172,12.596280097961426,291.0299987792969,71.50215148925781,40.25117111206055,104.4859619140625,40.82645034790039,58.391998291015625,4.511993885040283,181.3000030517578,22.556659698486328
2019-08-28,18.73320198059082,401.7340393066406,102.37744140625,100.15302276611328,26.940000534057617,273.4609069824219,168.058349609375,252.3599395751953,24.629663467407227,124.45207977294922,6647.09423828125,524.7940673828125,64.59992218017578,76.71814727783203,215.52664184570312,100.09010314941406,216.592041015625,162.80947875976562,274.04571533203125,178.33999633789062,287.6400146484375,285.55999755859375,55.900001525878906,115.72364807128906,25.083200454711914,14.6899995803833,7.195933818817139,44.40269088745117,26.4493465423584,209.84071350097656,21.892208099365234,12.703288078308105,291.7699890136719,72.44174194335938,40.14658737182617,102.56878662109375,40.17306900024414,58.55099868774414,4.486162185668945,181.75999450683594,22.40825843811035
2019-08-29,19.056339263916016,407.01629638671875,106.5508804321289,101.59319305419922,27.729999542236328,276.5470275878906,169.44386291503906,254.34005737304688,24.898204803466797,125.71339416503906,6734.04736328125,528.7665405273438,65.47671508789062,77.53312683105469,215.7794952392578,99.90473937988281,219.70729064941406,166.40829467773438,283.6848449707031,178.97999572753906,290.57000732421875,289.2900085449219,57.5,117.37614440917969,25.534645080566406,14.880000114440918,7.282630920410156,45.76668930053711,27.290876388549805,208.58612060546875,22.481069564819336,12.861250877380371,296.7799987792969,74.0883560180664,41.58591079711914,103.52737426757812,40.48986053466797,59.64250183105469,4.434497833251953,185.57000732421875,23.135414123535156
2019-08-30,19.105709075927734,411.73760986328125,106.18180084228516,100.75543212890625,27.600000381469727,276.53717041015625,171.30833435058594,253.79380798339844,24.78312110900879,124.85424041748047,6718.58935546875,527.4011840820312,66.3534927368164,77.44050598144531,215.57347106933594,99.98812866210938,222.9273223876953,166.1208038330078,284.9654541015625,180.02000427246094,290.04998779296875,289.739990234375,57.880001068115234,117.22985076904297,25.667930603027344,14.600000381469727,7.336384296417236,46.453529357910156,27.39946174621582,209.9615478515625,22.83248519897461,12.857854843139648,293.75,75.09306335449219,41.7129020690918,103.52737426757812,40.85614776611328,59.404998779296875,4.443108558654785,185.6699981689453,25.49001121520996
2019-09-02,19.208932876586914,412.1583557128906,,,,,172.07806396484375,,,125.71339416503906,6782.35498046875,,,,,,,,,,,,,,25.779714584350586,,7.346787929534912,,27.643775939941406,,,12.919000625610352,,,,104.4859619140625,,,4.417276859283447,,
2019-09-03,19.249326705932617,405.19317626953125,105.21652221679688,100.44481658935547,26.889999389648438,275.298828125,170.76097106933594,252.3112030029297,24.23642921447754,125.51233673095703,6795.88037109375,536.5314331054688,66.5519790649414,78.32030487060547,222.73768615722656,99.59889221191406,219.70729064941406,166.15052795410156,281.4612121582031,178.6999969482422,285.1199951171875,286.0799865722656,56.470001220703125,116.99578094482422,25.556140899658203,14.449999809265137,7.368462085723877,46.05690002441406,27.52614402770996,209.62696838378906,21.939699172973633,12.888427734375,289.2900085449219,73.01852416992188,40.88117980957031,103.52737426757812,41.90552520751953,58.419498443603516,4.451719760894775,182.38999938964844,25.262468338012695
2019-09-04,19.379480361938477,417.2068786621094,105.91682434082031,101.0566635131836,27.040000915527344,281.1859436035156,172.12081909179688,252.8281707763672,24.735164642333984,125.54889678955078,6894.42822265625,529.4963989257812,66.83322143554688,79.06119537353516,225.7626495361328,99.77499389648438,216.00135803222656,166.74539184570312,283.8138732910156,176.8300018310547,286.5,288.8999938964844,59.15999984741211,118.31243133544922,25.71952247619629,14.460000038146973,7.417014122009277,47.89492416381836,27.924285888671875,211.35560607910156,22.053668975830078,12.888427734375,291.5199890136719,73.651123046875,42.024173736572266,104.4859619140625,43.18258285522461,59.070499420166016,4.537825584411621,187.13999938964844,25.326772689819336
2019-09-05,19.41089630126953,425.7613525390625,108.08399963378906,102.16736602783203,27.399999618530273,287.06317138671875,173.61752319335938,258.31976318359375,25.66549301147461,127.79735565185547,6963.99072265625,522.395263671875,66.57679748535156,78.33882904052734,220.78041076660156,99.8305892944336,218.72601318359375,169.025634765625,291.8746337890625,179.86000061035156,289.3699951171875,289.92999267578125,61.0099983215332,121.17977142333984,26.119375228881836,15.0,7.42568302154541,48.707515716552734,27.896961212158203,208.70687866210938,22.14864730834961,12.852758407592773,293.25,76.2373275756836,44.75838851928711,107.3617172241211,43.27168273925781,60.569000244140625,4.6497650146484375,190.89999389648438,26.177595138549805
2019-09-06,19.54553985595703,424.2187805175781,108.55716705322266,103.40045166015625,27.34000015258789,286.3752746582031,174.72935485839844,261.1679382324219,25.72303009033203,128.05328369140625,7074.13134765625,525.3250732421875,66.91592407226562,78.52404022216797,217.8210906982422,100.72955322265625,218.16395568847656,171.44467163085938,292.89715576171875,181.3300018310547,292.0,288.4700012207031,62.31999969482422,122.98405456542969,26.222564697265625,14.59000015258789,7.384068489074707,48.46567153930664,27.778562545776367,209.65484619140625,22.14864730834961,12.835774421691895,290.1700134277344,77.44671630859375,44.48695373535156,106.40313720703125,43.340980529785156,60.246498107910156,4.718649864196777,187.49000549316406,26.395248413085938
2019-09-09,19.478219985961914,419.9648742675781,108.6329116821289,101.61202239990234,27.299999237060547,278.49298095703125,176.0122528076172,254.34982299804688,25.8381290435791,128.67481994628906,6840.32373046875,510.26947021484375,68.42134857177734,78.37586212158203,209.77651977539062,100.02519989013672,219.7644500732422,170.99853515625,289.88922119140625,174.80999755859375,279.0,267.20001220703125,62.93000030517578,124.35923767089844,26.282756805419922,14.5,7.377131938934326,49.00740051269531,27.796775817871094,201.0768585205078,22.471569061279297,12.800103187561035,294.3399963378906,78.93517303466797,44.94763946533203,106.40313720703125,43.3211784362793,60.22050094604492,4.761703968048096,188.75999450683594,26.85528564453125
2019-09-10,19.944974899291992,421.1335754394531,109.09661102294922,102.44036102294922,28.43000030517578,267.6523742675781,177.03855895996094,246.1465606689453,25.79016876220703,134.9815216064453,6573.6669921875,503.85076904296875,68.23937225341797,77.11637115478516,202.48117065429688,99.60816955566406,221.46023559570312,172.62445068359375,287.3876037597656,171.00999450683594,283.7200012207031,267.6300048828125,64.77999877929688,126.88523864746094,26.493431091308594,14.609999656677246,7.5479278564453125,48.552738189697266,27.833208084106445,198.67909240722656,22.803987503051758,12.774626731872559,287.989990234375,80.78643035888672,45.61500549316406,104.4859619140625,42.91529083251953,60.29999923706055,4.684207916259766,186.1699981689453,27.44393539428711
2019-09-11,20.281583786010742,437.0738525390625,107.40262603759766,102.57212829589844,28.549999237060547,265.3133239746094,178.4925079345703,245.8051300048828,26.087493896484375,135.91378784179688,6962.05908203125,501.00653076171875,68.9507064819336,76.39400482177734,199.19403076171875,100.6739501953125,223.12744140625,172.6641082763672,292.78790283203125,173.11000061035156,283.3299865722656,270.989990234375,68.08000183105469,128.02630615234375,26.55362319946289,15.729999542236328,7.559198379516602,49.87804412841797,28.243057250976562,201.0582733154297,23.60179901123047,12.818787574768066,288.2699890136719,81.89349365234375,45.901371002197266,104.4859619140625,43.68747329711914,61.00849914550781,4.572268486022949,188.49000549316406,27.354896545410156
2019-09-12,20.308509826660156,441.4212341308594,107.7717056274414,102.54389953613281,28.110000610351562,271.6525573730469,179.47605895996094,245.6881103515625,26.902727127075195,135.91378784179688,7006.50146484375,510.90460205078125,68.39653015136719,77.82948303222656,204.95352172851562,102.2957763671875,219.2119140625,171.31578063964844,292.8177490234375,172.4499969482422,284.17999267578125,271.04998779296875,69.05000305175781,125.51007080078125,26.59661865234375,15.6899995803833,7.618152141571045,49.57815933227539,28.570934295654297,205.08241271972656,23.64928436279297,12.910508155822754,288.8599853515625,81.21438598632812,45.88644027709961,104.4859619140625,44.00426483154297,61.712501525878906,4.7703142166137695,187.47000122070312,26.78603172302246
2019-09-13,20.55086898803711,438.10235595703125,107.2795639038086,101.64967346191406,27.889999389648438,271.57391357421875,181.143798828125,243.92257690429688,26.979455947875977,137.205322265625,7259.6318359375,508.93255615234375,67.80098724365234,77.96839904785156,201.69451904296875,101.63776397705078,223.60531616210938,170.8399200439453,295.47821044921875,174.94000244140625,281.6199951171875,265.4700012207031,70.38999938964844,125.88069152832031,26.77289581298828,15.75,7.623354911804199,49.674903869628906,29.062747955322266,206.54151916503906,23.867734909057617,12.80689811706543,294.1499938964844,81.37252807617188,45.30622100830078,102.56878662109375,44.142860412597656,61.97800064086914,4.839199542999268,187.19000244140625,26.469446182250977
2019-09-16,20.295047760009766,433.1004638671875,106.5887451171875,100.68014526367188,27.969999313354492,269.3724060058594,179.8609161376953,243.36660766601562,27.09454917907715,140.28277587890625,7153.35595703125,521.380859375,67.80925750732422,78.92227935791016,203.00559997558594,101.06317901611328,224.39019775390625,171.26622009277344,293.3623352050781,177.5500030517578,285.8900146484375,265.6400146484375,68.16000366210938,125.76365661621094,26.609516143798828,16.229999542236328,7.741264343261719,49.25892639160156,28.38878059387207,200.03598022460938,23.51631736755371,12.874838829040527,294.2900085449219,80.43293762207031,44.875423431396484,101.6102066040039,43.52907180786133,61.564998626708984,4.81336784362793,186.22000122070312,26.76129913330078
2019-09-17,20.277095794677734,431.1371765136719,106.68339538574219,100.9813461303711,27.200000762939453,271.5051574707031,179.34776306152344,249.8238525390625,27.39186668395996,136.3708038330078,7101.18310546875,529.8947143554688,67.4783935546875,80.0521011352539,207.24795532226562,101.33193969726562,222.56199645996094,169.90798950195312,290.7598571777344,176.0,288.1199951171875,271.8599853515625,68.69999694824219,121.9014892578125,26.424638748168945,16.139999389648438,7.750800609588623,49.529788970947266,28.03357696533203,205.91883850097656,23.535316467285156,12.861250877380371,298.6000061035156,80.09803009033203,45.08958053588867,101.6102066040039,43.69736862182617,61.45750045776367,4.7014288902282715,188.0800018310547,26.63763427734375
2019-09-18,20.20079803466797,432.2590637207031,106.56036376953125,100.68955993652344,27.209999084472656,270.3749084472656,179.775390625,248.42901611328125,26.85477066040039,135.2740020751953,7010.36572265625,531.8761596679688,67.5445785522461,79.25566864013672,207.5382843017578,101.94359588623047,220.7338104248047,169.77911376953125,292.9948425292969,174.52000427246094,285.05999755859375,272.7300109863281,67.44999694824219,122.42814636230469,26.0634822845459,16.139999389648438,7.784612655639648,50.3907585144043,28.006254196166992,205.96527099609375,23.611295700073242,12.88672924041748,291.55999755859375,79.05611419677734,44.81814956665039,103.52737426757812,43.03409194946289,61.62049865722656,4.692817687988281,188.13999938964844,26.118236541748047
2019-09-19,20.3713436126709,432.53955078125,105.8695068359375,101.5367202758789,26.670000076293945,271.1709899902344,181.2720947265625,250.41885375976562,27.660415649414062,137.54074096679688,7000.70458984375,539.4893798828125,67.60246276855469,79.22771453857422,212.6515655517578,102.879638671875,222.8778533935547,169.6403045654297,293.2829284667969,176.13999938964844,286.1499938964844,273.7900085449219,68.7300033569336,123.68627166748047,26.046283721923828,16.040000915527344,7.878246307373047,49.99413299560547,28.3614559173584,206.57867431640625,23.89622688293457,12.929192543029785,286.6000061035156,78.61885833740234,44.06113815307617,104.4859619140625,42.72719192504883,61.93550109863281,4.675596714019775,190.13999938964844,26.236953735351562
2019-09-20,20.438663482666016,438.4295349121094,105.00831604003906,100.40715789794922,26.229999542236328,266.51239013671875,181.3576202392578,246.56597900390625,27.957731246948242,138.50958251953125,7004.568359375,537.0431518554688,67.30469512939453,78.60335540771484,211.23744201660156,103.03718566894531,222.91616821289062,171.20672607421875,294.355712890625,178.1199951171875,295.8699951171875,274.1700134277344,72.1500015258789,121.20903778076172,25.99468994140625,16.030000686645508,7.846168518066406,49.2976188659668,28.26127052307129,205.90025329589844,23.801252365112305,12.97165584564209,270.75,77.74439239501953,43.002811431884766,104.4859619140625,42.34111022949219,61.496498107910156,4.658375263214111,189.92999267578125,25.64830780029297
2019-09-23,20.20079803466797,424.68621826171875,104.5162124633789,102.39328002929688,26.579999923706055,268.4583435058594,180.71617126464844,246.25384521484375,28.235877990722656,136.42564392089844,7058.67333984375,551.5111083984375,67.35433197021484,78.8549575805664,211.0688934326172,102.72207641601562,218.97262573242188,170.6019744873047,288.5148620605469,175.8800048828125,294.70001220703125,275.7900085449219,72.19999694824219,120.3897933959961,25.620635986328125,16.239999771118164,7.735194683074951,50.07152557373047,27.878746032714844,204.8872528076172,23.535316467285156,13.073567390441895,265.9200134277344,78.06069946289062,43.53819274902344,105.44454956054688,42.44010543823242,61.701499938964844,4.632543563842773,186.82000732421875,26.187488555908203
2019-09-24,20.28607177734375,428.47265625,104.11872863769531,101.14136505126953,26.420000076293945,266.4632568359375,178.79183959960938,245.59056091308594,28.063236236572266,134.3965301513672,7120.50634765625,542.3430786132812,66.52718353271484,78.48220825195312,210.8628692626953,101.72119140625,215.36407470703125,168.96612548828125,283.2601013183594,172.52000427246094,289.7099914550781,272.1300048828125,71.0,118.29290771484375,25.64643096923828,16.110000610351562,7.7473320960998535,49.49109649658203,27.769454956054688,204.8407745361328,23.696781158447266,13.020913124084473,254.58999633789062,76.58152770996094,42.96296691894531,103.52737426757812,41.84612274169922,60.9379997253418,4.580879211425781,181.27999877929688,25.82143783569336
2019-09-25,20.20079803466797,429.0335998535156,104.80958557128906,100.5295639038086,26.690000534057617,268.06524658203125,178.83460998535156,248.3217010498047,28.38932991027832,135.38368225097656,7008.43408203125,549.1787719726562,67.37911987304688,79.31158447265625,207.94097900390625,99.7379150390625,212.65525817871094,166.50743103027344,280.4490051269531,171.5,286.6499938964844,274.79998779296875,69.0,116.15704345703125,25.50025177001953,16.350000381469727,7.728259086608887,50.235984802246094,27.54176139831543,205.04522705078125,24.247644424438477,12.993735313415527,264.75,76.90713500976562,44.38236999511719,102.56878662109375,41.82632064819336,62.32600021362305,4.494772911071777,182.8000030517578,26.583219528198242
2019-09-26,20.438663482666016,433.7549133300781,104.78121185302734,100.04948425292969,26.459999084472656,269.1856689453125,180.5023651123047,249.70681762695312,28.18791961669922,136.31597900390625,7101.18310546875,552.753173828125,68.07395935058594,80.39254760742188,209.7373809814453,100.03595733642578,206.25177001953125,165.56561279296875,284.9388427734375,169.5500030517578,281.30999755859375,275.05999755859375,68.54000091552734,115.21100616455078,25.951696395874023,16.31999969482422,7.815824508666992,50.448795318603516,28.05179214477539,207.517333984375,23.934215545654297,13.019214630126953,263.30999755859375,76.73968505859375,44.16074752807617,102.56878662109375,41.568931579589844,62.06949996948242,4.468940258026123,180.11000061035156,25.79670524597168
2019-09-27,20.663068771362305,434.50286865234375,103.66449737548828,99.88945770263672,26.799999237060547,264.5074157714844,180.41683959960938,240.29405212402344,26.202587127685547,137.94293212890625,7110.84521484375,546.685302734375,68.35810089111328,79.93592834472656,205.95645141601562,99.96146392822266,206.04119873046875,164.0090789794922,285.4851989746094,166.74000549316406,273.4599914550781,272.4800109863281,66.5199966430664,116.02047729492188,25.882904052734375,16.31999969482422,7.759469985961914,47.81753158569336,28.488964080810547,205.4448699951172,23.64928436279297,13.046391487121582,263.0799865722656,77.22344970703125,42.77122497558594,102.56878662109375,40.479957580566406,61.25450134277344,4.546436786651611,177.10000610351562,25.203109741210938
2019-09-30,20.60472297668457,437.1206359863281,104.06195831298828,100.6330795288086,26.6299991607666,266.9054870605469,182.81153869628906,238.9576873779297,25.75181007385254,137.46762084960938,7060.60498046875,546.8560180664062,68.32466888427734,79.41409301757812,207.97860717773438,101.17233276367188,208.01296997070312,166.55702209472656,289.3294677734375,169.4199981689453,277.3999938964844,271.92999267578125,67.72000122070312,117.44441986083984,26.433237075805664,16.399999618530273,7.724790573120117,48.272193908691406,28.771305084228516,207.27603149414062,23.345361709594727,13.138111114501953,267.6199951171875,77.35366821289062,43.34645462036133,103.52737426757812,41.21253967285156,60.95000076293945,4.503383159637451,178.0800018310547,25.65325355529785
2019-10-01,20.689998626708984,424.125244140625,103.64555358886719,99.72003173828125,26.770000457763672,266.286376953125,181.3576202392578,236.8800811767578,24.99411964416504,136.77297973632812,7010.36572265625,540.0203247070312,65.60840606689453,78.51016235351562,207.7528839111328,100.79975128173828,207.90768432617188,166.51736450195312,285.4851989746094,167.5800018310547,276.4700012207031,268.9800109863281,66.81999969482422,114.14793395996094,25.397062301635742,16.260000228881836,7.767273426055908,48.388282775878906,28.233945846557617,202.24966430664062,22.709014892578125,13.058280944824219,269.5799865722656,75.1675033569336,43.32902145385742,103.52737426757812,41.06404495239258,60.255001068115234,,175.80999755859375,25.54442596435547
2019-10-02,20.20079803466797,407.71746826171875,100.64558410644531,98.98582458496094,26.43000030517578,259.93731689453125,176.7392120361328,230.62767028808594,24.341938018798828,131.91043090820312,6770.76171875,532.3692626953125,65.94271850585938,78.51016235351562,206.90640258789062,98.67607116699219,207.4674072265625,163.02760314941406,277.6676330566406,166.7100067138672,274.1300048828125,268.7099914550781,61.540000915527344,112.24610900878906,24.91122055053711,14.109999656677246,7.660634517669678,47.846553802490234,27.17745018005371,196.63473510742188,22.338605880737305,12.840869903564453,268.0299987792969,72.33941650390625,43.0899658203125,102.56878662109375,40.677955627441406,58.83150100708008,4.6497650146484375,174.60000610351562,25.119016647338867
2019-10-03,19.998836517333984,409.3535461425781,100.6645278930664,100.360107421875,27.020000457763672,263.6818542480469,,233.72947692871094,24.629663467407227,129.8447723388672,6925.3447265625,545.8604125976562,66.84534454345703,79.68433380126953,210.58384704589844,99.59819793701172,206.1369171142578,163.01766967773438,281.0251159667969,170.5,280.7200012207031,270.0299987792969,64.30999755859375,113.08486938476562,,13.710000038146973,,48.020687103271484,27.2867431640625,196.97108459472656,22.709014892578125,,268.1499938964844,72.99991607666016,45.14934158325195,,41.26203918457031,59.39149856567383,4.839199542999268,179.3800048828125,25.257522583007812
2019-10-04,20.474567413330078,413.13995361328125,101.65821075439453,102.69451141357422,27.010000228881836,269.3527526855469,176.6964569091797,238.4309844970703,24.82147979736328,130.64907836914062,7132.10009765625,551.4544067382812,67.2548599243164,80.3179931640625,212.4931182861328,101.1164321899414,210.38674926757812,165.7143096923828,290.3525695800781,172.4199981689453,282.92999267578125,276.6000061035156,66.80999755859375,114.71360778808594,24.84672737121582,14.119999885559082,7.681441307067871,49.22023391723633,27.25942039489746,199.82058715820312,22.860979080200195,12.845964431762695,272.7900085449219,73.7906723022461,45.313690185546875,99.69303131103516,41.004642486572266,60.45000076293945,4.684207916259766,180.4499969482422,24.866735458374023
2019-10-07,20.3713436126709,416.3186950683594,102.42475891113281,101.61202239990234,27.3799991607666,267.5148620605469,177.93658447265625,239.54298400878906,25.185941696166992,131.9287109375,7199.73046875,547.339599609375,67.11279296875,79.91730499267578,211.8817596435547,99.90557861328125,211.76512145996094,165.5457763671875,287.23345947265625,172.0500030517578,283.80999755859375,272.04998779296875,67.87999725341797,115.25977325439453,24.816633224487305,14.149999618530273,7.8166913986206055,48.99773025512695,27.0772647857666,199.8953399658203,22.92746353149414,12.98354434967041,274.4599914550781,72.84176635742188,45.901371002197266,100.651611328125,40.5888557434082,60.38399887084961,,179.67999267578125,24.99040412902832
2019-10-08,20.142454147338867,410.14825439453125,100.78755187988281,102.1485595703125,26.829999923706055,262.80145263671875,176.9102783203125,235.90467834472656,24.648845672607422,131.5631103515625,6782.35498046875,539.9349365234375,66.59458923339844,79.33953094482422,212.65301513671875,97.80985260009766,210.68345642089844,162.07582092285156,270.1183166503906,169.5500030517578,285.1000061035156,267.7200012207031,65.58999633789062,113.7578125,24.69194793701172,13.529999732971191,7.689245700836182,47.701438903808594,26.512588500976562,194.10289001464844,22.90846824645996,12.944478988647461,270.7200012207031,70.9346694946289,44.13335037231445,100.651611328125,40.25226974487305,59.45650100708008,4.511993885040283,177.75,24.144527435302734
2019-10-09,19.96293067932129,415.0566101074219,100.5982894897461,103.8805160522461,27.010000228881836,267.8887939453125,176.1833038330078,242.674072265625,25.15716552734375,132.53196716308594,7002.63671875,545.1494140625,66.79521179199219,79.66568756103516,213.09507751464844,99.4305419921875,212.56910705566406,163.93968200683594,274.6677551269531,168.72999572753906,290.8299865722656,271.9100036621094,67.80999755859375,114.64534759521484,24.76503562927246,13.739999771118164,7.651097297668457,49.18153381347656,26.804035186767578,197.82125854492188,22.946455001831055,13.003928184509277,267.5299987792969,71.99520874023438,44.99993896484375,101.6102066040039,40.15327072143555,60.115501403808594,4.477550983428955,179.85000610351562,24.466060638427734
2019-10-10,20.173870086669922,432.4927978515625,102.38690185546875,104.07820129394531,27.350000381469727,269.453369140625,177.25238037109375,244.80043029785156,25.099620819091797,136.3708038330078,7041.28173828125,542.4948120117188,66.26029205322266,79.96387481689453,212.8223114013672,100.0545883178711,214.1484375,163.08709716796875,278.79010009765625,170.22000122070312,298.3599853515625,272.239990234375,68.01000213623047,115.63037109375,25.040206909179688,13.75,7.526252746582031,49.345985412597656,27.532649993896484,200.5586700439453,23.060434341430664,12.966559410095215,280.4800109863281,73.120849609375,45.577659606933594,100.651611328125,40.51955795288086,60.43349838256836,4.494772911071777,180.02999877929688,24.238513946533203
2019-10-11,20.501501083374023,441.1407775878906,104.8663558959961,105.26422119140625,27.969999313354492,271.5002136230469,181.52867126464844,246.77081298828125,25.22430419921875,146.68087768554688,7052.87646484375,537.1949462890625,67.07937622070312,79.99183654785156,211.1011505126953,100.20362854003906,212.55953979492188,164.3362579345703,281.750244140625,172.41000366210938,300.7699890136719,276.79998779296875,67.44999694824219,117.45418548583984,25.431455612182617,14.100000381469727,7.673638820648193,50.06184387207031,28.334135055541992,203.0064239501953,23.639789581298828,13.061677932739258,282.92999267578125,75.6884536743164,46.31474685668945,110.23748016357422,41.24223709106445,60.772499084472656,4.6497650146484375,184.19000244140625,24.881576538085938
2019-10-14,20.438663482666016,441.00054931640625,104.73387908935547,104.6241455078125,27.75,271.962646484375,179.94644165039062,245.1906280517578,25.06125831604004,144.0485076904297,7050.94384765625,538.038818359375,67.23814392089844,80.38323211669922,212.22035217285156,100.1943130493164,211.14292907714844,164.02891540527344,282.356201171875,173.58999633789062,305.44000244140625,275.67999267578125,68.55999755859375,116.4788818359375,25.620635986328125,13.84000015258789,7.689245700836182,50.24565124511719,28.397886276245117,199.80191040039062,23.75376319885254,13.078662872314453,285.5299987792969,75.22329711914062,46.449214935302734,110.23748016357422,41.07394790649414,60.856998443603516,4.692817687988281,183.27999877929688,25.069551467895508
2019-10-15,20.667556762695312,454.2763366699219,106.3900146484375,105.32069396972656,27.860000610351562,274.1077880859375,182.81153869628906,247.21951293945312,25.694265365600586,149.93475341796875,6963.99072265625,541.9735107421875,68.33303833007812,83.0390625,210.87542724609375,100.77179718017578,228.3720703125,166.3389129638672,284.1143798828125,176.13999938964844,303.82000732421875,282.260009765625,69.80000305175781,118.50748443603516,26.02048683166504,14.079999923706055,7.7577362060546875,51.18400192260742,28.853271484375,201.07252502441406,23.75376319885254,13.323250770568848,284.25,76.39547729492188,48.89954376220703,109.27889251708984,41.66792678833008,62.1505012512207,4.6497650146484375,188.88999938964844,25.29214859008789
2019-10-16,20.68102264404297,450.67694091796875,106.30484771728516,105.60305786132812,27.799999237060547,273.82244873046875,183.02536010742188,246.0977783203125,25.675081253051758,150.13584899902344,6772.693359375,538.4087524414062,68.16586303710938,82.97383880615234,208.76861572265625,101.060546875,226.840576171875,168.52000427246094,278.6907958984375,176.08999633789062,299.3999938964844,279.57000732421875,69.0199966430664,118.4294662475586,26.05918312072754,14.220000267028809,7.710920333862305,49.87804412841797,28.917028427124023,200.12889099121094,25.178417205810547,13.352126121520996,286.2799987792969,75.4186782836914,48.361663818359375,112.15465545654297,41.46003341674805,62.18199920654297,4.675596714019775,189.5500030517578,25.000295639038086
2019-10-17,20.7573184967041,446.5632629394531,106.56036376953125,106.58203125,27.889999389648438,272.090576171875,183.5385284423828,246.7805633544922,26.16422462463379,149.898193359375,6805.5419921875,542.1535034179688,67.6727523803711,83.0856704711914,212.4742889404297,101.06986236572266,233.23448181152344,169.03555297851562,279.7138977050781,177.72000122070312,301.57000732421875,282.1300048828125,70.41999816894531,119.76560974121094,26.274154663085938,14.710000038146973,7.638092994689941,50.439125061035156,28.6893310546875,200.2783966064453,25.520336151123047,13.43195629119873,293.3500061035156,75.73497009277344,48.3815803527832,110.23748016357422,41.628326416015625,62.653499603271484,4.666985988616943,190.38999938964844,24.91620445251465
2019-10-18,20.627164840698242,439.08392333984375,106.78748321533203,106.18666076660156,27.709999084472656,266.30450439453125,186.57469177246094,244.322509765625,26.327268600463867,150.8122100830078,6861.57958984375,546.4861450195312,67.22980499267578,83.5050048828125,215.4651641845703,100.70661163330078,234.83297729492188,166.0216522216797,279.5450744628906,176.22999572753906,300.19000244140625,282.8299865722656,69.22000122070312,120.58484649658203,26.398841857910156,14.850000381469727,7.622488021850586,49.99413299560547,28.607364654541016,200.75486755371094,26.071205139160156,13.462530136108398,275.29998779296875,76.80479431152344,47.435325622558594,112.15465545654297,41.232337951660156,62.27450180053711,4.6497650146484375,185.85000610351562,24.668872833251953
2019-10-21,20.5059871673584,444.8804626464844,105.9452133178711,107.0055923461914,27.690000534057617,269.91583251953125,187.64376831054688,245.23941040039062,26.653364181518555,151.37890625,6834.52734375,547.37744140625,67.94021606445312,84.44619750976562,215.7567596435547,99.30945587158203,233.4737548828125,166.59666442871094,281.6509704589844,183.52999877929688,297.989990234375,278.8800048828125,68.62999725341797,120.55559539794922,26.884681701660156,14.930000305175781,7.6597676277160645,50.922813415527344,28.92613410949707,199.465576171875,25.87175178527832,13.562743186950684,278.04998779296875,77.67927551269531,48.80989456176758,115.0304183959961,41.13334274291992,62.307498931884766,4.666985988616943,189.75999450683594,24.728229522705078
2019-10-22,20.461103439331055,446.9372863769531,106.96284484863281,106.54434967041016,28.170000076293945,257.08428955078125,188.79837036132812,240.1282196044922,26.34644889831543,151.08642578125,6892.49560546875,540.3426513671875,68.79268646240234,84.62324523925781,213.25497436523438,97.32549285888672,238.79566955566406,166.18028259277344,279.11785888671875,191.05999755859375,301.30999755859375,270.8399963378906,68.1500015258789,122.13556671142578,27.14695167541504,14.6899995803833,7.710052490234375,50.284339904785156,28.716655731201172,193.3647918701172,26.869007110595703,13.739389419555664,266.69000244140625,78.8142318725586,48.71029281616211,116.94759368896484,40.87594985961914,62.13999938964844,4.7014288902282715,182.33999633789062,24.723283767700195
2019-10-23,20.411739349365234,449.0876159667969,106.04984283447266,104.82180786132812,28.15999984741211,256.6808166503906,189.1404571533203,237.9140167236328,27.430234909057617,151.52516174316406,6701.1982421875,537.2045288085938,70.297119140625,85.61103057861328,212.57777404785156,98.00545501708984,237.18763732910156,167.59800720214844,294.95172119140625,190.50999450683594,305.0199890136719,267.92999267578125,67.58000183105469,122.15505981445312,27.36192512512207,14.9399995803833,7.7291259765625,48.881649017333984,29.372411727905273,196.25167846679688,27.486364364624023,13.759772300720215,271.2699890136719,78.7583999633789,48.5807991027832,113.11324310302734,40.18296813964844,62.95650100708008,4.666985988616943,186.14999389648438,24.881576538085938
2019-10-24,20.51047706604004,441.9354248046875,105.441162109375,103.77696990966797,27.540000915527344,264.4545593261719,189.99571228027344,242.2936248779297,26.76845359802246,152.0918426513672,6753.37060546875,534.0947265625,70.76513671875,85.8160400390625,210.179443359375,98.07066345214844,234.03848266601562,162.84913635253906,291.48492431640625,194.47000122070312,305.7699890136719,268.3299865722656,68.30000305175781,121.9112548828125,27.542503356933594,14.529999732971191,7.711787223815918,53.2735481262207,29.609210968017578,197.56900024414062,27.372386932373047,13.58312702178955,271.5,78.37698364257812,49.02156448364258,113.11324310302734,39.9849739074707,63.04949951171875,4.675596714019775,186.3800048828125,25.2327880859375
2019-10-25,20.47905731201172,480.54754638671875,106.11641693115234,102.61919403076172,27.56999969482422,265.8715515136719,189.82467651367188,243.14224243164062,26.998638153076172,155.71133422851562,6587.193359375,536.3701782226562,69.2440185546875,84.66983795166016,203.7838134765625,98.21035766601562,234.42140197753906,164.26686096191406,294.70330810546875,194.49000549316406,306.2099914550781,268.2900085449219,69.7300033569336,123.14985656738281,27.52530860900879,14.670000076293945,7.7403974533081055,53.90234375,30.04638671875,199.2413330078125,28.141698837280273,13.588221549987793,276.82000732421875,79.6514892578125,50.93401336669922,113.11324310302734,40.21266555786133,63.256500244140625,4.684207916259766,187.88999938964844,25.564212799072266
2019-10-28,20.16489601135254,476.8078918457031,106.17347717285156,103.2780990600586,27.790000915527344,271.5198059082031,190.25230407714844,242.47897338867188,27.526142120361328,155.83929443359375,6784.28759765625,537.6878662109375,68.75090789794922,80.0384292602539,198.2159423828125,98.93688201904297,236.46975708007812,162.41293334960938,297.9019775390625,194.02000427246094,308.55999755859375,266.4200134277344,70.7300033569336,123.73503875732422,27.52100944519043,15.010000228881836,7.674506664276123,55.092220306396484,30.18300437927246,197.57838439941406,27.60982894897461,13.508391380310059,281.8599853515625,81.13995361328125,51.49430847167969,114.07182312011719,40.6878547668457,64.5,4.796145915985107,189.39999389648438,25.51969337463379
2019-10-29,20.236703872680664,477.27532958984375,104.16678619384766,101.80026245117188,27.420000076293945,269.90606689453125,189.01217651367188,249.92140197753906,27.468597412109375,156.9543914794922,6807.47509765625,538.0578002929688,67.80648803710938,80.74666595458984,203.30421447753906,100.1756820678711,241.48533630371094,163.67201232910156,295.9648742675781,197.88999938964844,310.4599914550781,270.8699951171875,71.52999877929688,131.65438842773438,27.473712921142578,15.270000457763672,7.699648857116699,53.7088623046875,30.410696029663086,203.50160217285156,27.448368072509766,13.314759254455566,281.2099914550781,82.7586441040039,50.530609130859375,113.11324310302734,39.747379302978516,63.13100051879883,4.856420993804932,189.30999755859375,26.34083366394043
2019-10-30,20.191823959350586,477.6492919921875,105.83110046386719,101.59319305419922,26.90999984741211,272.7203063964844,188.5417938232422,248.3899688720703,27.641233444213867,153.93814086914062,6861.57958984375,541.5087280273438,70.02129364013672,81.70648956298828,204.3199462890625,101.10712432861328,243.88783264160156,164.85179138183594,299.8488464355469,199.27999877929688,311.0,273.8500061035156,69.19999694824219,131.4398193359375,27.40062141418457,15.270000457763672,7.703982830047607,53.40898132324219,30.073705673217773,202.48324584960938,27.71430778503418,13.33683967590332,291.45001220703125,82.09815216064453,50.550533294677734,115.98900604248047,39.96517562866211,63.06449890136719,4.847810745239258,188.25,26.588167190551758
2019-10-31,20.039228439331055,476.994873046875,106.14493560791016,100.6330795288086,26.959999084472656,272.3857116699219,187.7292938232422,251.6478729248047,27.650827407836914,153.3714599609375,6718.58935546875,537.3562622070312,69.870849609375,81.78104400634766,205.11001586914062,101.4331283569336,241.87777709960938,163.35476684570312,299.96807861328125,195.47999572753906,306.2799987792969,285.010009765625,76.5999984741211,130.24021911621094,27.271636962890625,15.5,7.853104114532471,52.48997116088867,29.7640438079834,199.2413330078125,27.761795043945312,13.392891883850098,287.4100036621094,81.69489288330078,50.0574836730957,115.0304183959961,40.093868255615234,63.00550079345703,4.718649864196777,191.64999389648438,26.16275405883789
2019-11-01,20.08859634399414,481.4824523925781,107.4193344116211,101.4896469116211,27.260000228881836,274.5899658203125,187.98587036132812,252.43795776367188,28.25505828857422,152.80474853515625,6799.74560546875,533.0518188476562,70.28872680664062,81.48284149169922,202.7022247314453,101.125732421875,241.4087677001953,165.09963989257812,301.5772705078125,200.94000244140625,310.4800109863281,276.8699951171875,78.36000061035156,130.34750366210938,27.64999008178711,15.800000190734863,7.799352645874023,53.650821685791016,30.091922760009766,199.52162170410156,28.369647979736328,13.260405540466309,286.80999755859375,83.10163879394531,50.448429107666016,115.98900604248047,40.677955627441406,63.6870002746582,4.882253170013428,193.6199951171875,26.335886001586914
2019-11-04,20.22323989868164,491.2991027832031,107.10549926757812,102.38385772705078,27.809999465942383,271.9134216308594,189.78192138671875,250.0384521484375,27.813871383666992,153.68222045898438,6811.33935546875,515.0003051757812,71.62598419189453,81.79034423828125,198.5169219970703,99.80311584472656,240.48985290527344,164.6138458251953,298.7660827636719,199.4199981689453,311.0400085449219,278.6600036621094,80.3499984741211,132.85400390625,27.873565673828125,16.530000686645508,7.785479545593262,53.92169189453125,30.365156173706055,200.3250732421875,28.46462631225586,13.345332145690918,292.8599853515625,85.49312591552734,52.41815948486328,116.94759368896484,41.549129486083984,64.56849670410156,5.080298900604248,194.72000122070312,26.6326847076416
2019-11-05,20.748342514038086,491.5795593261719,106.70604705810547,103.59812927246094,27.950000762939453,264.70062255859375,189.69639587402344,245.01504516601562,28.159149169921875,154.6145477294922,6726.3193359375,499.8213806152344,70.99078369140625,80.0477523803711,193.75784301757812,98.29419708251953,239.58055114746094,163.72158813476562,290.680419921875,197.13999938964844,332.6000061035156,264.1499938964844,80.12000274658203,131.02044677734375,28.05844497680664,14.029999732971191,7.733461856842041,54.057125091552734,30.510879516601562,202.34310913085938,27.27741050720215,13.29267692565918,288.0299987792969,85.00544738769531,52.196533203125,114.07182312011719,41.955020904541016,64.60150146484375,5.16640567779541,194.32000732421875,26.924537658691406
2019-11-06,21.78508758544922,488.120361328125,107.15303039550781,104.02172088623047,27.690000534057617,265.5468444824219,190.97927856445312,247.16099548339844,28.10159683227539,153.8467559814453,6697.33447265625,504.2679748535156,70.7317123413086,81.6039810180664,195.6106414794922,99.54232025146484,239.79112243652344,163.8504638671875,292.60748291015625,195.97000122070312,324.489990234375,261.45001220703125,80.0,131.53733825683594,27.821969985961914,14.329999923706055,7.784612655639648,53.99907302856445,30.310508728027344,204.46388244628906,28.284170150756836,13.330044746398926,288.5899963378906,85.53063201904297,51.70347595214844,114.07182312011719,42.073814392089844,64.58999633789062,5.226680278778076,191.5500030517578,26.875072479248047
2019-11-07,21.596588134765625,489.99017333984375,107.08646392822266,104.09701538085938,31.030000686645508,268.4299621582031,192.64703369140625,249.30691528320312,27.981197357177734,155.4188232421875,6517.63037109375,495.3748779296875,71.16633605957031,81.31509399414062,193.45684814453125,99.47710418701172,245.47674560546875,164.37591552734375,291.5843200683594,195.8300018310547,326.3900146484375,263.1400146484375,80.08999633789062,132.84423828125,28.20462417602539,14.579999923706055,7.7386627197265625,54.11516189575195,30.419801712036133,212.62002563476562,27.73330307006836,13.02940559387207,289.57000732421875,85.24927520751953,51.880279541015625,116.94759368896484,42.29161071777344,65.44300079345703,5.20945930480957,190.4199981689453,26.86517906188965
2019-11-08,21.68634605407715,485.7829895019531,108.41791534423828,103.68285369873047,30.90999984741211,270.4964599609375,188.4134979248047,249.02403259277344,28.077516555786133,152.12840270996094,6670.28173828125,502.7794494628906,71.87670135498047,81.13804626464844,193.6261444091797,99.69133758544922,245.9648895263672,166.9635009765625,292.68682861328125,201.30999755859375,341.7900085449219,254.74000549316406,80.66000366210938,133.45867919921875,28.24761962890625,14.449999809265137,7.7169880867004395,54.202232360839844,30.18300437927246,218.4965362548828,27.68581199645996,13.122824668884277,291.57000732421875,86.48722839355469,51.7408332824707,115.98900604248047,41.370933532714844,65.56849670410156,5.01141357421875,190.83999633789062,26.86517906188965
2019-11-11,21.910755157470703,486.71795654296875,108.84587860107422,103.96521759033203,30.959999084472656,272.57269287109375,188.24244689941406,248.7996826171875,28.1834716796875,156.88128662109375,6672.21484375,507.22601318359375,71.55913543701172,81.37101745605469,195.01812744140625,100.55757904052734,243.2082061767578,164.40565490722656,291.5743713378906,201.89999389648438,344.2799987792969,252.67999267578125,81.0,131.9860076904297,28.20032501220703,14.140000343322754,7.677107334136963,54.74396514892578,30.119247436523438,219.58029174804688,28.018230438232422,12.903714179992676,294.17999267578125,86.1683578491211,51.84043884277344,116.94759368896484,41.271934509277344,64.95950317382812,4.7703142166137695,189.61000061035156,26.96905517578125
2019-11-12,21.81650161743164,498.7784423828125,108.72224426269531,101.988525390625,30.739999771118164,272.7104797363281,187.34442138671875,248.8582000732422,28.337589263916016,157.9049530029297,6724.3857421875,503.6611633300781,70.45589447021484,80.72801971435547,194.453857421875,101.181640625,244.3185577392578,164.6931610107422,293.9980773925781,203.86000061035156,348.4100036621094,257.510009765625,80.76000213623047,131.8006591796875,29.232200622558594,13.949999809265137,7.7811455726623535,54.57950973510742,30.410696029663086,221.4301300048828,28.11320686340332,13.044692039489746,292.010009765625,86.60913848876953,52.196533203125,116.94759368896484,41.776824951171875,64.94000244140625,4.839199542999268,194.47000122070312,27.419200897216797
2019-11-13,21.51580238342285,500.7417297363281,107.32421875,102.20503234863281,29.8799991607666,273.62567138671875,186.57469177246094,252.26239013671875,28.318326950073242,156.18661499023438,6751.4384765625,512.6585083007812,70.89884948730469,81.939453125,197.81149291992188,101.53559112548828,242.7105255126953,165.7440643310547,298.0211486816406,207.10000610351562,348.29998779296875,259.30999755859375,79.70999908447266,131.06924438476562,29.313892364501953,13.899999618530273,7.872178077697754,55.256675720214844,30.683921813964844,221.9066162109375,27.87944984436035,12.986942291259766,283.1099853515625,85.13675689697266,51.93755340576172,117.90618133544922,40.33146667480469,64.9000015258789,4.856420993804932,193.19000244140625,27.09766960144043
2019-11-14,21.51580238342285,502.05059814453125,108.93146514892578,104.58648681640625,29.899999618530273,275.16070556640625,185.76219177246094,253.60850524902344,28.703603744506836,155.47369384765625,6699.26611328125,516.431884765625,71.53404998779297,83.04838562011719,199.20347595214844,101.72185516357422,244.87371826171875,167.9449920654297,298.835693359375,205.0,338.3900146484375,257.3599853515625,78.88999938964844,131.16671752929688,29.391284942626953,13.619999885559082,7.915527820587158,55.101890563964844,30.538198471069336,222.523193359375,27.74587059020996,12.890127182006836,289.6199951171875,85.23991394042969,52.24135971069336,115.98900604248047,40.47005844116211,65.572998046875,4.839199542999268,193.14999389648438,27.231229782104492
2019-11-15,21.6594181060791,510.2779235839844,109.86347198486328,106.56319427490234,29.719999313354492,276.29229736328125,186.95956420898438,256.4274597167969,28.74213409423828,156.0586700439453,6608.44873046875,521.8359375,71.86834716796875,83.02973937988281,200.68008422851562,104.3764419555664,257.8625793457031,170.0765380859375,304.765869140625,209.8000030517578,344.8699951171875,259.7799987792969,80.94000244140625,134.63877868652344,29.494470596313477,13.329999923706055,7.941535472869873,60.03553009033203,30.720355987548828,225.08311462402344,27.402389526367188,12.883332252502441,295.0299987792969,86.08396911621094,50.846858978271484,115.0304183959961,40.54925537109375,66.74349975585938,4.925306797027588,195.10000610351562,27.523082733154297
2019-11-18,21.654932022094727,505.6968688964844,109.3879623413086,105.38656616210938,30.760000228881836,276.37103271484375,186.4036407470703,257.588134765625,28.376115798950195,155.67477416992188,6608.44873046875,529.2310180664062,71.83493041992188,83.76592254638672,201.5830078125,103.62199401855469,261.2413635253906,166.98330688476562,298.9846496582031,210.0,340.19000244140625,260.5299987792969,78.1500015258789,133.40016174316406,29.266597747802734,13.100000381469727,7.971014499664307,60.31606674194336,30.7021427154541,225.3353729248047,27.75541114807129,12.891825675964355,302.57000732421875,85.08985900878906,52.861412048339844,117.90618133544922,41.4897346496582,66.03500366210938,4.951138496398926,197.39999389648438,27.48845672607422
2019-11-19,21.560684204101562,513.737060546875,107.84729766845703,104.96047973632812,31.56999969482422,280.7499084472656,186.95956420898438,261.2850036621094,28.05825424194336,155.76617431640625,6662.552734375,538.0016479492188,70.82362365722656,84.82825469970703,202.74928283691406,103.45433807373047,262.4857177734375,169.7692108154297,304.37847900390625,215.0,344.4599914550781,264.6000061035156,78.04000091552734,135.3800048828125,29.657852172851562,13.140000343322754,7.913793087005615,58.95206069946289,30.6292781829834,225.44744873046875,27.860370635986328,12.85106086730957,302.6000061035156,84.60218048095703,51.793128967285156,115.98900604248047,42.39060592651367,65.77300262451172,4.976970672607422,199.32000732421875,27.80504035949707
2019-11-20,21.61902618408203,513.6436767578125,112.06038665771484,119.71272277832031,32.02000045776367,280.8187561035156,185.6766815185547,261.50933837890625,28.23163414001465,154.6510772705078,6649.02685546875,541.620361328125,69.728759765625,85.31282806396484,204.940673828125,104.12496948242188,263.7587585449219,169.40237426757812,305.2823791503906,215.07000732421875,344.239990234375,260.5,77.44999694824219,136.30653381347656,29.236501693725586,13.079999923706055,7.883449077606201,57.90367126464844,30.465341567993164,222.26162719726562,27.87944984436035,12.840869903564453,305.1600036621094,84.23643493652344,52.587493896484375,115.98900604248047,42.02431869506836,65.15249633789062,4.856420993804932,197.50999450683594,27.340055465698242
2019-11-21,21.623516082763672,506.07080078125,111.29004669189453,120.8678970336914,32.13999938964844,279.90362548828125,186.1042938232422,257.89056396484375,27.990833282470703,153.71878051757812,6552.412109375,533.4400024414062,68.90133666992188,84.66051483154297,200.83998107910156,102.91410064697266,264.70635986328125,168.24240112304688,303.27587890625,215.5,350.7799987792969,260.69000244140625,77.5,135.84812927246094,29.21500587463379,13.029999732971191,7.868710041046143,54.78764724731445,30.27408218383789,222.01873779296875,27.679088592529297,12.80859661102295,311.69000244140625,84.55529022216797,52.33847427368164,115.98900604248047,41.90552520751953,65.06749725341797,4.7703142166137695,197.92999267578125,26.56838035583496
2019-11-22,21.40808868408203,506.1643371582031,112.4122543334961,120.2713623046875,32.529998779296875,278.05364990234375,186.74575805664062,258.6904296875,28.067890167236328,154.70591735839844,6606.51611328125,530.9738159179688,70.16336822509766,84.3902816772461,197.61399841308594,103.22148895263672,264.98394775390625,168.30191040039062,305.7194519042969,218.0,360.6600036621094,257.0199890136719,81.4800033569336,135.7603302001953,29.227907180786133,13.050000190734863,7.9146599769592285,54.30229187011719,30.756786346435547,221.9813690185547,28.060731887817383,12.80689811706543,310.4800109863281,85.09923553466797,52.51528549194336,116.94759368896484,42.17280960083008,64.76699829101562,4.804757118225098,198.82000732421875,26.5189151763916
2019-11-25,21.461946487426758,508.5950927734375,111.27101135253906,118.5385971069336,32.33000183105469,283.01312255859375,187.0878448486328,259.8731994628906,28.45317268371582,157.2103271484375,6629.70361328125,527.4217529296875,70.012939453125,84.66983795166016,197.23779296875,104.11564636230469,270.56427001953125,171.29595947265625,308.5306701660156,223.27000427246094,366.82000732421875,251.8699951171875,83.95999908447266,138.0425262451172,29.232200622558594,13.300000190734863,7.900787830352783,56.57378387451172,31.030019760131836,219.3093719482422,28.356510162353516,12.80859661102295,315.54998779296875,86.42158508300781,55.085140228271484,116.94759368896484,43.18258285522461,65.33450317382812,4.925306797027588,199.7899932861328,27.236175537109375
2019-11-26,21.381162643432617,510.6518859863281,112.01280975341797,120.14826965332031,33.36000061035156,284.7548522949219,186.2325897216797,260.89959716796875,28.559125900268555,156.97268676757812,6772.693359375,528.2120361328125,70.27204132080078,86.03968811035156,202.0156707763672,103.6965103149414,269.3486633300781,171.9800262451172,311.3616638183594,219.0500030517578,363.8299865722656,252.85000610351562,84.9000015258789,135.4677734375,29.17630958557129,13.229999542236328,7.908591270446777,55.88457489013672,31.93168830871582,218.99169921875,28.385135650634766,12.772927284240723,312.489990234375,86.9373779296875,54.03676986694336,118.8647689819336,42.558902740478516,65.67749786376953,4.787535667419434,198.97000122070312,26.311155319213867
2019-11-27,21.430530548095703,512.2412719726562,112.65951538085938,119.21087646484375,33.119998931884766,287.03778076171875,186.83126831054688,259.53106689453125,28.67470932006836,159.42222595214844,6788.15185546875,538.220703125,71.04094696044922,86.10491180419922,202.12850952148438,104.75834655761719,268.6499328613281,172.1188507080078,313.31854248046875,220.05999755859375,371.5799865722656,250.6999969482422,85.87999725341797,136.47230529785156,28.978532791137695,13.539999961853027,7.996155738830566,56.583492279052734,32.01365280151367,220.5238800048828,28.518712997436523,12.97165584564209,315.92999267578125,87.21873474121094,54.385650634765625,118.8647689819336,42.46980667114258,65.64949798583984,4.659508228302002,202.0,24.89147186279297
2019-11-28,21.282421112060547,515.98095703125,,,,,187.04507446289062,,,159.23941040039062,6664.48486328125,,,,,,,,,,,,,,28.965635299682617,,7.987486362457275,,31.785959243774414,,,12.952971458435059,,,,115.98900604248047,,,4.659508228302002,,
2019-11-29,20.990697860717773,511.1192932128906,111.56582641601562,118.36815643310547,32.939998626708984,287.5593566894531,185.80496215820312,258.7001647949219,28.405010223388672,156.78985595703125,6639.36572265625,539.8013916015625,71.31675720214844,85.31282806396484,201.30084228515625,103.75237274169922,267.88421630859375,170.81016540527344,311.85833740234375,221.75,369.0,251.5800018310547,83.73999786376953,135.62139892578125,29.10321807861328,13.239999771118164,8.205965995788574,56.20490646362305,31.631128311157227,220.7948455810547,28.29926300048828,12.92239761352539,314.6600036621094,86.74982452392578,54.0118522644043,116.94759368896484,41.727325439453125,65.24800109863281,4.502740383148193,201.63999938964844,23.986238479614258
2019-12-02,20.707950592041016,505.2294006347656,110.31997680664062,117.39289093017578,32.7400016784668,281.8913879394531,183.4530029296875,256.2955322265625,27.92340660095215,154.63279724121094,6521.49560546875,523.5078735351562,70.46424865722656,83.87776184082031,197.10609436035156,103.30530548095703,267.6831359863281,171.11749267578125,310.95440673828125,220.7899932861328,366.0799865722656,251.3000030517578,78.44000244140625,135.4551239013672,28.716262817382812,13.239999771118164,8.093257904052734,55.040042877197266,31.2850341796875,215.7871551513672,27.688627243041992,12.737259864807129,309.989990234375,86.26215362548828,52.14533996582031,115.98900604248047,41.479835510253906,64.49600219726562,4.3895182609558105,199.6999969482422,23.605344772338867
2019-12-03,20.7573184967041,495.78668212890625,108.94095611572266,117.44969177246094,32.130001068115234,282.5014953613281,183.4102325439453,258.06475830078125,27.220264434814453,152.03700256347656,6455.79736328125,526.2314453125,71.73463439941406,84.54869079589844,198.64859008789062,103.37981414794922,265.0413818359375,168.8273468017578,310.805419921875,221.1300048828125,368.80999755859375,248.66000366210938,78.87999725341797,135.14212036132812,28.600177764892578,13.420000076293945,7.988353252410889,53.71985626220703,30.884294509887695,214.59133911132812,27.52642822265625,12.721972465515137,306.1600036621094,85.71820068359375,51.74910354614258,116.94759368896484,41.271934509277344,64.76399993896484,4.3808088302612305,198.82000732421875,23.447053909301758
2019-12-04,20.802196502685547,503.07904052734375,109.8064193725586,117.90419006347656,32.20000076293945,282.25543212890625,184.86416625976562,262.42449951171875,27.663339614868164,152.7864990234375,6564.0048828125,536.0684204101562,71.73463439941406,84.89350128173828,200.67071533203125,104.26467895507812,267.3577575683594,170.34422302246094,313.53704833984375,223.91000366210938,369.9700012207031,251.86000061035156,80.05000305175781,137.52865600585938,29.133317947387695,13.470000267028809,7.987486362457275,54.44789505004883,31.36700439453125,213.87193298339844,27.669544219970703,12.74914836883545,304.32000732421875,85.45561981201172,52.18769836425781,118.8647689819336,41.86592102050781,66.0270004272461,4.35468053817749,198.7100067138672,23.585559844970703
2019-12-05,20.905426025390625,504.8553771972656,109.9205551147461,118.05569458007812,32.08000183105469,285.2173767089844,183.32470703125,265.435302734375,28.038991928100586,152.7864990234375,6511.833984375,533.33544921875,71.68447875976562,85.1264419555664,200.83059692382812,104.50685119628906,269.9229736328125,169.5015106201172,313.8946533203125,223.07000732421875,368.3399963378906,251.86000061035156,79.3499984741211,137.59710693359375,28.939836502075195,13.5600004196167,7.9848856925964355,54.20521926879883,31.36700439453125,215.3107147216797,27.898529052734375,12.764434814453125,302.8599853515625,86.14961242675781,52.01824951171875,116.94759368896484,41.78672409057617,66.40650177001953,4.345970630645752,199.36000061035156,23.41737174987793
2019-12-06,21.30486297607422,513.3631591796875,110.58626556396484,118.38710021972656,32.040000915527344,285.7585144042969,185.5483856201172,268.21142578125,28.05825424194336,154.83387756347656,6560.14111328125,532.5068969726562,72.62892150878906,85.20101165771484,199.57968139648438,105.33582305908203,269.2215576171875,170.2053985595703,317.98712158203125,223.25,372.260009765625,251.3699951171875,80.02999877929688,141.44100952148438,29.28809356689453,13.75,8.009160041809082,54.942970275878906,31.95901107788086,216.7775115966797,27.469179153442383,12.786516189575195,307.3500061035156,87.29376983642578,52.87300491333008,115.98900604248047,42.31140899658203,67.03099822998047,4.372098922729492,201.0500030517578,23.308547973632812
2019-12-09,21.09392547607422,508.68853759765625,112.09843444824219,119.73165893554688,32.02000045776367,284.43994140625,184.90692138671875,265.9435729980469,27.92340660095215,156.91783142089844,6548.54736328125,533.9639282226562,74.04974365234375,85.15440368652344,200.0029296875,103.51021575927734,266.67529296875,167.62774658203125,314.3218078613281,219.3699951171875,365.6300048828125,249.02000427246094,78.33000183105469,139.70977783203125,29.322490692138672,13.720000267028809,7.91812801361084,54.942970275878906,31.785959243774414,215.6470489501953,27.26881217956543,12.798405647277832,302.5,86.99365234375,52.87300491333008,116.94759368896484,42.123313903808594,67.1780014038086,4.36338996887207,201.33999633789062,23.570716857910156
2019-12-10,20.869518280029297,510.83892822265625,110.77648162841797,119.08777618408203,32.2400016784668,283.9971923828125,184.3510284423828,265.5525817871094,28.05825424194336,155.51023864746094,6567.8701171875,531.1165771484375,75.16964721679688,84.93074798583984,197.5105438232422,103.42638397216797,268.5777282714844,166.1009521484375,314.97735595703125,220.27000427246094,367.6700134277344,252.83999633789062,78.11000061035156,139.31854248046875,29.111814498901367,13.710000038146973,7.936334609985352,54.96237564086914,31.713096618652344,214.41378784179688,27.364225387573242,12.655729293823242,293.1199951171875,86.91863250732422,53.324058532714844,117.90618133544922,42.64800262451172,67.23300170898438,4.398227691650391,200.8699951171875,23.427265167236328
2019-12-11,20.465591430664062,509.4365234375,111.89871215820312,119.1161880493164,32.09000015258789,285.4140930175781,184.90692138671875,266.0315856933594,28.067890167236328,154.17579650878906,6664.48486328125,532.4592895507812,74.8270034790039,83.68203735351562,198.97775268554688,104.05977630615234,269.51934814453125,165.98199462890625,315.96075439453125,220.0,373.5299987792969,250.4499969482422,77.4800033569336,139.40658569335938,29.4987735748291,13.890000343322754,8.137473106384277,57.3115348815918,31.968111038208008,214.41378784179688,27.24018669128418,12.679509162902832,298.92999267578125,87.58448791503906,54.161373138427734,115.0304183959961,43.51917266845703,67.2509994506836,4.4243550300598145,202.25999450683594,23.600399017333984
2019-12-12,20.16489601135254,516.074462890625,112.4122543334961,120.74480438232422,32.36000061035156,287.53961181640625,186.27536010742188,264.2134094238281,28.1834716796875,157.08236694335938,6714.72509765625,521.660400390625,74.07479095458984,82.86201477050781,197.21897888183594,104.67449951171875,272.5076904296875,167.70706176757812,317.23223876953125,220.5500030517578,372.1600036621094,251.8800048828125,77.05000305175781,140.4335479736328,29.494470596313477,13.989999771118164,8.081120491027832,58.59288787841797,32.19580078125,217.12315368652344,27.65045928955078,12.577596664428711,298.44000244140625,88.57859802246094,55.838497161865234,115.0304183959961,45.320926666259766,67.51349639892578,4.467902183532715,196.75,24.48584747314453
2019-12-13,20.142454147338867,525.4235229492188,112.69756317138672,120.46075439453125,32.34000015258789,291.3575439453125,187.81483459472656,265.1029052734375,28.077516555786133,166.78916931152344,6929.20947265625,525.5077514648438,74.13330078125,82.50789642333984,199.8806610107422,105.73634338378906,274.3044738769531,165.15911865234375,318.36468505859375,218.97999572753906,376.4200134277344,252.89999389648438,76.30999755859375,139.7293701171875,29.76534080505371,14.140000343322754,8.14267635345459,58.11723327636719,32.53279495239258,215.57228088378906,27.192480087280273,12.54532527923584,298.5,87.78144836425781,55.81856155395508,117.90618133544922,45.38032150268555,67.3915023803711,4.537577152252197,194.11000061035156,24.41164779663086
2019-12-16,20.24118995666504,540.9431762695312,114.2002182006836,119.2676773071289,32.349998474121094,292.2137145996094,189.05494689941406,266.481201171875,28.424274444580078,175.91102600097656,7083.79248046875,535.9447021484375,73.88256072998047,82.34016418457031,202.7775115966797,106.68640899658203,280.5980224609375,165.87294006347656,319.5076904296875,219.5,376.010009765625,255.47000122070312,78.16000366210938,140.52159118652344,30.01470947265625,14.279999732971191,8.251914978027344,58.20459747314453,32.86977767944336,219.02908325195312,27.202024459838867,12.657428741455078,304.2099914550781,88.23160552978516,56.10763168334961,117.90618133544922,45.89510726928711,68.05850219726562,4.5985426902771,197.9199981689453,24.480899810791016
2019-12-17,20.052690505981445,536.4556274414062,113.47740936279297,121.55912017822266,32.369998931884766,291.26904296875,190.38059997558594,265.454833984375,28.327953338623047,171.2495574951172,7184.27197265625,530.91650390625,74.40076446533203,81.36167907714844,199.3257598876953,106.50943756103516,279.09912109375,166.0613250732422,317.8478088378906,217.6199951171875,369.1000061035156,257.1700134277344,79.2699966430664,140.286865234375,29.885725021362305,14.3100004196167,8.373291969299316,59.01029586791992,32.40528869628906,220.12217712402344,27.402389526367188,12.647237777709961,315.4800109863281,88.37228393554688,56.89012145996094,117.90618133544922,47.201873779296875,67.75599670410156,4.65079927444458,198.38999938964844,24.69855308532715
2019-12-18,20.20528793334961,540.8496704101562,113.4678955078125,121.27506256103516,32.349998474121094,290.0291748046875,189.1404571533203,263.39227294921875,28.26053237915039,169.20216369628906,7153.35595703125,538.46826171875,75.4203872680664,82.08362579345703,204.9877166748047,105.99714660644531,281.4339599609375,166.44796752929688,317.6589660644531,219.35000610351562,371.3599853515625,253.08999633789062,80.94000244140625,140.92263793945312,29.589059829711914,14.300000190734863,8.323874473571777,58.612308502197266,32.61476135253906,217.7865447998047,27.507341384887695,12.569104194641113,320.79998779296875,88.5598373413086,57.194149017333984,114.07182312011719,47.94435119628906,67.63099670410156,4.563704967498779,202.5,24.733177185058594
2019-12-19,20.393783569335938,540.1952514648438,114.32383728027344,121.86210632324219,32.7599983215332,292.7745361328125,187.130615234375,266.3541564941406,28.684341430664062,167.61178588867188,7207.4599609375,548.4385986328125,75.66277313232422,81.85858154296875,210.86599731445312,105.70840454101562,283.08660888671875,167.64756774902344,321.2868347167969,217.77999877929688,372.54998779296875,256.19000244140625,82.72000122070312,142.20391845703125,29.40848159790039,14.380000114440918,8.283125877380371,58.89381408691406,32.35974884033203,217.73977661132812,28.308805465698242,12.550420761108398,332.2200012207031,88.38165283203125,58.67689895629883,115.0304183959961,47.805755615234375,67.802001953125,4.563704967498779,206.05999755859375,24.67876434326172
2019-12-20,20.214263916015625,542.3455810546875,113.86734771728516,122.2881851196289,32.95000076293945,293.7979736328125,188.7128448486328,265.5525817871094,28.559125900268555,163.0782928466797,7365.90771484375,550.1431274414062,75.86334228515625,82.53364562988281,214.1954803466797,105.9412612915039,281.1361083984375,166.35873413085938,324.7356872558594,220.69000244140625,375.6199951171875,261.54998779296875,81.43000030517578,144.29698181152344,29.593360900878906,14.609999656677246,8.265788078308105,60.00044250488281,32.58743667602539,219.55227661132812,28.261098861694336,12.560611724853516,336.8999938964844,88.53172302246094,59.65127182006836,114.07182312011719,47.66715621948242,67.47949981689453,4.476611614227295,206.3000030517578,24.54520606994629
2019-12-23,20.295047760009766,544.1219482421875,113.73418426513672,121.521240234375,32.900001525878906,292.5186767578125,188.6700897216797,265.2691345214844,27.971569061279297,164.0288543701172,7472.18408203125,544.3628540039062,76.24784088134766,82.1304931640625,213.4712677001953,106.08098602294922,283.5382385253906,167.64756774902344,326.0476989746094,219.97999572753906,374.20001220703125,263.9800109863281,82.79000091552734,145.5000762939453,29.318195343017578,14.390000343322754,8.232842445373535,59.29180908203125,32.66029739379883,219.6830596923828,28.423301696777344,12.516449928283691,333.1000061035156,89.2163314819336,59.51420974731445,114.07182312011719,47.97404861450195,67.44200134277344,4.511449337005615,206.17999267578125,24.960721969604492
2019-12-24,20.44315528869629,549.1705322265625,113.9053726196289,121.7200927734375,33.029998779296875,292.72540283203125,,266.37371826171875,27.93303871154785,164.52243041992188,7420.01171875,545.8865356445312,76.62391662597656,82.37425231933594,213.57472229003906,105.96920776367188,283.009765625,167.5385284423828,324.5270080566406,220.55999755859375,376.510009765625,263.260009765625,82.55999755859375,144.73715209960938,,14.289999961853027,,59.699520111083984,32.74227523803711,219.59896850585938,28.394672393798828,,333.20001220703125,88.60673522949219,59.46437072753906,,47.855255126953125,67.1780014038086,4.511449337005615,205.1199951171875,25.143749237060547
2019-12-25,,549.1705322265625,,,,,,,,,,,,,,,,,,,,,,,,,,,,,,,,,,,,,,,
2019-12-26,,,113.86734771728516,122.04202270507812,33.279998779296875,294.41790771484375,,267.4098815917969,28.20273780822754,,,551.8572998046875,77.6435546875,82.8899154663086,215.27525329589844,105.36088562011719,284.0763244628906,166.69581604003906,323.73193359375,220.25,374.8599853515625,261.42999267578125,82.5199966430664,145.0207977294922,,14.180000305175781,,59.51508331298828,,220.561279296875,28.833572387695312,,332.6300048828125,89.1319351196289,59.606414794921875,,48.32054138183594,68.0199966430664,,207.7899932861328,25.72745132446289
2019-12-27,20.420713424682617,552.2557373046875,114.34284973144531,122.34503173828125,33.130001068115234,295.9332580566406,188.37074279785156,268.1234436035156,28.096782684326172,165.8934326171875,7497.3046875,554.7047119140625,77.26747131347656,83.13367462158203,216.41835021972656,106.08151245117188,284.3837890625,167.885498046875,324.5668029785156,220.97000122070312,373.32000732421875,263.9800109863281,83.3499984741211,145.98910522460938,29.580463409423828,13.859999656677246,8.311737060546875,59.379173278808594,33.015506744384766,220.0100555419922,28.556875228881836,12.514752388000488,329.0899963378906,89.08503723144531,59.02826690673828,116.94759368896484,48.74623107910156,67.59449768066406,4.572414398193359,208.10000610351562,25.21794891357422
2019-12-30,20.290559768676758,548.1420288085938,114.17166900634766,122.04202270507812,32.7599983215332,292.9615783691406,187.55824279785156,265.8262939453125,27.981197357177734,164.74179077148438,7454.79345703125,552.552490234375,77.05016326904297,83.31182098388672,216.2010498046875,105.68843078613281,282.3467712402344,166.9040069580078,323.06597900390625,218.97000122070312,373.70001220703125,261.6000061035156,83.25,144.3165740966797,29.19350814819336,13.960000038146973,8.271855354309082,59.146202087402344,32.46903991699219,219.86056518554688,28.25156021118164,12.412839889526367,323.30999755859375,89.02875518798828,57.894405364990234,114.07182312011719,48.132442474365234,66.80699920654297,4.572414398193359,204.41000366210938,25.183320999145508
2019-12-31,20.012298583984375,547.1137084960938,113.8958740234375,121.39815521240234,32.7400016784668,293.81768798828125,,266.9113464355469,28.096782684326172,164.19337463378906,7487.642578125,555.8472290039062,77.53541564941406,83.5743408203125,217.11744689941406,106.17508697509766,282.47174072265625,167.7169647216797,322.89697265625,218.9499969482422,375.4800109863281,261.1300048828125,83.72000122070312,144.57086181640625,,14.270000457763672,,59.25298309326172,32.48725128173828,220.63047790527344,28.308805465698242,,323.57000732421875,88.8318099975586,58.63702392578125,,47.528560638427734,66.85099792480469,4.554996013641357,205.25,25.420761108398438
2020-01-02,20.366857528686523,559.0806884765625,114.56159973144531,119.37183380126953,32.220001220703125,298.5409851074219,189.35427856445312,271.5936279296875,28.2894287109375,169.27529907226562,7439.3359375,551.7048950195312,75.02909088134766,82.88054656982422,215.87042236328125,107.21391296386719,281.0496520996094,166.04147338867188,324.3879089355469,219.4499969482422,373.3500061035156,265.0199890136719,83.26000213623047,144.25790405273438,29.507368087768555,13.789999961853027,8.343814849853516,60.379024505615234,33.243194580078125,217.01571655273438,28.50916862487793,12.424729347229004,329.80999755859375,89.91033172607422,59.78584289550781,117.90618133544922,49.37981033325195,68.36849975585938,4.676927089691162,209.77999877929688,25.8659610748291
2020-01-03,20.232213973999023,561.7919311523438,113.74371337890625,118.1314468383789,32.029998779296875,295.62823486328125,187.21612548828125,270.6845703125,27.952302932739258,167.53868103027344,7379.4345703125,557.1995849609375,75.3244400024414,83.80872344970703,215.97433471679688,106.57752227783203,278.20550537109375,165.7936248779297,320.85943603515625,217.97999572753906,369.1600036621094,264.7699890136719,82.95999908447266,144.6980438232422,28.995731353759766,14.199999809265137,8.238909721374512,59.418006896972656,32.5510139465332,212.18983459472656,28.385135650634766,12.412839889526367,325.8999938964844,89.24446868896484,58.82890701293945,115.98900604248047,48.538330078125,68.03299713134766,4.720473289489746,208.6699981689453,25.01513671875
2020-01-06,20.232213973999023,552.34912109375,114.45697784423828,117.0141372680664,31.959999084472656,296.4154968261719,186.27536010742188,272.7667236328125,27.981197357177734,165.4181671142578,7246.10546875,556.590087890625,76.48898315429688,83.4805908203125,215.9176483154297,107.52275848388672,280.1368103027344,167.96481323242188,323.1653747558594,224.02999877929688,371.739990234375,266.92999267578125,86.94000244140625,145.24574279785156,28.875347137451172,14.300000190734863,8.22157096862793,58.13665008544922,32.41439437866211,212.0959014892578,28.91944122314453,12.423030853271484,335.8299865722656,89.41327667236328,59.07561492919922,115.98900604248047,48.280941009521484,69.71050262451172,4.615961074829102,212.60000610351562,25.267414093017578
2020-01-07,20.1604061126709,557.4912109375,113.77223205566406,117.22245025634766,32.06999969482422,295.4117736816406,186.78851318359375,274.6630554199219,28.00046157836914,167.39242553710938,7188.13671875,554.1141357421875,75.56072235107422,82.94617462158203,211.3168182373047,107.14840698242188,278.44573974609375,167.70706176757812,324.9941711425781,223.7899932861328,373.1300048828125,266.1199951171875,85.7300033569336,145.0501251220703,29.16771125793457,14.079999923706055,8.146143913269043,59.81599426269531,32.53279495239258,212.9972381591797,28.719078063964844,12.450207710266113,330.75,88.94434356689453,59.79082489013672,114.07182312011719,49.28081130981445,69.66699981689453,4.607251167297363,213.05999755859375,24.634244918823242
2020-01-08,20.04820442199707,558.4262084960938,115.57919311523438,116.84370422363281,32.11000061035156,300.6241760253906,187.47271728515625,278.6024475097656,28.568758010864258,166.38699340820312,7286.68408203125,555.942626953125,75.9067153930664,83.39619445800781,213.14959716796875,109.0295181274414,284.3165588378906,172.3468475341797,325.5109558105469,231.08999633789062,382.4200134277344,271.67999267578125,86.22000122070312,146.0086669921875,29.662151336669922,13.75,8.196428298950195,59.77717590332031,32.28688430786133,214.152099609375,29.33925437927246,12.368678092956543,339.260009765625,89.2163314819336,59.90296936035156,114.07182312011719,49.15211486816406,70.21600341796875,4.581124305725098,215.22000122070312,24.733177185058594
2020-01-09,19.91805076599121,557.1173706054688,116.07373046875,116.93838500976562,32.25,304.56549072265625,188.7128448486328,283.0697326660156,28.83845329284668,167.13650512695312,7503.1015625,560.8848876953125,76.23583984375,83.40557861328125,213.95260620117188,110.7983169555664,282.7022705078125,173.4076690673828,327.6081848144531,230.25999450683594,383.4700012207031,277.94000244140625,85.37000274658203,144.18943786621094,29.752437591552734,13.550000190734863,8.225038528442383,60.155757904052734,32.25956344604492,219.23150634765625,29.587329864501953,12.614965438842773,335.6600036621094,89.2726058959961,60.56085968017578,117.90618133544922,49.973793029785156,70.99150085449219,4.729182720184326,218.3000030517578,24.54520606994629
2020-01-10,20.173870086669922,553.5645751953125,115.07516479492188,118.1030502319336,31.850000381469727,306.6051025390625,188.45626831054688,282.444091796875,28.87697982788086,165.43643188476562,7392.96044921875,565.6558837890625,76.87716674804688,83.85560607910156,218.04330444335938,111.03227996826172,283.5766906738281,176.0547332763672,326.7335510253906,228.9499969482422,381.4100036621094,281.6400146484375,85.16000366210938,144.89364624023438,29.322490692138672,13.279999732971191,8.37675952911377,59.67039489746094,31.895252227783203,217.82318115234375,29.615951538085938,12.552119255065918,329.04998779296875,89.0756607055664,60.88482666015625,116.94759368896484,50.914268493652344,71.48650360107422,4.894660472869873,218.05999755859375,24.490793228149414
2020-01-13,19.96742057800293,555.1539916992188,115.1227035522461,117.28872680664062,31.790000915527344,310.5857849121094,188.24244689941406,287.6249694824219,28.89624786376953,166.05796813964844,7309.87158203125,566.5701904296875,77.5691146850586,86.06826782226562,222.3984832763672,110.44269561767578,274.6600036621094,177.68064880371094,330.0035705566406,226.49000549316406,378.92999267578125,282.2900085449219,95.97000122070312,143.9351043701172,29.051624298095703,13.350000381469727,8.438316345214844,60.00044250488281,32.2413444519043,222.3861846923828,29.644577026367188,12.457001686096191,338.9200134277344,88.96311950683594,62.793701171875,116.94759368896484,51.78544616699219,71.96150207519531,5.060138702392578,221.91000366210938,24.649084091186523
2020-01-14,19.994346618652344,556.8467407226562,114.19068908691406,118.60486602783203,31.899999618530273,306.0829162597656,187.130615234375,283.6464538574219,28.212373733520508,165.43643188476562,7290.54833984375,558.5137939453125,76.65776824951172,84.97130584716797,221.01918029785156,109.53490447998047,276.9563903808594,178.84059143066406,330.77880859375,229.75,387.6199951171875,284.0199890136719,96.87000274658203,144.668701171875,29.262300491333008,13.239999771118164,8.476462364196777,60.52463150024414,32.122947692871094,220.18917846679688,29.739990234375,12.417935371398926,338.69000244140625,88.25035095214844,61.62245559692383,116.94759368896484,50.87466812133789,71.54399871826172,5.060138702392578,219.05999755859375,25.158588409423828
2020-01-15,19.980880737304688,559.1979370117188,113.66761779785156,110.78373718261719,32.2400016784668,309.63995361328125,185.84771728515625,287.7618103027344,28.443538665771484,163.1514129638672,7387.16357421875,558.2662353515625,76.57335662841797,86.45266723632812,222.37014770507812,109.8062973022461,284.8065490722656,176.6991424560547,333.16424560546875,234.14999389648438,390.75,288.489990234375,94.0,144.02317810058594,29.429977416992188,13.600000381469727,8.572696685791016,60.11692810058594,31.503625869750977,221.07174682617188,30.054851531982422,12.482479095458984,339.07000732421875,88.06281280517578,61.19631576538086,116.94759368896484,50.6568717956543,71.95999908447266,5.016591548919678,221.14999389648438,25.02997398376465
2020-01-16,19.828290939331055,569.07275390625,113.42987823486328,110.13987731933594,32.77000045776367,315.60107421875,186.01876831054688,291.4861755371094,29.38748550415039,161.5975799560547,7387.16357421875,566.7222900390625,77.24003601074219,87.52146911621094,219.40370178222656,111.2381820678711,288.967041015625,176.21336364746094,334.6949157714844,235.5,385.57000732421875,289.9200134277344,96.91000366210938,144.53173828125,29.52027130126953,13.989999771118164,8.655060768127441,61.35945129394531,31.503625869750977,221.36277770996094,30.15026092529297,12.475685119628906,338.6199951171875,88.92561340332031,62.03363800048828,115.98900604248047,51.033058166503906,72.58499908447266,5.077557563781738,221.77000427246094,25.396028518676758
2020-01-17,20.254655838012695,573.869140625,116.36857604980469,110.7079849243164,32.43000030517578,318.9118957519531,187.55824279785156,290.11767578125,30.052101135253906,160.17172241210938,7381.3662109375,559.942138671875,76.99530029296875,88.384033203125,220.51846313476562,111.39729309082031,286.785888671875,175.47972106933594,337.1300048828125,235.8300018310547,385.94000244140625,285.79998779296875,95.5999984741211,145.14793395996094,29.305295944213867,13.710000038146973,8.824122428894043,61.00999069213867,31.722209930419922,222.5176239013672,30.41741371154785,12.470590591430664,339.6700134277344,89.7321548461914,62.12085723876953,121.74053192138672,51.08256149291992,74.01950073242188,5.138523101806641,222.13999938964844,24.901363372802734
2020-01-20,20.04371452331543,563.3359375,,,,,189.05494689941406,,,159.95236206054688,7365.90771484375,,,,,,,,,,,,,,29.451478958129883,,8.862269401550293,,31.713096618652344,,,12.509655952453613,,,,121.74053192138672,,,5.1036858558654785,,
2020-01-21,19.953954696655273,551.6741943359375,115.5278549194336,107.98100280761719,31.969999313354492,317.207275390625,188.6273193359375,289.5408935546875,29.59938621520996,159.4039306640625,7447.06494140625,561.8467407226562,77.94046020507812,89.60286712646484,223.64552307128906,112.60456848144531,288.7652893066406,178.08712768554688,335.21173095703125,233.99000549316406,363.7099914550781,284.8399963378906,98.25,144.01336669921875,29.137611389160156,13.430000305175781,8.891745567321777,61.34975051879883,31.458084106445312,222.6866455078125,29.520538330078125,12.552119255065918,338.1099853515625,88.64424896240234,61.786930084228516,118.8647689819336,48.716529846191406,74.22000122070312,4.9469170570373535,221.44000244140625,24.381967544555664
2020-01-22,19.698135375976562,556.94091796875,116.46408081054688,107.84844207763672,32.029998779296875,319.5523376464844,188.11415100097656,290.73345947265625,30.331430435180664,159.73300170898438,7715.65380859375,563.3037109375,78.25269317626953,88.07463073730469,222.1623077392578,113.32518005371094,288.82293701171875,178.01773071289062,337.9847412109375,234.61000061035156,359.1400146484375,287.6199951171875,101.41999816894531,143.91555786132812,29.06022071838379,13.140000343322754,8.912553787231445,62.01955032348633,31.41254425048828,223.4940948486328,29.720905303955078,12.643838882446289,326.0,91.12014770507812,62.327701568603516,119.82335662841797,49.37981033325195,74.29750061035156,4.9730448722839355,221.32000732421875,24.70349884033203
2020-01-23,19.743013381958008,539.26025390625,117.22834777832031,109.3918228149414,30.450000762939453,320.2125549316406,187.04507446289062,290.50860595703125,30.052101135253906,156.75331115722656,7649.955078125,567.5699462890625,79.38346862792969,89.72474670410156,224.68472290039062,113.21287536621094,287.7371826171875,178.22593688964844,333.3431396484375,233.91000366210938,356.6000061035156,285.8999938964844,102.80000305175781,143.47543334960938,28.514188766479492,12.920000076293945,8.933362007141113,62.01955032348633,31.212175369262695,222.78990173339844,29.663658142089844,12.470590591430664,349.6000061035156,91.81413269042969,63.01299285888672,119.82335662841797,49.3501091003418,74.3324966430664,4.912079811096191,219.75999450683594,24.91620445251465
2020-01-24,20.146944046020508,539.1661376953125,114.85913848876953,108.24612426757812,30.31999969482422,318.9217224121094,188.6273193359375,288.2016296386719,29.56085777282715,158.52650451660156,7680.8720703125,563.7131958007812,78.78433990478516,90.14666748046875,224.39187622070312,111.6125259399414,281.3475036621094,175.6581573486328,331.6534729003906,229.05999755859375,345.2799987792969,280.7699890136719,98.0999984741211,140.30641174316406,28.544286727905273,12.649999618530273,9.016592025756836,60.18488311767578,31.867935180664062,229.04295349121094,29.644577026367188,12.57080364227295,353.1600036621094,90.82002258300781,62.419898986816406,122.69911193847656,48.439334869384766,73.33550262451172,4.903369903564453,217.94000244140625,24.723283767700195
2020-01-27,19.8552188873291,519.6986083984375,114.4101333618164,109.62855529785156,30.200000762939453,311.1376037597656,185.07797241210938,286.5399475097656,29.194843292236328,156.00381469726562,7505.033203125,565.6082153320312,78.19361114501953,89.05908966064453,224.34463500976562,111.58446502685547,272.9689025878906,175.96551513671875,328.9499816894531,227.3699951171875,339.4200134277344,277.30999755859375,95.97000122070312,138.49700927734375,27.740280151367188,12.420000076293945,8.942030906677246,57.32123947143555,31.184850692749023,219.20333862304688,29.663658142089844,12.448509216308594,342.8800048828125,88.75678253173828,59.85810852050781,119.82335662841797,46.94447708129883,71.69499969482422,,214.8699951171875,23.818050384521484
2020-01-28,20.1604061126709,528.350830078125,115.73804473876953,109.30662536621094,30.520000457763672,315.5716247558594,187.77206420898438,290.59661865234375,29.3104305267334,157.22860717773438,7470.251953125,573.8170776367188,78.48054504394531,89.59349060058594,224.07064819335938,111.53765869140625,274.6791687011719,179.02896118164062,331.2359619140625,231.97000122070312,344.0799865722656,278.6400146484375,99.41999816894531,142.3115234375,27.839170455932617,12.130000114440918,9.028729438781738,58.427860260009766,31.212175369262695,222.00123596191406,29.873563766479492,12.657428741455078,348.5199890136719,90.28546142578125,61.79439926147461,116.94759368896484,47.73645782470703,72.62799835205078,,217.7899932861328,24.08022117614746
2020-01-29,20.218751907348633,534.1817016601562,115.04064178466797,108.19879150390625,29.700000762939453,315.620849609375,188.6273193359375,290.6259765625,29.878719329833984,157.22860717773438,7526.2890625,573.9216918945312,78.49742126464844,90.47480010986328,220.53738403320312,110.77960968017578,271.82550048828125,178.4341278076172,331.8621826171875,232.41000366210938,339.25,280.79998779296875,103.4800033569336,142.05718994140625,27.972454071044922,11.699999809265137,9.000986099243164,58.06870651245117,31.749530792236328,222.7711639404297,29.711366653442383,12.60647201538086,343.1600036621094,90.84818267822266,61.1888427734375,115.98900604248047,49.033321380615234,72.93150329589844,4.894660472869873,223.22999572753906,24.213781356811523
2020-01-30,20.07064437866211,527.7865600585938,114.3719253540039,108.5775375366211,29.920000076293945,319.7001647949219,186.4464111328125,293.11859130859375,29.271896362304688,156.75331115722656,7559.13720703125,574.226318359375,78.33708953857422,90.2029037475586,222.20008850097656,110.57371520996094,269.9805908203125,177.50218200683594,317.9173889160156,230.30999755859375,336.17999267578125,283.7300109863281,104.75,140.30641174316406,27.572601318359375,11.319999694824219,8.947233200073242,58.486106872558594,31.312362670898438,226.65814208984375,29.415586471557617,12.507957458496094,347.739990234375,91.18577575683594,61.256126403808594,114.07182312011719,48.58783721923828,72.79199981689453,4.615961074829102,209.52999877929688,24.42648696899414
2020-01-31,19.927026748657227,521.9556884765625,111.04736328125,104.85631561279297,29.260000228881836,311.3050842285156,184.26548767089844,287.1264343261719,30.726343154907227,153.55426025390625,7570.7314453125,561.5896606445312,77.67039489746094,87.08081817626953,218.9313201904297,108.0374984741211,261.78460693359375,173.89346313476562,311.28790283203125,227.0500030517578,337.94000244140625,271.010009765625,101.70999908447266,135.75831604003906,27.017967224121094,11.069999694824219,8.843195915222168,56.292274475097656,30.89340591430664,224.12313842773438,29.27246856689453,12.406045913696289,345.0899963378906,88.59734344482422,58.91862106323242,113.11324310302734,47.4295654296875,71.71150207519531,4.467902183532715,201.91000366210938,24.12474250793457
2020-02-03,19.644277572631836,521.1093139648438,111.94538879394531,106.53230285644531,29.149999618530273,319.75927734375,185.76219177246094,289.0227966308594,30.57223129272461,155.08978271484375,7655.75244140625,574.7977294921875,77.78856658935547,86.1338882446289,221.13255310058594,110.42398071289062,263.29302978515625,177.046142578125,316.4066467285156,230.50999450683594,341.1199951171875,275.7699890136719,101.98999786376953,138.69256591796875,27.12545394897461,10.680000305175781,9.004453659057617,57.97162628173828,31.312362670898438,228.16038513183594,29.74953269958496,12.494370460510254,358.0,89.55394744873047,59.89051055908203,115.0304183959961,48.944217681884766,74.2969970703125,4.485321044921875,204.19000244140625,24.32755470275879
2020-02-04,19.980880737304688,535.1221313476562,114.0184326171875,107.23297119140625,29.739999771118164,324.29180908203125,187.6865234375,291.22222900390625,31.400592803955078,157.2103271484375,7756.2314453125,578.844970703125,79.29907989501953,87.58710479736328,224.32571411132812,112.29573059082031,269.8460998535156,180.94239807128906,323.9803161621094,239.66000366210938,356.0,279.1199951171875,107.1500015258789,141.20623779296875,27.641393661499023,10.789999961853027,9.110225677490234,61.165306091308594,31.785959243774414,231.99105834960938,29.663658142089844,12.443413734436035,369.010009765625,94.63701629638672,61.585079193115234,114.07182312011719,50.58757400512695,72.35350036621094,4.554996013641357,209.8300018310547,25.2426815032959
2020-02-05,19.971906661987305,539.4483032226562,116.67425537109375,109.3918228149414,30.6299991607666,323.5035400390625,190.93650817871094,288.1430358886719,31.920726776123047,158.0877685546875,7860.57568359375,572.5694580078125,80.41300964355469,86.9495620727539,223.31488037109375,112.88533020019531,284.1531982421875,182.73684692382812,330.4706726074219,240.75999450683594,372.1600036621094,274.3999938964844,107.05999755859375,147.7301025390625,28.097137451171875,11.020000457763672,9.183052062988281,61.93218231201172,32.07741165161133,234.9861297607422,30.30292320251465,12.524943351745605,369.6700134277344,95.97811889648438,62.48967361450195,120.78193664550781,50.33018112182617,72.4114990234375,4.607251167297363,210.11000061035156,25.12396240234375
2020-02-06,20.106548309326172,537.9435424804688,116.08195495605469,109.02257537841797,30.049999237060547,324.4690856933594,194.4003143310547,288.87615966796875,32.45048522949219,161.5244598388672,7889.5595703125,574.9216918945312,79.53539276123047,87.29647064208984,224.66583251953125,113.521728515625,281.0111999511719,182.30062866210938,329.9836730957031,239.1199951171875,389.8500061035156,280.6700134277344,108.73999786376953,145.98910522460938,28.260520935058594,10.779999732971191,9.328704833984375,61.340030670166016,32.25956344604492,235.7184600830078,30.293376922607422,12.626853942871094,366.95001220703125,96.10942840576172,63.35938262939453,116.94759368896484,50.90436553955078,73.8115005493164,4.746601581573486,210.85000610351562,26.142969131469727
2020-02-07,20.039228439331055,532.0186157226562,116.05330657958984,109.46758270263672,29.790000915527344,322.2028503417969,194.22926330566406,288.8370666503906,32.213623046875,161.9266357421875,7918.54443359375,577.0833129882812,79.41725158691406,87.3245849609375,225.5538787841797,111.32240295410156,277.8980712890625,180.76393127441406,324.22882080078125,240.05999755859375,381.8699951171875,278.3999938964844,105.83999633789062,142.73207092285156,28.075641632080078,9.770000457763672,9.268014907836914,59.90336608886719,31.986330032348633,234.6481475830078,30.379247665405273,12.6608247756958,366.7699890136719,95.62177276611328,62.69650650024414,118.8647689819336,50.5380744934082,73.96150207519531,4.720473289489746,212.3300018310547,25.53453254699707
2020-02-10,20.106548309326172,529.0092163085938,115.79536437988281,110.76478576660156,29.829999923706055,325.4347229003906,194.69964599609375,289.8927917480469,32.48432540893555,161.68898010253906,7889.5595703125,582.8255615234375,79.3412857055664,88.74969482421875,230.22084045410156,111.72484588623047,275.7937927246094,181.9932861328125,331.911865234375,244.75,386.2099914550781,279.1499938964844,109.69999694824219,143.46563720703125,27.97675323486328,9.449999809265137,9.278419494628906,61.077945709228516,32.214027404785156,236.32875061035156,30.41741371154785,12.6608247756958,371.07000732421875,96.51270294189453,65.53242492675781,117.90618133544922,51.43894958496094,75.43399810791016,4.659508228302002,213.05999755859375,25.776918411254883
2020-02-11,20.016786575317383,529.197265625,117.5340576171875,110.49019622802734,30.209999084472656,326.0653991699219,196.49569702148438,287.5075988769531,32.697025299072266,163.62667846679688,7920.47705078125,584.2919921875,79.8222885131836,90.2029037475586,240.21604919433594,111.32240295410156,279.4065856933594,184.52137756347656,335.72857666015625,247.80999755859375,396.75,283.3800048828125,110.43000030517578,146.2825164794922,28.355106353759766,10.010000228881836,9.481292724609375,62.563140869140625,32.69673156738281,236.9859619140625,31.56235694885254,13.105838775634766,373.69000244140625,97.09414672851562,66.75849914550781,119.82335662841797,52.17152786254883,75.43949890136719,4.554996013641357,207.19000244140625,25.851118087768555
2020-02-12,20.232213973999023,562.3954467773438,119.44470977783203,111.83477020263672,30.350000381469727,329.2578430175781,196.23912048339844,296.99932861328125,32.252288818359375,163.91917419433594,7991.97119140625,593.4054565429688,80.02484130859375,90.74669647216797,242.02049255371094,109.02015686035156,291.5998229980469,185.89942932128906,332.53802490234375,242.2100067138672,406.29998779296875,283.2799987792969,110.0,147.26063537597656,28.57008171081543,10.399999618530273,9.41540241241455,63.45622634887695,32.88799285888672,238.57273864746094,32.239784240722656,13.251912117004395,380.010009765625,97.56307220458984,67.91728210449219,119.82335662841797,52.953609466552734,75.91349792480469,4.65079927444458,210.75999450683594,26.365570068359375
2020-02-13,20.474567413330078,560.8908081054688,119.1963119506836,111.99573516845703,30.329999923706055,330.9132080078125,196.53846740722656,294.5751647949219,32.397308349609375,161.1588592529297,7947.529296875,605.4136352539062,79.88135528564453,90.44668579101562,242.70069885253906,109.33836364746094,290.3699645996094,193.05743408203125,333.5518798828125,240.08999633789062,398.80999755859375,285.04998779296875,112.0199966430664,147.57362365722656,28.699068069458008,9.90999984741211,9.524641990661621,65.39765930175781,32.69673156738281,239.3050537109375,32.18254470825195,13.187368392944336,381.3999938964844,96.49393463134766,67.47869110107422,119.82335662841797,52.983306884765625,75.73300170898438,4.66821813583374,213.13999938964844,25.994571685791016
2020-02-14,20.80668830871582,544.903076171875,119.8172836303711,110.43339538574219,30.209999084472656,335.9482116699219,197.3937225341797,300.7333984375,32.42631530761719,160.79324340820312,7941.73193359375,617.6981811523438,80.20206451416016,91.4592514038086,242.0866241455078,109.8062973022461,287.08380126953125,193.6027069091797,337.1300048828125,243.82000732421875,399.54998779296875,288.7799987792969,111.7699966430664,146.2923126220703,28.574378967285156,9.680000305175781,9.632146835327148,64.89288330078125,32.578330993652344,240.3660125732422,32.752685546875,13.223037719726562,380.3999938964844,97.11292266845703,72.21599578857422,118.8647689819336,52.7655143737793,76.03700256347656,4.615961074829102,214.17999267578125,26.15781021118164
2020-02-17,21.18817138671875,545.4672241210938,,,,,198.46279907226562,,,162.42019653320312,8019.0234375,,,,,,,,,,,,,,28.389503479003906,,9.902645111083984,,32.25956344604492,,,13.326647758483887,,,,122.69911193847656,,,4.659508228302002,,
2020-02-18,21.219589233398438,535.7804565429688,117.7251205444336,112.20458984375,30.299999237060547,336.23394775390625,198.42002868652344,299.8439636230469,32.455322265625,160.02548217773438,8067.330078125,612.8795776367188,80.81806945800781,92.20929718017578,238.95010375976562,105.43576049804688,290.312255859375,189.3000030517578,335.32110595703125,245.92999267578125,397.6499938964844,286.75,117.23999786376953,144.981689453125,27.787574768066406,9.930000305175781,9.925187110900879,63.451690673828125,31.94989776611328,240.1125030517578,31.928607940673828,13.397985458374023,387.7799987792969,97.97572326660156,73.90558624267578,123.65769958496094,52.32002639770508,75.9834976196289,4.659508228302002,217.8000030517578,26.103395462036133
2020-02-19,21.322813034057617,552.0503540039062,117.92575073242188,111.78559875488281,30.479999542236328,339.5052490234375,198.1206817626953,304.16448974609375,32.803367614746094,161.54273986816406,8252.8310546875,613.0033569335938,79.26531982421875,91.66549682617188,234.38710021972656,106.47457122802734,293.35821533203125,188.26890563964844,337.6766357421875,247.77999877929688,400.80999755859375,290.9700012207031,117.36000061035156,146.79112243652344,27.955251693725586,10.010000228881836,9.958131790161133,65.64271545410156,32.04097366333008,240.18759155273438,32.03401565551758,13.995866775512695,386.19000244140625,97.82564544677734,78.423583984375,121.74053192138672,52.6665153503418,76.33450317382812,4.720473289489746,217.49000549316406,26.385353088378906
2020-02-20,21.14777946472168,532.7709350585938,120.91590881347656,112.61406707763672,29.979999542236328,339.3968811035156,196.23912048339844,296.5887756347656,32.58100509643555,165.7289276123047,8131.09765625,617.450439453125,79.45943450927734,92.7718276977539,233.8580322265625,106.55880737304688,290.3026428222656,187.18826293945312,334.0190124511719,245.10000610351562,399.1400146484375,281.45001220703125,115.9000015258789,144.86431884765625,27.817670822143555,10.100000381469727,9.696303367614746,64.65918731689453,31.758628845214844,239.79324340820312,32.522708892822266,14.097780227661133,386.0,98.56653594970703,76.92839813232422,122.69911193847656,51.73594284057617,75.90750122070312,5.051429271697998,214.5800018310547,26.19243621826172
2020-02-21,20.972747802734375,528.1627197265625,119.71218872070312,111.42375183105469,29.209999084472656,334.71661376953125,197.05162048339844,286.65716552734375,32.01059341430664,164.1750946044922,8136.8935546875,624.6878662109375,78.80123138427734,93.03433990478516,233.35731506347656,106.0159912109375,289.63006591796875,187.93182373046875,332.90582275390625,246.2899932861328,403.1499938964844,278.1099853515625,113.54000091552734,144.75672912597656,27.245840072631836,10.010000228881836,9.796874046325684,62.58501434326172,31.57647705078125,239.38955688476562,32.57063674926758,13.94491195678711,380.07000732421875,98.4071273803711,73.28257751464844,121.74053192138672,50.95386505126953,74.25550079345703,4.833695888519287,210.17999267578125,25.58399772644043
2020-02-24,20.555356979370117,503.24053955078125,117.4194107055664,108.34795379638672,28.309999465942383,319.9071044921875,190.59442138671875,284.3600158691406,30.57973861694336,155.4005584716797,8019.0234375,614.1270751953125,76.73369598388672,89.98726654052734,231.5623321533203,104.20976257324219,266.91552734375,185.9390869140625,321.18743896484375,237.00999450683594,425.3800048828125,269.80999755859375,114.26000213623047,136.95162963867188,25.968894958496094,9.199999809265137,9.517705917358398,59.47865295410156,30.392478942871094,230.52638244628906,31.612388610839844,13.685037612915039,368.70001220703125,95.33101654052734,68.10169219970703,116.94759368896484,48.914520263671875,71.07949829101562,4.781438827514648,200.72000122070312,23.897197723388672
2020-02-25,20.56882095336914,493.2716369628906,113.22552490234375,106.38629150390625,27.420000076293945,298.4466552734375,182.34115600585938,276.9137268066406,29.18755340576172,151.59828186035156,7798.74267578125,604.3162841796875,72.48902893066406,85.97449493408203,232.53541564941406,101.57058715820312,253.0792236328125,182.9252166748047,307.74951171875,230.0,442.3500061035156,256.7099914550781,118.4000015258789,130.08543395996094,25.44005584716797,8.65999984741211,9.330438613891602,57.316856384277344,29.918874740600586,221.0998992919922,30.529577255249023,13.241722106933594,360.0899963378906,92.10486602783203,65.30316162109375,115.0304183959961,49.90449523925781,69.42250061035156,4.711763858795166,196.77000427246094,22.86334991455078
2020-02-26,20.326465606689453,498.4442443847656,108.23872375488281,105.37691497802734,26.469999313354492,293.667724609375,182.5549774169922,277.0509033203125,29.158552169799805,151.67140197753906,7802.6064453125,602.2699584960938,71.75483703613281,85.56198120117188,229.2572021484375,99.34320831298828,252.70443725585938,182.02304077148438,307.2823791503906,232.0399932861328,457.9200134277344,259.45001220703125,116.86000061035156,125.55687713623047,25.4228572845459,8.229999542236328,9.417137145996094,58.24195861816406,30.119247436523438,221.12808227539062,29.513837814331055,13.221338272094727,379.239990234375,90.5761947631836,66.69866943359375,109.27889251708984,50.5380744934082,69.65899658203125,4.441773414611816,197.1999969482422,22.719898223876953
2020-02-27,19.729549407958984,481.2337341308594,102.81244659423828,100.5775146484375,24.670000076293945,281.62701416015625,174.21620178222656,261.7467956542969,27.892045974731445,146.4557342529297,7545.61181640625,571.3357543945312,67.88146209716797,81.29606628417969,220.05555725097656,94.50471496582031,243.97988891601562,181.02169799804688,295.2757568359375,223.3000030517578,431.6099853515625,250.14999389648438,135.14999389648438,124.56903839111328,24.343685150146484,7.909999847412109,9.35818099975586,55.50562286376953,28.74397850036621,210.39651489257812,27.86566162109375,13.019214630126953,371.7099914550781,87.44381713867188,62.98585891723633,111.1960678100586,49.3402099609375,65.90450286865234,4.3808088302612305,189.75,21.54754638671875
2020-02-28,19.01146125793457,475.68499755859375,101.8093490600586,98.08260345458984,25.700000762939453,285.99200439453125,166.9293975830078,260.5319519042969,27.65035057067871,141.0504150390625,7319.53271484375,547.7266845703125,66.19368743896484,79.01778411865234,214.264404296875,94.21458435058594,244.9792022705078,174.18096923828125,289.0339050292969,224.02999877929688,444.57000732421875,254.50999450683594,124.95999908447266,124.64754486083984,23.46229362487793,7.849999904632568,9.033931732177734,56.596256256103516,27.751237869262695,206.19027709960938,27.26197052001953,12.548721313476562,369.0299987792969,85.08048248291016,67.3420181274414,108.3203125,49.15211486816406,66.96649932861328,4.189202785491943,192.47000122070312,20.014087677001953
2020-03-02,19.4692440032959,474.5564880371094,106.07966613769531,103.85327911376953,26.399999618530273,302.24005126953125,168.36622619628906,283.4586486816406,28.994192123413086,135.8916473388672,7620.97119140625,591.7896118164062,68.66624450683594,82.75865173339844,227.44332885742188,96.03956604003906,262.4186096191406,186.34559631347656,303.10784912109375,232.2899932861328,464.75,261.989990234375,124.48999786376953,132.5380096435547,22.980751037597656,7.650000095367432,9.214262962341309,58.58277130126953,28.334135055541992,216.5556640625,28.63225555419922,12.633648872375488,381.04998779296875,89.7321548461914,68.92786407470703,108.3203125,49.716400146484375,69.45549774169922,4.215331077575684,196.44000244140625,20.968788146972656
2020-03-03,19.5859317779541,481.515869140625,103.71045684814453,100.78701782226562,26.239999771118164,287.71630859375,167.7333526611328,274.47406005859375,27.998394012451172,132.3450164794922,7597.783203125,588.232421875,68.10928344726562,83.80872344970703,229.23831176757812,93.96192169189453,251.16705322265625,179.48501586914062,308.47509765625,228.25999450683594,461.54998779296875,251.25,123.58000183105469,126.37479400634766,22.35732650756836,7.199999809265137,9.354713439941406,56.51836013793945,28.6893310546875,213.46673583984375,27.8944149017334,12.455304145812988,368.7699890136719,87.07807159423828,66.29973602294922,109.27889251708984,49.68669891357422,67.06950378417969,4.319843292236328,185.88999938964844,20.66704559326172
2020-03-04,20.532915115356445,483.0206298828125,108.22915649414062,102.6724853515625,26.510000228881836,297.92431640625,171.77871704101562,290.0721130371094,28.452787399291992,131.37774658203125,7723.38232421875,617.2347412109375,71.39195251464844,88.47779846191406,237.75033569335938,96.9473648071289,278.0902099609375,189.58749389648438,324.65625,245.32000732421875,493.4800109863281,263.0299987792969,124.63999938964844,132.71463012695312,23.05384063720703,7.769999980926514,9.807276725769043,58.93333053588867,29.190258026123047,222.70542907714844,29.398849487304688,12.817089080810547,383.7900085449219,92.02044677734375,70.94261932373047,109.27889251708984,50.716270446777344,69.32599639892578,4.433064937591553,191.75999450683594,21.458505630493164
2020-03-05,20.600236892700195,471.6410217285156,102.71690368652344,100.91082000732422,25.229999542236328,286.4649963378906,165.38995361328125,272.78887939453125,27.253963470458984,127.71728515625,7758.16357421875,589.67626953125,69.80548095703125,84.10875701904297,233.29119873046875,93.75601196289062,271.88311767578125,185.42355346679688,310.9897766113281,237.30999755859375,488.1700134277344,255.16000366210938,134.3300018310547,125.45227813720703,22.107952117919922,6.960000038146973,9.50383472442627,57.57978057861328,28.98988914489746,219.70095825195312,27.846498489379883,12.694794654846191,372.7799987792969,87.83769989013672,68.1449203491211,102.56878662109375,51.16175842285156,65.9520034790039,4.467902183532715,185.1699981689453,20.207008361816406
2020-03-06,20.317489624023438,454.7127380371094,100.60563659667969,100.89176177978516,25.440000534057617,282.7995300292969,161.28469848632812,265.57769775390625,26.055137634277344,124.17064666748047,7334.99169921875,582.0264282226562,67.99957275390625,80.51789093017578,232.70545959472656,92.70783996582031,272.7575378417969,178.1664276123047,309.2801513671875,233.5,494.42999267578125,249.88999938964844,135.89999389648438,124.83399200439453,21.46733283996582,6.489999771118164,9.212530136108398,56.27490997314453,27.742128372192383,215.67311096191406,26.064170837402344,12.46209716796875,368.9700012207031,87.00302124023438,66.33712768554688,104.4859619140625,49.587703704833984,64.92050170898438,4.406937122344971,181.08999633789062,19.598569869995117
2020-03-09,19.235862731933594,429.8375549316406,90.01105499267578,99.06342315673828,23.649999618530273,258.16632080078125,145.718994140625,237.60519409179688,23.05807113647461,111.99444580078125,7000.70458984375,548.9314575195312,61.94053649902344,72.91424560546875,219.04469299316406,86.47491455078125,262.7357482910156,174.57752990722656,293.5562438964844,219.64999389648438,474.44000244140625,242.8300018310547,133.5399932861328,114.56856536865234,19.257396697998047,5.489999771118164,8.58483600616455,50.704872131347656,25.47430419921875,192.6138916015625,22.710323333740234,11.480347633361816,346.489990234375,77.96231079101562,61.20050811767578,97.7758560180664,47.281063079833984,60.77799987792969,4.215331077575684,169.5,17.931554794311523
2020-03-10,18.09589195251465,423.1602783203125,99.37326049804688,103.15813446044922,25.079999923706055,276.4540100097656,152.1505126953125,253.92823791503906,24.575939178466797,110.79959106445312,6797.8134765625,583.5660400390625,63.2401237487793,75.81133270263672,230.39088439941406,90.18097686767578,269.03900146484375,169.24374389648438,305.8312683105469,230.50999450683594,475.0199890136719,255.36000061035156,146.07000732421875,118.62174224853516,21.110475540161133,5.760000228881836,8.488601684570312,54.69738006591797,25.0644588470459,201.4676971435547,23.2086124420166,11.45487117767334,364.1300048828125,83.5236587524414,65.100341796875,96.81726837158203,49.06302261352539,64.01950073242188,4.163074493408203,178.19000244140625,19.361133575439453
2020-03-11,18.26643943786621,412.39202880859375,94.72081756591797,100.53942108154297,24.059999465942383,265.8026123046875,147.1044921875,235.4986572265625,23.319103240966797,111.84272766113281,6797.8134765625,572.588623046875,57.375179290771484,69.08900451660156,220.0272216796875,86.5123519897461,266.9058532714844,157.62440490722656,287.6225280761719,220.33999633789062,464.70001220703125,245.5800018310547,137.39999389648438,110.4957504272461,20.422557830810547,5.449999809265137,8.237176895141602,51.113861083984375,24.117252349853516,195.10194396972656,21.08131217956543,10.913040161132812,349.9200134277344,79.1252212524414,61.45733642578125,93.9415054321289,47.152374267578125,60.77050018310547,4.0237250328063965,170.24000549316406,18.272872924804688
2020-03-12,16.815895080566406,361.6071472167969,85.90312957763672,88.19817352294922,22.280000686645508,237.95718383789062,128.288818359375,216.98095703125,21.288833618164062,92.47838592529297,6140.8330078125,540.392333984375,50.63260269165039,65.79815673828125,205.79017639160156,78.9879150390625,240.6072998046875,135.7142333984375,282.5932312011719,204.05999755859375,431.8900146484375,241.0,118.80000305175781,99.62186431884766,18.18682289123535,4.269999980926514,7.456027984619141,43.92734146118164,21.56092071533203,176.2583465576172,17.363338470458984,9.978850364685059,315.25,71.82192993164062,53.93693542480469,89.62786865234375,43.24198532104492,55.74549865722656,3.771153450012207,154.47000122070312,16.19528579711914
2020-03-13,16.8392333984375,380.8865661621094,92.17964172363281,96.19712829589844,22.889999389648438,266.04888916015625,129.14407348632812,243.08212280273438,24.50826644897461,97.08714294433594,6564.0048828125,593.9028930664062,55.62836456298828,73.56914520263672,225.78060913085938,83.12448120117188,262.5228271484375,149.72286987304688,298.52825927734375,220.86000061035156,465.54998779296875,254.1699981689453,127.94999694824219,102.34031677246094,19.046720504760742,4.300000190734863,7.521917819976807,49.55580139160156,21.486284255981445,193.74998474121094,19.845178604125977,9.985644340515137,336.29998779296875,80.94158172607422,60.053497314453125,91.06575012207031,45.77631378173828,60.98649978637695,3.727606773376465,170.27999877929688,17.783157348632812
2020-03-16,17.025938034057617,355.1179504394531,69.34728240966797,89.31231689453125,20.6299991607666,232.19300842285156,113.40731048583984,217.66676330566406,21.153478622436523,84.45576477050781,6098.32275390625,518.6860961914062,44.40480041503906,60.86328887939453,191.5436553955078,72.46485137939453,217.16709899902344,120.8628921508789,277.8684387207031,199.77000427246094,440.8299865722656,223.8300018310547,116.73999786376953,82.87916564941406,17.464509963989258,3.7799999713897705,7.280030250549316,39.467411041259766,19.405759811401367,169.32937622070312,15.964303970336914,9.214512825012207,298.8399963378906,71.25431823730469,48.972373962402344,85.79352569580078,41.63822937011719,54.21649932861328,3.631803512573242,146.00999450683594,15.933115005493164
2020-03-17,18.302343368530273,367.7671203613281,70.49369049072266,98.68252563476562,21.510000228881836,234.3903045654297,112.0730972290039,223.05552673339844,20.9891300201416,83.22296905517578,5964.994140625,550.0025024414062,49.55243682861328,66.82862091064453,214.95404052734375,75.06658935546875,235.6761016845703,123.36125183105469,294.738525390625,210.44000244140625,491.69000244140625,215.8800048828125,118.23999786376953,76.0191879272461,18.173927307128906,3.2699999809265137,7.510647296905518,43.683895111083984,18.957935333251953,192.5669403076172,15.925975799560547,9.783519744873047,319.75,69.75960540771484,54.17631149291992,89.62786865234375,44.093360900878906,55.9900016784668,3.4924540519714355,149.4199981689453,15.492863655090332
2020-03-18,18.670366287231445,336.3087463378906,62.11545181274414,97.91120147705078,19.8799991607666,224.5862274169922,100.06526947021484,189.17491149902344,18.89118194580078,78.89871215820312,5609.4521484375,547.0955200195312,41.9491081237793,64.09648132324219,205.13827514648438,69.76018524169922,209.4662628173828,106.83443450927734,301.37310791015625,212.97999572753906,485.0,205.1300048828125,136.92999267578125,66.86273956298828,16.339765548706055,2.9100000858306885,7.525386333465576,38.15281295776367,16.256988525390625,189.25262451171875,13.67410659790039,9.109203338623047,315.4700012207031,65.10518646240234,50.57320785522461,85.79352569580078,41.856021881103516,54.84000015258789,3.379232168197632,146.9600067138672,14.280936241149902
2020-03-19,17.657859802246094,357.6571960449219,66.74879455566406,95.70196533203125,21.219999313354492,223.81768798828125,107.4889144897461,203.57760620117188,19.915983200073242,79.41079711914062,5727.322265625,525.9246215820312,42.176971435546875,60.41896438598633,197.44822692871094,74.14007568359375,212.11041259765625,113.52645111083984,279.35052490234375,215.69000244140625,489.8299865722656,193.17999267578125,139.6300048828125,81.94684600830078,18.31580924987793,3.6500000953674316,7.456027984619141,39.13632583618164,16.420259475708008,179.36611938476562,15.283951759338379,9.978850364685059,332.0299987792969,68.53922271728516,53.10410690307617,84.8349380493164,44.84573745727539,55.76449966430664,3.1702075004577637,153.1300048828125,15.8094482421875
2020-03-20,17.751209259033203,394.71136474609375,63.395599365234375,92.74994659423828,18.760000228881836,208.31846618652344,114.31388092041016,204.56719970703125,18.436790466308594,84.41783142089844,6009.4375,484.347900390625,38.683311462402344,59.38850021362305,184.5904541015625,72.492919921875,199.362548828125,106.31888580322266,276.8936462402344,206.0,438.45001220703125,183.2899932861328,141.74000549316406,77.03984832763672,17.382822036743164,3.7100000381469727,7.110102653503418,36.99401092529297,17.693761825561523,177.59161376953125,13.69327163696289,10.25910758972168,332.8299865722656,61.4251594543457,51.303802490234375,87.23139953613281,44.79623794555664,53.61600112915039,3.2921383380889893,149.72999572753906,16.071619033813477
2020-03-23,17.961254119873047,381.7800598144531,64.7712631225586,92.07386016845703,18.489999771118164,200.31759643554688,115.3572998046875,188.16574096679688,17.885717391967773,80.3211669921875,6040.35400390625,467.7287292480469,34.71709060668945,59.90846252441406,169.19139099121094,68.24405670166016,188.0429229736328,103.4239730834961,253.94601440429688,202.2100067138672,455.6300048828125,182.94000244140625,167.44000244140625,77.29501342773438,18.57377815246582,3.5899999141693115,6.918499946594238,39.11685562133789,17.460519790649414,165.93055725097656,13.415380477905273,9.80899715423584,360.2699890136719,54.651641845703125,53.03429412841797,87.23139953613281,45.95450210571289,52.83100128173828,3.1789169311523438,148.10000610351562,16.788881301879883
2020-03-24,18.230533599853516,421.6555480957031,73.84689331054688,95.75909423828125,20.030000686645508,233.59217834472656,128.44276428222656,214.23756408691406,21.11481285095215,91.05593872070312,6668.349609375,521.9945678710938,39.77190399169922,66.69625854492188,179.75344848632812,75.19762420654297,212.11041259765625,116.7584457397461,280.5341796875,223.1300048828125,449.5299987792969,204.99000549316406,162.02000427246094,85.13639831542969,20.03130531311035,3.819999933242798,7.340719223022461,43.9565544128418,19.59235382080078,182.53956604003906,16.980039596557617,10.250614166259766,357.32000732421875,67.36617279052734,62.13307571411133,94.90010070800781,47.9344482421875,56.722999572753906,3.239882469177246,160.97999572753906,19.217679977416992
2020-03-25,18.113847732543945,443.99151611328125,79.98011016845703,86.69359588623047,21.059999465942383,252.71743774414062,135.13088989257812,222.5950469970703,23.203088760375977,100.31137084960938,7118.57421875,529.6730346679688,40.455448150634766,68.24666595458984,188.24656677246094,81.25272369384766,226.28648376464844,121.76507568359375,270.2391052246094,210.08999633789062,429.7799987792969,214.22999572753906,142.11000061035156,90.8775863647461,20.60743522644043,3.4000000953674316,7.759469985961914,43.55730438232422,20.786558151245117,179.46939086914062,17.861621856689453,10.174180030822754,342.3900146484375,70.57318878173828,61.24539566040039,95.85868072509766,48.756126403808594,55.1245002746582,3.431488275527954,156.2100067138672,19.460063934326172
2020-03-26,18.122821807861328,463.0357971191406,84.17398071289062,91.48344421386719,20.93000030517578,259.31915283203125,136.05455017089844,239.99581909179688,24.74995994567871,102.39763641357422,7077.99609375,561.859619140625,41.0967903137207,73.44624328613281,209.91860961914062,86.58293151855469,246.45529174804688,135.87286376953125,281.6483154296875,224.49000549316406,452.29998779296875,230.3800048828125,159.5,92.68335723876953,20.740718841552734,4.050000190734863,8.063779830932617,47.91011428833008,22.79244041442871,189.03672790527344,17.44957733154297,10.191165924072266,362.989990234375,74.02616882324219,64.1428451538086,99.69303131103516,50.58757400512695,58.087501525878906,3.5098726749420166,163.33999633789062,21.042987823486328
2020-03-27,19.10122299194336,450.950927734375,83.09446716308594,90.21696472167969,19.030000686645508,244.01695251464844,132.08616638183594,234.90098571777344,23.744495391845703,92.33615112304688,6712.7919921875,568.2567749023438,40.12633514404297,74.84539031982422,206.40423583984375,84.65237426757812,233.96800231933594,127.60449981689453,272.8850402832031,217.24000549316406,449.5199890136719,231.75,164.16000366210938,85.70559692382812,19.566957473754883,3.940000057220459,7.972748279571533,43.86891555786133,21.64488983154297,181.365966796875,16.85546875,10.468294143676758,357.1199951171875,70.51641082763672,63.01826477050781,95.85868072509766,48.06314468383789,55.535499572753906,3.5272912979125977,156.7899932861328,19.168212890625
2020-03-30,19.285232543945312,452.8318176269531,84.74718475341797,91.42633056640625,20.010000228881836,249.53477478027344,129.67433166503906,241.99456787109375,23.705825805664062,89.14037322998047,7074.13134765625,616.6419677734375,39.12858581542969,78.35273742675781,217.83543395996094,86.68651580810547,242.4890899658203,130.81666564941406,283.44866943359375,231.9199981689453,473.0,241.02000427246094,163.55999755859375,89.2680892944336,21.187864303588867,4.260000228881836,8.231108665466309,46.05992889404297,21.794160842895508,193.90956115722656,17.008787155151367,10.711451530456543,370.9599914550781,74.0924072265625,66.22492218017578,97.7758560180664,49.142215728759766,57.340999603271484,3.387941598892212,165.9499969482422,19.68760871887207
2020-03-31,19.105709075927734,447.5652160644531,82.20602416992188,88.53144073486328,19.440000534057617,238.01629638671875,132.5651092529297,240.09378051757812,22.690685272216797,89.24468994140625,7033.55322265625,597.2304077148438,36.59813690185547,75.97985076904297,205.71458435058594,84.92548370361328,240.65557861328125,125.30440521240234,282.095947265625,237.9499969482422,488.2900085449219,242.24000549316406,155.00999450683594,88.1787338256836,21.15346908569336,4.260000228881836,8.117533683776855,44.61872100830078,23.184284210205078,188.6363067626953,16.46258544921875,10.486172676086426,375.5,73.49640655517578,65.72870635986328,97.7758560180664,48.59773254394531,58.140499114990234,3.623093843460083,166.8000030517578,19.56394386291504
2020-04-01,19.406410217285156,427.90960693359375,76.8275146484375,90.72164916992188,19.450000762939453,225.2562255859375,130.8203887939453,229.59063720703125,21.192153930664062,78.5762939453125,6830.662109375,569.3948364257812,33.73651885986328,69.25824737548828,195.53038024902344,79.20917510986328,229.01748657226562,115.17218780517578,273.7404479980469,225.47999572753906,496.6499938964844,230.66000366210938,162.52999877929688,82.17256164550781,20.491348266601562,3.7699999809265137,7.759469985961914,42.164791107177734,22.52187728881836,178.87423706054688,14.45986557006836,10.316320419311523,364.0799865722656,69.1919937133789,60.60954666137695,95.37938690185547,46.58808898925781,55.28099822998047,3.5185818672180176,159.60000610351562,18.25308609008789
2020-04-02,19.39743423461914,428.4739074707031,79.15850830078125,89.85508728027344,18.68000030517578,235.37562561035156,130.85458374023438,236.45883178710938,21.23082733154297,77.40039825439453,6507.96875,598.7413940429688,33.93183135986328,71.38532257080078,208.54879760742188,81.13031005859375,232.02835083007812,115.0135726928711,286.0249938964844,242.16000366210938,498.75,239.6999969482422,159.32000732421875,82.33940124511719,21.015888214111328,3.9000000953674316,7.756003379821777,42.10636901855469,22.708473205566406,183.80728149414062,13.999908447265625,10.369958877563477,370.0799865722656,69.6176986694336,63.70148849487305,93.9415054321289,48.330440521240234,56.04199981689453,3.5185818672180176,158.19000244140625,18.371803283691406
2020-04-03,20.142454147338867,425.74658203125,78.52798461914062,88.15055084228516,18.360000610351562,233.55276489257812,127.22828674316406,233.97019958496094,21.482194900512695,76.09173583984375,6956.26171875,597.34521484375,32.81095886230469,69.57019805908203,210.48545837402344,81.24330139160156,221.46141052246094,112.33676147460938,280.7132568359375,238.30999755859375,493.32000732421875,234.5500030517578,156.2100067138672,80.30790710449219,21.06747817993164,3.5999999046325684,7.570469379425049,41.171531677246094,22.605846405029297,176.341552734375,13.281227111816406,10.414656639099121,361.760009765625,67.40401458740234,60.81900405883789,94.42080688476562,47.330570220947266,54.89400100708008,3.4924540519714355,154.17999267578125,18.02553939819336
2020-04-06,20.08859634399414,440.5118103027344,84.80448913574219,92.85470581054688,19.649999618530273,262.0386657714844,136.22560119628906,250.65576171875,23.551137924194336,82.08499908447266,6824.865234375,623.6701049804688,36.64059829711914,75.84749603271484,222.18118286132812,88.60767364501953,239.6519317626953,125.32424926757812,302.3876647949219,255.3000030517578,504.2699890136719,254.42999267578125,150.1300048828125,91.83934783935547,22.228342056274414,3.7200000286102295,7.648496150970459,44.94007873535156,23.977310180664062,183.20242309570312,15.216876029968262,10.90186595916748,379.9599914550781,73.22205352783203,66.92558288574219,95.37938690185547,49.439208984375,59.34600067138672,3.5272912979125977,165.5500030517578,19.247360229492188
2020-04-07,20.277095794677734,448.59979248046875,86.89667510986328,93.56890869140625,20.670000076293945,255.27928161621094,138.53480529785156,250.881103515625,23.319103240966797,89.88953399658203,6936.93896484375,596.3220825195312,39.2135009765625,76.52816009521484,215.1807861328125,88.95610046386719,239.36244201660156,132.30377197265625,295.0070495605469,247.6699981689453,501.510009765625,251.74000549316406,141.25,96.7757797241211,22.486309051513672,3.3399999141693115,7.6051483154296875,46.313114166259766,23.604124069213867,190.9232635498047,15.274368286132812,11.103007316589355,372.2799987792969,72.04898834228516,64.58916473388672,99.69303131103516,48.97392272949219,59.32550048828125,3.6840600967407227,168.8300018310547,18.980241775512695
2020-04-08,20.277095794677734,447.0480041503906,90.13524627685547,99.6347885131836,21.579999923706055,267.387939453125,138.10716247558594,256.220947265625,23.870176315307617,87.86016845703125,6884.7666015625,635.1831665039062,41.37033462524414,81.47247314453125,235.47352600097656,93.49526977539062,258.4600830078125,139.9475555419922,305.52099609375,249.66000366210938,512.3300170898438,254.72999572753906,139.10000610351562,106.05001831054688,21.841384887695312,3.6600000858306885,7.573936939239502,50.110870361328125,23.324230194091797,203.89849853515625,16.826719284057617,11.022550582885742,371.1199951171875,75.81414031982422,66.56403350830078,101.6102066040039,49.64710235595703,60.513999938964844,3.6753501892089844,174.27999877929688,19.974515914916992
2020-04-09,20.124500274658203,445.4962463378906,91.05235290527344,99.22531127929688,22.31999969482422,265.8582763671875,142.3834686279297,277.81512451171875,24.45992088317871,92.53529357910156,6987.177734375,656.8704223632812,45.9981803894043,86.71932220458984,245.2514190673828,95.14329528808594,254.8895263671875,145.53912353515625,315.69671630859375,246.61000061035156,512.9600219726562,258.5799865722656,146.66000366210938,106.05001831054688,22.228342056274414,3.9000000953674316,7.707452297210693,48.28989028930664,25.535371780395508,207.2627716064453,17.60289764404297,11.03149127960205,370.7200012207031,77.04398345947266,65.56661987304688,106.40313720703125,48.97392272949219,60.5724983215332,3.727606773376465,175.19000244140625,20.558218002319336
2020-04-13,,,90.94725799560547,99.6823959350586,21.989999771118164,259.8780212402344,,263.0107727050781,23.154748916625977,,,628.4226684570312,44.67350769042969,81.68991088867188,236.94105529785156,93.72126770019531,254.29124450683594,139.24365234375,313.647705078125,252.27999877929688,517.02001953125,254.38999938964844,154.1300048828125,101.68278503417969,,3.7899999618530273,,48.572296142578125,,204.3048553466797,16.807558059692383,,396.7200012207031,74.15860748291016,67.28714752197266,,49.30060958862305,60.87799835205078,,174.7899932861328,20.014087677001953
2020-04-14,20.335277557373047,454.9478759765625,94.6443862915039,103.20574951171875,22.299999237060547,267.1610412597656,145.30844116210938,271.7307434082031,23.40611457824707,88.71363830566406,6998.7724609375,658.735107421875,44.66501235961914,84.2802505493164,242.00697326660156,95.30339050292969,261.0366516113281,143.4373016357422,324.6390686035156,262.4100036621094,524.8400268554688,263.010009765625,157.3300018310547,110.44668579101562,22.821670532226562,3.8499999046325684,7.6138176918029785,51.09438705444336,24.210554122924805,208.6519317626953,17.018367767333984,11.250511169433594,413.54998779296875,75.53033447265625,70.802978515625,105.44454956054688,50.93406677246094,63.46149826049805,3.631803512573242,178.1699981689453,20.449392318725586
2020-04-15,20.28945541381836,446.7188415527344,90.12569427490234,101.16792297363281,21.350000381469727,253.759521484375,138.97955322265625,267.7234802246094,22.477991104125977,82.50226593017578,6824.865234375,645.9598999023438,43.527164459228516,81.81282806396484,234.78758239746094,91.6494369506836,271.8255920410156,140.26480102539062,324.1019287109375,255.22999572753906,511.69000244140625,257.82000732421875,171.77000427246094,107.443603515625,21.824188232421875,3.5299999713897705,7.4542927742004395,49.049442291259766,22.186010360717773,202.0651397705078,16.002634048461914,10.888456344604492,426.75,71.65165710449219,70.02750396728516,101.6102066040039,50.448978424072266,63.12350082397461,3.649221897125244,176.97000122070312,20.00914192199707
2020-04-16,20.23447036743164,448.8348693847656,88.31055450439453,104.08184814453125,21.469999313354492,243.51597595214844,135.78086853027344,268.9971008300781,22.352312088012695,82.578125,7016.162109375,652.8541870117188,41.89680099487305,83.38212585449219,238.8573760986328,90.12384796142578,287.98956298828125,137.3401336669922,327.09588623046875,264.760009765625,539.9299926757812,261.1199951171875,174.25,106.30518341064453,21.918777465820312,3.4100000858306885,7.638092994689941,50.86067581176758,23.193620681762695,201.17681884765625,15.619335174560547,10.910804748535156,439.1700134277344,71.72733306884766,73.4834976196289,106.40313720703125,52.57741928100586,63.173500061035156,3.7188968658447266,176.25,20.330671310424805
2020-04-17,20.44524574279785,473.42791748046875,92.76239013671875,108.005126953125,22.139999389648438,256.55230712890625,140.2453155517578,276.8745422363281,23.125741958618164,86.02046203613281,7228.71484375,664.5297241210938,43.527164459228516,85.29179382324219,241.0203857421875,97.30927276611328,280.3948669433594,147.24432373046875,329.8214416503906,270.4599914550781,568.7899780273438,265.1600036621094,173.27000427246094,113.50865173339844,22.65829086303711,3.5399999618530273,7.6727728843688965,51.80524826049805,23.800048828125,209.32289123535156,16.730894088745117,11.237100601196289,422.9599914550781,74.98165130615234,72.8900375366211,109.27889251708984,51.825035095214844,64.1624984741211,3.8147003650665283,179.24000549316406,20.533483505249023
2020-04-20,20.720170974731445,478.6004638671875,90.88037872314453,103.77710723876953,21.700000762939453,248.42063903808594,142.33216857910156,273.5237121582031,22.18795394897461,86.30496215820312,7286.68408203125,641.3890991210938,40.35985565185547,83.66575622558594,235.91648864746094,95.62358093261719,272.26947021484375,144.3593292236328,325.4248962402344,273.260009765625,567.989990234375,267.3399963378906,181.4600067138672,108.37593841552734,22.864665985107422,3.200000047683716,7.457761764526367,49.30262756347656,23.52015495300293,202.58489990234375,16.012210845947266,11.30414867401123,437.489990234375,73.68559265136719,71.57595825195312,110.23748016357422,51.933937072753906,63.330501556396484,3.840827703475952,178.24000549316406,20.26141929626465
2020-04-21,20.711009979248047,459.8852844238281,88.99706268310547,101.79641723632812,20.780000686645508,242.12451171875,139.3216552734375,261.8252258300781,21.11481285095215,82.03759765625,7101.18310546875,642.7755737304688,38.0926399230957,84.13843536376953,229.57936096191406,91.92256927490234,264.59759521484375,146.90725708007812,317.9248352050781,262.79998779296875,544.4600219726562,259.2300109863281,172.38999938964844,103.50819396972656,22.29713249206543,3.0199999809265137,7.234080791473389,47.06292724609375,22.736461639404297,195.98863220214844,15.456435203552246,10.977852821350098,433.8299865722656,72.75849914550781,67.2023696899414,102.56878662109375,50.55787658691406,60.81700134277344,3.8582468032836914,170.8000030517578,18.50041961669922
2020-04-22,21.040916442871094,437.2672119140625,91.23590850830078,101.73926544189453,20.3700008392334,253.5325469970703,138.4321746826172,270.4276428222656,21.433853149414062,83.16606903076172,7363.97509765625,654.814453125,37.94827651977539,83.07015991210938,239.9958038330078,90.48169708251953,267.32855224609375,152.80615234375,333.8101806640625,269.3699951171875,558.0800170898438,268.1199951171875,179.64999389648438,102.57585906982422,22.641090393066406,3.390000104904175,7.353724479675293,50.74382400512695,24.359832763671875,202.65101623535156,15.743908882141113,11.250511169433594,421.4200134277344,73.45854949951172,71.3515625,104.4859619140625,52.32992935180664,63.160499572753906,3.762444257736206,182.27999877929688,19.168212890625
2020-04-23,21.114233016967773,429.8375549316406,91.18789672851562,98.90155792236328,20.389999389648438,252.49635314941406,135.5585174560547,273.90582275390625,22.33297348022461,85.91615295410156,7304.07470703125,655.4838256835938,38.81441116333008,82.01136016845703,235.84059143066406,90.24628448486328,275.3478698730469,158.29856872558594,318.8101501464844,267.9100036621094,565.52001953125,268.4100036621094,187.72999572753906,102.79175567626953,22.391721725463867,4.119999885559082,7.478569507598877,49.56554412841797,24.11725616455078,199.65533447265625,16.14636993408203,11.223691940307617,426.70001220703125,73.93156433105469,70.81795501708984,103.52737426757812,51.933937072753906,63.81549835205078,3.7101876735687256,185.1300048828125,19.247360229492188
2020-04-24,21.031755447387695,424.4769287109375,94.88729095458984,102.6724853515625,21.020000457763672,255.35826110839844,134.8914031982422,278.1972961425781,22.826038360595703,84.02902221679688,7188.13671875,655.11083984375,37.973758697509766,84.17626190185547,232.0553741455078,93.51409149169922,281.0993957519531,162.31378173828125,326.9567565917969,269.8599853515625,566.2100219726562,271.79998779296875,193.52999877929688,105.82427978515625,22.529306411743164,3.6500000953674316,7.532321453094482,50.38352584838867,24.313180923461914,204.86241149902344,16.8363037109375,11.335437774658203,424.989990234375,74.60323333740234,72.20932006835938,103.52737426757812,52.32002639770508,63.96549987792969,3.5708377361297607,190.07000732421875,19.633195877075195
2020-04-27,21.031755447387695,437.173095703125,97.9813232421875,104.63414764404297,22.75,261.6346740722656,137.52561950683594,285.30059814453125,24.13121223449707,86.35235595703125,7232.57958984375,671.271240234375,40.33438491821289,86.82331085205078,237.37742614746094,94.88903045654297,283.6953125,176.95692443847656,340.89239501953125,268.510009765625,547.52001953125,275.8500061035156,194.88999938964844,108.82738494873047,23.036643981933594,3.869999885559082,7.648496150970459,49.692134857177734,25.423412322998047,210.0411376953125,17.66997528076172,11.585745811462402,421.3800048828125,78.0845947265625,74.07694244384766,104.4859619140625,52.7655143737793,63.79399871826172,3.6666409969329834,187.5,19.88052749633789
2020-04-28,21.123394012451172,439.14813232421875,99.470703125,106.6529312133789,23.420000076293945,261.1214599609375,143.59793090820312,289.8467102050781,24.575939178466797,92.70599365234375,7234.51171875,653.8296508789062,42.68650817871094,84.69619750976562,231.0308074951172,92.32749938964844,278.2718811035156,174.44863891601562,330.69677734375,256.9599914550781,528.6099853515625,264.25,181.14999389648438,107.22769927978516,23.767555236816406,4.230000019073486,7.657166957855225,49.09812927246094,25.861907958984375,211.3263702392578,18.637800216674805,11.536578178405762,403.8299865722656,78.6143798828125,72.65067291259766,105.44454956054688,52.904109954833984,61.68349838256836,3.6753501892089844,182.91000366210938,20.202058792114258
2020-04-29,20.995098114013672,448.08251953125,102.0074462890625,106.74816131591797,24.729999542236328,279.96051025390625,148.21633911132812,288.4653015136719,25.610408782958984,104.48389434814453,7329.19482421875,649.5838623046875,46.57720184326172,85.23509216308594,224.65573120117188,93.36343383789062,277.58673095703125,171.9899444580078,333.8399963378906,251.0500030517578,516.1500244140625,272.739990234375,175.10000610351562,111.22199249267578,23.93953514099121,5.119999885559082,7.861774444580078,52.91536331176758,27.046777725219727,217.98880004882812,20.25722312927246,11.9701509475708,411.8900146484375,81.14969635009766,74.42105102539062,106.40313720703125,53.507991790771484,67.0739974975586,3.6753501892089844,194.19000244140625,21.463455200195312
2020-04-30,20.307785034179688,432.8000183105469,100.652587890625,104.50082397460938,22.420000076293945,271.3551330566406,145.08609008789062,286.9563903808594,24.372907638549805,100.4251708984375,7251.2939453125,645.6442260742188,45.31303787231445,84.35587310791016,225.78465270996094,91.94139099121094,282.2380676269531,163.03750610351562,332.90496826171875,251.1999969482422,525.8800048828125,277.6000061035156,164.58999633789062,107.83615112304688,23.35480499267578,4.75,7.918994903564453,48.37752914428711,25.70330238342285,213.17861938476562,19.164831161499023,11.844995498657227,419.8500061035156,78.9927749633789,72.88007354736328,105.44454956054688,52.09233474731445,67.43299865722656,,204.7100067138672,21.1171875
2020-05-01,,,100.37393951416016,103.06292724609375,21.670000076293945,265.20703125,,280.2743225097656,23.57046890258789,97.42852783203125,7264.90869140625,641.4846801757812,41.91350173950195,82.10589599609375,222.1796875,89.59647369384766,274.5565490722656,157.6640625,328.060791015625,254.89999389648438,525.5,270.75,169.42999267578125,102.9095230102539,,4.420000076293945,,45.66067123413086,,210.03167724609375,18.69529151916504,,415.2699890136719,77.63996124267578,70.5112533569336,,50.5380744934082,66.03050231933594,,202.27000427246094,19.786542892456055
2020-05-04,20.58271026611328,424.1007995605469,103.15087890625,106.37678527832031,21.8700008392334,265.7201843261719,141.35716247558594,279.990234375,23.464126586914062,94.52672576904297,7222.1171875,646.3805541992188,40.60663986206055,82.3705825805664,224.48495483398438,89.70948028564453,277.4805603027344,156.29591369628906,324.9872131347656,264.69000244140625,541.8200073242188,273.760009765625,174.3000030517578,101.68278503417969,22.451915740966797,4.239999771118164,7.835764408111572,46.332584381103516,25.07821273803711,211.0712127685547,18.79111671447754,11.585745811462402,428.1499938964844,75.03840637207031,72.63322448730469,101.6102066040039,51.052860260009766,66.33999633789062,3.59696626663208,205.25999450683594,20.058609008789062
2020-05-05,20.500234603881836,432.5741271972656,105.84136199951172,106.42438507080078,21.25,270.3781433105469,141.4597930908203,289.43524169921875,23.783166885375977,98.0544204711914,7379.66943359375,656.3445434570312,40.54684829711914,82.947265625,227.92864990234375,92.19567108154297,282.78814697265625,161.35211181640625,334.53631591796875,272.3299865722656,574.3699951171875,282.0799865722656,169.58999633789062,104.47977447509766,22.8388671875,3.9600000381469727,7.960610389709473,47.56929016113281,24.96626091003418,211.96897888183594,18.79111671447754,11.625974655151367,424.67999267578125,76.43852996826172,73.24412536621094,102.56878662109375,51.646846771240234,67.55549621582031,3.59696626663208,207.07000732421875,19.88052749633789
2020-05-06,20.37193489074707,415.0528869628906,105.33209228515625,108.1574935913086,20.850000381469727,268.8584289550781,139.86900329589844,283.50762939453125,25.165685653686523,95.64572143554688,7465.25341796875,654.24072265625,38.43708419799805,82.19097900390625,225.08262634277344,91.1220932006836,278.6675109863281,157.73345947265625,333.3725280761719,270.05999755859375,553.5,283.5899963378906,176.00999450683594,97.6296157836914,22.649690628051758,3.7699999809265137,7.875645637512207,49.17603302001953,24.574411392211914,211.09957885742188,19.471464157104492,11.572336196899414,434.260009765625,75.60601806640625,74.25399780273438,101.6102066040039,52.032936096191406,67.36499786376953,3.7014787197113037,208.47000122070312,20.028926849365234
2020-05-07,21.013425827026367,423.8135070800781,107.5421142578125,107.94799041748047,20.530000686645508,274.80908203125,143.48521423339844,289.601806640625,25.997129440307617,99.96997833251953,7613.080078125,645.7781372070312,39.92330551147461,83.2592544555664,223.17579650878906,93.1750717163086,275.0293884277344,158.80418395996094,337.2816162109375,270.010009765625,559.8300170898438,294.260009765625,174.92999267578125,100.6326904296875,22.709882736206055,3.930000066757202,7.87738037109375,49.90636444091797,25.07821273803711,214.33154296875,19.174413681030273,11.885224342346191,436.5299987792969,75.92766571044922,76.01940155029297,104.4859619140625,52.22102737426758,68.62799835205078,3.6666409969329834,211.25999450683594,20.652204513549805
2020-05-08,20.747663497924805,428.4571533203125,109.76177215576172,110.30009460449219,21.09000015258789,278.7269287109375,143.0127410888672,291.62994384765625,25.774765014648438,,,648.4746704101562,41.43517303466797,85.05546569824219,226.12615966796875,93.25981903076172,276.9594421386719,165.8233642578125,331.24383544921875,271.6300048828125,563.4000244140625,287.8999938964844,176.5,105.9126205444336,23.1312313079834,4.440000057220459,7.932866096496582,52.39925765991211,25.264806747436523,220.64431762695312,20.985492706298828,12.162351608276367,435.54998779296875,77.81024932861328,77.92192840576172,103.52737426757812,54.02278137207031,69.41850280761719,3.779863119125366,212.35000610351562,21.592065811157227
2020-05-11,21.306676864624023,420.5581970214844,108.95462036132812,114.4424057006836,20.329999923706055,277.5328063964844,143.35800170898438,294.5986633300781,25.52339744567871,97.29576873779297,7737.56640625,648.3217163085938,38.676246643066406,84.02499389648438,226.00286865234375,92.9867172241211,278.5903625488281,167.4195556640625,338.5846862792969,285.2799987792969,574.1099853515625,299.45001220703125,190.6199951171875,102.20292663574219,22.959253311157227,4.260000228881836,7.938068866729736,52.59400939941406,24.779664993286133,219.8788299560547,20.324302673339844,12.113184928894043,440.5199890136719,76.70339965820312,80.44536590576172,101.6102066040039,55.39883804321289,70.16300201416016,3.8059909343719482,213.17999267578125,21.45355987548828
2020-05-12,21.792381286621094,417.3986511230469,106.88872528076172,113.69013214111328,19.780000686645508,268.5326843261719,138.12451171875,293.15838623046875,24.85630989074707,96.72679901123047,7881.501953125,634.599853515625,35.968563079833984,79.61954498291016,219.7985076904297,89.6529769897461,277.6349792480469,161.9271240234375,329.960693359375,276.4700012207031,557.5399780273438,289.1499938964844,184.14999389648438,97.69830322265625,23.758956909179688,3.690000057220459,8.071584701538086,50.95805358886719,24.41580581665039,217.601318359375,19.43313980102539,12.309856414794922,431.82000732421875,73.27880096435547,77.82218933105469,101.6102066040039,54.79495620727539,68.78700256347656,3.7972817420959473,210.10000610351562,20.899534225463867
2020-05-13,21.16921615600586,404.3294677734375,106.11041259765625,113.4520492553711,19.1299991607666,265.6214904785156,133.29078674316406,288.4456481933594,23.56080436706543,92.94306945800781,7823.150390625,649.086669921875,32.62880325317383,78.31492614746094,219.28619384765625,87.84485626220703,268.2742919921875,157.3269805908203,332.318115234375,277.0299987792969,577.1199951171875,285.989990234375,188.19000244140625,98.44416046142578,22.993650436401367,3.4200000762939453,8.00049114227295,50.140079498291016,24.042617797851562,213.42430114746094,18.446147918701172,12.028257369995117,438.2699890136719,69.88259887695312,77.5977783203125,100.651611328125,57.25008773803711,67.46649932861328,3.762444257736206,205.10000610351562,20.29604721069336
2020-05-14,20.54605484008789,397.6752624511719,106.07196807861328,114.2138671875,20.540000915527344,273.6643371582031,131.63714599609375,294.04998779296875,24.024864196777344,92.1180419921875,7706.4443359375,630.4021606445312,33.645259857177734,79.48719024658203,217.834716796875,88.35338592529297,280.4431457519531,162.34352111816406,335.5011291503906,277.0,570.8599853515625,294.989990234375,179.5399932861328,97.32538604736328,23.634117126464844,3.440000057220459,7.842700004577637,53.00299835205078,24.014631271362305,213.21641540527344,18.537872314453125,12.269627571105957,441.95001220703125,70.86646270751953,80.09626007080078,96.81726837158203,55.587425231933594,67.80650329589844,3.7014787197113037,206.80999755859375,20.706615447998047
2020-05-15,20.54605484008789,393.8454895019531,109.32935333251953,115.1661148071289,20.469999313354492,275.2729797363281,133.87228393554688,297.00897216796875,24.039445877075195,92.4120101928711,7805.6435546875,629.8282470703125,32.432350158691406,78.73089599609375,217.79681396484375,88.4193115234375,280.78094482421875,165.9918975830078,341.1012878417969,288.69000244140625,576.719970703125,294.3800048828125,184.22999572753906,96.90338134765625,24.265560150146484,3.5899999141693115,7.8149566650390625,50.675655364990234,23.62278175354004,215.50338745117188,19.1268367767334,12.269627571105957,454.19000244140625,69.73123168945312,84.68681335449219,97.7758560180664,53.61208724975586,68.65950012207031,3.6840600967407227,210.8800048828125,20.820388793945312
2020-05-18,20.674352645874023,411.5103454589844,112.16397094726562,119.22273254394531,21.280000686645508,286.0888366699219,139.74180603027344,305.32720947265625,25.128173828125,99.76134490966797,8062.39599609375,633.385498046875,35.01191329956055,82.08697509765625,223.91575622558594,93.13739776611328,283.09698486328125,165.6548309326172,345.1297912597656,284.1300048828125,560.280029296875,295.92999267578125,172.1999969482422,103.63577270507812,25.302934646606445,3.819999933242798,8.118400573730469,52.93482971191406,25.75928497314453,225.81361389160156,21.028898239135742,12.470767974853516,452.5799865722656,74.04507446289062,87.27506256103516,101.6102066040039,55.28963851928711,69.1969985961914,3.771153450012207,213.19000244140625,21.6563720703125
2020-05-19,20.601037979125977,421.32415771484375,112.29849243164062,117.91121673583984,21.049999237060547,286.9079284667969,142.34039306640625,304.79815673828125,25.147615432739258,99.30616760253906,8058.505859375,624.1781616210938,33.004638671875,80.05442810058594,218.1667938232422,91.37635040283203,278.937744140625,165.5755157470703,340.9620361328125,282.2799987792969,557.5999755859375,294.8399963378906,175.66000366210938,101.92813110351562,24.978193283081055,3.680000066757202,8.158281326293945,54.0157356262207,25.535371780395508,223.05413818359375,21.260623931884766,12.202579498291016,451.0400085449219,72.21925354003906,87.82611846923828,104.4859619140625,54.991851806640625,68.67424774169922,3.8147003650665283,216.8800048828125,21.784982681274414
2020-05-20,20.527725219726562,417.494384765625,112.4137954711914,114.52237701416016,21.170000076293945,294.8718566894531,142.1768341064453,307.64923095703125,25.944719314575195,101.2027816772461,8130.474609375,629.3145751953125,32.50922775268555,82.36114501953125,218.32806396484375,92.36517333984375,277.914794921875,169.0553741455078,339.3407287597656,284.6199951171875,576.8900146484375,295.5400085449219,171.27000427246094,104.4405288696289,25.474328994750977,3.930000066757202,8.253649711608887,55.609317779541016,25.824588775634766,226.6168670654297,22.0716552734375,12.274097442626953,447.6700134277344,73.72344207763672,89.46683502197266,105.44454956054688,56.202857971191406,70.33599853515625,3.788571834564209,229.97000122070312,22.0916748046875
2020-05-21,20.43608283996582,414.8135070800781,115.92102813720703,113.61292266845703,20.670000076293945,290.39154052734375,140.95932006835938,304.4748229980469,25.808626174926758,98.54752349853516,8111.02294921875,618.6770629882812,31.962566375732422,81.68046569824219,216.44970703125,89.85075378417969,276.87261962890625,170.8399200439453,333.9693298339844,284.6300048828125,560.97998046875,292.6600036621094,174.99000549316406,106.04020690917969,25.29391860961914,4.389999866485596,8.328208923339844,53.790870666503906,25.404754638671875,222.59104919433594,21.714418411254883,12.202579498291016,436.25,74.06399536132812,87.52439880371094,103.23731994628906,54.743690490722656,70.13999938964844,3.623093843460083,231.38999938964844,21.95811653137207
2020-05-22,20.729337692260742,404.9039611816406,117.46806335449219,112.4737319946289,20.299999237060547,291.0330505371094,141.75888061523438,305.552490234375,26.090526580810547,97.80785369873047,8200.4970703125,643.2743530273438,31.458614349365234,82.76766204833984,229.98727416992188,89.2009506225586,279.7966003417969,168.69847106933594,338.45538330078125,284.9599914550781,569.9099731445312,294.7200012207031,174.17999267578125,104.70549774169922,24.89700698852539,4.150000095367432,8.290061950683594,53.17494583129883,25.665987014770508,221.46646118164062,22.303377151489258,12.184700965881348,429.32000732421875,74.42347717285156,90.02786254882812,104.21125030517578,52.29188537597656,70.52100372314453,3.4837441444396973,234.91000366210938,21.305158615112305
2020-05-25,20.711009979248047,413.5688781738281,,,,,144.5391845703125,,,,,,,,,,,,,,,,,,25.654741287231445,,8.494669914245605,,26.169788360595703,,,12.35455322265625,,,,104.21125030517578,,,3.5708377361297607,,
2020-05-26,20.40859031677246,429.5102844238281,118.75563049316406,110.20494079589844,21.920000076293945,299.34228515625,148.7732391357422,306.68170166015625,27.762496948242188,105.0528793334961,8044.89013671875,631.7437133789062,35.233985900878906,85.10272979736328,231.41030883789062,91.4893569946289,284.57342529296875,167.12213134765625,330.80621337890625,266.5,545.2100219726562,290.8399963378906,164.47000122070312,107.04122161865234,25.67278289794922,4.400000095367432,8.581367492675781,53.9081916809082,26.30040740966797,224.726806640625,23.24958038330078,12.399251937866211,414.7699890136719,77.49805450439453,86.95089721679688,109.0809326171875,53.51282501220703,70.85099792480469,3.640512704849243,232.1999969482422,21.99274253845215
2020-05-27,20.417755126953125,447.7017822265625,123.00272369384766,112.39715576171875,22.6200008392334,295.8290710449219,151.8988037109375,309.7156982421875,27.869426727294922,113.64450073242188,7790.08349609375,648.5739135742188,37.61708450317383,86.7476806640625,239.07557678222656,90.4063720703125,293.1427307128906,173.35809326171875,335.560791015625,278.510009765625,544.010009765625,300.9200134277344,162.63999938964844,111.54585266113281,26.195981979370117,4.829999923706055,8.583100318908691,55.14004135131836,27.27069091796875,222.23196411132812,23.925443649291992,12.586983680725098,419.8900146484375,81.62271881103516,85.0309066772461,106.15912628173828,53.18525695800781,70.89199829101562,3.7188968658447266,229.13999938964844,22.541820526123047
2020-05-28,20.784320831298828,460.4837341308594,123.10844421386719,113.37361145019531,21.969999313354492,298.3258056640625,151.626220703125,313.0246887207031,27.4805965423584,116.2807846069336,8005.98779296875,665.673095703125,37.75897216796875,87.96723175048828,244.87196350097656,92.42167663574219,293.3357849121094,174.15122985839844,340.9222717285156,277.3800048828125,578.2100219726562,306.1300048828125,166.89999389648438,107.72819519042969,26.141857147216797,4.389999866485596,8.808516502380371,53.44868469238281,27.485275268554688,227.44847106933594,23.16268539428711,12.850702285766602,413.44000244140625,80.53478240966797,84.64940643310547,108.10700225830078,51.865055084228516,70.83650207519531,3.6579315662384033,225.4600067138672,22.54676628112793
2020-05-29,20.903453826904297,449.6167297363281,125.25121307373047,117.10709381103516,21.75,296.93438720703125,146.28369140625,319.13201904296875,26.975114822387695,109.28230285644531,7809.5341796875,669.7822265625,36.219722747802734,86.50187683105469,244.91944885253906,92.8360366821289,294.18499755859375,173.81414794921875,347.3380126953125,287.9599914550781,612.8099975585938,308.8800048828125,174.05999755859375,104.91159057617188,25.37510108947754,4.039999961853027,8.626896858215332,54.92495346069336,27.336000442504883,228.3651580810547,22.79578971862793,12.703198432922363,419.7300109863281,80.31719970703125,88.52429962158203,109.0809326171875,53.919803619384766,71.44599914550781,3.6666409969329834,225.08999633789062,24.555099487304688
2020-06-01,21.095905303955078,456.1272888183594,124.26151275634766,114.38834381103516,21.950000762939453,297.4376525878906,,321.3707275390625,27.500038146972656,114.53589630126953,7902.8984375,681.8216552734375,37.89656066894531,88.58171844482422,250.7442626953125,91.45169067382812,295.2272033691406,175.49954223632812,347.477294921875,286.6400146484375,599.469970703125,312.19000244140625,173.6199951171875,106.8056869506836,,4.369999885559082,,54.44589614868164,27.709186553955078,229.26295471191406,23.278545379638672,,425.9200134277344,80.09016418457031,87.83358764648438,,54.77347183227539,71.59100341796875,3.640512704849243,231.91000366210938,24.421541213989258
2020-06-02,21.07757568359375,466.99432373046875,126.81744384765625,113.77568054199219,21.829999923706055,299.5988464355469,154.73361206054688,321.4394226074219,28.520721435546875,113.32207489013672,7846.4912109375,668.8796997070312,40.699886322021484,90.24557495117188,250.06124877929688,91.58354187011719,295.5938720703125,178.27548217773438,348.23321533203125,284.2699890136719,617.6599731445312,316.4800109863281,169.8699951171875,106.99214935302734,26.511703491210938,4.420000076293945,8.708625793457031,54.543670654296875,28.222320556640625,231.81451416015625,24.224750518798828,13.08313274383545,427.30999755859375,80.99834442138672,88.02312469482422,112.00274658203125,55.94477462768555,71.96099853515625,3.623093843460083,232.72000122070312,24.312715530395508
2020-06-03,21.7648868560791,482.744384765625,127.64381408691406,116.53272247314453,22.270000457763672,303.03314208984375,168.2898406982422,327.34051513671875,29.337265014648438,118.8411865234375,8023.494140625,661.4869384765625,43.98478317260742,92.00396728515625,253.66622924804688,91.44226837158203,294.6674499511719,177.65090942382812,345.3486633300781,277.010009765625,604.280029296875,318.0299987792969,164.58999633789062,105.9322509765625,27.33258056640625,4.570000171661377,9.026457786560059,56.5185432434082,29.537805557250977,234.80078125,24.881301879882812,13.409428596496582,421.9700012207031,84.5080795288086,87.4670639038086,115.89849090576172,55.87528991699219,71.81900024414062,3.6143851280212402,230.16000366210938,24.144527435302734
2020-06-04,21.251693725585938,485.80816650390625,123.64653778076172,114.83827209472656,23.09000015258789,297.4080810546875,168.21714782714844,321.45904541015625,29.463632583618164,117.13424682617188,8042.94482421875,638.62744140625,44.51792907714844,88.25080871582031,246.38987731933594,91.33868408203125,287.6517639160156,179.0884552001953,346.30352783203125,272.82000732421875,598.5399780273438,310.0799865722656,157.14999389648438,104.9704818725586,27.59418296813965,4.909999847412109,9.068231582641602,56.831398010253906,29.631103515625,230.5576171875,24.69785499572754,13.360260963439941,414.3299865722656,87.02449035644531,87.47704315185547,115.89849090576172,55.110965728759766,70.60900115966797,3.640512704849243,226.2899932861328,24.337448120117188
2020-06-05,21.55411148071289,513.2869262695312,125.84696197509766,116.34123992919922,24.780000686645508,307.7799072265625,173.99581909179688,327.33074951171875,29.512237548828125,124.60686492919922,7850.380859375,646.6153564453125,47.329864501953125,90.48191833496094,251.29457092285156,96.09444427490234,300.9400939941406,178.19619750976562,352.3215026855469,265.69000244140625,597.0,311.7099914550781,161.64999389648438,113.41050720214844,28.523311614990234,5.539999961853027,9.085484504699707,58.845375061035156,30.937259674072266,234.91419982910156,26.126815795898438,13.552461624145508,419.6000061035156,90.27880859375,89.00873565673828,118.82030487060547,55.587425231933594,71.91950225830078,3.7014787197113037,230.77000427246094,24.99040412902832
2020-06-08,21.544946670532227,499.1166687011719,125.69320678710938,117.1453857421875,26.149999618530273,306.3292236328125,174.66818237304688,325.9659118652344,30.814821243286133,124.9861831665039,7692.82958984375,649.2459716796875,54.27798080444336,92.42937469482422,253.18235778808594,95.42581176757812,298.6530456542969,180.87298583984375,348.02435302734375,265.010009765625,604.0399780273438,309.6700134277344,166.35000610351562,115.84437561035156,28.658620834350586,5.869999885559082,9.380615234375,58.56185531616211,29.687082290649414,235.85922241210938,26.039918899536133,13.632919311523438,419.489990234375,90.5058364868164,87.8612289428711,115.89849090576172,55.36904525756836,72.33049774169922,3.631803512573242,231.39999389648438,25.5543212890625
2020-06-09,21.664079666137695,502.6592102050781,124.50173950195312,115.56583404541016,23.8799991607666,307.39501953125,170.36143493652344,321.6750793457031,30.669008255004883,118.80326080322266,7622.80615234375,663.628173828125,49.307674407958984,92.013427734375,252.11984252929688,93.33515167236328,298.3924255371094,177.40304565429688,345.80621337890625,270.8500061035156,608.5900268554688,303.0,168.8300018310547,113.84233093261719,28.21660804748535,5.460000038146973,9.28980541229248,58.45431137084961,29.631103515625,237.0782928466797,24.997161865234375,13.588221549987793,434.04998779296875,90.26934814453125,90.26604461669922,116.8724365234375,55.56757354736328,72.80799865722656,3.779863119125366,238.6699981689453,24.748018264770508
2020-06-10,22.076467514038086,499.786865234375,125.01097106933594,114.87657165527344,23.170000076293945,309.0331726074219,168.45338439941406,325.1803894042969,29.78441619873047,117.58943176269531,7844.54541015625,667.7659301757812,45.782005310058594,91.1436767578125,251.7213897705078,91.8660659790039,295.0534362792969,173.59605407714844,350.92889404296875,274.3399963378906,606.5900268554688,321.8900146484375,176.7100067138672,108.04224395751953,28.054237365722656,5.050000190734863,9.244401931762695,58.52275085449219,29.2392578125,234.2337646484375,24.30199432373047,13.588221549987793,434.4800109863281,87.01504516601562,93.46666717529297,115.89849090576172,57.562767028808594,73.2925033569336,3.8147003650665283,236.72999572753906,24.431432723999023
2020-06-11,21.480798721313477,466.2762451171875,119.09194946289062,112.9715347290039,22.34000015258789,287.4210510253906,159.62184143066406,301.4679260253906,27.16953468322754,109.0547103881836,7871.77734375,634.3262329101562,42.144554138183594,85.9441146850586,238.6012420654297,85.57527923583984,273.8038330078125,162.14524841308594,334.6556091308594,263.8900146484375,596.1599731445312,298.80999755859375,173.72999572753906,99.22929382324219,26.683095932006836,4.460000038146973,8.859369277954102,54.172157287597656,27.55991554260254,220.26629638671875,21.77234649658203,13.096542358398438,425.55999755859375,80.53478240966797,87.7739028930664,112.00274658203125,55.46831130981445,70.19200134277344,3.762444257736206,224.42999267578125,23.046377182006836
2020-06-12,21.46247100830078,466.6113586425781,121.1194076538086,111.908935546875,22.06999969482422,293.87506103515625,161.42086791992188,311.1689453125,28.336021423339844,111.00821685791016,7743.40087890625,649.630126953125,44.887691497802734,89.30018615722656,244.83404541015625,87.7789306640625,275.17413330078125,166.28932189941406,338.1792297363281,268.55999755859375,588.3900146484375,302.8299865722656,172.27000427246094,98.67971801757812,27.070985794067383,4.800000190734863,8.808515548706055,55.28668975830078,27.615888595581055,222.1185302734375,22.23579216003418,13.011616706848145,418.07000732421875,81.36729431152344,89.13346099853516,111.02880859375,56.33190155029297,70.65899658203125,3.649221897125244,228.5800018310547,23.199722290039062
2020-06-15,21.1417236328125,460.0528564453125,122.73369598388672,113.10556030273438,22.75,293.26324462890625,161.54808044433594,313.8592834472656,29.26921844482422,110.09784698486328,7749.23681640625,666.8058471679688,44.259944915771484,89.78531646728516,249.01768493652344,88.16504669189453,276.2646484375,169.0454559326172,339.2342834472656,267.7699890136719,590.5700073242188,309.2200012207031,188.27999877929688,101.61408996582031,27.12510871887207,4.909999847412109,8.801251411437988,55.7755241394043,27.9330997467041,223.98023986816406,23.181997299194336,13.252985954284668,425.5,82.01058959960938,91.54081726074219,109.0809326171875,56.411312103271484,70.99250030517578,3.5621285438537598,232.5,23.278865814208984
2020-06-16,21.55411148071289,474.07940673828125,126.58683776855469,114.12030029296875,22.260000228881836,300.4771728515625,166.2909393310547,319.0436706542969,29.79413604736328,116.3376693725586,7873.7216796875,669.3693237304688,46.23775863647461,92.17285919189453,251.19015502929688,89.98258209228516,282.7495422363281,172.22789001464844,345.6044616699219,273.7699890136719,592.9000244140625,312.489990234375,188.41000366210938,102.3207015991211,27.756555557250977,4.940000057220459,9.021010398864746,57.232234954833984,29.929655075073242,224.95362854003906,23.61647605895996,13.552461624145508,436.1300048828125,84.13912200927734,90.49055480957031,116.8724365234375,57.652103424072266,72.13600158691406,3.640512704849243,235.64999389648438,23.585559844970703
2020-06-17,21.810707092285156,485.4251403808594,130.34390258789062,113.2204360961914,22.170000076293945,299.7666320800781,165.27330017089844,320.4084777832031,29.9691162109375,113.20826721191406,7899.00830078125,670.137451171875,44.406131744384766,91.98262786865234,250.4217071533203,89.91667938232422,282.363525390625,168.7579345703125,348.2222595214844,280.0899963378906,603.0999755859375,316.2099914550781,192.05999755859375,97.25667572021484,28.054237365722656,4.789999961853027,8.997400283813477,58.65962219238281,29.799039840698242,224.3960723876953,23.365442276000977,13.68655776977539,447.7699890136719,84.0445327758789,92.16195678710938,114.924560546875,57.979671478271484,72.55599975585938,3.7014787197113037,235.52999877929688,23.506412506103516
2020-06-18,21.7648868560791,488.2975158691406,129.28692626953125,112.29186248779297,22.520000457763672,300.84228515625,164.45556640625,320.88958740234375,30.824539184570312,112.50653076171875,7840.65576171875,668.7069091796875,46.03137969970703,90.45116424560547,245.4013214111328,88.92784881591797,281.2827453613281,166.98330688476562,345.8235168457031,279.19000244140625,597.3499755859375,313.0199890136719,191.97999572753906,98.2380599975586,28.054237365722656,4.53000020980835,9.066415786743164,59.031124114990234,29.66842269897461,225.019775390625,23.14337730407715,13.677617073059082,449.8699951171875,82.80524444580078,91.98235321044922,115.89849090576172,58.77377700805664,71.7979965209961,3.7188968658447266,235.94000244140625,23.456947326660156
2020-06-19,21.544946670532227,488.20172119140625,128.5950927734375,115.41266632080078,22.149999618530273,292.6020812988281,163.91041564941406,317.8653564453125,30.912023544311523,110.5340576171875,8011.8232421875,683.03125,44.603912353515625,87.38825225830078,253.02244567871094,88.43814849853516,282.2615661621094,160.95555114746094,351.0888671875,293.2699890136719,643.9199829101562,314.6700134277344,201.52999877929688,95.71588134765625,27.96402931213379,4.449999809265137,9.068231582641602,59.58839797973633,29.631103515625,222.5626983642578,23.519926071166992,13.784892082214355,453.7200012207031,84.51753234863281,92.41392517089844,115.89849090576172,58.51569366455078,71.58599853515625,3.727606773376465,238.7899932861328,24.198942184448242
2020-06-22,21.819869995117188,482.5528259277344,129.45028686523438,117.20281219482422,21.84000015258789,300.4377136230469,163.21987915039062,320.4477233886719,30.455150604248047,109.3392105102539,7828.9853515625,669.3117065429688,44.80170440673828,88.04458618164062,252.06980895996094,87.89196014404297,283.64752197265625,163.6819305419922,350.521484375,293.20001220703125,628.47998046875,325.2900085449219,204.94000244140625,96.4911880493164,28.045215606689453,4.300000190734863,9.198996543884277,59.9012565612793,29.29523468017578,223.46994018554688,23.88681983947754,13.738385200500488,468.0400085449219,82.37953186035156,95.06324768066406,117.84636688232422,61.69211959838867,72.59300231933594,3.7363157272338867,239.22000122070312,23.88730239868164
2020-06-23,22.186437606811523,480.71728515625,129.02749633789062,116.31253051757812,22.15999984741211,302.8455810546875,166.25457763671875,322.60791015625,30.610681533813477,110.85649108886719,8136.3095703125,666.9595336914062,44.43193817138672,86.98873901367188,251.97454833984375,87.94844818115234,288.4255065917969,160.87623596191406,355.1598205566406,295.79998779296875,628.760009765625,327.69000244140625,198.0800018310547,97.23705291748047,28.848052978515625,4.320000171661377,9.144511222839355,59.48085403442383,29.52847671508789,225.9458770751953,24.186132431030273,13.970924377441406,466.260009765625,82.41736602783203,94.2973861694336,121.74211883544922,63.52848815917969,73.22049713134766,3.779863119125366,242.24000549316406,24.24346160888672
2020-06-24,21.7648868560791,458.4976501464844,126.81744384765625,114.6085205078125,21.719999313354492,290.1448059082031,162.056884765625,312.209716796875,29.463632583618164,106.0770492553711,7793.9736328125,662.1015014648438,42.841087341308594,85.41921997070312,242.1432647705078,83.7483139038086,280.2651062011719,155.74072265625,346.3410339355469,291.17999267578125,605.0399780273438,319.3800048828125,197.00999450683594,91.9865493774414,28.306814193725586,3.950000047683716,8.999216079711914,58.63029098510742,28.324949264526367,220.322998046875,23.066133499145508,13.622116088867188,457.8500061035156,79.47525024414062,92.15699005126953,120.76818084716797,62.50607681274414,71.59850311279297,3.788571834564209,234.02000427246094,26.26663589477539
2020-06-25,21.911514282226562,458.7874450683594,126.61565399169922,114.6946792602539,21.260000228881836,294.0922546386719,164.81900024414062,321.88128662109375,30.59123992919922,106.79776000976562,7967.0869140625,669.023681640625,43.047462463378906,87.00776672363281,242.31472778320312,84.23175811767578,287.0881042480469,159.93438720703125,350.1233825683594,295.1499938964844,619.9600219726562,327.3900146484375,201.6999969482422,91.61363220214844,28.604494094848633,3.7799999713897705,8.868450164794922,58.64006042480469,27.979747772216797,224.2543182373047,22.90199851989746,13.743035316467285,465.9100036621094,80.85643768310547,94.696533203125,119.79424285888672,62.25791931152344,72.06649780273438,,235.67999267578125,25.524639129638672
2020-06-26,21.984825134277344,460.81622314453125,124.34797668457031,112.02381134033203,20.260000228881836,285.53619384765625,162.3657989501953,315.7740173339844,28.763734817504883,105.24253845214844,8128.52880859375,659.134765625,40.20973205566406,85.4477767944336,234.80787658691406,84.14643096923828,278.0360107421875,160.5688934326172,349.317138671875,286.1400146484375,611.3599853515625,324.8599853515625,193.25999450683594,90.75981903076172,28.315834045410156,3.4700000286102295,8.833942413330078,57.075809478759766,28.222320556640625,223.04464721679688,22.94061851501465,13.570958137512207,443.3999938964844,80.88481140136719,91.35371398925781,115.89849090576172,61.74174880981445,67.99500274658203,3.82340931892395,216.0800018310547,25.84617042541504
2020-06-29,22.103961944580078,464.92205810546875,128.29721069335938,113.50762939453125,21.229999542236328,289.0790100097656,163.45611572265625,315.4695739746094,29.327543258666992,108.58055877685547,8132.41748046875,661.4197998046875,43.33807373046875,86.72239685058594,241.78123474121094,85.55885314941406,280.82720947265625,160.6383056640625,349.1678161621094,285.17999267578125,610.8699951171875,327.8999938964844,187.35000610351562,94.41061401367188,28.775888442993164,3.799999952316284,9.022826194763184,57.74061965942383,28.623498916625977,225.49224853515625,24.234407424926758,13.752337455749512,447.239990234375,82.21871948242188,91.802734375,116.8724365234375,62.40681076049805,69.74849700927734,3.6753501892089844,220.63999938964844,26.59311294555664
2020-06-30,22.232261657714844,467.82025146484375,129.83462524414062,114.80956268310547,21.100000381469727,291.8125915527344,164.7826690673828,323.5111999511719,30.017717361450195,108.50469207763672,8128.52880859375,674.2657470703125,42.654422760009766,88.77703857421875,246.2967987060547,86.923828125,285.857177734375,164.68324279785156,360.6541442871094,290.30999755859375,623.6500244140625,330.1600036621094,190.83999633789062,95.25460815429688,29.335168838500977,3.950000047683716,9.050068855285645,59.09956359863281,28.455564498901367,229.47430419921875,24.765438079833984,13.868607521057129,455.0400085449219,82.75794219970703,94.77387237548828,117.84636688232422,63.52848815917969,70.68049621582031,3.7363157272338867,227.07000732421875,27.176816940307617
2020-07-01,21.88401985168457,464.6805114746094,130.3246612548828,113.88096618652344,21.06999969482422,297.2107238769531,163.54698181152344,328.4599304199219,29.988555908203125,107.67019653320312,8087.6826171875,699.10302734375,42.005393981933594,90.50822448730469,252.82240295410156,87.51154327392578,288.5514831542969,165.59535217285156,358.0960998535156,286.2799987792969,609.1699829101562,334.5400085449219,198.85000610351562,96.25565338134766,29.497541427612305,3.630000114440918,9.017377853393555,58.34676742553711,28.726125717163086,231.65060424804688,23.877166748046875,13.854655265808105,485.6400146484375,82.39844512939453,95.09566497802734,117.84636688232422,64.54096984863281,71.9020004272461,,237.5500030517578,26.850337982177734
2020-07-02,22.113122940063477,475.6937255859375,130.40158081054688,114.03414154052734,20.790000915527344,298.44427490234375,168.5624237060547,327.212890625,30.32878303527832,111.8047866821289,8202.4423828125,689.7326049804688,43.199615478515625,90.88872528076172,251.69825744628906,88.30779266357422,289.0651550292969,168.80752563476562,364.1875915527344,291.1000061035156,622.4500122070312,334.760009765625,208.88999938964844,96.14769744873047,29.82228660583496,3.549999952316284,9.25802230834961,59.63727569580078,29.659095764160156,235.138427734375,24.601301193237305,13.998828887939453,476.8900146484375,83.47692108154297,95.91638946533203,121.74211883544922,66.19866943359375,73.23500061035156,3.980177640914917,233.4199981689453,26.588167190551758
2020-07-03,21.87485694885254,478.0122985839844,,,,,167.52662658691406,,,109.73749542236328,8233.564453125,,,,,,,,,,,,,,29.930532455444336,,9.321589469909668,,29.537805557250977,,,13.975574493408203,,,,122.71604919433594,,,3.8930835723876953,,
2020-07-06,21.9023494720459,482.98760986328125,130.44960021972656,114.14901733398438,21.239999771118164,301.5528564453125,169.1984405517578,334.8421325683594,30.698165893554688,111.23580932617188,8260.794921875,693.8226928710938,43.796730041503906,90.89823913574219,253.37496948242188,88.35517883300781,293.4748840332031,171.10757446289062,380.49139404296875,291.30999755859375,627.25,339.4700012207031,218.0,97.36463165283203,30.543935775756836,3.490000009536743,9.339751243591309,62.04232406616211,29.985633850097656,236.55450439453125,25.383373260498047,14.01278018951416,493.80999755859375,84.08236694335938,98.1815414428711,127.58574676513672,67.48908233642578,74.78500366210938,3.980177640914917,240.27999877929688,26.741512298583984
2020-07-07,22.1497802734375,481.8766174316406,129.73854064941406,113.0193862915039,20.360000610351562,295.9672546386719,167.63565063476562,335.0090637207031,29.93994903564453,109.01678466796875,8060.45068359375,692.2864990234375,41.75443649291992,90.203857421875,253.37496948242188,86.89539337158203,287.5047912597656,171.63304138183594,378.4808044433594,299.05999755859375,640.8800048828125,337.29998779296875,217.25999450683594,94.44988250732422,30.742393493652344,3.4000000953674316,9.312508583068848,60.79091262817383,30.16289710998535,251.96932983398438,25.199922561645508,13.91976547241211,493.1600036621094,82.6822509765625,98.50582885742188,122.71604919433594,66.01007080078125,74.25900268554688,3.927922248840332,240.86000061035156,26.19243621826172
2020-07-08,22.25058937072754,475.210693359375,130.43997192382812,112.67476654052734,20.219999313354492,296.59967041015625,165.9456787109375,347.9012756347656,32.93394470214844,108.48573303222656,8171.32080078125,691.5950927734375,42.187110900878906,91.08849334716797,252.16505432128906,86.83853149414062,289.162109375,172.96153259277344,384.8311767578125,295.9200134277344,640.3400268554688,336.1199951171875,224.52999877929688,93.85122680664062,30.76043128967285,3.4000000953674316,9.312508583068848,61.36773681640625,29.52847671508789,256.39801025390625,25.499229431152344,13.831400871276855,502.7799987792969,82.62548065185547,101.94096374511719,123.68999481201172,70.36772155761719,74.80000305175781,4.084690093994141,243.5800018310547,26.78603172302246
2020-07-09,22.09479522705078,481.49017333984375,130.30545043945312,112.8662338256836,19.25,291.10540771484375,164.98255920410156,346.3302307128906,33.76021194458008,106.171875,8194.662109375,699.602294921875,39.7813720703125,91.85896301269531,253.02244567871094,85.43560028076172,282.18408203125,171.63304138183594,385.86627197265625,295.3999938964844,640.6300048828125,341.1700134277344,228.42999267578125,92.58521270751953,30.913782119750977,3.1700000762939453,9.121809005737305,62.071651458740234,29.285903930664062,258.11822509765625,24.948884963989258,13.733735084533691,507.760009765625,81.01727294921875,104.86467742919922,132.45541381835938,70.75485229492188,75.54949951171875,4.189202785491943,244.5,26.558486938476562
2020-07-10,22.433868408203125,482.7943420410156,132.0542449951172,113.78524780273438,20.229999542236328,292.1824951171875,165.56405639648438,345.43670654296875,33.91573715209961,111.67202758789062,8122.69384765625,687.9852905273438,41.633277893066406,90.1943359375,251.8316650390625,86.0802001953125,282.2519226074219,171.19680786132812,380.7900085449219,294.45001220703125,620.8599853515625,338.25,228.97999572753906,94.92095184326172,30.661209106445312,3.4800000190734863,9.103647232055664,61.1917610168457,30.153568267822266,259.6292724609375,26.05923080444336,13.873257637023926,548.72998046875,81.77408599853516,104.56781768798828,132.45541381835938,69.88134002685547,77.08699798583984,4.241459369659424,245.07000732421875,26.429874420166016
2020-07-13,22.56216812133789,494.5321350097656,131.20870971679688,113.66081237792969,20.520000457763672,286.74761962890625,168.1626434326172,339.8203125,33.23529052734375,113.37896728515625,8214.11328125,673.1329345703125,42.29096221923828,89.00531768798828,243.81036376953125,87.93810272216797,290.470458984375,176.72889709472656,377.1669921875,284.82000732421875,615.8800048828125,335.1400146484375,218.4499969482422,95.02890014648438,30.985946655273438,3.440000057220459,9.121809005737305,60.13587951660156,30.060274124145508,260.7316589355469,25.837156295776367,14.0267333984375,525.5,82.71064758300781,100.30696868896484,134.40330505371094,67.63798522949219,75.56700134277344,4.464693546295166,239.0,25.608732223510742
2020-07-14,22.84625816345215,489.3153381347656,134.58139038085938,114.95315551757812,20.649999618530273,295.41387939453125,169.03488159179688,345.269775390625,33.526920318603516,113.1893081665039,8083.7919921875,688.29248046875,42.04000473022461,88.8245849609375,246.6778564453125,89.72018432617188,299.00885009765625,186.2266082763672,385.6572570800781,293.8299865722656,641.22998046875,338.4700012207031,209.22000122070312,97.11927795410156,30.85063934326172,3.4000000953674316,9.126349449157715,61.14287185668945,30.293514251708984,267.04205322265625,26.84129524230957,14.11044692993164,524.8800048828125,85.7757339477539,103.5475082397461,127.58574676513672,67.04241180419922,76.02899932861328,4.24601411819458,239.72999572753906,25.969837188720703
2020-07-15,23.00204849243164,505.9317626953125,135.69602966308594,116.47528839111328,21.780000686645508,302.10382080078125,169.85263061523438,348.3725280761719,34.03239059448242,114.0807113647461,8070.1748046875,685.3834838867188,42.95730209350586,89.16702270507812,245.0869140625,92.09945678710938,294.696044921875,187.12879943847656,390.8728942871094,295.1099853515625,632.739990234375,340.739990234375,221.8300018310547,103.68484497070312,31.31971549987793,3.759999990463257,9.271644592285156,60.71269607543945,31.0678768157959,267.97344970703125,27.777841567993164,14.101144790649414,523.260009765625,88.35838317871094,102.05322265625,134.40330505371094,69.29568481445312,75.68199920654297,4.154898166656494,240.27999877929688,26.05887794494629
2020-07-16,23.08452606201172,499.45904541015625,137.1661834716797,116.74331665039062,22.020000457763672,295.8091125488281,170.34326171875,343.1783142089844,33.70188522338867,112.44963073730469,8062.39599609375,685.585205078125,42.126548767089844,87.60702514648438,245.2869873046875,90.76289367675781,297.6811218261719,188.81419372558594,390.59417724609375,290.55999755859375,632.2100219726562,339.20001220703125,218.55999755859375,105.14713287353516,31.418941497802734,3.75,9.466885566711426,60.94733810424805,31.161174774169922,272.9342956542969,27.980602264404297,14.208113670349121,527.3900146484375,88.5097427368164,101.13018798828125,131.4814910888672,66.58580017089844,75.9000015258789,4.036447525024414,240.92999267578125,29.234615325927734
2020-07-17,23.112018585205078,497.9134216308594,138.7420196533203,116.47528839111328,21.420000076293945,300.46337890625,169.03488159179688,348.2644958496094,34.00322723388672,110.38233184814453,8169.376953125,695.3203125,42.273658752441406,90.68897247314453,246.8397674560547,93.44549560546875,297.0802307128906,191.9866943359375,393.5603332519531,294.5299987792969,644.0599975585938,349.8500061035156,217.77000427246094,104.08721160888672,31.698583602905273,3.5999999046325684,9.49412727355957,60.90823745727539,31.161174774169922,279.4062805175781,28.65645980834961,14.212763786315918,492.989990234375,89.46522521972656,101.79625701904297,133.4293670654297,67.062255859375,75.77749633789062,4.145786762237549,242.02999877929688,29.862838745117188
2020-07-20,23.139511108398438,498.2998046875,138.46336364746094,114.70426177978516,20.770000457763672,308.26995849609375,171.21551513671875,351.6029357910156,34.03239059448242,110.21163940429688,8249.1240234375,702.6266479492188,40.066951751708984,90.10873413085938,248.19256591796875,90.74393463134766,294.1048278808594,193.80099487304688,401.0950927734375,303.1000061035156,658.2100219726562,361.0,227.27000427246094,103.01748657226562,31.806827545166016,3.3299999237060547,9.553153991699219,62.30628967285156,31.767601013183594,276.431640625,28.144737243652344,14.333683967590332,502.4100036621094,87.7718505859375,104.88213348388672,137.32510375976562,68.49164581298828,78.28600311279297,4.173121452331543,245.4199981689453,30.397077560424805
2020-07-21,23.20366096496582,503.8064270019531,139.86196899414062,115.06803894042969,20.979999542236328,303.9615173339844,171.7243194580078,348.4020080566406,34.62535858154297,110.60992431640625,8245.234375,697.00048828125,41.47751235961914,93.15261840820312,246.93504333496094,91.76768493652344,295.7040100097656,195.11956787109375,401.2145690917969,291.3999938964844,638.8599853515625,363.32000732421875,226.66000366210938,107.29638671875,31.933120727539062,3.569999933242798,9.721150398254395,62.38450241088867,31.571680068969727,275.97552490234375,28.077150344848633,14.333683967590332,490.1000061035156,88.5097427368164,103.06355285644531,136.35116577148438,70.96330261230469,77.9209976196289,4.24601411819458,241.75,30.20415687561035
2020-07-22,23.20366096496582,488.8323059082031,143.27655029296875,117.88252258300781,21.110000610351562,309.66326904296875,172.61474609375,349.99261474609375,34.576751708984375,111.34960174560547,8253.0146484375,706.1597290039062,43.069820404052734,93.58068084716797,246.77313232421875,92.41226196289062,297.2546691894531,198.35157775878906,408.848876953125,291.2300109863281,637.530029296875,365.2300109863281,223.97999572753906,120.14290618896484,31.779767990112305,3.5799999237060547,9.58039665222168,62.78534698486328,31.263797760009766,280.8413391113281,28.704736709594727,14.156954765319824,489.82000732421875,88.89762115478516,104.16368103027344,136.35116577148438,69.32545471191406,78.42449951171875,4.218679428100586,239.8699951171875,30.55042266845703
2020-07-23,23.06619644165039,486.2239074707031,141.308837890625,117.1262435913086,21.350000381469727,306.234375,170.0706787109375,341.9510192871094,34.07126998901367,110.43923950195312,8114.9140625,707.2830200195312,41.4515495300293,94.07530212402344,245.6870574951172,91.54019165039062,293.62994384765625,197.0528106689453,408.5701904296875,284.4599914550781,630.3099975585938,360.8399963378906,219.8800048828125,124.6082763671875,31.797809600830078,3.5799999237060547,9.4623441696167,62.208526611328125,31.189163208007812,278.6935119628906,28.878528594970703,14.175558090209961,477.5799865722656,88.76518249511719,101.08030700683594,136.35116577148438,69.92105102539062,75.78399658203125,4.264237880706787,232.60000610351562,30.43170166015625
2020-07-24,22.9104061126709,478.2055358886719,141.82003784179688,118.42817687988281,21.149999618530273,303.2895812988281,166.96328735351562,343.63006591796875,33.72132110595703,107.72708129882812,8138.25390625,707.955078125,40.18810272216797,95.0360336303711,244.1914520263672,91.33163452148438,291.5171813964844,197.03298950195312,404.4892578125,278.489990234375,608.9400024414062,359.2300109863281,212.85000610351562,123.17542266845703,31.301671981811523,3.5,9.38969612121582,59.265769958496094,30.6107234954834,277.04937744140625,29.583356857299805,13.859304428100586,480.45001220703125,88.55704498291016,101.72642517089844,130.50755310058594,68.31297302246094,75.59349822998047,4.164010047912598,230.7100067138672,30.075544357299805
2020-07-27,22.690467834472656,479.8961486816406,143.83599853515625,117.45173645019531,20.8799991607666,305.20660400390625,167.03598022460938,344.9555358886719,34.21708297729492,105.26150512695312,8149.92431640625,723.9019775390625,40.56022262573242,96.79579162597656,247.9829864501953,91.40747833251953,289.3946838378906,199.5709991455078,411.516357421875,284.2099914550781,637.4000244140625,366.6700134277344,212.75,122.99878692626953,31.446002960205078,3.5,9.262563705444336,61.60237503051758,30.54541778564453,280.0810852050781,30.973697662353516,13.766290664672852,495.6499938964844,90.08960723876953,103.99154663085938,133.4293670654297,67.82659149169922,76.51000213623047,4.091116905212402,233.5,30.154691696166992
2020-07-28,22.7821102142334,466.8058776855469,142.47596740722656,118.02611541748047,20.780000686645508,302.7065734863281,167.63565063476562,341.3029479980469,33.98378372192383,106.0770492553711,8142.14404296875,722.4906005859375,41.72846984863281,97.5377197265625,254.16563415527344,91.33163452148438,290.6836853027344,194.85186767578125,405.4646301269531,278.5199890136719,631.0,361.6499938964844,212.67999267578125,121.65426635742188,31.63543701171875,3.549999952316284,9.239861488342285,60.90823745727539,30.321502685546875,274.9111022949219,30.25921630859375,13.691878318786621,488.510009765625,88.30162048339844,101.93597412109375,132.45541381835938,68.61077117919922,75.01699829101562,4.127564430236816,230.1199951171875,29.368175506591797
2020-07-29,23.00204849243164,485.3544616699219,143.44053649902344,118.39945983886719,21.0,305.6414489746094,167.67198181152344,353.3408203125,34.90726089477539,99.59065246582031,8258.8486328125,739.26318359375,42.152496337890625,100.99064636230469,258.4429931640625,93.57820892333984,297.2255554199219,192.93846130371094,407.3558349609375,278.7200012207031,632.1599731445312,366.9100036621094,218.25,127.36597442626953,31.752702713012695,3.799999952316284,9.262563705444336,61.837013244628906,29.83635902404785,274.511962890625,31.137834548950195,13.631417274475098,484.4800109863281,91.6600112915039,104.43061065673828,135.37722778320312,69.90119171142578,76.10099792480469,4.24601411819458,233.2899932861328,29.526470184326172
2020-07-30,22.47052574157715,475.8869323730469,143.91314697265625,119.26103210449219,21.149999618530273,305.3450012207031,162.4566650390625,345.9865417480469,34.42121887207031,95.56986236572266,8116.8583984375,746.8958740234375,41.1904411315918,100.05845642089844,250.05972290039062,91.44540405273438,295.8202819824219,193.16648864746094,408.64971923828125,279.3999938964844,631.469970703125,374.1000061035156,237.07000732421875,125.6681900024414,30.994970321655273,3.5799999237060547,9.080944061279297,62.98087692260742,29.07132339477539,270.6724853515625,30.790246963500977,13.39887809753418,485.79998779296875,89.36116790771484,105.91243743896484,127.58574676513672,68.55120086669922,76.57250213623047,4.209568023681641,234.5,29.264297485351562
2020-07-31,22.424705505371094,465.40509033203125,143.6334228515625,120.50552368164062,21.100000381469727,304.88055419921875,159.54917907714844,343.9049377441406,34.3823356628418,95.3612289428711,8251.0693359375,754.1253662109375,40.48521423339844,100.27722930908203,249.01182556152344,91.45487976074219,293.44580078125,191.26296997070312,412.0240173339844,272.0,632.0700073242188,397.75,237.6300048828125,124.28441619873047,30.507854461669922,3.5299999713897705,9.028275489807129,62.892887115478516,28.698137283325195,272.402099609375,30.577836990356445,13.050070762634277,488.8800048828125,88.10295104980469,105.919921875,129.5336151123047,67.98541259765625,74.14800262451172,4.255126476287842,253.6699981689453,29.595722198486328
2020-08-03,22.59882354736328,473.0853271484375,144.9452667236328,122.38184356689453,21.34000015258789,308.8924865722656,164.9462127685547,344.3271484375,34.80032730102539,98.45269775390625,8447.5234375,748.0191650390625,39.97153091430664,99.85868835449219,244.42958068847656,92.26060485839844,294.250244140625,194.3363494873047,417.1401062011719,279.5199890136719,645.1799926757812,391.989990234375,237.13999938964844,123.52874755859375,31.797809600830078,3.609999895095825,9.171754837036133,63.55769348144531,29.855016708374023,264.5901184082031,30.317148208618164,13.477941513061523,498.6199951171875,89.74903869628906,109.8664321899414,131.4814910888672,69.08722686767578,73.72250366210938,4.2915730476379395,251.9600067138672,29.917253494262695
2020-08-04,22.901241302490234,470.0422058105469,144.36647033691406,124.88040924072266,22.010000228881836,310.6712341308594,164.76449584960938,339.5061340332031,35.21832275390625,99.85618591308594,8206.33203125,761.7579956054688,41.495174407958984,100.4389419555664,247.84957885742188,91.27476501464844,295.1127624511719,193.09707641601562,413.7857971191406,275.7099914550781,648.4299926757812,390.25,249.4199981689453,126.0018539428711,32.05940628051758,3.5799999237060547,9.066415786743164,63.401275634765625,29.565797805786133,265.70208740234375,29.8054256439209,13.533751487731934,509.6400146484375,89.5409164428711,112.03675842285156,130.50755310058594,70.66551971435547,73.24849700927734,4.428247451782227,249.8300018310547,29.83810806274414
2020-08-05,24.120075225830078,475.0657958984375,144.9355926513672,123.84651947021484,21.1200008392334,324.1202392578125,164.4192352294922,341.09674072265625,35.29609680175781,101.79071807861328,8352.21484375,762.3435668945312,41.07725143432617,99.7826156616211,243.20068359375,91.96674346923828,302.8371276855469,191.8578338623047,417.9463195800781,273.2300109863281,624.52001953125,395.7099914550781,202.00999450683594,127.98429107666016,32.726932525634766,3.7799999713897705,9.026457786560059,63.42082595825195,30.181554794311523,270.4919128417969,29.78611183166504,13.580259323120117,502.1099853515625,91.13967895507812,112.62549591064453,131.4814910888672,71.9162368774414,73.68049621582031,4.446470737457275,249.1199951171875,29.981557846069336
2020-08-06,24.028432846069336,466.66094970703125,145.83265686035156,123.50189208984375,21.6299991607666,326.2349853515625,161.4571990966797,346.18292236328125,35.61687469482422,100.3682632446289,8342.48828125,760.4426879882812,41.19914627075195,99.76356506347656,243.4102783203125,91.69185638427734,304.3780822753906,188.14002990722656,413.7957458496094,273.3399963378906,621.2100219726562,389.7799987792969,212.5,129.85879516601562,33.02461624145508,4.230000019073486,9.044621467590332,62.18897247314453,30.190887451171875,268.9427795410156,29.23577117919922,13.450037956237793,509.0799865722656,91.3005142211914,113.11195373535156,130.50755310058594,72.03535461425781,75.00499725341797,4.37357759475708,265.2799987792969,30.149744033813477
2020-08-07,24.261991500854492,468.8829040527344,147.36630249023438,126.12491607666016,20.979999542236328,324.13995361328125,161.42086791992188,340.97894287109375,35.86961364746094,99.19237518310547,8383.3359375,760.0970458984375,42.33098602294922,99.9443130493164,245.41079711914062,94.83893585205078,307.25653076171875,191.45135498046875,412.4022216796875,272.989990234375,620.2100219726562,381.760009765625,193.72000122070312,127.84687805175781,32.87126541137695,4.130000114440918,8.97378921508789,62.14986801147461,30.48943519592285,267.7073059082031,30.3074893951416,13.812798500061035,494.7300109863281,92.48304748535156,111.75486755371094,131.4814910888672,66.72476959228516,74.72450256347656,4.30979585647583,268.44000244140625,30.075544357299805
2020-08-10,24.056461334228516,465.7431945800781,148.2729949951172,127.26410675048828,21.780000686645508,319.0608215332031,163.58331298828125,337.8369140625,35.976539611816406,101.12690734863281,8241.34375,751.4947509765625,44.437965393066406,98.66969299316406,241.40972900390625,95.15174865722656,309.2627258300781,185.77056884765625,408.25164794921875,268.7300109863281,608.239990234375,377.19000244140625,193.74000549316406,130.0059814453125,33.304256439208984,4.349999904632568,9.037355422973633,63.782554626464844,30.89061164855957,267.2796630859375,29.834392547607422,13.794194221496582,483.3800048828125,94.37508392333984,111.41060638427734,132.45541381835938,64.41193389892578,74.80500030517578,4.273349761962891,263.0,30.58504867553711
2020-08-11,24.047117233276367,477.86737060546875,148.41769409179688,126.09619140625,22.479999542236328,324.65386962890625,167.70834350585938,337.4834289550781,34.022666931152344,105.98221588134766,8311.3671875,727.905517578125,43.98522186279297,95.60678100585938,234.5411376953125,95.47404479980469,305.8221435546875,184.5312957763672,405.34527587890625,261.8599853515625,598.8599853515625,374.0299987792969,183.75,129.142333984375,33.827457427978516,4.619999885559082,9.030091285705566,63.01998519897461,31.291791915893555,267.62176513671875,29.930940628051758,13.947669982910156,466.92999267578125,96.6644515991211,108.26736450195312,131.4814910888672,65.46411895751953,74.01599884033203,4.455582141876221,256.1300048828125,30.44159507751465
2020-08-12,24.58897590637207,486.6103515625,151.07989501953125,128.8532257080078,21.81999969482422,323.754638671875,169.21661376953125,342.86419677734375,35.34469223022461,105.73565673828125,8630.361328125,742.1339111328125,43.941688537597656,97.86115264892578,239.3996124267578,96.77265930175781,312.3349609375,186.48439025878906,414.2336730957031,270.8500061035156,612.3499755859375,384.8299865722656,185.08999633789062,129.67230224609375,34.287506103515625,4.570000171661377,9.05551815032959,65.01441192626953,31.898218154907227,271.2331848144531,30.635765075683594,14.082542419433594,475.4700012207031,97.01448059082031,114.15721130371094,131.4814910888672,67.49901580810547,75.33100128173828,4.437358856201172,259.8900146484375,30.58504867553711
2020-08-13,24.411470413208008,489.508544921875,150.18283081054688,129.05426025390625,21.969999313354492,322.3316650390625,166.9269561767578,349.67840576171875,35.35441589355469,102.49246215820312,8536.998046875,739.3784790039062,41.85213088989258,97.63285064697266,238.85662841796875,96.01433563232422,311.6080627441406,188.95298767089844,414.6617126464844,267.1499938964844,610.8900146484375,385.25,192.0800018310547,128.23944091796875,34.27848815917969,4.400000095367432,9.099106788635254,63.61634826660156,31.422405242919922,273.9986572265625,30.931596755981445,14.212763786315918,481.3299865722656,96.64288330078125,114.18464660644531,134.40330505371094,64.83876037597656,75.92250061035156,4.300684452056885,261.29998779296875,29.4621639251709
2020-08-14,24.25265121459961,479.7512512207031,148.8710479736328,130.7008056640625,22.6200008392334,322.9344177246094,165.3278350830078,345.88836669921875,35.739810943603516,103.5545654296875,8398.8974609375,731.59228515625,41.25138854980469,97.32846069335938,238.27549743652344,95.46455383300781,313.7208557128906,188.20944213867188,411.8349304199219,267.2900085449219,612.5700073242188,379.3999938964844,187.5,131.92950439453125,34.03492736816406,4.400000095367432,9.075496673583984,66.10939025878906,31.049217224121094,275.43377685546875,31.047992706298828,14.203462600708008,482.67999267578125,96.12836456298828,115.39205932617188,133.4293670654297,64.39208221435547,75.3864974975586,4.264237880706787,261.239990234375,29.63529396057129
2020-08-17,24.43015480041504,482.2147216796875,152.7968292236328,132.3378143310547,22.09000015258789,326.3238525390625,164.47373962402344,350.670166015625,35.15439987182617,102.35970306396484,8492.2607421875,741.2603759765625,40.816062927246094,99.12625122070312,239.0281219482422,96.55465698242188,310.6293029785156,186.1472930908203,414.86077880859375,273.8399963378906,620.72998046875,384.3900146484375,205.02000427246094,131.8019256591797,34.269466400146484,4.389999866485596,9.108186721801758,65.444580078125,31.450395584106445,275.1866760253906,31.69785499572754,14.119749069213867,482.3500061035156,96.13790130615234,123.10548400878906,133.4293670654297,65.60308837890625,75.89900207519531,4.446470737457275,261.1600036621094,29.526470184326172
2020-08-18,24.44883918762207,482.8426818847656,152.31454467773438,131.702880859375,22.059999465942383,327.08477783203125,164.6736297607422,353.5961608886719,34.86168670654297,102.53040313720703,8439.7421875,758.0523071289062,40.850887298583984,98.59357452392578,240.59043884277344,96.27027893066406,307.0432434082031,184.91795349121094,415.3583984375,271.30999755859375,618.5900268554688,386.6499938964844,217.27999877929688,131.41920471191406,34.34163284301758,4.320000171661377,9.099106788635254,64.94596862792969,31.114526748657227,272.13604736328125,31.979148864746094,13.970924377441406,491.8699951171875,95.95686340332031,122.34461212158203,132.45541381835938,65.58323669433594,77.93000030517578,4.628702640533447,262.3399963378906,29.689708709716797
2020-08-19,24.532920837402344,482.8426818847656,152.67140197753906,148.36537170410156,22.219999313354492,328.46820068359375,166.09103393554688,351.62249755859375,34.900718688964844,104.50286102294922,8605.076171875,750.2102661132812,39.97153091430664,96.77674865722656,233.61705017089844,95.5688247680664,305.6767578125,181.14068603515625,418.6629943847656,270.07000732421875,629.6300048828125,381.5,216.50999450683594,130.56536865234375,34.34163284301758,4.239999771118164,9.162672996520996,64.61246490478516,31.170503616333008,272.7062072753906,32.32832717895508,14.063939094543457,484.5299987792969,95.73773193359375,121.1247329711914,131.4814910888672,64.42185974121094,77.37650299072266,4.59225606918335,262.5899963378906,29.605615615844727
2020-08-20,24.402128219604492,477.38433837890625,152.96080017089844,146.46051025390625,22.1299991607666,333.33001708984375,164.12847900390625,354.67620849609375,33.49571228027344,102.01831817626953,8616.0947265625,756.1834106445312,41.120792388916016,97.68041229248047,235.9510498046875,95.05695343017578,303.6705322265625,180.1195068359375,420.14605712890625,271.42999267578125,616.8900146484375,383.3299865722656,218.41000366210938,128.71051025390625,34.44085693359375,4.519999980926514,8.9701566696167,62.57217788696289,30.592063903808594,271.869873046875,31.979148864746094,13.9104642868042,497.8999938964844,94.77539825439453,121.14968872070312,130.50755310058594,65.77184295654297,79.0875015258789,4.519362926483154,269.010009765625,29.511629104614258
2020-08-21,24.44883918762207,478.6885986328125,155.98953247070312,147.79776000976562,21.989999771118164,333.11260986328125,162.91098022460938,355.4519348144531,33.97380828857422,102.4166030883789,8654.51953125,753.5436401367188,41.06855010986328,98.01334381103516,237.53245544433594,93.58769226074219,304.4555969238281,179.06861877441406,426.57598876953125,271.2799987792969,605.489990234375,383.4599914550781,223.41000366210938,130.04522705078125,34.43183517456055,4.630000114440918,8.915671348571777,61.08119201660156,30.76932716369629,272.2215881347656,32.51261901855469,13.859304428100586,492.30999755859375,95.84253692626953,126.56305694580078,129.5336151123047,69.03760528564453,79.02100372314453,4.437358856201172,267.010009765625,29.90736198425293
2020-08-24,24.58897590637207,488.4458923339844,159.76095581054688,147.4225616455078,22.809999465942383,339.57525634765625,166.2727508544922,353.47833251953125,33.94453430175781,104.69253540039062,8683.84765625,744.1985473632812,43.39318084716797,97.0240707397461,233.817138671875,94.91475677490234,299.3190002441406,177.5319366455078,417.8070068359375,267.42999267578125,594.77001953125,380.6199951171875,210.6300048828125,131.88043212890625,35.036224365234375,4.789999961853027,9.167213439941406,62.52312469482422,31.366426467895508,273.3714904785156,32.32832717895508,14.07789134979248,488.80999755859375,98.02445220947266,126.92975616455078,129.5336151123047,69.44457244873047,79.41000366210938,4.419135093688965,271.3900146484375,30.451488494873047
2020-08-25,24.31804847717285,492.793212890625,160.04067993164062,147.04736328125,22.860000610351562,343.54766845703125,168.198974609375,352.661865234375,33.87623977661133,103.49766540527344,8701.447265625,751.1737060546875,43.10586929321289,97.00504302978516,234.74119567871094,97.24663543701172,302.5948181152344,178.02764892578125,420.3252258300781,272.3500061035156,610.5,383.92999267578125,212.00999450683594,131.61546325683594,35.406070709228516,5.119999885559082,9.244401931762695,62.82722091674805,30.321502685546875,275.05364990234375,31.678457260131836,14.11044692993164,490.5799865722656,97.96728515625,127.22663879394531,133.4293670654297,70.64566040039062,80.41100311279297,4.5011396408081055,280.82000732421875,29.996397018432617
2020-08-26,24.59831428527832,503.5166015625,164.35231018066406,146.91268920898438,22.770000457763672,346.86798095703125,167.7628631591797,358.4755554199219,34.13966751098633,104.69253540039062,8717.0908203125,753.3797607421875,41.025020599365234,96.10138702392578,235.27468872070312,98.6590347290039,299.2995910644531,177.75003051757812,423.6695556640625,271.2900085449219,612.0,386.0199890136719,214.57000732421875,129.18161010742188,36.109676361083984,4.869999885559082,9.112728118896484,62.54274368286133,30.806644439697266,279.36822509765625,31.804555892944336,14.091843605041504,547.530029296875,97.5671157836914,127.45613861083984,133.4293670654297,70.68536376953125,82.61900329589844,4.555809497833252,303.9100036621094,30.733448028564453
2020-08-27,24.27133560180664,503.4199523925781,160.4168701171875,144.60377502441406,22.860000610351562,351.7890930175781,166.4544677734375,358.0526123046875,33.97380828857422,104.82528686523438,8705.357421875,760.7499389648438,42.243927001953125,96.928955078125,236.22732543945312,101.29423522949219,302.0617980957031,172.76324462890625,418.57342529296875,274.3399963378906,614.969970703125,386.2799987792969,215.77000427246094,131.919677734375,35.541378021240234,4.71999979019165,9.073678970336914,60.84577941894531,30.013620376586914,278.21832275390625,31.99854278564453,14.045336723327637,526.27001953125,97.27174377441406,126.01173400878906,133.4293670654297,70.58610534667969,81.71649932861328,4.555809497833252,293.2200012207031,30.881847381591797
2020-08-28,23.944355010986328,498.7828674316406,159.6452178955078,145.12330627441406,22.8799991607666,361.78936767578125,168.744140625,360.85614013671875,34.08112716674805,106.171875,8603.6787109375,758.2162475585938,42.8439826965332,97.49016571044922,237.77059936523438,102.24214935302734,304.67852783203125,175.88619995117188,422.5050354003906,269.9599914550781,602.6099853515625,383.9800109863281,208.57000732421875,133.4604949951172,35.60641860961914,4.730000019073486,9.002847671508789,61.86592102050781,29.743061065673828,282.0292663574219,32.87149429321289,13.96162223815918,523.8900146484375,98.62471771240234,131.1956024169922,133.4293670654297,69.80192565917969,82.22049713134766,4.738041877746582,293.6600036621094,32.75167465209961
2020-08-31,23.561317443847656,497.1405029296875,158.85427856445312,145.46961975097656,22.06999969482422,353.953125,166.0183563232422,360.4528503417969,34.949493408203125,,,760.875244140625,40.960628509521484,96.89089965820312,237.3514404296875,101.87246704101562,302.9146728515625,174.24044799804688,426.9841003417969,279.1199951171875,619.9299926757812,391.05999755859375,215.69000244140625,133.19554138183594,35.49491882324219,4.760000228881836,9.037355422973633,60.42398452758789,28.922046661376953,277.7526550292969,31.95003890991211,13.822098731994629,529.5599975585938,97.28126525878906,133.45822143554688,132.45541381835938,67.83650970458984,81.70899963378906,4.719819068908691,293.20001220703125,32.687374114990234
2020-09-01,23.542634963989258,507.1877136230469,161.65151977539062,144.83470153808594,21.420000076293945,352.67840576171875,164.43739318847656,362.3908386230469,35.37880325317383,100.4251708984375,8535.240234375,760.8943481445312,41.32853317260742,96.54847717285156,236.2845001220703,101.91985321044922,303.1860046386719,172.6145477294922,431.7120361328125,275.489990234375,592.6799926757812,398.489990234375,224.1999969482422,131.7037811279297,35.70863342285156,4.789999961853027,9.001031875610352,60.70845031738281,29.500490188598633,287.7029724121094,32.49321365356445,13.640718460083008,556.5499877929688,98.54850006103516,137.95492553710938,132.45541381835938,69.99052429199219,83.0354995727539,4.67426061630249,295.44000244140625,32.83082580566406
2020-09-02,23.748165130615234,534.2376708984375,164.44876098632812,144.15159606933594,21.809999465942383,356.43341064453125,166.63619995117188,372.2475891113281,35.886165618896484,98.14924621582031,8699.4921875,770.345458984375,42.4672966003418,99.47820281982422,244.35337829589844,103.11422729492188,310.36761474609375,175.400390625,439.00787353515625,281.8900146484375,610.1500244140625,406.30999755859375,223.14999389648438,135.59994506835938,35.76438522338867,4.829999923706055,9.135430335998535,63.83755874633789,29.416521072387695,294.90667724609375,32.66780090332031,14.319731712341309,552.8400268554688,100.58748626708984,143.20022583007812,135.37722778320312,69.61331939697266,86.41400146484375,4.7471537590026855,302.5,33.8696174621582
2020-09-03,23.505264282226562,536.4596557617188,155.79660034179688,140.4862823486328,21.639999389648438,339.7729187011719,165.43685913085938,347.93017578125,34.80314636230469,100.10273742675781,8451.158203125,734.5454711914062,42.24829864501953,96.65311431884766,240.37132263183594,100.6212158203125,306.4811706542969,173.21929931640625,417.7174377441406,267.4200134277344,577.4000244140625,381.2799987792969,203.02000427246094,134.0591583251953,35.43916702270508,4.610000133514404,9.185375213623047,60.286659240722656,28.702482223510742,282.42840576171875,30.89280128479004,14.222064971923828,525.75,97.32891082763672,129.91477966308594,135.37722778320312,66.72476959228516,82.09200286865234,4.756265640258789,291.1199951171875,32.420249938964844
2020-09-04,23.224994659423828,536.1698608398438,150.84837341308594,141.64073181152344,22.809999465942383,331.04736328125,163.7105255126953,339.5588073730469,34.832420349121094,101.35449981689453,8298.6396484375,724.6511840820312,43.0892448425293,95.84456634521484,238.1421356201172,100.2325668334961,302.3815612792969,174.21072387695312,408.072509765625,266.5,580.3599853515625,370.6600036621094,198.2899932861328,134.5007781982422,35.244041442871094,4.46999979019165,9.017377853393555,59.79620361328125,28.69308853149414,283.61639404296875,30.68911361694336,13.998828887939453,516.0499877929688,97.73861694335938,125.9920425415039,125.63786315917969,66.55601501464844,79.552001953125,4.7471537590026855,282.7300109863281,31.979999542236328
2020-09-07,23.346445083618164,541.96630859375,,,,,165.41868591308594,,,101.4113998413086,8529.3740234375,,,,,,,,,,,,,,34.937408447265625,,9.04643726348877,,29.125268936157227,,,14.119749069213867,,,,131.4814910888672,,,4.646925449371338,,
2020-09-08,23.33710479736328,536.1698608398438,148.29229736328125,138.53334045410156,22.5,325.97802734375,164.3465576171875,335.1123352050781,33.42741394042969,98.88892364501953,8562.615234375,713.9285888671875,41.21466064453125,93.98017883300781,235.1222686767578,99.13298797607422,297.7779541015625,172.23780822753906,403.4142761230469,258.6099853515625,561.8900146484375,364.19000244140625,192.85000610351562,130.0648651123047,35.467041015625,4.079999923706055,8.961075782775879,54.567955017089844,29.13466453552246,279.90045166015625,29.86465835571289,13.980224609375,507.0199890136719,95.73773193359375,118.91014099121094,131.4814910888672,64.26303100585938,76.61949920654297,4.537586688995361,271.1600036621094,31.732667922973633
2020-09-09,23.89764404296875,533.851318359375,153.87713623046875,141.9485626220703,23.059999465942383,335.6225891113281,167.12684631347656,346.05126953125,34.11040115356445,99.45789337158203,8728.8232421875,725.8458251953125,41.459930419921875,96.05384063720703,240.4666290283203,101.10464477539062,302.40093994140625,174.21072387695312,416.3736877441406,263.0400085449219,571.1500244140625,374.1600036621094,200.77000427246094,131.32102966308594,36.17322540283203,4.079999923706055,9.139969825744629,54.14617156982422,29.64200782775879,288.216064453125,31.115888595581055,14.347637176513672,500.19000244140625,97.71955108642578,126.91535186767578,131.4814910888672,65.84132385253906,77.8479995727539,4.610479831695557,273.7200012207031,33.06331253051758
2020-09-10,23.86961555480957,540.4205932617188,152.7196502685547,140.49588012695312,23.450000762939453,328.9425354003906,165.7457733154297,338.8701477050781,33.83720397949219,99.609619140625,8691.669921875,715.6819458007812,39.46269989013672,95.13115692138672,236.61790466308594,99.32256317138672,295.2097473144531,180.03028869628906,417.7771301269531,255.64999389648438,550.0999755859375,367.760009765625,198.13999938964844,132.16506958007812,36.05242919921875,4.0,9.094566345214844,54.06769561767578,29.529264450073242,280.57525634765625,30.679414749145508,14.259271621704102,480.6700134277344,96.23316955566406,122.8902816772461,131.4814910888672,64.50126647949219,76.60099792480469,4.701595306396484,268.0899963378906,32.370784759521484
2020-09-11,24.327390670776367,551.240478515625,156.1534881591797,142.04478454589844,22.829999923706055,326.2447204589844,165.36416625976562,343.1100158691406,33.80793762207031,97.31473541259766,8828.546875,720.421875,39.19990539550781,95.3213882446289,237.9611358642578,99.31307983398438,293.389892578125,179.9113311767578,429.1240539550781,257.9599914550781,544.75,364.82000732421875,189.91000366210938,131.50750732421875,35.81084442138672,3.9200000762939453,9.028275489807129,53.94998550415039,29.83930778503418,285.4125671386719,30.456329345703125,14.245319366455078,482.0299987792969,97.68144226074219,121.42048645019531,129.5336151123047,65.70235443115234,76.03600311279297,4.701595306396484,266.6099853515625,32.84071350097656
2020-09-14,24.037776947021484,557.4234619140625,159.3365936279297,142.8048095703125,23.770000457763672,334.5948791503906,166.18190002441406,347.3399353027344,34.33481216430664,98.26303100585938,8760.109375,728.3699951171875,41.67015838623047,96.97650146484375,241.87649536132812,101.39849853515625,300.2896423339844,181.55706787109375,432.3008728027344,264.79998779296875,564.2000122070312,365.55999755859375,193.36000061035156,133.19554138183594,35.62500762939453,4.059999942779541,8.922935485839844,55.38211441040039,29.933259963989258,288.8813781738281,31.940343856811523,14.189510345458984,476.260009765625,98.310302734375,128.48492431640625,129.5336151123047,67.95562744140625,75.96399688720703,4.7471537590026855,266.1499938964844,33.06825637817383
2020-09-15,24.308704376220703,569.2095336914062,163.0404815673828,143.41085815429688,23.81999969482422,335.12847900390625,165.8729705810547,351.3830261230469,35.15439987182617,97.33370208740234,8945.8701171875,740.3258056640625,43.71119689941406,97.71846008300781,251.26007080078125,101.96724700927734,298.9856262207031,184.32308959960938,433.2967224121094,266.8500061035156,579.9000244140625,369.239990234375,194.7100067138672,133.27403259277344,35.88517379760742,4.0,8.910222053527832,56.10798645019531,30.891578674316406,288.9479064941406,31.62996482849121,14.198811531066895,495.989990234375,98.02445220947266,129.67025756835938,129.5336151123047,68.4718017578125,77.0719985961914,4.847381591796875,272.4200134277344,33.19192886352539
2020-09-16,24.07514762878418,579.64306640625,160.8026885986328,142.37188720703125,24.270000457763672,337.806396484375,165.09158325195312,351.71746826171875,35.261722564697266,97.63715362548828,8773.796875,739.2565307617188,44.88499450683594,97.61323547363281,250.82180786132812,101.89142608642578,298.2946472167969,183.7183380126953,432.0818176269531,267.54998779296875,569.1500244140625,362.3599853515625,193.52000427246094,135.4429168701172,36.517024993896484,4.159999847412109,8.922935485839844,55.39192581176758,31.201616287231445,287.4463195800781,31.028594970703125,14.156954765319824,483.8599853515625,99.46318054199219,124.91403198242188,130.50755310058594,67.81665802001953,76.04499816894531,5.029613971710205,263.5199890136719,33.32548522949219
2020-09-17,23.729480743408203,576.2618408203125,157.9765167236328,142.00631713867188,24.200000762939453,335.41497802734375,163.1290283203125,346.0021057128906,34.53971481323242,95.3422622680664,8644.7412109375,727.9942016601562,44.64847946166992,96.7140121459961,238.85662841796875,102.19474792480469,296.7959899902344,181.48765563964844,431.1356506347656,271.4599914550781,565.0,354.20001220703125,199.27999877929688,134.58908081054688,36.66569519042969,4.159999847412109,8.902957916259766,55.264408111572266,30.750646591186523,286.9902038574219,30.88310432434082,14.138351440429688,470.20001220703125,100.0539321899414,124.40498352050781,133.4293670654297,66.16889953613281,74.77649688720703,5.038725852966309,254.82000732421875,32.924808502197266
2020-09-18,23.96303939819336,567.7604370117188,154.42694091796875,143.1703643798828,23.8799991607666,331.29437255859375,161.91151428222656,345.29388427734375,34.18845748901367,92.3835678100586,8760.109375,724.5453491210938,43.290714263916016,95.20256042480469,233.874267578125,101.99569702148438,299.7543640136719,181.82473754882812,427.2717590332031,265.3900146484375,555.239990234375,354.760009765625,205.42999267578125,129.79006958007812,36.52631759643555,4.239999771118164,8.799434661865234,55.07802963256836,30.0084228515625,281.1264343261719,30.19443702697754,13.95232105255127,469.9599914550781,98.5198974609375,121.66754150390625,130.50755310058594,66.52623748779297,72.99949645996094,4.929386138916016,252.52999877929688,32.83082580566406
2020-09-21,23.87895965576172,557.230224609375,153.94461059570312,144.17088317871094,22.420000076293945,323.9720153808594,154.46104431152344,345.1757507324219,33.69084930419922,87.39550018310547,8543.060546875,718.2637939453125,40.65402603149414,92.36141204833984,229.558837890625,99.34153747558594,291.1613464355469,182.74676513671875,423.7066345214844,264.0,555.7000122070312,364.70001220703125,202.66000366210938,123.1165542602539,34.937408447265625,3.940000057220459,8.503396034240723,56.22569274902344,28.129371643066406,276.34613037109375,28.904409408569336,13.557004928588867,487.3500061035156,92.78401947021484,124.94148254394531,131.4814910888672,66.07955169677734,71.55799865722656,4.765377044677734,248.14999389648438,32.40046310424805
2020-09-22,24.093830108642578,549.0185546875,155.82553100585938,148.2306671142578,22.329999923706055,331.3437805175781,151.1355743408203,344.467529296875,33.80793762207031,87.21532440185547,8529.3740234375,722.551025390625,39.970767974853516,94.88687133789062,230.48287963867188,98.91497039794922,286.3636779785156,183.31185913085938,428.45684814453125,267.5799865722656,571.510009765625,368.32000732421875,215.27999877929688,118.40583038330078,35.25333023071289,3.8399999141693115,8.525190353393555,56.78481674194336,28.51457977294922,278.8835754394531,29.554275512695312,13.501195907592773,491.1700134277344,94.62293243408203,126.14427185058594,127.58574676513672,65.89095306396484,73.27300262451172,4.683372497558594,254.75,32.80113983154297
2020-09-23,24.103172302246094,558.099609375,152.98974609375,145.27723693847656,21.1200008392334,320.6912841796875,148.44615173339844,337.47320556640625,33.27130126953125,88.09724426269531,8691.669921875,703.9285278320312,38.39402770996094,91.16563415527344,224.5478973388672,97.6163101196289,284.3005065917969,177.14527893066406,419.0161437988281,263.82000732421875,565.1900024414062,363.8699951171875,209.22000122070312,114.16618347167969,35.875885009765625,3.7799999713897705,8.52155876159668,56.15703201293945,28.655508041381836,271.2616882324219,28.5455322265625,13.436084747314453,470.6099853515625,94.11795043945312,121.01375579833984,126.61180114746094,65.0174331665039,70.760498046875,4.820046424865723,249.02000427246094,32.45487976074219
2020-09-24,23.991065979003906,550.2744750976562,152.9029083251953,146.22967529296875,21.31999969482422,324.3277587890625,151.11741638183594,340.2375183105469,32.25657272338867,88.06879425048828,8591.9462890625,706.8765258789062,39.18239212036133,91.22303771972656,224.99562072753906,96.53910064697266,284.8065490722656,176.32241821289062,416.406982421875,263.1300048828125,557.4600219726562,365.4700012207031,203.9499969482422,114.77465057373047,35.64358901977539,3.859999895095825,8.497947692871094,56.68672180175781,28.533369064331055,275.5953063964844,28.855915069580078,13.450037956237793,473.0799865722656,94.9468994140625,123.2520980834961,126.61180114746094,65.13655090332031,71.41449737548828,4.738041877746582,249.52999877929688,32.33615493774414
2020-09-25,23.86961555480957,546.796630859375,153.8964080810547,148.4904327392578,21.329999923706055,327.8555908203125,148.0281982421875,347.1038513183594,33.08592224121094,86.81703186035156,8531.330078125,723.8228149414062,40.66279602050781,93.43280792236328,229.5618133544922,98.3408203125,294.38250732421875,179.43545532226562,420.5398254394531,268.17999267578125,574.0599975585938,377.8299865722656,219.0,118.30769348144531,35.35554122924805,3.9800000190734863,8.47252082824707,57.11832046508789,28.787038803100586,276.27960205078125,28.885013580322266,13.282608985900879,482.8800048828125,95.24226379394531,128.4999237060547,127.58574676513672,64.8288345336914,72.24800109863281,4.555809497833252,254.82000732421875,32.5092887878418
2020-09-28,24.093830108642578,554.91162109375,156.82867431640625,150.52029418945312,21.950000762939453,334.3873291015625,152.1168670654297,349.7598571777344,34.100643157958984,92.93357849121094,8646.697265625,736.8190307617188,42.283355712890625,95.69042205810547,229.74366760253906,98.78885650634766,295.0929260253906,182.48898315429688,426.6145324707031,267.7300109863281,571.9199829101562,386.3699951171875,215.08999633789062,119.10261535644531,36.29402160644531,4.139999866485596,8.53972053527832,58.226749420166016,29.726566314697266,278.142333984375,30.33023452758789,13.343069076538086,490.6499938964844,97.50992584228516,130.10943603515625,128.55967712402344,65.15640258789062,73.22599792480469,4.510251522064209,256.82000732421875,33.295806884765625
2020-09-29,23.85093116760254,557.0369873046875,156.5103759765625,150.98208618164062,21.75,332.2529296875,149.51828002929688,351.1665954589844,33.35911178588867,92.22235107421875,8691.669921875,735.5184326171875,41.00978469848633,95.28865814208984,229.85855102539062,97.89276885986328,295.9881896972656,184.86839294433594,432.5398864746094,270.30999755859375,573.6099853515625,385.05999755859375,217.33999633789062,117.94457244873047,36.461273193359375,3.930000066757202,8.532455444335938,58.511207580566406,29.37894058227539,279.2732238769531,29.350589752197266,13.287260055541992,493.4800109863281,96.4046859741211,132.01339721679688,129.5336151123047,65.06707000732422,73.46649932861328,4.519362926483154,261.7900085449219,33.83498764038086
2020-09-30,23.589345932006836,548.34228515625,159.9828338623047,151.4438934326172,21.770000457763672,334.169921875,149.50010681152344,354.7276611328125,33.50546646118164,92.56375122070312,8677.982421875,732.310302734375,40.86875915527344,96.25482940673828,231.39974975585938,99.0653076171875,303.4037780761719,186.65292358398438,439.69012451171875,272.1199951171875,559.780029296875,393.1099853515625,219.24000549316406,122.36087799072266,36.28472900390625,3.9100000858306885,8.594204902648926,58.31502914428711,29.003129959106445,284.3713684082031,28.623126983642578,13.394227981567383,500.0299987792969,97.21456146240234,135.0552978515625,128.55967712402344,67.15159606933594,73.4800033569336,4.656037330627441,261.8999938964844,33.4837760925293
2020-10-01,23.58000373840332,562.8334350585938,161.2463836669922,152.57908630371094,21.510000228881836,339.3084411621094,147.64659118652344,357.8066711425781,33.84695816040039,92.93357849121094,8904.8076171875,740.2294921875,41.67961883544922,97.72801971435547,231.80178833007812,97.52098846435547,304.6688537597656,185.30459594726562,436.3838806152344,273.510009765625,568.1400146484375,394.7799987792969,220.67999267578125,122.24310302734375,36.563480377197266,4.010000228881836,8.67230224609375,59.49212646484375,28.89038848876953,281.32586669921875,28.933509826660156,13.515148162841797,527.510009765625,95.84253692626953,135.89373779296875,127.58574676513672,68.01518249511719,74.50450134277344,,266.6300048828125,33.40958023071289
2020-10-02,23.53329086303711,558.1962280273438,160.5904998779297,153.06008911132812,21.5,334.8221435546875,148.26441955566406,357.0688781738281,34.25675964355469,92.6585693359375,8992.7998046875,749.5263061523438,43.50404357910156,99.69866180419922,232.90264892578125,97.1968765258789,303.608154296875,186.37533569335938,433.2568664550781,260.79998779296875,564.7999877929688,383.8500061035156,221.60000610351562,124.68680572509766,36.31260681152344,3.9700000286102295,8.79035472869873,57.098697662353516,28.96554946899414,282.63385009765625,28.681320190429688,13.543052673339844,503.05999755859375,97.80531311035156,130.3814239501953,125.63786315917969,66.73469543457031,72.9209976196289,,259.94000244140625,33.22160720825195
2020-10-05,23.62671661376953,563.5096435546875,162.56785583496094,155.35939025878906,21.90999984741211,339.1898193359375,151.33546447753906,359.0265197753906,35.183677673339844,94.3086166381836,9010.3994140625,759.4108276367188,43.407081604003906,100.6265869140625,232.93136596679688,98.86512756347656,309.612548828125,191.40176391601562,448.80218505859375,268.9800109863281,605.0800170898438,392.3699951171875,225.2100067138672,127.74876403808594,36.59136199951172,4.03000020980835,8.835758209228516,59.44306945800781,29.63261604309082,286.7200012207031,29.37968635559082,13.687227249145508,520.6500244140625,100.13014221191406,136.17320251464844,127.58574676513672,67.88614654541016,74.3010025024414,4.555809497833252,264.6499938964844,33.74100112915039
2020-10-06,23.309078216552734,561.6741333007812,159.1436309814453,152.3962860107422,21.520000457763672,333.4386901855469,153.46157836914062,348.5400390625,34.100643157958984,98.79408264160156,8787.4833984375,761.8867797851562,43.99759292602539,99.9473876953125,230.7105255126953,98.55055236816406,306.0118713378906,189.46852111816406,444.0420227050781,260.9800109863281,581.6400146484375,384.30999755859375,217.72000122070312,125.98222351074219,36.777198791503906,3.930000066757202,8.87934684753418,59.24689865112305,30.318466186523438,282.7865905761719,28.80742073059082,13.696528434753418,505.8699951171875,99.51081848144531,137.11148071289062,126.61180114746094,68.30304718017578,72.6719970703125,4.646925449371338,258.6600036621094,33.37989807128906
2020-10-07,23.09420394897461,563.2198486328125,162.50033569335938,154.5801239013672,22.190000534057617,339.8321533203125,151.626220703125,349.1204528808594,34.39335632324219,99.09754180908203,8670.16015625,773.86181640625,44.71149444580078,101.1718521118164,231.4380645751953,100.72402954101562,314.49786376953125,190.8564910888672,450.4851379394531,265.82000732421875,591.6900024414062,386.2300109863281,222.85000610351562,126.66922760009766,38.24531173706055,3.9600000381469727,8.799434661865234,59.953147888183594,31.286176681518555,288.4289245605469,30.68911361694336,13.459339141845703,534.6599731445312,101.90235900878906,139.38229370117188,126.61180114746094,68.80928802490234,73.0145034790039,4.665148735046387,258.1199951171875,33.34526824951172
2020-10-08,22.898014068603516,556.9404296875,164.8152618408203,155.71533203125,22.770000457763672,341.46453857421875,152.38943481445312,351.3830261230469,35.173912048339844,101.5631332397461,8646.697265625,794.2280883789062,46.70337677001953,102.20499420166016,233.1515350341797,102.76406860351562,313.7582702636719,192.59146118164062,451.6603088378906,268.5299987792969,599.8800048828125,393.510009765625,221.47999572753906,129.3778839111328,37.966556549072266,4.150000095367432,8.86300277709961,61.40488815307617,31.793519973754883,286.0898742675781,30.941301345825195,13.52910041809082,531.7899780273438,102.40735626220703,138.13206481933594,127.58574676513672,69.04752349853516,74.29650115966797,4.756265640258789,263.760009765625,33.963600158691406
2020-10-09,23.103544235229492,562.0604858398438,167.09164428710938,157.4950714111328,22.239999771118164,348.6272888183594,152.78921508789062,350.9501647949219,34.959259033203125,101.73383331298828,8681.8935546875,798.9968872070312,45.3372688293457,102.2719497680664,234.22369384765625,103.60295104980469,319.04254150390625,194.0785675048828,462.7740478515625,269.95001220703125,602.0700073242188,400.6499938964844,218.11000061035156,131.46824645996094,38.28247833251953,4.059999942779541,8.853919982910156,62.081722259521484,31.48347282409668,286.9873046875,30.737611770629883,13.408180236816406,539.4400024414062,102.4549789428711,137.37350463867188,128.55967712402344,70.41736602783203,75.76100158691406,4.665148735046387,264.45001220703125,33.830039978027344
2020-10-12,22.991437911987305,569.4027099609375,166.60939025878906,158.3224639892578,22.34000015258789,348.281005859375,154.60641479492188,354.2259521484375,35.38856887817383,100.3682632446289,8703.4033203125,804.4401245117188,44.67624282836914,103.59209442138672,235.8510284423828,103.96520233154297,321.1153869628906,191.9866943359375,464.78564453125,274.6000061035156,601.5499877929688,419.3900146484375,218.0,127.8076171875,38.44043731689453,3.9200000762939453,8.899325370788574,63.44518280029297,31.577430725097656,289.16412353515625,30.873403549194336,13.487242698669434,539.8099975585938,103.10289001464844,141.99745178222656,128.55967712402344,72.54159545898438,78.4574966430664,4.710707664489746,275.75,34.255455017089844
2020-10-13,23.15960121154785,569.2095336914062,169.1172637939453,159.35182189941406,21.56999969482422,342.1472473144531,151.42633056640625,348.2350769042969,35.4178352355957,96.82161712646484,8679.9375,795.8755493164062,41.944026947021484,102.00410461425781,232.05068969726562,101.9442367553711,322.5264587402344,192.58154296875,465.5923156738281,276.0899963378906,607.97998046875,421.4200134277344,231.8000030517578,130.46725463867188,38.551944732666016,3.9700000286102295,8.779457092285156,63.45500183105469,31.013713836669922,287.4646911621094,29.990753173828125,13.501195907592773,554.0900268554688,102.52168273925781,142.21951293945312,128.55967712402344,73.49452209472656,78.58399963378906,,276.1400146484375,34.87873077392578
2020-10-14,23.14091682434082,560.3216552734375,167.45819091796875,157.74520874023438,20.93000030517578,339.04071044921875,151.26278686523438,345.7856750488281,35.52516555786133,96.29057312011719,8578.2578125,787.4843139648438,41.653175354003906,99.51689910888672,228.30776977539062,102.53526306152344,313.2132873535156,191.21339416503906,465.0744934082031,271.4599914550781,600.8200073242188,420.510009765625,230.4499969482422,132.15524291992188,38.75636291503906,3.940000057220459,8.819413185119629,62.758548736572266,30.74125099182129,284.41912841796875,30.204139709472656,13.468640327453613,541.4500122070312,103.08384704589844,140.6923828125,128.55967712402344,72.4621810913086,78.40399932861328,4.92027473449707,271.82000732421875,34.94798278808594
2020-10-15,23.07552146911621,547.472900390625,169.90818786621094,159.17868041992188,20.969999313354492,334.9548034667969,147.7919464111328,341.79180908203125,36.188636779785156,94.94398498535156,8457.025390625,785.0084228515625,41.72367858886719,100.42568969726562,229.36077880859375,102.49713897705078,315.8602600097656,191.08453369140625,462.6346435546875,215.27999877929688,585.1799926757812,422.7200012207031,224.35000610351562,135.22698974609375,37.76213455200195,3.950000047683716,8.679566383361816,62.297523498535156,30.102375030517578,282.55743408203125,29.845260620117188,13.082625389099121,541.9400024414062,103.5030746459961,139.44216918945312,125.63786315917969,71.41991424560547,77.95649719238281,4.7927117347717285,266.7200012207031,34.646240234375
2020-10-16,23.589345932006836,569.4027099609375,171.4032745361328,158.65914916992188,20.959999084472656,335.77593994140625,148.79139709472656,342.5000915527344,36.04228591918945,96.5371322631836,8638.8759765625,787.763671875,41.68842697143555,99.73693084716797,232.3474578857422,104.9852066040039,321.0472106933594,197.37997436523438,466.6479187011719,218.0800018310547,599.739990234375,423.75,221.2899932861328,132.606689453125,38.431148529052734,3.890000104904175,8.835758209228516,61.79725646972656,30.78822898864746,284.63873291015625,29.787063598632812,13.059371948242188,530.7899780273438,104.10334777832031,137.86009216308594,127.58574676513672,72.18424224853516,78.65049743652344,4.628702640533447,265.92999267578125,34.70064926147461
2020-10-19,23.458555221557617,566.1180419921875,168.92434692382812,157.8221893310547,20.200000762939453,328.1285095214844,148.75506591796875,335.5943603515625,35.90568542480469,98.01647186279297,8611.5,780.3551635742188,40.19892120361328,98.55070495605469,229.36077880859375,103.41230010986328,315.5196533203125,198.19293212890625,459.3782043457031,220.50999450683594,583.1400146484375,419.2699890136719,223.69000244140625,131.8313751220703,38.39398193359375,3.859999895095825,8.783089637756348,60.86539077758789,30.47818374633789,280.8389892578125,29.816160202026367,12.98030948638916,530.719970703125,102.79800415039062,134.72837829589844,126.61180114746094,71.59859466552734,76.73049926757812,4.555809497833252,261.3999938964844,34.379119873046875
2020-10-20,23.299734115600586,569.0162963867188,171.40211486816406,158.61105346679688,20.25,328.1779479980469,149.33656311035156,334.61065673828125,36.55940246582031,98.92684936523438,8562.615234375,775.4802856445312,40.9568977355957,99.0385971069336,233.38128662109375,104.0510025024414,314.7314453125,203.44741821289062,463.3316955566406,214.5399932861328,576.6300048828125,420.0899963378906,222.22999572753906,133.88247680664062,38.44043731689453,3.950000047683716,8.679566383361816,61.07138442993164,30.102375030517578,281.1540222167969,30.49512481689453,12.826833724975586,525.4199829101562,103.60787963867188,136.20318603515625,123.68999481201172,72.21402740478516,77.79650115966797,4.601367950439453,267.55999755859375,34.334598541259766
2020-10-21,23.103544235229492,558.2928466796875,168.89529418945312,157.0910186767578,20.719999313354492,329.85986328125,147.48304748535156,332.4071044921875,36.2471809387207,97.4095687866211,8372.943359375,773.7655029296875,40.61316680908203,98.19676971435547,231.40933227539062,104.12725830078125,314.1280517578125,201.41502380371094,466.81719970703125,211.3800048828125,572.4000244140625,419.7300109863281,216.77000427246094,133.45066833496094,38.17097854614258,3.990000009536743,8.586941719055176,60.924251556396484,29.688983917236328,279.979736328125,30.49512481689453,12.51523208618164,489.04998779296875,103.16960144042969,134.99789428710938,120.76818084716797,72.35299682617188,79.66549682617188,4.637814521789551,278.7300109863281,34.5423583984375
2020-10-22,22.711166381835938,554.6217651367188,165.74969482421875,153.5411376953125,21.18000030517578,330.0378723144531,147.24679565429688,331.7579040527344,36.34474563598633,98.88892364501953,8326.0146484375,749.0927734375,41.17723846435547,98.34025573730469,225.69444274902344,106.61531066894531,316.9891662597656,203.49696350097656,479.9923400878906,210.0800018310547,575.72998046875,423.5899963378906,214.8000030517578,132.69500732421875,37.66921615600586,3.950000047683716,8.574228286743164,60.522071838378906,29.162851333618164,279.0154724121094,30.126544952392578,12.547786712646484,485.2300109863281,104.69408416748047,133.36343383789062,122.71604919433594,71.66807556152344,80.7665023803711,4.610479831695557,278.1199951171875,34.0229606628418
2020-10-23,22.711166381835938,537.1359252929688,166.61111450195312,154.14720153808594,21.100000381469727,326.0904846191406,148.48248291015625,331.93499755859375,36.49110412597656,105.77359008789062,8249.75390625,748.591796875,41.76774597167969,98.76116943359375,227.56112670898438,106.21493530273438,321.72845458984375,205.7078399658203,478.179931640625,211.5800018310547,579.8099975585938,429.6600036621094,216.32000732421875,134.04934692382812,37.5670051574707,3.940000057220459,8.626896858215332,59.78639221191406,29.397729873657227,280.68621826171875,30.233238220214844,12.48267650604248,488.2799987792969,104.62737274169922,135.6516876220703,119.79424285888672,72.49195861816406,82.05000305175781,4.537586688995361,284.7900085449219,33.726165771484375
2020-10-26,22.673799514770508,530.7598266601562,162.72988891601562,151.97299194335938,20.520000457763672,314.663818359375,145.37509155273438,328.1181335449219,35.61297607421875,104.80631256103516,8234.111328125,742.281494140625,40.42808151245117,96.11134338378906,226.98678588867188,102.88797760009766,314.3907775878906,200.225341796875,480.4305114746094,207.14999389648438,585.739990234375,428.9599914550781,212.14999389648438,132.91091918945312,36.47056579589844,3.890000104904175,8.586941719055176,58.37388610839844,28.777645111083984,273.430419921875,28.797718048095703,12.278042793273926,488.239990234375,102.35016632080078,131.16998291015625,93.98491668701172,72.0551986694336,79.52249908447266,,277.1099853515625,32.02452087402344
2020-10-27,22.430898666381836,527.0887451171875,159.8359375,151.0686798095703,20.100000381469727,313.72393798828125,141.97694396972656,325.46209716796875,34.93974685668945,101.08897399902344,8355.3447265625,745.0079345703125,38.30400085449219,94.83904266357422,226.0677947998047,100.2950439453125,311.9092712402344,204.7164306640625,487.27203369140625,212.19000244140625,582.52001953125,443.1600036621094,223.05999755859375,128.13150024414062,36.49843978881836,3.8499999046325684,8.43982982635498,57.70686340332031,28.18574333190918,270.6617126464844,27.77927589416504,12.129217147827148,488.92999267578125,100.44457244873047,133.7202606201172,94.47188568115234,76.18455505371094,80.21299743652344,4.5649213790893555,283.2900085449219,31.445764541625977
2020-10-28,22.3094482421875,503.9029541015625,156.23541259765625,149.31777954101562,19.270000457763672,288.2687072753906,137.43397521972656,321.3796691894531,33.925018310546875,98.4337387084961,8142.208984375,728.39892578125,37.02601623535156,93.27975463867188,220.2954864501953,97.79744720458984,299.7348937988281,202.24781799316406,474.7342834472656,208.33999633789062,567.0399780273438,422.8900146484375,226.94000244140625,124.19608306884766,35.411293029785156,3.809999942779541,8.105650901794434,56.22569274902344,27.218034744262695,260.61810302734375,27.061513900756836,11.92923355102539,486.239990234375,97.4813461303711,126.0369644165039,90.08916473388672,75.39044189453125,75.83100128173828,4.492027759552002,267.6700134277344,30.026079177856445
2020-10-29,22.35616111755371,502.5505676269531,155.58692932128906,148.3942108154297,19.739999771118164,290.0494689941406,138.19720458984375,320.435302734375,33.94453430175781,99.24927520751953,8206.7353515625,713.5722045898438,36.968326568603516,95.83393096923828,221.75050354003906,96.63443756103516,295.5308532714844,197.8062744140625,469.9242858886719,207.00999450683594,555.7899780273438,441.79998779296875,217.88999938964844,123.13753509521484,36.015262603759766,3.8299999237060547,8.07114315032959,58.36407470703125,27.800539016723633,264.2364501953125,27.430091857910156,12.343153953552246,504.2099914550781,99.30120849609375,129.9996337890625,91.5500717163086,77.9514389038086,78.36199951171875,4.537586688995361,280.8299865722656,29.937040328979492
2020-10-30,22.03852081298828,500.9082336425781,153.0220184326172,146.4412841796875,20.239999771118164,285.5579528808594,137.17958068847656,317.474365234375,33.320091247558594,101.0510482788086,8093.32373046875,704.4776611328125,37.9979362487793,94.89643096923828,219.8359832763672,95.87181091308594,296.9516906738281,198.05413818359375,471.1591491699219,208.36000061035156,543.5599975585938,424.82000732421875,196.4600067138672,121.70388793945312,35.448463439941406,3.7200000286102295,8.138341903686523,58.09922409057617,28.43941879272461,263.7304382324219,27.721078872680664,12.185027122497559,475.739990234375,98.89149475097656,125.10867309570312,89.60220336914062,75.77757263183594,81.05049896240234,4.419135093688965,263.1099853515625,29.808425903320312
2020-11-02,22.841960906982422,509.1198425292969,155.0836181640625,148.5288848876953,21.1200008392334,286.87371826171875,140.54136657714844,322.579833984375,34.198211669921875,101.50623321533203,8017.064453125,711.2984008789062,40.20805358886719,97.45061492919922,223.51190185546875,97.64492797851562,303.72491455078125,205.45005798339844,478.5583190917969,207.4199981689453,548.5800170898438,431.04998779296875,190.39999389648438,128.2437286376953,36.182518005371094,3.740000009536743,8.180115699768066,59.1782341003418,29.40712547302246,273.70721435546875,28.97231101989746,12.40826416015625,484.1199951171875,102.27395629882812,125.5753173828125,88.62825775146484,76.9091796875,81.30149841308594,4.492027759552002,261.3599853515625,29.82326889038086
2020-11-03,23.000782012939453,524.8667602539062,159.36166381835938,150.78005981445312,21.1200008392334,292.2358703613281,146.828857421875,329.2986145019531,34.04209899902344,107.49950408935547,8148.07470703125,724.7476196289062,42.45367431640625,99.86127471923828,224.2202606201172,98.31221771240234,312.7266540527344,208.68206787109375,489.46295166015625,211.13999938964844,557.1900024414062,444.1000061035156,195.24000549316406,133.63465881347656,36.8701171875,3.859999895095825,8.227335929870605,60.649600982666016,30.994924545288086,275.9508361816406,31.009197235107422,12.622199058532715,487.2200012207031,105.9994125366211,129.95472717285156,92.52400970458984,74.41766357421875,82.510498046875,4.473804473876953,265.29998779296875,30.545475006103516
2020-11-04,22.552349090576172,534.430908203125,162.8170166015625,150.6742401123047,20.530000686645508,303.9197998046875,149.6273193359375,345.38238525390625,36.2471809387207,104.6735610961914,8515.6865234375,748.8422241210938,39.968406677246094,101.21968078613281,226.93890380859375,97.67351531982422,345.0455017089844,209.89158630371094,508.852294921875,215.08999633789062,587.1400146484375,469.3599853515625,198.74000549316406,129.4220733642578,37.40904235839844,3.8299999237060547,8.438013076782227,63.62174606323242,29.37894058227539,276.18951416015625,30.456329345703125,12.757072448730469,496.95001220703125,100.90193176269531,137.6879119873047,94.47188568115234,78.13011169433594,87.45649719238281,4.847381591796875,287.3800048828125,30.782913208007812
2020-11-05,22.31879234313965,545.9271240234375,163.8139190673828,152.6079559326172,21.43000030517578,313.15020751953125,151.4990234375,350.19268798828125,37.261905670166016,104.46493530273438,8615.4111328125,752.4647216796875,40.287933349609375,101.28663635253906,229.66709899902344,99.15111541748047,344.8898010253906,212.57830810546875,512.6265869140625,219.47999572753906,588.8099975585938,467.9700012207031,208.50999450683594,135.07815551757812,38.36610412597656,4.050000190734863,8.510661125183105,68.61456298828125,29.7453556060791,289.6032409667969,30.37873077392578,12.938451766967773,513.760009765625,105.35360717773438,141.3386688232422,94.95884704589844,80.2344970703125,88.16850280761719,4.874716281890869,294.67999267578125,31.91074562072754
2020-11-06,22.234710693359375,548.2457885742188,163.10736083984375,155.3689727783203,20.93000030517578,310.2909851074219,153.4979248046875,348.5892333984375,37.30093765258789,105.2046127319336,8644.7412109375,765.3164672851562,38.8944091796875,100.33959197998047,231.80178833007812,98.72212982177734,338.13604736328125,212.09251403808594,525.4730834960938,220.27999877929688,578.030029296875,478.1000061035156,206.13999938964844,136.0011749267578,38.63557052612305,4.010000228881836,8.363550186157227,69.18350219726562,30.083585739135742,292.8301696777344,29.18569564819336,13.240752220153809,514.72998046875,105.49752044677734,145.35125732421875,95.93279266357422,79.17237854003906,88.0875015258789,4.911162853240967,293.4100036621094,31.950321197509766
2020-11-09,21.767593383789062,581.285400390625,148.52139282226562,149.02919006347656,22.1200008392334,340.8808288574219,168.3443603515625,340.7687072753906,37.086273193359375,121.89471435546875,8372.943359375,716.0096435546875,53.255699157714844,95.28865814208984,227.80999755859375,107.93085479736328,340.6078796386719,196.84463500976562,482.97991943359375,222.85000610351562,567.5499877929688,436.45001220703125,177.97999572753906,144.6620635986328,37.95726013183594,4.71999979019165,8.566963195800781,69.93880462646484,30.30906867980957,298.5107727050781,27.944164276123047,13.715131759643555,470.5,108.89387512207031,136.05593872070312,96.41976165771484,77.98121643066406,88.1500015258789,4.929386138916016,278.7699890136719,31.77718734741211
2020-11-10,21.421932220458984,590.2698974609375,150.7088165283203,152.06918334960938,22.920000076293945,331.2052917480469,174.15936279296875,329.6429443359375,37.44728469848633,127.4517822265625,8077.68017578125,700.1712036132812,50.70830154418945,95.60433959960938,222.44932556152344,109.20824432373047,344.1988220214844,199.4322052001953,466.6479187011719,215.35000610351562,559.219970703125,441.2300109863281,172.44000244140625,149.3656463623047,36.21968460083008,4.730000019073486,8.536087036132812,68.06526184082031,31.88747215270996,295.93304443359375,29.272993087768555,13.761638641357422,480.239990234375,110.19866180419922,127.46432495117188,97.39369201660156,73.25628662109375,87.01950073242188,4.765377044677734,272.42999267578125,31.96021270751953
2020-11-11,21.73956871032715,602.2490844726562,152.92526245117188,153.627685546875,22.440000534057617,328.8408203125,170.92477416992188,338.3684387207031,35.8276252746582,128.5138702392578,8284.951171875,733.00390625,49.3946533203125,97.59410095214844,228.2599334716797,105.0900650024414,342.2623291015625,201.75210571289062,481.9940185546875,216.72000122070312,567.72998046875,455.05999755859375,182.5500030517578,142.84542846679688,36.27543640136719,4.610000133514404,8.645059585571289,69.80147552490234,32.159934997558594,268.1221923828125,30.010150909423828,13.91976547241211,490.760009765625,109.44072723388672,133.93235778808594,99.34156799316406,72.89894104003906,87.635498046875,4.692483901977539,276.4800109863281,32.09377670288086
2020-11-12,21.730226516723633,588.0479736328125,152.90589904785156,153.4737548828125,21.799999237060547,324.7845764160156,169.9434814453125,336.1551208496094,35.847145080566406,125.5172348022461,8384.67578125,732.4837036132812,46.270320892333984,98.16808319091797,227.83871459960938,104.47997283935547,344.8995666503906,199.80892944335938,484.5434265136719,218.30999755859375,556.780029296875,449.2200012207031,186.99000549316406,141.98130798339844,36.05242919921875,4.230000019073486,8.399873733520508,68.46745300292969,31.59621810913086,253.29541015625,29.011274337768555,13.9104642868042,486.7699890136719,108.7211685180664,134.3191375732422,97.39369201660156,72.75997161865234,87.49199676513672,4.719819068908691,275.0799865722656,31.866230010986328
2020-11-13,21.664831161499023,588.3377685546875,154.11575317382812,156.6965789794922,23.1200008392334,331.45263671875,173.159912109375,336.3518371582031,36.733402252197266,127.22417449951172,8206.7353515625,732.9655151367188,48.64908218383789,99.0385971069336,232.70164489746094,107.24449157714844,346.125732421875,197.8756866455078,486.5650329589844,225.52000427246094,566.4299926757812,453.6400146484375,183.07000732421875,147.04820251464844,36.1639289855957,4.400000095367432,8.487051010131836,71.41997528076172,31.389524459838867,251.92063903808594,30.35610580444336,13.891860961914062,482.8399963378906,109.80531311035156,132.72459411621094,99.34156799316406,75.89669036865234,88.85099792480469,4.637814521789551,276.95001220703125,32.702205657958984
2020-11-16,21.627460479736328,598.094970703125,156.6999969482422,158.90927124023438,24.06999969482422,331.8681640625,175.2496795654297,334.08929443359375,36.958641052246094,131.60531616210938,8079.6357421875,727.4547729492188,50.32662582397461,98.78031158447266,228.87257385253906,106.40560913085938,347.2449035644531,202.74351501464844,478.99652099609375,224.27000427246094,559.2899780273438,455.3699951171875,177.0,149.0808563232422,35.9409294128418,4.909999847412109,8.468889236450195,73.05809783935547,32.10356521606445,254.37425231933594,31.564496994018555,13.812798500061035,479.1000061035156,112.73152923583984,134.903076171875,98.36763000488281,75.27133178710938,89.06900024414062,4.710707664489746,278.9599914550781,33.31559371948242
2020-11-17,21.898386001586914,599.0610961914062,154.72552490234375,157.49888610839844,24.299999237060547,332.9068908691406,179.41104125976562,331.177490234375,37.18387985229492,131.24496459960938,7758.95361328125,726.2462768554688,53.48646926879883,99.67953491210938,228.95870971679688,104.9947509765625,342.6515197753906,203.0111846923828,477.0148010253906,222.9600067138672,538.1500244140625,455.8500061035156,179.33999633789062,150.26904296875,36.089599609375,5.019999980926514,8.325409889221191,72.9501953125,31.69017219543457,254.2310791015625,32.646209716796875,13.905813217163086,480.6300048828125,111.35956573486328,133.97479248046875,95.93279266357422,74.46730041503906,88.50749969482422,4.965832233428955,275.0,33.56786346435547
2020-11-18,21.795621871948242,602.345703125,142.0269012451172,161.1793975830078,24.5,332.3529052734375,179.84716796875,331.0003967285156,37.27201461791992,134.279541015625,7913.42919921875,709.9458618164062,50.78818130493164,97.0009994506836,227.54197692871094,104.35603332519531,335.26519775390625,197.3204803466797,452.297607421875,216.35000610351562,519.0399780273438,444.05999755859375,181.8699951171875,148.5113525390625,36.1639289855957,4.989999771118164,8.305432319641113,74.48494720458984,32.019004821777344,255.5772247314453,32.46105194091797,13.8639554977417,481.7900085449219,112.011962890625,134.03968811035156,95.93279266357422,74.91398620605469,87.33899688720703,4.956721305847168,271.9700012207031,33.43925476074219
2020-11-19,21.973125457763672,591.2359008789062,144.79505920410156,165.54579162597656,25.030000686645508,330.3148498535156,176.6852569580078,333.1154479980469,37.67353439331055,131.75706481933594,7911.47412109375,706.3397216796875,51.43613052368164,95.65216827392578,228.2407684326172,105.81456756591797,327.9566955566406,197.06272888183594,451.22216796875,211.97000122070312,514.7100219726562,457.19000244140625,191.19000244140625,148.12835693359375,36.30331039428711,4.960000038146973,8.283638000488281,76.0000228881836,31.201616287231445,258.1167297363281,33.84486389160156,13.794194221496582,484.6700134277344,113.32636260986328,134.15443420410156,98.36763000488281,74.6261215209961,88.19599914550781,4.929386138916016,272.94000244140625,33.88445281982422
2020-11-20,21.945098876953125,592.8782958984375,145.11444091796875,166.45382690429688,25.489999771118164,319.55108642578125,177.50299072265625,332.7711181640625,37.399330139160156,130.6380615234375,7952.53662109375,703.95166015625,52.21721649169922,95.92002868652344,222.7173614501953,105.01380920410156,325.7184143066406,200.98870849609375,449.170654296875,215.2100067138672,518.739990234375,464.2900085449219,200.0,144.68170166015625,36.972328186035156,4.920000076293945,8.283638000488281,75.4786148071289,31.52105712890625,258.2313232421875,33.094486236572266,13.845353126525879,488.239990234375,112.63558959960938,130.63595581054688,95.44581604003906,75.8371353149414,87.1094970703125,4.993167400360107,269.70001220703125,33.8053092956543
2020-11-23,21.75825309753418,589.3037109375,148.73431396484375,171.52542114257812,26.5,328.4945373535156,178.8295440673828,331.6300048828125,37.810630798339844,132.951904296875,7708.11376953125,687.8446044921875,53.832618713378906,95.24081420898438,219.1276092529297,105.78596496582031,326.0687561035156,196.66616821289062,444.1814270019531,217.8699951171875,523.6099853515625,459.7900085449219,194.00999450683594,146.7045135498047,36.517024993896484,5.019999980926514,8.200092315673828,79.19744110107422,31.52105712890625,262.7948303222656,34.390586853027344,13.784892082214355,476.6199951171875,115.37952423095703,131.15748596191406,96.41976165771484,74.119873046875,86.74299621582031,5.25740385055542,268.42999267578125,34.319759368896484
2020-11-24,21.804964065551758,583.8938598632812,149.98291015625,171.8152313232422,27.200000762939453,338.7340393066406,181.70068359375,329.4220886230469,37.399330139160156,142.4349365234375,7446.0927734375,669.3978881835938,55.101898193359375,94.52336883544922,218.3139190673828,108.73161315917969,326.9932861328125,197.0528106689453,437.7382507324219,216.5,506.1000061035156,446.8299865722656,186.4199981689453,152.2624053955078,37.093116760253906,5.409999847412109,8.183747291564941,81.60779571533203,32.78002166748047,271.1581726074219,34.107975006103516,13.836050987243652,482.8800048828125,118.24817657470703,129.33836364746094,95.44581604003906,75.23162078857422,88.44400024414062,5.220958232879639,276.9200134277344,34.78968811035156
2020-11-25,21.851673126220703,583.50732421875,149.9054718017578,173.7086181640625,27.299999237060547,337.67547607421875,180.44683837890625,333.19720458984375,38.06524658203125,135.9864959716797,7553.638671875,670.5194091796875,53.85926055908203,94.71469116210938,223.04283142089844,108.01665496826172,324.24896240234375,194.77256774902344,446.5914001464844,218.10000610351562,508.30999755859375,446.4800109863281,190.58999633789062,150.84840393066406,37.650634765625,6.0,8.28908634185791,79.82709503173828,33.48466110229492,265.52532958984375,34.06899642944336,14.06859016418457,485.0,117.23119354248047,132.10324096679688,97.39369201660156,74.19928741455078,88.57150268554688,5.189617156982422,275.5899963378906,34.30491638183594
2020-11-26,22.0291805267334,582.2514038085938,,,,,180.1742706298828,,,133.80540466308594,7672.91748046875,,,,,,,,,,,,,,37.650634765625,,8.327226638793945,,32.59211730957031,,,14.03603458404541,,,,98.36763000488281,,,5.355537414550781,,
2020-11-27,22.244054794311523,585.6326293945312,149.70220947265625,173.66030883789062,27.479999542236328,335.4494934082031,179.82899475097656,336.67669677734375,37.90856170654297,132.28811645507812,7743.31103515625,677.2677001953125,54.006431579589844,96.23570251464844,224.0862579345703,109.23685455322266,328.8714904785156,198.28216552734375,451.5208435058594,226.7100067138672,514.0499877929688,454.2300109863281,196.4499969482422,150.28866577148438,37.64133834838867,5.789999961853027,8.323594093322754,81.32250213623047,32.08477783203125,265.2484436035156,32.97754669189453,14.091843605041504,491.3599853515625,116.9529800415039,132.3677520751953,95.93279266357422,75.39044189453125,89.65950012207031,5.337101936340332,277.80999755859375,34.537410736083984
2020-11-30,22.412214279174805,584.4734497070312,150.81529235839844,173.42849731445312,26.90999984741211,332.9168395996094,179.68360900878906,346.7403869628906,37.14470291137695,127.60350036621094,7925.1611328125,674.6282958984375,51.6428108215332,95.70956420898438,221.31976318359375,108.388427734375,327.314453125,198.12355041503906,463.0528869628906,227.75,516.030029296875,460.9800109863281,198.77000427246094,147.40171813964844,37.85505294799805,5.21999979019165,8.27273941040039,81.1454086303711,30.835205078125,267.45391845703125,33.35760498046875,14.138351440429688,490.70001220703125,116.19503021240234,133.76766967773438,99.34156799316406,72.4621810913086,88.03700256347656,5.097439289093018,276.9700012207031,34.14662551879883
2020-12-01,22.187997817993164,587.2750854492188,148.47299194335938,172.9647979736328,27.68000030517578,335.2615051269531,181.46446228027344,329.530517578125,38.11420822143555,135.83474731445312,7811.7490234375,688.927490234375,52.249324798583984,95.85305786132812,225.75186157226562,106.90132141113281,332.0342712402344,199.72962951660156,469.1474914550781,230.3000030517578,514.0700073242188,467.8599853515625,195.19000244140625,149.16925048828125,38.03160095214844,5.239999771118164,8.205541610717773,82.90644073486328,31.464689254760742,270.356201171875,33.484291076660156,14.133700370788574,504.5799865722656,115.8016586303711,133.65284729003906,99.34156799316406,74.0503921508789,89.90499877929688,5.143528461456299,286.54998779296875,34.88367462158203
2020-12-02,21.973125457763672,584.5700073242188,146.93406677246094,170.4145050048828,28.3700008392334,336.5872497558594,180.68307495117188,328.50543212890625,38.40800476074219,139.34347534179688,8558.705078125,667.6964721679688,53.471275329589844,93.28932189941406,219.11802673339844,108.29310607910156,338.2333068847656,197.1321258544922,476.9052429199219,226.6999969482422,505.1300048828125,462.5899963378906,195.02999877929688,149.8468017578125,37.706382751464844,5.349999904632568,8.274557113647461,83.9099349975586,31.586822509765625,261.4773864746094,33.338111877441406,14.11044692993164,503.3800048828125,114.09390258789062,135.1950225830078,97.39369201660156,73.95113372802734,91.39749908447266,5.106657028198242,287.5199890136719,34.88367462158203
2020-12-03,21.870361328125,584.4734497070312,147.0889434814453,168.97512817382812,28.239999771118164,331.5614318847656,180.06521606445312,321.9309387207031,38.40800476074219,140.8797149658203,8478.53515625,669.6590576171875,55.46918869018555,92.88753509521484,216.55255126953125,107.21590423583984,339.3232727050781,194.95101928710938,475.22222900390625,226.8699951171875,498.8399963378906,460.07000732421875,197.2100067138672,149.99407958984375,37.6599235534668,5.25,8.183747291564941,84.70681762695312,31.87807846069336,255.14756774902344,35.30663299560547,13.998828887939453,497.5199890136719,111.99278259277344,133.7522430419922,99.34156799316406,75.88676452636719,91.3385009765625,5.217270374298096,281.8500061035156,35.07659149169922
2020-12-04,21.403244018554688,581.4786376953125,145.18222045898438,169.08140563964844,28.479999542236328,340.673095703125,179.95619201660156,334.5870361328125,38.750755310058594,140.93661499023438,8441.3818359375,684.8185424804688,56.994384765625,94.37986755371094,218.89785766601562,108.53142547607422,341.7258605957031,197.14205932617188,472.6529235839844,228.32000732421875,492.45001220703125,457.1499938964844,203.66000366210938,154.83514404296875,36.963035583496094,5.869999885559082,8.203725814819336,87.4024887084961,32.413604736328125,261.36279296875,35.813385009765625,14.115097999572754,498.30999755859375,113.99797058105469,135.37225341796875,97.39369201660156,75.17206573486328,91.39949798583984,5.263359546661377,279.70001220703125,35.665245056152344
2020-12-07,21.664831161499023,569.4027099609375,147.10829162597656,167.033447265625,28.799999237060547,337.3192443847656,178.7023162841797,331.4230041503906,39.0445442199707,138.69863891601562,8521.5517578125,674.3963012695312,55.683250427246094,93.29888916015625,214.68589782714844,107.34935760498047,339.74322509765625,195.63510131835938,470.93011474609375,227.05999755859375,495.4100036621094,459.3599853515625,197.3000030517578,152.5668182373047,36.52631759643555,6.150000095367432,8.152872085571289,87.6976318359375,31.849897384643555,256.9902038574219,36.12522506713867,14.119749069213867,515.780029296875,112.63558959960938,135.85650634765625,99.34156799316406,75.27133178710938,90.9739990234375,5.291012763977051,285.5799865722656,34.814422607421875
2020-12-08,21.683513641357422,565.055419921875,146.38238525390625,166.8498992919922,28.09000015258789,337.151123046875,177.3576202392578,328.91943359375,38.917240142822266,138.79345703125,8527.4189453125,672.2017822265625,55.03214645385742,92.7057876586914,214.05410766601562,105.98616027832031,339.74322509765625,200.36412048339844,472.0155944824219,229.8300018310547,497.1400146484375,460.69000244140625,198.25999450683594,156.31788635253906,36.91657257080078,6.53000020980835,8.223703384399414,88.29776000976562,32.10356521606445,256.083251953125,36.612483978271484,14.073241233825684,512.6599731445312,113.07691955566406,133.29299926757812,100.31550598144531,75.27133178710938,90.92749786376953,5.291012763977051,283.3999938964844,35.55146789550781
2020-12-09,22.04786491394043,554.8150024414062,154.98683166503906,168.15402221679688,28.5,333.2532043457031,179.22930908203125,322.5913391113281,38.339454650878906,138.3572235107422,8464.8466796875,655.8820190429688,55.33540344238281,92.2466049194336,210.06231689453125,107.6734619140625,336.3737487792969,200.63180541992188,459.4677429199219,224.3800048828125,488.6400146484375,449.8800048828125,192.27999877929688,157.04454040527344,36.563480377197266,6.679999828338623,8.34538745880127,86.39899444580078,31.333154678344727,258.3172302246094,37.5675048828125,14.00813102722168,493.6000061035156,113.10570526123047,129.1069793701172,99.34156799316406,74.04046630859375,89.20649719238281,5.272577285766602,277.9200134277344,35.38328170776367
2020-12-10,21.935758590698242,553.8489379882812,155.07395935058594,166.540771484375,28.790000915527344,327.9801025390625,178.48426818847656,321.1621398925781,38.20235061645508,134.4312744140625,8484.400390625,664.1868286132812,55.255130767822266,92.96406555175781,210.03359985351562,107.41608428955078,331.7248229980469,205.80697631835938,466.7972412109375,224.0399932861328,478.9800109863281,454.2699890136719,199.00999450683594,158.8709716796875,36.386940002441406,6.809999942779541,8.301799774169922,86.46786499023438,30.94794464111328,256.646484375,37.918331146240234,13.956971168518066,501.0899963378906,110.47689819335938,129.52134704589844,98.36763000488281,75.28125762939453,88.7665023803711,5.364755630493164,277.1199951171875,35.694923400878906
2020-12-11,21.664831161499023,554.0421752929688,152.75103759765625,165.87423706054688,28.93000030517578,323.923828125,172.56024169921875,320.1665954589844,38.79971694946289,129.02593994140625,8335.791015625,665.9948120117188,54.45240020751953,93.14583587646484,210.42608642578125,107.13009643554688,329.20501708984375,202.40643310546875,469.4363098144531,224.1699981689453,479.7699890136719,456.2300109863281,199.5800018310547,154.7271270751953,36.191810607910156,6.889999866485596,8.082039833068848,86.87123107910156,30.47818374633789,255.25259399414062,38.74665832519531,13.650020599365234,503.2200012207031,110.90864562988281,129.93072509765625,97.39369201660156,74.58641815185547,89.0885009765625,5.429279804229736,273.54998779296875,35.43769836425781
2020-12-14,21.8890438079834,544.9609985351562,154.9481201171875,165.17869567871094,28.649999618530273,327.614013671875,175.01344299316406,319.0429382324219,38.40800476074219,135.00025939941406,8515.6865234375,667.1260375976562,53.80690002441406,92.66751861572266,207.45855712890625,106.73925018310547,328.28692626953125,202.35687255859375,465.4112243652344,228.1300048828125,500.3800048828125,458.1700134277344,194.6300048828125,157.95777893066406,36.62852478027344,7.150000095367432,8.083857536315918,87.0679931640625,30.750646591186523,253.38137817382812,38.425071716308594,13.798845291137695,522.4199829101562,109.22006225585938,132.88111877441406,96.41976165771484,72.62100219726562,88.00299835205078,5.908605098724365,274.19000244140625,35.82848358154297
2020-12-15,21.879703521728516,550.3711547851562,158.08409118652344,165.58444213867188,28.719999313354492,330.0873718261719,176.32180786132812,319.20062255859375,38.80951690673828,137.21926879882812,8644.7412109375,672.5498046875,56.11225891113281,95.23126220703125,207.96588134765625,109.52283477783203,331.744384765625,204.00259399414062,469.2469787597656,228.80999755859375,491.7900085449219,464.9599914550781,196.11000061035156,158.04612731933594,36.730735778808594,7.25,8.109283447265625,87.03848266601562,30.929155349731445,257.7825927734375,37.392093658447266,13.877908706665039,519.780029296875,111.81049346923828,133.39781188964844,96.90672302246094,72.581298828125,88.38849639892578,6.212791919708252,275.54998779296875,36.47649002075195
2020-12-16,22.0291805267334,537.4257202148438,157.9582061767578,165.8549346923828,28.790000915527344,328.5539245605469,180.44683837890625,316.2732238769531,39.377506256103516,136.74513244628906,8625.1875,667.2805786132812,55.263877868652344,95.51823425292969,210.234619140625,109.59910583496094,331.42205810546875,200.23524475097656,456.10552978515625,232.11000061035156,486.57000732421875,467.5799865722656,187.07000732421875,158.64511108398438,37.76213455200195,7.369999885559082,8.19827651977539,87.11717987060547,31.455289840698242,256.7228698730469,36.96330261230469,13.96627426147461,524.8300170898438,110.68797302246094,132.21966552734375,100.31550598144531,73.51437377929688,88.1500015258789,6.3510589599609375,275.6700134277344,36.54079818725586
2020-12-17,21.75825309753418,552.689697265625,158.2873077392578,165.4202117919922,28.739999771118164,333.3026428222656,182.4003143310547,316.46044921875,39.58315658569336,138.01585388183594,8681.8935546875,689.0821533203125,55.485191345214844,96.77873229980469,213.1925811767578,109.95182037353516,333.69769287109375,200.94906616210938,463.229248046875,236.9199981689453,496.2099914550781,477.79998779296875,196.80999755859375,161.777587890625,38.46831512451172,7.320000171661377,8.254578590393066,86.08418273925781,31.896867752075195,256.4364318847656,37.84037399291992,14.0267333984375,532.9000244140625,110.61121368408203,133.20562744140625,100.31550598144531,74.72538757324219,87.3949966430664,6.258881092071533,274.4800109863281,36.95631408691406
2020-12-18,21.879703521728516,539.0679931640625,157.9582061767578,164.62806701660156,27.799999237060547,336.696044921875,182.21859741210938,317.87982177734375,39.211029052734375,137.50376892089844,8722.95703125,686.172119140625,53.5855827331543,94.36358642578125,212.0534210205078,111.25782012939453,330.4844665527344,203.34828186035156,464.96282958984375,236.72000122070312,498.8900146484375,485.5199890136719,196.33999633789062,161.37498474121094,38.291770935058594,7.539999961853027,8.22188663482666,84.69698333740234,32.64849090576172,257.3434143066406,37.216678619384766,14.054637908935547,534.4500122070312,111.36915588378906,132.51419067382812,99.34156799316406,74.75515747070312,86.55049896240234,6.461672782897949,276.3999938964844,36.07086944580078
2020-12-21,21.506011962890625,527.1854248046875,159.0519561767578,165.9225311279297,27.3700008392334,330.7996520996094,177.1759033203125,315.00164794921875,38.8780632019043,133.9571075439453,8633.009765625,681.01904296875,51.41856002807617,93.57460021972656,210.38780212402344,109.64830780029297,328.2380676269531,203.159912109375,461.1767883300781,234.5500030517578,496.739990234375,489.67999267578125,199.75,160.14755249023438,37.520545959472656,7.389999866485596,8.01484203338623,85.0118179321289,31.708965301513672,252.51255798339844,37.23617172241211,13.756988525390625,528.9099731445312,112.23265075683594,133.1157684326172,100.31550598144531,73.34562683105469,86.96849822998047,6.452455043792725,272.7900085449219,36.14012145996094
2020-12-22,21.46864128112793,538.00537109375,159.32298278808594,166.49249267578125,27.209999084472656,328.6924133300781,176.9941864013672,314.3609924316406,38.67241668701172,138.43309020996094,8732.734375,689.7589111328125,51.5937614440918,93.95946502685547,211.0674591064453,109.82075500488281,327.19305419921875,201.64303588867188,463.48828125,234.89999389648438,490.05999755859375,499.1499938964844,206.0399932861328,160.32431030273438,37.05595397949219,7.829999923706055,7.998496055603027,84.2542724609375,32.39481735229492,252.05430603027344,36.612483978271484,13.626766204833984,527.3300170898438,111.8776626586914,132.5766143798828,99.34156799316406,72.75004577636719,86.17500305175781,6.452455043792725,267.0899963378906,35.97687911987305
2020-12-23,21.63680076599121,535.3003540039062,157.2129669189453,168.9654998779297,28.260000228881836,325.7145690917969,181.70068359375,309.1369323730469,38.829105377197266,143.97119140625,8701.447265625,679.7428588867188,52.29458236694336,92.55465698242188,208.10948181152344,109.15970611572266,329.712890625,202.3072967529297,456.6535339355469,235.83999633789062,492.19000244140625,493.67999267578125,209.4199981689453,162.8675537109375,37.21391296386719,7.820000171661377,8.16195297241211,82.67032623291016,32.44179153442383,254.19288635253906,37.294647216796875,13.770940780639648,514.47998046875,112.27100372314453,129.8907470703125,98.36763000488281,73.10739135742188,86.61900329589844,6.452455043792725,268.1099853515625,36.30830383300781
2020-12-24,21.917070388793945,533.9478759765625,157.5420684814453,169.23599243164062,28.56999969482422,332.4122619628906,,312.0446472167969,39.01517105102539,146.6074676513672,8679.9375,682.5079345703125,52.3222541809082,93.5649642944336,210.47752380371094,109.24593353271484,332.8382873535156,202.11891174316406,456.4043884277344,234.4600067138672,488.92999267578125,497.1400146484375,207.9499969482422,161.5377960205078,,7.650000095367432,,83.94928741455078,32.79881286621094,256.19781494140625,37.772151947021484,,513.969970703125,113.27840423583984,129.7360076904297,,69.23612213134766,86.94249725341797,6.3049702644348145,267.3999938964844,36.10549545288086
2020-12-28,22.04786491394043,552.0133666992188,156.83551025390625,170.3952178955078,29.450000762939453,340.7917785644531,183.8086395263672,313.48370361328125,38.66262435913086,,,686.3170776367188,53.788448333740234,94.5079345703125,212.80711364746094,110.29976654052734,337.8778076171875,200.780517578125,459.0347595214844,232.47000122070312,482.9599914550781,494.70001220703125,197.8300018310547,161.30174255371094,38.11522674560547,7.599999904632568,8.294534683227539,83.49673461914062,,256.4364318847656,36.495540618896484,14.00347900390625,519.1199951171875,112.94261169433594,128.7999725341797,105.18518829345703,66.7843246459961,88.80449676513672,6.664463996887207,277.0,36.03623962402344
2020-12-29,22.04786491394043,557.9063720703125,155.38368225097656,169.091064453125,29.690000534057617,342.95843505859375,183.17262268066406,316.8843078613281,38.61365509033203,141.56248474121094,8898.9404296875,685.2536010742188,53.20750427246094,94.02682495117188,212.2391357421875,110.7213134765625,339.2451477050781,200.4632568359375,461.1568908691406,233.49000549316406,484.2200012207031,494.07000732421875,198.97999572753906,161.13453674316406,37.678504943847656,7.53000020980835,8.256394386291504,82.90644073486328,32.60150909423828,256.5605163574219,35.71592712402344,14.0267333984375,530.8699951171875,112.40533447265625,129.23178100585938,105.18518829345703,69.3453140258789,87.93599700927734,6.636810302734375,276.7799987792969,35.368446350097656
2020-12-30,21.832990646362305,568.0501708984375,155.4030303955078,167.9705047607422,29.809999465942383,351.7535095214844,183.85406494140625,318.99365234375,38.8682746887207,141.18319702148438,8895.0302734375,677.1517944335938,53.52103042602539,95.08524322509766,212.10435485839844,110.78838348388672,336.9402160644531,199.7791748046875,460.0310974121094,232.67999267578125,478.29998779296875,496.9599914550781,203.57000732421875,159.67889404296875,37.771427154541016,7.599999904632568,8.243680953979492,85.57259368896484,32.72365188598633,258.8232421875,36.58324432373047,13.989526748657227,524.5900268554688,114.45848846435547,131.25364685058594,106.15912628173828,71.19161224365234,86.97599792480469,6.590721607208252,271.8699951171875,35.86310958862305
2020-12-31,21.590089797973633,574.2330932617188,155.35464477539062,170.53041076660156,30.09000015258789,353.128662109375,,324.0206298828125,39.65170669555664,139.096923828125,8807.037109375,690.474365234375,54.94112777709961,95.89350128173828,216.0703887939453,112.22545623779297,342.4974365234375,201.8016815185547,464.0661315917969,236.33999633789062,483.1099853515625,499.8699951171875,199.9600067138672,161.75418090820312,,7.760000228881836,,84.90357971191406,31.962635040283203,262.1429748535156,36.22267150878906,,540.72998046875,115.26439666748047,130.34756469726562,,71.3603515625,87.59400177001953,6.738206386566162,273.1600036621094,36.25389099121094
2021-01-04,22.225370407104492,560.9979248046875,155.22882080078125,171.59303283691406,30.6299991607666,347.73681640625,181.06468200683594,328.4758605957031,38.829105377197266,136.1002960205078,9055.3720703125,669.572021484375,52.82020950317383,92.4103012084961,211.39202880859375,111.15243530273438,341.344970703125,203.1202392578125,470.0839538574219,229.42999267578125,482.8599853515625,491.7699890136719,200.6300048828125,160.9476776123047,37.71567153930664,7.130000114440918,8.256394386291504,85.4643783569336,33.01490020751953,257.3265075683594,35.98879623413086,14.063939094543457,522.8599853515625,113.93080139160156,130.93165588378906,101.28944396972656,72.31328582763672,86.41200256347656,7.0239577293396,268.94000244140625,35.85816192626953
2021-01-05,22.122604370117188,552.1099853515625,155.75146484375,174.23992919921875,31.520000457763672,343.7102966308594,178.41159057617188,323.7445983886719,38.456966400146484,135.79681396484375,8834.4130859375,668.5858154296875,52.08250045776367,92.55465698242188,212.4605712890625,112.04341125488281,336.7546691894531,206.98675537109375,475.9621887207031,228.5800018310547,483.45001220703125,497.260009765625,200.97000122070312,162.29513549804688,37.436920166015625,7.460000038146973,8.118364334106445,88.15019226074219,32.498165130615234,270.9412536621094,36.86585235595703,13.947669982910156,520.7999877929688,115.13967895507812,133.83963012695312,100.31550598144531,76.09522247314453,87.0459976196289,7.033176422119141,270.9700012207031,36.33798599243164
2021-01-06,22.197341918945312,555.6844482421875,157.83242797851562,182.4993438720703,34.25,343.83892822265625,187.5792999267578,324.14874267578125,38.53531265258789,147.02471923828125,8930.2275390625,646.7554931640625,54.58149719238281,90.36082458496094,206.85806274414062,113.873291015625,350.88702392578125,215.28485107421875,483.42462158203125,226.64999389648438,470.0899963378906,483.6000061035156,204.14999389648438,167.75381469726562,37.381168365478516,7.949999809265137,8.230968475341797,89.36029815673828,35.05366897583008,278.2138671875,38.892845153808594,14.091843605041504,500.489990234375,121.31831359863281,125.94937133789062,101.28944396972656,73.0776138305664,86.7645034790039,6.894908905029297,263.30999755859375,36.639732360839844
2021-01-07,22.159969329833984,557.8098754882812,158.45187377929688,184.60525512695312,34.400001525878906,346.5630187988281,186.57984924316406,324.355712890625,39.33832931518555,148.04888916015625,8816.8154296875,656.4330444335938,54.86735916137695,91.717529296875,209.37049865722656,113.7199935913086,356.51263427734375,216.41506958007812,498.4889831542969,232.89999389648438,481.20001220703125,495.19000244140625,228.77999877929688,170.74380493164062,38.27318572998047,8.100000381469727,8.301799774169922,93.0299301147461,36.397193908691406,273.7236328125,39.34111785888672,14.296477317810059,508.8900146484375,123.85116577148438,133.2330780029297,101.28944396972656,72.31328582763672,89.36250305175781,6.968651294708252,268.739990234375,37.76261901855469
2021-01-08,22.094573974609375,566.4078369140625,159.74884033203125,187.02029418945312,34.630001068115234,350.5154113769531,186.3527069091797,322.1675109863281,39.65170669555664,145.0143280029297,9000.6220703125,669.4754028320312,55.549739837646484,92.94914245605469,213.8948516845703,114.68762969970703,354.910888671875,211.71578979492188,510.4149169921875,237.0,498.7300109863281,513.2000122070312,227.77999877929688,169.44552612304688,38.46831512451172,8.050000190734863,8.31269645690918,94.01375579833984,35.607994079589844,274.1553649902344,37.45056915283203,14.133700370788574,510.3999938964844,121.73088073730469,132.56161499023438,102.26337432861328,76.37315368652344,90.3604965209961,7.291273593902588,267.57000732421875,38.19791793823242
2021-01-11,21.945098876953125,563.3164672851562,160.97804260253906,188.6431884765625,35.130001068115234,344.9186096191406,184.53550720214844,314.62713623046875,39.73985290527344,143.3832550048828,8998.666015625,659.7396240234375,55.08867645263672,91.08247375488281,206.88694763183594,113.52838897705078,352.3324890136719,215.13613891601562,511.4610900878906,234.63999938964844,502.9200134277344,506.54998779296875,220.86000061035156,168.55047607421875,38.105934143066406,8.489999771118164,8.227335929870605,96.37491607666016,35.26036834716797,271.6512145996094,37.57725143432617,14.143001556396484,499.1000061035156,121.8076171875,136.0037384033203,102.26337432861328,75.1919174194336,88.33599853515625,6.811948776245117,256.8399963378906,37.41140365600586
2021-01-12,22.27208137512207,555.9743041992188,163.56228637695312,192.33334350585938,35.29999923706055,339.68841552734375,183.8994903564453,311.3349609375,39.58315658569336,146.26608276367188,8775.7509765625,654.0740966796875,55.89093780517578,91.13057708740234,206.87734985351562,112.36915588378906,349.0312805175781,218.30865478515625,496.9346923828125,229.3800048828125,505.75,496.7300109863281,230.08999633789062,169.4062042236328,38.691322326660156,9.25,8.063879013061523,98.39176177978516,34.987911224365234,271.58404541015625,36.680694580078125,14.059288024902344,494.25,123.13160705566406,134.6383819580078,102.26337432861328,75.65846252441406,87.32749938964844,7.420323371887207,251.08999633789062,37.96542739868164
2021-01-13,22.683141708374023,551.4337158203125,164.3753204345703,190.13087463378906,36.689998626708984,343.0662536621094,182.9454803466797,307.5795593261719,40.347007751464844,144.48326110839844,8938.0478515625,667.2129516601562,57.28337097167969,91.80412292480469,208.36940002441406,113.7391586303711,346.7557373046875,218.16986083984375,499.8639221191406,227.10000610351562,511.8999938964844,497.5799865722656,231.7899932861328,167.66529846191406,39.47183609008789,8.6899995803833,8.1201810836792,96.46347045898438,34.405399322509766,278.885498046875,37.0510139465332,14.115097999572754,507.7900085449219,120.32052612304688,135.10768127441406,101.28944396972656,77.8521728515625,87.72000122070312,8.139310836791992,251.63999938964844,35.234886169433594
2021-01-14,22.879331588745117,550.2744750976562,164.9173126220703,191.28041076660156,37.25,323.8490905761719,183.7177734375,301.7936706542969,40.131561279296875,144.95742797851562,9115.9892578125,666.7778930664062,57.246482849121094,91.8907241821289,206.954345703125,112.82901763916016,342.35089111328125,218.30865478515625,495.0815734863281,226.1199951171875,517.9099731445312,488.8999938964844,225.5399932861328,165.50152587890625,40.57756423950195,8.710000038146973,8.109283447265625,104.08806610107422,34.536930084228516,274.6446533203125,37.43107223510742,14.161605834960938,500.8599853515625,119.56259155273438,131.7978057861328,102.26337432861328,80.20471954345703,87.00900268554688,8.13009262084961,245.63999938964844,36.234107971191406
2021-01-15,23.224994659423828,542.7390747070312,165.8367919921875,188.17950439453125,36.7599983215332,320.21368408203125,183.4451904296875,301.56695556640625,39.876949310302734,141.10733032226562,8930.2275390625,684.2675170898438,57.320255279541016,93.98833465576172,211.67120361328125,111.90928649902344,343.1029968261719,221.7885284423828,501.2886657714844,225.5500030517578,517.9299926757812,489.4599914550781,225.25,165.9932861328125,39.648380279541016,8.289999961853027,8.034818649291992,101.47110748291016,34.480560302734375,275.2779846191406,36.99253845214844,14.01278018951416,497.9800109863281,118.17142486572266,128.3955841064453,100.31550598144531,81.64403533935547,86.80950164794922,8.111658096313477,251.36000061035156,36.73371505737305
2021-01-18,22.374845504760742,546.3135986328125,,,,,182.9454803466797,,,143.49703979492188,9006.4873046875,,,,,,,,,,,,,,40.04793167114258,,7.960355758666992,,34.320838928222656,,,13.947669982910156,,,,102.26337432861328,,,8.461934089660645,,
2021-01-19,22.3094482421875,531.6611938476562,165.856201171875,181.76516723632812,36.150001525878906,322.8684387207031,182.71832275390625,308.6539611816406,40.121768951416016,139.2676239013672,8932.1826171875,692.5432739257812,56.35199737548828,94.30586242675781,208.77369689941406,113.34635162353516,343.9721984863281,223.8010711669922,505.5130615234375,231.91000366210938,533.8900146484375,484.92999267578125,232.72000122070312,163.36720275878906,39.97359848022461,8.630000114440918,7.9694366455078125,107.4527359008789,34.565120697021484,274.07861328125,37.226417541503906,14.054637908935547,501.7699890136719,120.4068603515625,130.05052185058594,100.31550598144531,85.26714324951172,89.54299926757812,8.581766128540039,261.1000061035156,37.030513763427734
2021-01-20,21.991811752319336,540.2003784179688,167.4394073486328,181.90040588378906,36.439998626708984,331.75390625,182.08230590820312,317.327880859375,40.601627349853516,138.7555389404297,8926.31640625,703.5841674804688,57.246482849121094,96.54779815673828,214.45318603515625,114.2852554321289,342.65374755859375,227.9352569580078,513.9420166015625,236.6999969482422,542.27001953125,495.0400085449219,246.74000549316406,165.186767578125,40.12226867675781,8.3100004196167,7.951274871826172,106.09505462646484,34.687255859375,274.94207763671875,37.85011291503906,14.091843605041504,586.3400268554688,120.86738586425781,133.45025634765625,103.23731994628906,87.42115783691406,94.34500122070312,8.342103004455566,267.4800109863281,38.113826751708984
2021-01-21,22.159969329833984,533.8930053710938,167.39085388183594,184.76947021484375,36.880001068115234,331.2882995605469,180.7012481689453,313.1683349609375,40.28824996948242,137.31410217285156,8967.3798828125,696.0045776367188,56.42800521850586,96.63439178466797,213.8948516845703,112.96315002441406,346.7166442871094,226.48780822753906,510.4747314453125,238.63999938964844,535.47998046875,496.44000244140625,245.5,164.64581298828125,40.233768463134766,8.220000267028809,7.967620372772217,106.22295379638672,34.508750915527344,271.1522521972656,38.51278305053711,14.06859016418457,579.8400268554688,120.0518798828125,138.45999145507812,101.28944396972656,87.7884292602539,94.5625,8.498805046081543,272.8699951171875,38.03962326049805
2021-01-22,22.08523178100586,527.876708984375,167.44912719726562,185.38772583007812,37.4900016784668,325.8896789550781,178.7205047607422,310.6252746582031,39.36771011352539,135.6640625,8916.5390625,697.2227172851562,56.27579116821289,97.3945541381836,215.55056762695312,111.6889419555664,339.4404602050781,226.93392944335938,512.7064819335938,237.58999633789062,537.780029296875,492.8599853515625,263.0,164.22288513183594,39.704132080078125,8.489999771118164,7.900421142578125,104.6094970703125,33.93563461303711,272.1021423339844,39.00978469848633,14.0267333984375,565.1699829101562,119.38028717041016,136.91238403320312,100.31550598144531,89.68435668945312,95.05249786376953,8.544894218444824,274.5,37.564754486083984
2021-01-25,22.51498031616211,517.2027587890625,169.100341796875,183.68753051757812,39.0,326.0877990722656,175.0316162109375,310.41827392578125,38.73117446899414,130.0311279296875,8830.5029296875,699.1563110351562,56.61603927612305,98.81861114501953,219.00636291503906,111.99551391601562,339.6943664550781,223.50364685058594,516.9208984375,241.30999755859375,548.2000122070312,489.2099914550781,287.0899963378906,165.65884399414062,39.41608428955078,8.319999694824219,7.971252918243408,106.37053680419922,32.95853042602539,267.7078552246094,39.57500076293945,13.882558822631836,556.780029296875,116.87621307373047,136.32080078125,101.28944396972656,95.29273223876953,94.97000122070312,8.987348556518555,278.010009765625,37.43613815307617
2021-01-26,22.458927154541016,529.5263671875,168.71180725097656,181.32080078125,40.720001220703125,324.6118469238281,176.0128936767578,314.4398498535156,38.339454650878906,132.231201171875,8846.1455078125,710.8353271484375,58.58592224121094,102.0419921875,223.6077117919922,111.85182189941406,335.10406494140625,220.06346130371094,505.96142578125,237.63999938964844,544.0999755859375,478.1000061035156,286.2300109863281,161.4296112060547,39.87138748168945,7.380000114440918,8.060246467590332,103.82242584228516,33.22159957885742,266.7195739746094,39.56525421142578,13.956971168518066,561.9299926757812,115.84003448486328,134.14414978027344,105.18518829345703,91.67955017089844,95.86199951171875,9.125614166259766,282.04998779296875,37.61421585083008
2021-01-27,22.860645294189453,525.5478515625,162.89381408691406,172.220947265625,43.869998931884766,312.51690673828125,173.4688262939453,301.9118957519531,36.78236389160156,127.37590789794922,8476.5791015625,707.412841796875,59.54399490356445,99.3766860961914,220.49844360351562,106.82207489013672,325.22021484375,212.9649658203125,480.7047119140625,225.25,515.5599975585938,465.17999267578125,273.94000244140625,154.43661499023438,38.7470703125,6.929999828338623,7.9912309646606445,96.9848861694336,32.37602615356445,259.03436279296875,37.275146484375,14.07789134979248,523.280029296875,110.19866180419922,128.97720336914062,108.10700225830078,87.56012725830078,91.53949737548828,9.024218559265137,272.1400146484375,36.53585433959961
2021-01-28,22.524322509765625,539.4240112304688,167.39085388183594,177.3408203125,41.02000045776367,321.22406005859375,175.2133331298828,314.40045166015625,38.13379669189453,129.51905822753906,8427.693359375,713.72607421875,60.671058654785156,99.49215698242188,219.77647399902344,109.95488739013672,330.25982666015625,217.9021759033203,494.6531677246094,230.0399932861328,506.2699890136719,482.2699890136719,262.8399963378906,161.10504150390625,39.035118103027344,7.260000228881836,8.092937469482422,99.5133056640625,32.902156829833984,264.6759033203125,38.11323165893555,13.947669982910156,538.5999755859375,113.48947143554688,130.30760192871094,107.13306427001953,89.14833068847656,93.15550231933594,8.7015962600708,265.0,36.56553649902344
2021-01-29,22.03852081298828,525.5478515625,162.05850219726562,175.01271057128906,41.41999816894531,313.30938720703125,170.216064453125,312.4586181640625,38.143592834472656,126.63621520996094,8492.22265625,715.398681640625,60.69804000854492,99.29971313476562,218.8619842529297,106.6592025756836,325.79644775390625,226.94384765625,507.8245544433594,229.0800018310547,503.8399963378906,478.67999267578125,263.8299865722656,159.80677795410156,37.85505294799805,6.909999847412109,7.951274871826172,95.11563873291016,32.30086898803711,255.94488525390625,37.04126739501953,13.710480690002441,532.3900146484375,112.92341613769531,129.69607543945312,102.26337432861328,88.65201568603516,91.78700256347656,8.415844917297363,258.3299865722656,36.0560302734375
2021-02-01,22.206684112548828,526.9063720703125,158.67845153808594,177.3311767578125,42.119998931884766,318.5296936035156,171.81520080566406,317.22930908203125,39.60274124145508,127.86901092529297,8896.9853515625,731.6023559570312,59.285850524902344,101.90728759765625,226.76513671875,106.5155029296875,326.2066650390625,232.39662170410156,513.5732421875,231.77000427246094,508.0799865722656,492.4200134277344,264.1000061035156,164.1835174560547,38.28247833251953,7.079999923706055,8.05298137664795,99.57233428955078,32.71425247192383,258.04608154296875,39.11697769165039,13.836050987243652,539.0399780273438,116.6075668334961,132.1647186279297,103.23731994628906,93.21813201904297,95.06749725341797,8.922823905944824,262.010009765625,36.58036804199219
2021-02-02,21.991811752319336,532.922607421875,161.87399291992188,179.2825164794922,40.08000183105469,331.2189636230469,175.6494598388672,325.3709716796875,41.434024810791016,132.93295288085938,9190.29296875,743.0589599609375,57.67573165893555,102.84062957763672,227.32342529296875,109.16928100585938,330.8165283203125,231.38536071777344,516.6221313476562,217.3300018310547,499.9800109863281,506.6499938964844,266.8599853515625,163.12130737304688,38.72848892211914,7.349999904632568,8.051165580749512,101.91382598876953,33.588008880615234,262.84344482421875,39.08775329589844,13.929067611694336,548.1599731445312,115.55220794677734,135.35728454589844,106.15912628173828,93.90304565429688,96.37550354003906,8.95047664642334,267.0799865722656,38.173187255859375
2021-02-03,22.04786491394043,527.1004028320312,165.00149536132812,178.8188018798828,40.810001373291016,329.68359375,176.06741333007812,319.6048278808594,41.22837829589844,134.46920776367188,9043.638671875,729.8330688476562,57.270965576171875,102.0323715209961,223.62696838378906,107.90465545654297,330.00592041015625,226.03175354003906,498.3794250488281,211.0,491.17999267578125,485.3599853515625,271.4100036621094,170.27169799804688,38.42185592651367,7.420000076293945,8.058429718017578,98.25402069091797,33.71015167236328,265.38592529296875,40.02328109741211,14.166255950927734,539.4500122070312,114.6887435913086,135.09518432617188,103.23731994628906,93.3074722290039,103.50350189208984,9.365277290344238,266.6499938964844,38.4600944519043
2021-02-04,21.917070388793945,526.0330200195312,168.06105041503906,182.1805419921875,41.11000061035156,337.61810302734375,177.83009338378906,323.7445983886719,42.951934814453125,138.24343872070312,9188.3369140625,722.117919921875,56.75824737548828,102.38839721679688,223.52108764648438,112.09132385253906,321.6358642578125,221.85791015625,487.1608581542969,213.7100067138672,498.8399963378906,494.0,276.8399963378906,176.35003662109375,38.3568115234375,7.75,8.04753303527832,101.5694808959961,33.738338470458984,246.292724609375,40.30588912963867,14.203462600708008,552.1599731445312,115.64816284179688,136.4305877685547,105.18518829345703,94.68722534179688,103.11849975585938,9.070308685302734,266.489990234375,39.23176956176758
2021-02-05,21.814308166503906,532.728515625,170.00360107421875,182.4413604736328,42.66999816894531,335.5577087402344,178.1571807861328,319.3780517578125,43.725582122802734,139.6090087890625,9239.177734375,729.2529907226562,57.342933654785156,102.66743469238281,224.28158569335938,113.43258666992188,316.9380798339844,224.6041259765625,490.7475891113281,215.25999450683594,498.9800109863281,502.6400146484375,285.0299987792969,173.88131713867188,39.24883270263672,7.610000133514404,8.02937126159668,99.08042907714844,33.362525939941406,242.8866424560547,40.66645812988281,14.045336723327637,550.7899780273438,116.99134826660156,135.69924926757812,106.15912628173828,94.69715118408203,104.9000015258789,9.088743209838867,268.1000061035156,39.38016891479492
2021-02-08,21.767593383789062,530.7877807617188,174.0247039794922,187.3583984375,43.25,333.8538818359375,177.64837646484375,320.7777099609375,44.33274841308594,139.8555450439453,9422.9833984375,722.601318359375,57.981571197509766,103.03306579589844,224.0890350341797,113.11643981933594,316.77203369140625,224.02911376953125,493.9358215332031,214.3699951171875,494.8999938964844,495.760009765625,294.5400085449219,175.9959716796875,39.26741409301758,8.119999885559082,7.99304723739624,104.47175598144531,33.588008880615234,243.35679626464844,41.07575988769531,14.045336723327637,547.9199829101562,115.34113311767578,144.16358947753906,106.15912628173828,94.39936065673828,104.64550018310547,8.987348556518555,266.5799865722656,39.54340744018555
2021-02-09,21.702198028564453,539.035888671875,172.6746368408203,187.68682861328125,43.5,330.2977600097656,177.81190490722656,327.6282043457031,45.586246490478516,140.06417846679688,9440.58203125,725.5597534179688,58.1524658203125,103.3602294921875,223.0012664794922,112.93439483642578,321.9385986328125,224.8321533203125,487.49957275390625,213.82000732421875,490.67999267578125,505.04998779296875,288.5,172.5338592529297,39.40679168701172,8.3100004196167,7.91858434677124,103.67486572265625,33.916847229003906,244.12435913085938,40.66645812988281,13.915114402770996,559.0700073242188,114.96696472167969,142.4113311767578,105.18518829345703,97.06954193115234,104.17549896240234,9.383713722229004,269.45001220703125,39.37027359008789
2021-02-10,21.655488967895508,534.6692504882812,172.150146484375,185.8997344970703,45.06999969482422,331.06048583984375,178.5933074951172,328.2294006347656,47.55463409423828,140.0452117919922,9364.3212890625,726.0722045898438,59.02499008178711,103.4564437866211,223.0012664794922,112.51287078857422,325.6206359863281,227.23135375976562,483.0958557128906,212.52999877929688,491.2200012207031,516.5399780273438,290.42999267578125,171.9142303466797,38.91432571411133,7.980000019073486,7.956723213195801,104.1667709350586,33.82289505004883,243.29922485351562,41.07575988769531,13.845353126525879,563.5900268554688,116.81865692138672,147.41355895996094,104.21125030517578,97.02983856201172,104.76899719238281,9.273099899291992,271.8699951171875,39.36532211303711
2021-02-11,21.61811637878418,531.6611938476562,170.68350219726562,183.93869018554688,45.54999923706055,339.6388854980469,178.48426818847656,334.52789306640625,47.211875915527344,138.41415405273438,9434.7158203125,693.8775024414062,58.14347839355469,103.6873779296875,219.3048095703125,113.7391586303711,325.29833984375,235.1725616455078,492.23211669921875,210.5,490.5400085449219,528.469970703125,283.69000244140625,172.66172790527344,39.425376892089844,8.0600004196167,7.913134574890137,111.17156219482422,34.24568176269531,247.24258422851562,41.28040313720703,13.850004196166992,557.5900268554688,118.51680755615234,152.27102661132812,107.13306427001953,97.9629135131836,104.79450225830078,9.217792510986328,270.3900146484375,39.32575225830078
2021-02-12,21.96378517150879,531.6611938476562,172.0724639892578,184.9240264892578,47.79999923706055,337.7864685058594,178.06631469726562,334.5870361328125,47.211875915527344,138.3572235107422,9581.3701171875,686.2493896484375,58.45831298828125,103.60078430175781,218.69833374023438,114.71636962890625,320.5810546875,236.2135467529297,505.96142578125,213.97999572753906,485.6199951171875,544.0800170898438,293.6600036621094,170.6552734375,39.90855407714844,7.920000076293945,7.9585394859313965,114.81169128417969,34.555721282958984,249.98663330078125,42.41083526611328,13.770940780639648,556.52001953125,118.94856262207031,149.38050842285156,105.18518829345703,98.3698959350586,105.20549774169922,,270.5,39.597816467285156
2021-02-15,22.187997817993164,549.2246704101562,,,,,180.5922088623047,,,146.0005645751953,9655.673828125,,,,,,,,,,,,,,39.72271728515625,,8.033003807067871,,35.25096893310547,,,13.91976547241211,,,,106.15912628173828,,,,,
2021-02-16,22.262739181518555,548.54541015625,169.0614471435547,184.7689208984375,47.349998474121094,337.9945373535156,180.44683837890625,333.4830627441406,46.95726013183594,147.51783752441406,9688.9150390625,665.2503662109375,56.29949951171875,102.55196380615234,216.57093811035156,114.65888214111328,317.0455017089844,234.33978271484375,498.2398986816406,210.27000427246094,480.7099914550781,538.1599731445312,291.2099914550781,171.13722229003906,40.00147247314453,7.909999847412109,7.9095025062561035,116.43499755859375,34.884559631347656,250.15933227539062,42.722686767578125,13.822098731994629,557.280029296875,119.92716979980469,153.06478881835938,104.21125030517578,95.3919906616211,106.09500122070312,9.4943265914917,273.9700012207031,39.29607391357422
2021-02-17,21.524694442749023,509.34283447265625,172.04331970214844,187.68701171875,49.36000061035156,334.1510925292969,179.2656707763672,334.074462890625,46.5655403137207,146.3798828125,9591.146484375,671.3798828125,55.33705139160156,101.83031463623047,217.85121154785156,113.20266723632812,319.23321533203125,240.86325073242188,496.6258544921875,214.85000610351562,481.67999267578125,540.3499755859375,287.8599853515625,173.53707885742188,39.37892150878906,7.849999904632568,7.967620372772217,113.83771514892578,34.24568176269531,249.46852111816406,44.1844482421875,13.733735084533691,551.3400268554688,119.95594787597656,148.828857421875,101.28944396972656,96.59307861328125,106.41549682617188,9.826167106628418,273.57000732421875,39.20703125
2021-02-18,20.982839584350586,517.0086669921875,172.0724639892578,185.56385803222656,49.709999084472656,335.2704162597656,177.83009338378906,333.6111755371094,46.11506652832031,139.87451171875,9632.208984375,662.8043212890625,54.02378845214844,101.7822036743164,219.7283477783203,110.54886627197266,320.7471008300781,240.734375,487.0014343261719,209.8300018310547,477.0299987792969,551.7899780273438,283.1000061035156,171.7371826171875,39.25812530517578,7.599999904632568,7.945826053619385,111.5946044921875,33.672569274902344,252.0015106201172,43.78490447998047,13.724432945251465,548.219970703125,120.10945129394531,148.06005859375,102.26337432861328,95.0346450805664,105.86000061035156,9.844602584838867,269.3900146484375,39.419742584228516
2021-02-19,20.908100128173828,512.3508911132812,172.44151306152344,183.052978515625,50.790000915527344,330.0303039550781,178.53878784179688,334.3800048828125,45.933372497558594,145.6970977783203,9505.109375,657.6415405273438,55.912723541259766,101.32034301757812,217.90899658203125,108.5752944946289,317.0064697265625,244.26380920410156,477.09796142578125,207.02000427246094,470.3699951171875,544.1300048828125,292.510009765625,174.45179748535156,39.425376892089844,7.710000038146973,7.9167680740356445,117.52703094482422,33.97321701049805,253.18162536621094,46.249454498291016,13.780241966247559,540.219970703125,122.61353302001953,149.03355407714844,103.23731994628906,94.79641723632812,105.05699920654297,9.881474494934082,261.55999755859375,39.953975677490234
2021-02-22,20.739940643310547,506.81988525390625,167.45883178710938,183.21778869628906,55.290000915527344,337.4496765136719,178.35707092285156,328.5152587890625,44.538780212402344,146.2850341796875,9422.9833984375,645.1890258789062,59.9964485168457,100.76226806640625,216.65757751464844,110.89376831054688,319.99505615234375,241.76544189453125,461.5753173828125,214.9600067138672,460.5799865722656,536.9099731445312,268.760009765625,171.9437255859375,39.955013275146484,8.329999923706055,7.791450500488281,113.36548614501953,34.208099365234375,254.716796875,46.29835510253906,13.780241966247559,533.780029296875,125.53975677490234,143.3348846435547,101.28944396972656,89.62480163574219,103.24400329589844,9.254663467407227,260.3299865722656,39.953975677490234
2021-02-23,20.674543380737305,507.4021301269531,163.74853515625,180.66810607910156,52.95000076293945,347.11773681640625,180.33779907226562,321.263671875,44.312889099121094,150.95068359375,9299.794921875,639.703125,61.57056427001953,100.59868621826172,214.8285675048828,113.04936981201172,321.8214111328125,245.0271759033203,457.1217956542969,216.44000244140625,468.0299987792969,525.219970703125,256.0,172.1896209716797,38.496192932128906,7.730000019073486,7.853200435638428,114.26074981689453,34.16112518310547,252.6538848876953,44.225006103515625,13.696528434753418,546.1500244140625,125.54933166503906,141.20069885253906,100.31550598144531,90.06156158447266,103.54299926757812,9.383713722229004,265.8599853515625,39.850101470947266
2021-02-24,20.665203094482422,510.7013244628906,157.64889526367188,181.3661346435547,51.86000061035156,363.85845947265625,182.62747192382812,327.7940979003906,44.62716293334961,156.07151794433594,9366.2763671875,620.4581298828125,64.0981674194336,99.33818817138672,216.37843322753906,113.75830841064453,324.4584045410156,242.3999481201172,454.979736328125,217.0399932861328,458.6000061035156,532.8800048828125,254.52999877929688,172.54368591308594,38.923614501953125,8.039999961853027,7.793266773223877,121.05213165283203,34.86576461791992,252.58676147460938,46.728675842285156,13.789544105529785,553.4099731445312,127.29547119140625,144.7651824951172,101.28944396972656,88.5428237915039,104.75849914550781,9.254663467407227,264.30999755859375,40.4090690612793
2021-02-25,20.81467628479004,511.67169189453125,153.9677276611328,179.4272003173828,51.31999969482422,351.2286071777344,182.9454803466797,326.5690002441406,44.15574645996094,155.0792694091797,9493.376953125,619.8464965820312,60.939186096191406,97.55811309814453,216.34954833984375,112.93439483642578,321.19635009765625,234.49839782714844,449.8088073730469,212.97999572753906,453.19000244140625,518.280029296875,219.5500030517578,172.1502685546875,38.431148529052734,7.880000114440918,7.729699611663818,112.29924011230469,34.72483825683594,249.82357788085938,46.15165328979492,13.891860961914062,546.7000122070312,124.87775421142578,132.86863708496094,99.34156799316406,86.13072967529297,101.56800079345703,9.4574556350708,254.69000244140625,39.414794921875
2021-02-26,20.40361785888672,509.34283447265625,155.1623992919922,177.83731079101562,53.029998779296875,350.5154113769531,181.991455078125,325.393310546875,44.74502182006836,152.27420043945312,9403.4296875,629.5272216796875,62.39353561401367,95.3258056640625,208.05174255371094,112.06258392333984,324.4681701660156,237.849365234375,448.42388916015625,212.5500030517578,450.57000732421875,520.1699829101562,221.08999633789062,169.1996307373047,38.3568115234375,7.960000038146973,7.71335506439209,116.49827575683594,33.634986877441406,245.25653076171875,46.562408447265625,13.98487663269043,538.8499755859375,124.90654754638672,136.9323272705078,98.36763000488281,86.55756378173828,101.84300231933594,9.042654991149902,257.6199951171875,40.10237503051758
2021-03-01,20.431644439697266,530.9818725585938,157.2895050048828,180.40634155273438,58.18000030517578,359.4801025390625,184.262939453125,333.4649353027344,45.47178268432617,153.93434143066406,9497.2880859375,629.4494018554688,64.54349517822266,95.67218780517578,205.7799530029297,112.91523742675781,326.84149169921875,239.4257049560547,457.8690490722656,210.3800048828125,463.04998779296875,538.1699829101562,223.38999938964844,172.57321166992188,39.39750289916992,8.619999885559082,7.7460455894470215,120.5001449584961,34.44297790527344,250.6007080078125,47.94138717651367,14.00347900390625,550.6400146484375,128.79217529296875,138.20286560058594,99.34156799316406,90.62736511230469,104.07550048828125,9.475890159606934,264.9100036621094,41.10159683227539
2021-03-02,20.338220596313477,541.3648071289062,158.36764526367188,168.1912078857422,59.2400016784668,359.4008483886719,187.71559143066406,328.9301452636719,45.619102478027344,154.77395629882812,9497.2880859375,621.4776611328125,63.694358825683594,95.34504699707031,201.0053253173828,112.92481231689453,326.83172607421875,241.55723571777344,460.4096374511719,212.05999755859375,454.8599853515625,529.469970703125,217.9199981689453,175.24842834472656,39.36033630371094,8.720000267028809,7.718802452087402,115.81814575195312,34.90334701538086,255.21568298339844,46.51351547241211,13.947669982910156,547.8200073242188,128.53314208984375,133.8546142578125,100.31550598144531,89.24760437011719,103.79199981689453,9.4943265914917,259.0,40.91362380981445
2021-03-03,20.2915096282959,537.580322265625,153.7443084716797,168.30752563476562,61.45000076293945,356.8551025390625,189.03305053710938,322.5974426269531,46.16908264160156,162.52122497558594,9348.6796875,593.600830078125,65.63652801513672,92.47767639160156,195.3258514404297,113.00146484375,325.1029968261719,237.85926818847656,449.3006591796875,208.44000244140625,446.7300109863281,498.0199890136719,203.19000244140625,172.6912384033203,39.51829528808594,9.039999961853027,7.569875717163086,113.78763580322266,35.85226821899414,251.7040557861328,46.171207427978516,13.887210845947266,520.7000122070312,130.02981567382812,127.84893798828125,101.28944396972656,89.67443084716797,101.33550262451172,9.604940414428711,255.41000366210938,41.3538703918457
2021-03-04,20.73059844970703,530.3995971679688,149.3541259765625,164.63328552246094,62.599998474121094,346.2063903808594,189.7599334716797,323.59527587890625,45.854801177978516,159.01014709472656,9276.3291015625,586.0562133789062,64.51639556884766,92.02543640136719,193.67015075683594,110.43389892578125,326.0211181640625,232.8824005126953,439.8356018066406,207.7899932861328,449.3800048828125,485.8500061035156,195.97999572753906,173.43873596191406,38.79353332519531,9.050000190734863,7.618912696838379,106.69068908691406,36.82937240600586,246.03367614746094,45.15409469604492,13.873257637023926,511.2900085449219,128.99365234375,123.51067352294922,99.34156799316406,86.25978088378906,102.45449829101562,9.18092155456543,257.6400146484375,40.9581413269043
2021-03-05,21.010866165161133,523.02490234375,154.02598571777344,167.3380584716797,64.25,357.47918701171875,189.12391662597656,330.49114990234375,46.06105041503906,163.70431518554688,7942.75927734375,592.8433837890625,65.52812957763672,93.69004821777344,192.5246124267578,113.2984619140625,339.0010070800781,235.7574920654297,445.2257080078125,211.97999572753906,461.57000732421875,499.70001220703125,189.69000244140625,180.6874542236328,38.15239334106445,9.720000267028809,7.669765472412109,111.82610321044922,35.918033599853516,253.12405395507812,47.3643684387207,13.980224609375,516.3900146484375,131.81434631347656,124.42176818847656,100.31550598144531,86.60719299316406,105.427001953125,9.199356079101562,264.2799987792969,42.21953582763672
2021-03-08,21.02021026611328,537.0951538085938,158.24136352539062,171.46795654296875,67.25,367.8306579589844,194.484619140625,338.5924377441406,46.23783493041992,169.7532958984375,7436.31591796875,577.6571044921875,68.4459228515625,92.3237075805664,191.2346954345703,111.7751693725586,341.9993896484375,238.5037078857422,438.23150634765625,213.5800018310547,463.19000244140625,482.6000061035156,176.64999389648438,186.0969696044922,40.22447967529297,9.880000114440918,7.771472454071045,104.1673355102539,37.355506896972656,256.0600280761719,48.60642623901367,14.212763786315918,493.3299865722656,133.78114318847656,115.75273132324219,101.28944396972656,81.59439849853516,101.20850372314453,9.005784034729004,255.30999755859375,42.1008186340332
2021-03-09,21.113636016845703,545.9253540039062,161.2232208251953,173.70736694335938,63.0099983215332,372.9717712402344,194.0303192138672,337.9996337890625,46.22801208496094,167.71153259277344,7674.87255859375,604.640869140625,67.73226165771484,94.6041488647461,195.12371826171875,112.13922882080078,343.7671203613281,237.165283203125,446.461181640625,214.0399932861328,470.6300048828125,493.57000732421875,193.0399932861328,181.2972869873047,41.674007415771484,9.8100004196167,7.965804576873779,112.5851058959961,37.38369369506836,256.66448974609375,48.84114456176758,14.329033851623535,506.44000244140625,130.72059631347656,125.05148315429688,103.23731994628906,85.23736572265625,102.63500213623047,8.885952949523926,265.739990234375,42.783451080322266
2021-03-10,21.543378829956055,560.2868041992188,163.62228393554688,173.125732421875,65.81999969482422,378.10296630859375,193.89402770996094,340.2027587890625,46.91549301147461,166.0132293701172,7473.4677734375,620.1669311523438,67.23542785644531,94.02682495117188,196.77940368652344,113.68167114257812,341.4426574707031,230.6219940185547,439.46697998046875,214.2899932861328,467.95001220703125,488.7799987792969,184.4499969482422,182.3201446533203,40.79128646850586,10.0,8.043900489807129,111.067138671875,37.393089294433594,260.6078186035156,49.388824462890625,15.026650428771973,504.5400085449219,133.59886169433594,124.53213500976562,103.23731994628906,83.96678924560547,102.75150299072266,9.190139770507812,264.8999938964844,43.37209701538086
2021-03-11,21.496667861938477,569.79638671875,165.8465118408203,173.84312438964844,66.97000122070312,380.7576904296875,194.3029022216797,340.9832763671875,47.347618103027344,166.26129150390625,7551.68359375,635.5958251953125,68.1478042602539,95.79727172851562,205.9050750732422,113.14517974853516,344.8609924316406,235.25186157226562,458.82550048828125,215.14999389648438,469.9599914550781,502.94000244140625,198.77000427246094,182.18246459960938,41.320919036865234,10.350000381469727,8.054798126220703,115.51258850097656,38.05075454711914,261.6344299316406,50.699337005615234,15.068507194519043,523.0599975585938,133.56048583984375,129.77828979492188,102.26337432861328,88.62223815917969,105.7385025024414,9.531198501586914,273.8800048828125,43.83708190917969
2021-03-12,21.449954986572266,578.7236938476562,166.62353515625,174.5120391845703,71.0999984741211,379.1034240722656,194.25747680664062,341.44757080078125,47.56367874145508,172.31028747558594,7434.36083984375,648.61669921875,70.24354553222656,97.46189880371094,207.15647888183594,113.82538604736328,348.9481201171875,236.65966796875,448.8323974609375,214.3300018310547,471.4599914550781,497.75,197.9499969482422,186.3133544921875,41.7855110168457,10.739999771118164,8.016657829284668,112.65409088134766,37.96620178222656,262.1813659667969,51.27635192871094,15.338251113891602,518.02001953125,135.05718994140625,128.40493774414062,100.31550598144531,81.96167755126953,103.09600067138672,9.042654991149902,268.3999938964844,43.93601608276367
2021-03-15,21.543378829956055,585.3221435546875,169.1974334716797,175.5687713623047,73.66999816894531,378.16241455078125,193.93946838378906,347.25677490234375,48.46722412109375,172.0049591064453,7391.341796875,650.1217041015625,69.07825469970703,98.89558410644531,210.32350158691406,114.151123046875,346.85064697265625,237.86920166015625,451.4143371582031,219.64999389648438,483.94000244140625,512.760009765625,201.24000549316406,188.66404724121094,41.813385009765625,10.720000267028809,8.0384521484375,113.23563385009766,37.59978485107422,261.89349365234375,53.29103088378906,15.496377944946289,520.25,134.61343383789062,131.75340270996094,99.34156799316406,82.01131439208984,103.32450103759766,8.406627655029297,273.75,44.173458099365234
2021-03-16,21.608774185180664,584.8369140625,170.2949981689453,174.70596313476562,75.80999755859375,378.7765808105469,192.44029235839844,344.4114685058594,48.05473709106445,174.61920166015625,7344.41259765625,651.85009765625,66.85601806640625,100.2907943725586,214.5109100341797,113.94994354248047,347.5563659667969,236.67950439453125,445.044189453125,218.99000549316406,482.1700134277344,506.9200134277344,198.75999450683594,182.92543029785156,42.27798080444336,10.399999618530273,8.040267944335938,116.80382537841797,37.02667236328125,263.38067626953125,52.7922477722168,15.366156578063965,524.030029296875,131.98968505859375,132.75221252441406,99.34156799316406,81.04845428466797,104.6259994506836,8.369755744934082,279.2799987792969,44.06462860107422
2021-03-17,21.35653305053711,586.3895263671875,169.43055725097656,172.9512176513672,74.06999969482422,375.1114196777344,191.8496856689453,345.97247314453125,48.103843688964844,172.9972381591797,7105.85595703125,637.4017944335938,68.19296264648438,98.24128723144531,214.8285675048828,113.58586120605469,345.1844177246094,236.70924377441406,441.23602294921875,217.0800018310547,496.010009765625,504.8999938964844,190.10000610351562,182.9056854248047,42.14789581298828,11.779999732971191,7.978517532348633,118.18379974365234,36.82937240600586,259.69635009765625,53.799583435058594,15.542884826660156,524.4400024414062,133.11825561523438,133.25160217285156,99.34156799316406,80.50250244140625,104.55400085449219,8.213052749633789,284.010009765625,45.152889251708984
2021-03-18,21.365875244140625,588.4273681640625,169.8481903076172,174.124267578125,75.94999694824219,363.54150390625,195.75665283203125,344.2633361816406,46.95476531982422,175.3634033203125,7193.84814453125,628.06103515625,67.84971618652344,98.86092376708984,214.19325256347656,113.84454345703125,354.8583984375,237.86920166015625,444.3663024902344,213.36000061035156,474.67999267578125,484.4700012207031,185.42999267578125,185.40029907226562,42.62178039550781,10.899999618530273,7.896789073944092,112.64424133300781,37.40678787231445,258.122802734375,52.723793029785156,15.575441360473633,504.7900085449219,132.11505126953125,127.07156372070312,101.28944396972656,80.40324401855469,101.81099700927734,8.55411148071289,278.6199951171875,43.584808349609375
2021-03-19,21.95444107055664,576.0066528320312,174.33554077148438,181.82176208496094,77.2699966430664,353.1504211425781,196.16551208496094,343.1863708496094,47.337799072265625,174.21849060058594,7056.9716796875,634.1101684570312,66.81088256835938,97.18597412109375,213.5675811767578,111.7272720336914,358.3182373046875,238.15670776367188,443.62860107421875,216.11000061035156,473.70001220703125,484.8800048828125,190.97999572753906,185.9623565673828,41.89701461791992,11.399999618530273,8.016657829284668,113.21593475341797,36.82937240600586,264.23455810546875,52.704227447509766,15.310345649719238,512.1799926757812,128.5459442138672,128.30258178710938,101.28944396972656,82.03115844726562,102.16000366210938,8.544894218444824,290.1099853515625,43.34736633300781
2021-03-22,21.580747604370117,559.510498046875,176.66659545898438,182.2967987060547,74.6500015258789,355.02252197265625,193.0762939453125,341.37847900390625,47.887779235839844,172.6537628173828,7088.2578125,647.3446655273438,65.23001861572266,100.35192108154297,217.38917541503906,111.93803405761719,359.5728454589844,241.01199340820312,453.2486572265625,218.82000732421875,483.2200012207031,491.3699951171875,197.27999877929688,185.5482177734375,42.129310607910156,11.0600004196167,8.018473625183105,117.62195587158203,36.05949020385742,267.51593017578125,53.349708557128906,15.310345649719238,523.1099853515625,130.08934020996094,131.70347595214844,99.34156799316406,82.16019439697266,101.92949676513672,8.710813522338867,293.5400085449219,43.2088623046875
2021-03-23,21.748912811279297,558.7341918945312,175.21937561035156,183.14991760253906,71.68000030517578,351.9220275878906,192.84915161132812,342.6528625488281,47.013694763183594,172.7682647705078,7098.03466796875,656.1611938476562,64.20023345947266,101.85259246826172,221.2589111328125,110.20397186279297,361.18023681640625,236.7290802001953,450.60687255859375,213.58999633789062,469.760009765625,487.6600036621094,193.74000549316406,181.09144592285156,41.850555419921875,10.34000015258789,8.225519180297852,114.71417236328125,35.93437957763672,263.5533752441406,50.46461486816406,15.589393615722656,535.0900268554688,128.22763061523438,130.54986572265625,100.31550598144531,80.3337631225586,102.64800262451172,8.941258430480957,290.6300048828125,42.41740417480469
2021-03-24,21.61811637878418,554.2705688476562,175.4913330078125,182.52944946289062,61.939998626708984,356.2607116699219,193.2580108642578,347.55316162109375,47.12173080444336,175.76412963867188,6922.05029296875,643.1209716796875,63.251731872558594,100.51651000976562,218.51544189453125,111.09495544433594,363.23858642578125,248.2690887451172,443.98748779296875,211.5399932861328,460.32000732421875,472.9700012207031,181.99000549316406,182.00843811035156,41.534629821777344,10.470000267028809,8.332674026489258,119.36660766601562,36.4925422668457,266.73876953125,49.310577392578125,15.52893352508545,520.8099975585938,129.69384765625,126.27752685546875,99.34156799316406,76.24411010742188,102.25299835205078,8.959695816040039,282.1400146484375,42.71419906616211
2021-03-25,21.86101722717285,549.0305786132812,179.85240173339844,186.81448364257812,57.75,354.98291015625,193.0762939453125,347.069091796875,47.062801361083984,173.68418884277344,6904.4521484375,648.7332763671875,63.911163330078125,101.10709381103516,218.72720336914062,112.2503890991211,363.71881103515625,246.34576416015625,440.91705322265625,212.36000061035156,463.4800109863281,472.1099853515625,176.16000366210938,184.72984313964844,41.94347381591797,10.800000190734863,8.645059585571289,118.0063705444336,36.79087829589844,266.02874755859375,52.5281867980957,15.58009147644043,502.8599853515625,131.01539611816406,125.20132446289062,98.36763000488281,76.849609375,102.21800231933594,8.913605690002441,278.739990234375,42.5361213684082
2021-03-26,22.010496139526367,548.1572265625,186.1074676513672,194.81248474121094,41.900001525878906,362.6896057128906,193.348876953125,355.2197265625,47.602962493896484,174.56198120117188,6949.42578125,663.793212890625,65.32036590576172,103.38231658935547,229.8936767578125,114.15684509277344,369.0017395019531,250.67823791503906,458.63189697265625,214.63999938964844,476.9100036621094,480.2200012207031,176.88999938964844,188.39781188964844,42.315147399902344,10.989999771118164,8.701360702514648,126.79869079589844,37.32017135620117,275.5753479003906,54.81669616699219,15.71961498260498,508.04998779296875,133.7838897705078,128.23768615722656,99.34156799316406,80.38339233398438,101.77749633789062,9.254663467407227,283.0199890136719,44.020111083984375
2021-03-29,22.244054794311523,557.0845947265625,183.2033233642578,192.15618896484375,41.22999954223633,359.49005126953125,195.25692749023438,357.3833312988281,47.67171096801758,172.10040283203125,6820.37060546875,667.8810424804688,64.4712142944336,103.37264251708984,232.79115295410156,114.73457336425781,371.530517578125,249.4191436767578,457.1465148925781,216.7100067138672,481.5199890136719,479.17999267578125,171.3000030517578,184.5720672607422,42.50098419189453,10.75,8.884797096252441,123.91062927246094,37.695491790771484,272.4571533203125,52.69445037841797,15.994009971618652,513.9500122070312,133.64883422851562,129.32630920410156,102.26337432861328,78.11026000976562,102.79750061035156,9.254663467407227,290.82000732421875,43.63426971435547
2021-03-30,22.374845504760742,572.9015502929688,184.56314086914062,193.55218505859375,43.439998626708984,354.82440185546875,198.1644287109375,348.53125,48.310081481933594,180.45828247070312,6759.75390625,655.25830078125,65.49000549316406,103.36296081542969,228.2860565185547,114.41683197021484,366.1397399902344,251.36228942871094,450.0685729980469,212.99000549316406,470.6700134277344,475.95001220703125,174.74000549316406,185.9031982421875,43.11425018310547,11.210000038146973,8.817597389221191,124.94561004638672,38.09968185424805,271.1522521972656,53.29103088378906,15.919598579406738,513.3900146484375,134.7195587158203,128.562255859375,100.31550598144531,78.24922943115234,102.7770004272461,10.397669792175293,288.0,43.82224655151367
2021-03-31,22.187997817993164,571.15478515625,184.71852111816406,192.0204620361328,43.459999084472656,352.6946716308594,198.52786254882812,348.6201171875,47.976165771484375,177.38609313964844,6785.173828125,659.870361328125,63.494197845458984,102.62714385986328,230.12469482421875,113.7428207397461,364.6793518066406,252.83949279785156,454.9632873535156,214.88999938964844,473.1400146484375,489.30999755859375,181.75,185.70599365234375,43.60671615600586,11.40999984741211,8.981054306030273,131.6876983642578,38.46538162231445,271.3741149902344,54.23968505859375,15.984708786010742,521.6599731445312,133.38836669921875,133.32151794433594,100.31550598144531,79.21208953857422,103.43150329589844,10.194878578186035,294.5299987792969,43.604591369628906
2021-04-01,22.2206974029541,581.634765625,185.82582092285156,194.58950805664062,43.310001373291016,359.8763732910156,196.9378204345703,358.28240966796875,49.44933319091797,175.55422973632812,7072.61474609375,658.3265380859375,65.716796875,105.04759216308594,231.08729553222656,113.80059051513672,359.7786865234375,250.52951049804688,454.8835754394531,213.0399932861328,474.92999267578125,486.3599853515625,182.7899932861328,183.54661560058594,43.18858337402344,11.699999809265137,9.034632682800293,139.4943389892578,37.83022689819336,274.8080139160156,55.57954025268555,16.039587020874023,539.4199829101562,134.55557250976562,137.95091247558594,102.75035095214844,83.2223129272461,106.88749694824219,9.955216407775879,298.6600036621094,44.06462860107422
2021-04-05,,,188.16659545898438,199.078125,41.63999938964844,364.84906005859375,,362.7480163574219,50.244842529296875,,,670.2113647460938,65.39020538330078,104.9217300415039,235.6020050048828,115.78408813476562,362.8268737792969,250.499755859375,463.9453125,215.32000732421875,484.55999755859375,491.30999755859375,181.25,185.37074279785156,,11.819999694824219,,141.00242614746094,,279.2547302246094,58.317928314208984,,540.6699829101562,137.3240203857422,139.70631408691406,,82.74585723876953,111.27749633789062,,308.9100036621094,44.2031364440918
2021-04-06,22.46359634399414,578.3355712890625,188.6230926513672,199.15565490722656,43.380001068115234,366.0873107910156,198.6187286376953,361.4438781738281,50.264488220214844,177.06170654296875,7205.5810546875,668.7257690429688,66.37904357910156,105.84149932861328,234.47572326660156,116.65067291259766,357.13232421875,249.70663452148438,467.284912109375,215.3000030517578,478.67999267578125,492.8999938964844,181.86000061035156,183.7733917236328,43.690345764160156,11.819999694824219,8.930200576782227,137.54266357421875,38.263282775878906,277.8175354003906,58.98296356201172,16.00682258605957,544.530029296875,136.1278839111328,138.4478302001953,107.62003326416016,84.02635192871094,111.23750305175781,,306.260009765625,44.26249313354492
2021-04-07,22.58037757873535,575.4244384765625,188.10833740234375,198.20558166503906,43.38999938964844,367.5830383300781,200.07247924804688,356.849853515625,50.13680648803711,178.75999450683594,7115.63330078125,664.58935546875,65.64422607421875,106.14163208007812,235.56350708007812,116.14997100830078,358.3770751953125,250.1329345703125,464.9322509765625,212.72000122070312,481.7900085449219,489.2699890136719,178.0,184.15794372558594,43.40694046020508,11.489999771118164,8.919303894042969,137.14837646484375,38.75408935546875,272.4833679199219,58.74824142456055,16.010677337646484,546.989990234375,135.41409301757812,141.26441955566406,104.21125030517578,77.69335174560547,112.48400115966797,9.54963207244873,313.0899963378906,45.26666259765625
2021-04-08,22.547677993774414,587.0687866210938,188.6328125,197.24581909179688,41.880001068115234,374.6244812011719,199.52732849121094,361.20672607421875,50.68679428100586,179.35153198242188,7225.134765625,667.7352905273438,64.80052947998047,104.98949432373047,232.09803771972656,116.16923522949219,357.6419677734375,249.85536193847656,470.0463562011719,210.27999877929688,476.3599853515625,499.6600036621094,182.30999755859375,185.41017150878906,43.783260345458984,11.079999923706055,9.080036163330078,137.35540771484375,38.77333450317383,273.0814208984375,60.26414108276367,15.995257377624512,554.5800170898438,134.9510498046875,142.99732971191406,107.62003326416016,79.83744812011719,113.27200317382812,9.4574556350708,313.0199890136719,45.79595184326172
2021-04-09,22.258068084716797,593.7642822265625,192.809326171875,199.08779907226562,42.0,376.9451904296875,199.4818878173828,364.6547546386719,50.411808013916016,177.17620849609375,7311.17138671875,667.5120849609375,65.49906158447266,106.02545928955078,231.4049530029297,117.46910095214844,368.8253479003906,252.56190490722656,477.39349365234375,213.35000610351562,475.1700134277344,502.8800048828125,181.25999450683594,188.21044921875,44.82859420776367,11.199999809265137,9.018285751342773,136.92169189453125,39.312252044677734,274.28717041015625,60.24457931518555,15.819867134094238,555.3099975585938,135.48159790039062,143.82632446289062,110.05487823486328,78.83488464355469,114.29399871826172,9.199356079101562,312.4599914550781,46.43901824951172
2021-04-12,22.075889587402344,598.1309204101562,194.88784790039062,198.83575439453125,40.380001068115234,376.7071533203125,199.2093048095703,366.6405029296875,51.07963943481445,179.4469451904297,7332.6806640625,671.3668823242188,65.29947662353516,106.34494018554688,233.67886352539062,117.26689910888672,368.8057556152344,253.46408081054688,474.5024719238281,213.60000610351562,472.79998779296875,506.42999267578125,182.00999450683594,188.9795684814453,45.12593460083008,11.470000267028809,9.122716903686523,133.06765747070312,39.01392364501953,272.8595886230469,61.54531478881836,15.659894943237305,552.780029296875,136.29188537597656,151.9065704345703,107.13306427001953,78.66613006591797,112.739501953125,9.171703338623047,311.5400085449219,46.22631072998047
2021-04-13,21.67417335510254,608.22265625,193.98458862304688,198.6806640625,40.380001068115234,375.0112609863281,198.70957946777344,368.4781188964844,51.099281311035156,178.2447967529297,7451.958984375,685.2907104492188,64.73703002929688,107.25504302978516,235.1399383544922,119.0385513305664,367.06109619140625,251.867919921875,483.3449401855469,215.94000244140625,477.0400085449219,516.9400024414062,189.25,185.94264221191406,45.74849319458008,11.229999542236328,9.069140434265137,133.16622924804688,38.8406982421875,275.01055908203125,61.99519348144531,15.434393882751465,553.72998046875,134.85459899902344,156.6059112548828,110.05487823486328,79.3510513305664,113.3635025024414,9.273099899291992,309.760009765625,45.77122116088867
2021-04-14,21.646142959594727,614.1419067382812,195.73291015625,199.4271240234375,38.380001068115234,375.19970703125,197.6192626953125,367.5494079589844,52.15996551513672,178.96990966796875,7581.01416015625,674.1632080078125,63.06779861450195,106.17068481445312,233.85302734375,119.29853057861328,368.16864013671875,250.94590759277344,476.5560607910156,217.1300048828125,481.1600036621094,514.1599731445312,188.11000061035156,188.27947998046875,44.893638610839844,11.40999984741211,8.891153335571289,132.219970703125,38.677093505859375,272.8595886230469,63.002525329589844,15.509560585021973,540.02001953125,135.27903747558594,152.58575439453125,111.51577758789062,78.76539611816406,112.74199676513672,9.383713722229004,302.82000732421875,45.855308532714844
2021-04-15,21.37521743774414,611.3278198242188,198.6953125,199.47557067871094,37.81999969482422,383.3022766113281,196.39266967773438,370.5528259277344,51.97336196899414,176.1648406982422,7723.7568359375,697.9911499023438,64.0838394165039,108.7847671508789,239.1555633544922,121.17610931396484,382.26300048828125,257.181884765625,492.8453674316406,221.10000610351562,494.6400146484375,528.4600219726562,192.3800048828125,190.78396606445312,44.87505340576172,11.470000267028809,8.908407211303711,132.48611450195312,38.63860321044922,276.97833251953125,63.93162155151367,15.430537223815918,549.219970703125,135.81922912597656,161.17788696289062,111.02880859375,79.39076232910156,114.83300018310547,9.568068504333496,307.82000732421875,48.93212127685547
2021-04-16,21.479812622070312,616.1796264648438,202.26959228515625,202.1803741455078,37.34000015258789,382.98492431640625,198.80044555664062,373.5166931152344,52.356388092041016,180.4964599609375,7528.21875,687.592041015625,64.59188842773438,108.97840118408203,240.56826782226562,121.23389434814453,383.2431335449219,259.94793701171875,491.3899230957031,219.38999938964844,502.6000061035156,535.0,190.10000610351562,194.17584228515625,45.228145599365234,11.270000457763672,8.948362350463867,131.8158416748047,38.93693161010742,277.2966003417969,65.24214172363281,15.532689094543457,546.5399780273438,136.15682983398438,158.93310546875,113.46365356445312,80.40324401855469,114.88800048828125,9.973650932312012,306.17999267578125,50.16877746582031
2021-04-19,21.921960830688477,621.2254638671875,198.15138244628906,202.27732849121094,36.369998931884766,379.0080261230469,199.66360473632812,371.90631103515625,52.356388092041016,179.0653076171875,7557.5498046875,696.4765014648438,64.91847229003906,108.67826080322266,240.49085998535156,121.44570922851562,382.09637451171875,258.2724609375,486.12628173828125,219.17999267578125,499.69000244140625,528.5800170898438,184.08999633789062,192.1643829345703,44.79607391357422,10.989999771118164,9.124533653259277,129.01649475097656,38.859947204589844,274.3257141113281,66.0049819946289,15.567380905151367,554.4400024414062,135.79995727539062,153.4322052001953,111.51577758789062,79.02348327636719,115.12000274658203,9.93678092956543,302.239990234375,51.15810775756836
2021-04-20,21.631948471069336,607.5433959960938,197.52792358398438,200.93946838378906,35.470001220703125,373.52362060546875,196.6197967529297,374.4947204589844,51.65908432006836,173.45521545410156,7524.3076171875,705.1472778320312,63.630271911621094,111.09871673583984,244.48712158203125,123.515869140625,388.65350341796875,257.7668151855469,480.8626403808594,220.16000366210938,504.4200134277344,532.27001953125,180.91000366210938,190.2416534423828,44.624176025390625,10.479999542236328,9.0972900390625,126.7493896484375,37.84947204589844,274.4607849121094,63.50131607055664,15.469085693359375,549.5700073242188,133.56201171875,151.52952575683594,111.51577758789062,78.02092742919922,114.68150329589844,9.918344497680664,302.6499938964844,50.19845962524414
2021-04-21,21.950483322143555,632.869873046875,198.63845825195312,200.45474243164062,38.47999954223633,379.94024658203125,197.39212036132812,378.1501770019531,52.150142669677734,172.44387817382812,7494.9775390625,705.0599975585938,64.79146575927734,111.05998992919922,244.01296997070312,125.41271209716797,390.8882141113281,259.1151123046875,478.9187316894531,219.75999450683594,506.4800109863281,541.0800170898438,182.8300018310547,194.76747131347656,45.05160140991211,10.800000190734863,9.04825210571289,133.116943359375,38.195919036865234,278.4058532714844,62.10277557373047,15.465230941772461,508.8999938964844,136.50411987304688,153.41973876953125,114.924560546875,79.20215606689453,114.66449737548828,9.992087364196777,301.4700012207031,50.1638298034668
2021-04-22,21.750804901123047,626.271484375,196.09593200683594,199.29139709472656,38.209999084472656,380.1980895996094,195.57493591308594,378.6935729980469,52.75905227661133,173.9513397216797,7536.0400390625,697.1366577148438,63.09503173828125,111.03094482421875,243.39370727539062,125.02755737304688,388.6632995605469,262.5751647949219,482.7068786621094,215.97999572753906,490.42999267578125,546.260009765625,181.4199981689453,198.69180297851562,45.06553649902344,10.510000228881836,9.184467315673828,129.86415100097656,38.01306915283203,274.6536865234375,62.74825668334961,15.509560585021973,508.7799987792969,136.39801025390625,148.32337951660156,115.4115219116211,80.29405212402344,113.39600372314453,9.93678092956543,296.5199890136719,49.708744049072266
2021-04-23,21.57965087890625,629.5706176757812,195.7354736328125,199.7179412841797,38.400001525878906,383.86761474609375,197.98269653320312,383.4654235839844,54.11436462402344,173.62693786621094,7553.638671875,697.2726440429688,64.6372299194336,111.21491241455078,245.81272888183594,126.3274154663086,392.3583984375,261.6828918457031,486.5748596191406,217.89999389648438,488.6400146484375,559.0999755859375,182.4499969482422,199.66793823242188,45.32106399536133,11.050000190734863,9.18265151977539,132.92965698242188,37.9649543762207,280.0166931152344,66.11255645751953,15.486432075500488,505.54998779296875,137.91244506835938,152.46841430664062,116.38546752929688,81.19734954833984,115.76499938964844,10.287056922912598,301.1300048828125,50.1638298034668
2021-04-26,21.54161834716797,627.2417602539062,194.04046630859375,197.41064453125,38.849998474121094,384.2742004394531,198.07357788085938,379.30609130859375,54.57596206665039,177.5387420654297,7436.31591796875,696.1657104492188,65.78031158447266,111.55376434326172,244.79676818847656,125.28752136230469,387.99676513671875,262.37689208984375,492.5064392089844,216.97000122070312,501.1700134277344,558.4199829101562,190.05999755859375,197.75506591796875,45.098060607910156,10.890000343322754,9.146327018737793,135.334716796875,38.04193878173828,279.9009704589844,66.58198547363281,15.4806489944458,510.29998779296875,138.29830932617188,154.59332275390625,113.95062255859375,79.70840454101562,116.33699798583984,9.881474494934082,303.0400085449219,49.65433120727539
2021-04-27,21.489320755004883,629.279541015625,193.9040985107422,198.1183624267578,39.0099983215332,385.8610534667969,196.75611877441406,379.5135498046875,55.6268196105957,177.93946838378906,7311.17138671875,693.1654663085938,67.14107513427734,111.19552612304688,244.3129425048828,125.14311218261719,386.6637878417969,261.8910827636719,488.6982727050781,215.52999877929688,491.80999755859375,557.5399780273438,189.9499969482422,196.17745971679688,45.51154708862305,10.760000228881836,9.149959564208984,134.8221435546875,37.88796615600586,279.5247802734375,68.99766540527344,15.428610801696777,505.54998779296875,139.4751434326172,153.63198852539062,115.89849090576172,79.87715148925781,115.35600280761719,9.568068504333496,303.57000732421875,49.81756591796875
2021-04-28,21.27537727355957,631.7053833007812,190.9913787841797,198.2152862548828,37.4900016784668,392.3867492675781,199.07302856445312,375.50244140625,55.695560455322266,180.28656005859375,7385.47607421875,686.8539428710938,67.51301574707031,111.43758392333984,243.79042053222656,126.3274154663086,386.7519836425781,260.4535217285156,484.2919616699219,213.47999572753906,487.7699890136719,557.8099975585938,186.30999755859375,195.71401977539062,45.43256759643555,10.920000076293945,9.11545181274414,133.7477569580078,38.349891662597656,279.3318786621094,67.46220397949219,15.420902252197266,506.5199890136719,139.41729736328125,152.58326721191406,113.95062255859375,80.66132354736328,118.99549865722656,9.604940414428711,307.1000061035156,49.1794548034668
2021-04-29,21.265869140625,637.139404296875,193.3098602294922,201.04612731933594,37.95000076293945,385.7420349121094,197.7101287841797,387.970458984375,55.79377746582031,180.0575714111328,7351.7099609375,685.5916748046875,68.32648468017578,112.57035827636719,242.30030822753906,126.61627197265625,393.5737609863281,264.7066650390625,462.948486328125,211.86000061035156,485.0,552.6300048828125,170.86000061035156,199.11578369140625,45.25137710571289,10.869999885559082,9.126349449157715,133.4520721435547,38.272911071777344,281.9458923339844,66.75804138183594,15.378499031066895,509.0,139.88995361328125,153.0626678466797,115.89849090576172,80.50250244140625,121.49449920654297,9.733989715576172,329.510009765625,49.46635437011719
2021-04-30,21.289640426635742,646.7459716796875,191.1764678955078,200.9297637939453,37.65999984741211,378.9087829589844,197.4375457763672,385.6883239746094,55.56789779663086,167.44436645507812,7284.76904296875,699.8458862304688,67.4155502319336,112.82207489013672,246.51910400390625,126.05781555175781,390.87835693359375,263.5863952636719,468.77032470703125,218.1999969482422,481.29998779296875,548.989990234375,172.35000610351562,198.2480926513672,45.604469299316406,11.130000114440918,9.137247085571289,130.8104248046875,37.75323486328125,278.26123046875,64.43040466308594,15.444028854370117,513.469970703125,137.8738555908203,149.91397094726562,115.4115219116211,79.0731201171875,120.50599670410156,9.844602584838867,325.0799865722656,48.64026641845703
2021-05-03,21.379972457885742,655.28515625,194.05020141601562,204.82699584960938,36.119998931884766,376.2707824707031,200.11790466308594,389.156005859375,55.26344299316406,,,690.41748046875,66.45000457763672,112.3186264038086,244.24522399902344,126.3274154663086,397.8373718261719,265.0338134765625,465.92913818359375,217.9499969482422,488.6199951171875,549.8800048828125,163.2100067138672,201.64984130859375,46.12480926513672,12.069999694824219,9.200813293457031,130.9484405517578,,279.9106750488281,65.60400390625,15.523052215576172,509.1099853515625,139.2532958984375,148.18856811523438,115.4115219116211,79.5396499633789,119.75849914550781,9.881474494934082,322.5799865722656,48.368202209472656
2021-05-04,21.294395446777344,659.0028686523438,195.1217803955078,205.14691162109375,36.52000045776367,372.8096008300781,198.89129638671875,392.3471374511719,54.6348876953125,163.05551147460938,7050.474609375,689.4271850585938,67.77993774414062,111.92166137695312,240.81985473632812,123.72769165039062,403.1693115234375,271.23016357421875,463.8356628417969,214.85000610351562,485.17999267578125,526.8800048828125,158.3699951171875,203.45423889160156,45.32571029663086,11.869999885559082,9.209894180297852,126.87754821777344,37.88796615600586,279.98779296875,70.51354217529297,15.505705833435059,503.17999267578125,139.55230712890625,143.33941650390625,109.0809326171875,78.12018585205078,117.7125015258789,9.863038063049316,318.3599853515625,47.74492645263672
2021-05-05,21.631948471069336,671.1341552734375,194.82952880859375,205.9224853515625,36.65999984741211,366.0954284667969,200.9356231689453,387.33819580078125,57.07052230834961,168.64654541015625,7119.384765625,672.8912353515625,65.04723358154297,109.4140853881836,240.54893493652344,122.28340911865234,404.3062744140625,273.83758544921875,466.3179626464844,213.8699951171875,482.4200134277344,529.9199829101562,156.99000549316406,204.93325805664062,47.07258224487305,11.739999771118164,9.487771034240723,128.42506408691406,40.380470275878906,282.2255859375,68.22502899169922,15.789030075073242,496.0799865722656,140.3336639404297,144.41064453125,112.00274658203125,78.12018585205078,117.83699798583984,9.586503982543945,315.0199890136719,48.67489242553711
2021-05-06,21.717525482177734,675.3410034179688,200.615966796875,206.4944610595703,36.25,372.3830871582031,202.7403106689453,384.8782043457031,56.648216247558594,168.97096252441406,6989.4404296875,678.7947998046875,66.1949691772461,111.0696792602539,236.1172637939453,122.572265625,406.7272033691406,275.69146728515625,468.68060302734375,213.16000366210938,498.67999267578125,533.1799926757812,151.89999389648438,206.40245056152344,47.843807220458984,11.399999618530273,9.505932807922363,129.844482421875,40.1398811340332,283.248046875,67.71647644042969,15.950928688049316,499.54998779296875,141.2597198486328,145.05484008789062,111.51577758789062,77.78269958496094,119.06749725341797,9.54963207244873,320.0199890136719,49.35258483886719
2021-05-07,21.921960830688477,680.0369873046875,203.0123748779297,208.15223693847656,37.560001373291016,372.3037414550781,204.26004028320312,386.00445556640625,57.669612884521484,173.20713806152344,7058.35009765625,692.7478637695312,66.42268371582031,112.32830047607422,239.47486877441406,121.99454498291016,409.35394287109375,275.75103759765625,466.995849609375,215.00999450683594,496.75,544.260009765625,151.0399932861328,207.57579040527344,48.52128982543945,10.850000381469727,9.596741676330566,131.04701232910156,40.36122131347656,280.25787353515625,71.12968444824219,15.922017097473145,503.8399963378906,142.30149841308594,147.94384765625,114.43759155273438,77.60401916503906,119.93450164794922,9.78929615020752,319.0799865722656,49.990699768066406
2021-05-10,22.107376098632812,689.1354370117188,205.8471221923828,207.4929962158203,37.2599983215332,363.3185119628906,204.30752563476562,385.65869140625,56.06876754760742,176.9472198486328,6965.81396484375,699.1078491210938,66.0127944946289,112.50257873535156,240.56826782226562,122.1871337890625,412.5296630859375,274.7000732421875,462.03131103515625,212.89999389648438,502.3399963378906,525.260009765625,141.0500030517578,208.9266357421875,49.14152145385742,10.09000015258789,9.663941383361816,122.90522766113281,40.70766830444336,283.1323547363281,71.93164825439453,15.993330955505371,486.69000244140625,142.20504760742188,142.48544311523438,110.54183959960938,74.34819030761719,117.08300018310547,9.402148246765137,305.9700012207031,49.30806350708008
2021-05-11,21.722278594970703,678.5694580078125,200.03146362304688,202.8492889404297,36.779998779296875,364.5780029296875,200.08079528808594,375.0974426269531,55.26344299316406,171.7378387451172,6969.75146484375,697.2046508789062,66.0947494506836,111.2052230834961,239.31039428710938,120.56951904296875,403.5221862792969,273.7285461425781,462.5596618652344,213.0,501.19000244140625,528.1900024414062,145.7899932861328,203.86837768554688,47.89151382446289,10.109999656677246,9.64577865600586,121.78155517578125,39.649078369140625,290.0869445800781,68.64558410644531,15.785173416137695,495.0799865722656,140.60377502441406,142.88995361328125,108.59396362304688,75.93639373779297,115.43800354003906,9.365277290344238,306.5299987792969,48.38799285888672
2021-05-12,22.38312339782715,678.4716186523438,190.4848175048828,196.76109313964844,35.7599983215332,353.6786804199219,202.07542419433594,365.23760986328125,53.13225173950195,173.13082885742188,6863.43310546875,684.8926391601562,64.29117584228516,108.7944564819336,234.1239776611328,118.54750061035156,397.31787109375,269.57452392578125,453.3682556152344,212.67999267578125,507.1400146484375,512.3099975585938,140.0800018310547,201.2554473876953,47.27605056762695,9.510000228881836,9.544073104858398,113.23563385009766,39.812679290771484,282.77545166015625,62.73847198486328,16.012603759765625,484.9800109863281,138.60699462890625,137.41908264160156,108.59396362304688,75.27133178710938,111.9540023803711,9.005784034729004,302.54998779296875,46.54289627075195
2021-05-13,22.31180763244629,680.9174194335938,195.16073608398438,202.238525390625,35.22999954223633,357.0506286621094,203.5001678466797,375.1270446777344,54.134010314941406,170.02044677734375,6973.689453125,694.6703491210938,64.52801513671875,109.88849639892578,236.097900390625,119.57776641845703,400.4445495605469,274.1944885253906,455.50164794921875,214.35000610351562,517.1699829101562,518.0700073242188,132.7100067138672,204.5684356689453,47.96785354614258,10.229999542236328,9.653043746948242,118.20349884033203,39.466224670410156,289.16094970703125,64.3423843383789,16.001039505004883,486.6600036621094,141.39019775390625,136.4876708984375,107.36119079589844,73.335693359375,113.09850311279297,8.231489181518555,305.260009765625,47.685569763183594
2021-05-14,22.307056427001953,691.5812377929688,193.7677001953125,204.71067810058594,35.650001525878906,360.90850830078125,205.87474060058594,374.59356689453125,55.281185150146484,172.40570068359375,7078.03857421875,701.0692749023438,65.83059692382812,111.00189971923828,238.76852416992188,120.61764526367188,401.659912109375,272.1422424316406,457.64495849609375,217.08999633789062,516.6199951171875,530.0700073242188,139.67999267578125,208.54208374023438,48.6739616394043,10.579999923706055,9.660308837890625,123.04322814941406,40.3034782409668,290.3859558105469,64.55805969238281,16.189922332763672,493.3699951171875,143.67880249023438,142.2582244873047,111.3375244140625,76.0058822631836,115.80799865722656,8.378973960876465,315.94000244140625,48.68973922729492
2021-05-17,22.791988372802734,691.5812377929688,189.1112823486328,203.60548400878906,33.849998474121094,360.3035888671875,205.6847686767578,370.43426513671875,54.59189224243164,170.99363708496094,7066.22607421875,694.2820434570312,66.78704071044922,110.5565414428711,237.92669677734375,120.86800384521484,400.51312255859375,265.0338134765625,451.5140686035156,216.35000610351562,523.72998046875,523.6199951171875,137.36000061035156,206.570068359375,48.7312126159668,10.40999984741211,9.618535995483398,121.80125427246094,40.380470275878906,290.96466064453125,63.34239196777344,16.604307174682617,488.94000244140625,142.9708709716797,141.4841766357422,111.8345718383789,77.5047607421875,116.07050323486328,8.57254695892334,315.4599914550781,48.66994857788086
2021-05-18,22.853796005249023,694.5162963867188,187.7669677734375,200.77517700195312,33.310001373291016,360.07550048828125,206.064697265625,365.6624450683594,54.148780822753906,171.98590087890625,7137.1044921875,697.3724975585938,67.74349975585938,111.32139587402344,238.371826171875,121.17610931396484,402.2283935546875,264.7364196777344,453.19879150390625,214.64999389648438,516.219970703125,524.8599853515625,139.38999938964844,202.57669067382812,49.43732833862305,10.350000381469727,9.625802040100098,120.06645202636719,40.53444290161133,289.0162658691406,63.33259963989258,16.430843353271484,486.2799987792969,139.96466064453125,139.98846435546875,111.8345718383789,78.46761322021484,115.17150115966797,8.775339126586914,309.9599914550781,48.55122756958008
2021-05-19,22.72067642211914,689.5267333984375,185.7894287109375,213.0105743408203,33.11000061035156,358.0027160644531,203.69012451171875,366.205810546875,53.96168518066406,169.9059600830078,7198.13916015625,697.401611328125,67.69795227050781,111.67961883544922,238.0718231201172,121.00279998779297,401.3658447265625,264.7463684082031,455.5315246582031,214.0500030517578,510.2699890136719,528.1400146484375,136.91000366210938,200.82159423828125,48.912513732910156,10.460000038146973,9.505932807922363,123.0136489868164,39.4854736328125,287.70440673828125,64.04827880859375,16.07427978515625,487.70001220703125,138.44212341308594,140.4878692626953,110.34344482421875,78.1598892211914,115.43550109863281,,313.5899963378906,47.8834342956543
2021-05-20,22.782482147216797,697.842529296875,188.40989685058594,215.71441650390625,31.850000381469727,364.66729736328125,203.83261108398438,370.019287109375,54.54266357421875,170.6692352294922,7387.1494140625,709.84130859375,69.09159851074219,113.62567138671875,242.697021484375,121.99454498291016,400.52294921875,267.2942810058594,463.84564208984375,216.61000061035156,513.2100219726562,539.239990234375,141.2899932861328,203.32606506347656,49.26557159423828,10.279999732971191,9.637140274047852,128.4447784423828,39.7260627746582,286.53729248046875,64.70513153076172,16.355676651000977,501.6700134277344,139.28582763671875,145.9487762451172,112.33161163330078,76.63123321533203,117.80449676513672,8.86751651763916,318.6099853515625,48.77877426147461
2021-05-21,22.91084861755371,704.2017211914062,187.4942169189453,218.9240264892578,31.469999313354492,364.568115234375,205.3998260498047,372.9535217285156,54.394962310791016,170.8028106689453,7391.0869140625,707.01416015625,69.60172271728516,113.7902603149414,241.85519409179688,122.56263732910156,403.45355224609375,266.6994323730469,460.90478515625,213.42999267578125,506.7200012207031,539.3400268554688,140.52000427246094,203.49368286132812,49.857173919677734,10.1899995803833,9.692286491394043,126.81839752197266,40.20724105834961,287.6272277832031,63.87181091308594,16.515649795532227,497.8900146484375,139.09185791015625,149.73667907714844,116.30795288085938,74.2485122680664,117.25499725341797,8.922823905944824,316.2300109863281,48.70952224731445
2021-05-24,22.830026626586914,706.060546875,185.73097229003906,219.2352752685547,31.280000686645508,369.3087158203125,,374.48486328125,54.47373580932617,171.43251037597656,7422.58837890625,705.1423950195312,71.56924438476562,114.39054107666016,244.5935516357422,123.34255981445312,402.78704833984375,268.94000244140625,461.0244445800781,211.22000122070312,500.4700012207031,549.7100219726562,142.3300018310547,203.23733520507812,,10.329999923706055,,132.65367126464844,40.476707458496094,288.9583740234375,63.724754333496094,,502.8999938964844,139.29550170898438,155.9316864013672,,75.38314056396484,120.33350372314453,8.600200653076172,324.6300048828125,49.53561019897461
2021-05-25,22.682641983032227,708.7998657226562,188.0299835205078,219.12828063964844,30.65999984741211,364.19122314453125,204.78244018554688,374.7917785644531,54.72975540161133,171.39434814453125,7454.0908203125,716.8021240234375,70.10272216796875,114.4195785522461,245.16444396972656,123.63140869140625,404.8453063964844,272.09271240234375,462.5796203613281,208.75999450683594,498.0299987792969,555.1900024414062,144.4600067138672,207.27012634277344,51.04039001464844,9.989999771118164,9.553472518920898,135.5318603515625,40.36122131347656,290.3859558105469,63.4698486328125,16.598526000976562,501.3399963378906,138.49061584472656,156.2887725830078,116.30795288085938,77.88131713867188,120.45349884033203,8.655508041381836,327.7900085449219,49.223968505859375
2021-05-26,22.568540573120117,719.85498046875,188.59498596191406,220.88870239257812,31.81999969482422,359.6589660644531,202.45535278320312,374.8709716796875,54.68052291870117,171.0317840576172,7422.58837890625,716.9288940429688,70.86785125732422,113.77088928222656,246.2191619873047,121.58050537109375,405.0021667480469,272.7867126464844,458.2630615234375,206.8000030517578,497.1600036621094,557.3300170898438,148.32000732421875,208.8674774169922,51.90871810913086,10.039999961853027,9.572487831115723,135.17637634277344,40.592185974121094,286.865234375,65.4796371459961,16.523357391357422,502.3599853515625,138.6554718017578,156.8106231689453,113.82273864746094,78.35906219482422,121.67649841308594,8.922823905944824,327.6600036621094,49.29816818237305
2021-05-27,22.82051658630371,720.6376342773438,188.76058959960938,221.14157104492188,32.52000045776367,359.0142822265625,205.0198974609375,376.7221984863281,54.847923278808594,175.2679901123047,7239.4853515625,716.636474609375,71.74848937988281,113.14158630371094,245.88046264648438,120.50212097167969,404.5022888183594,273.05438232421875,471.0133056640625,207.30999755859375,495.3399963378906,554.0399780273438,149.0,210.70147705078125,53.05376052856445,10.069999694824219,9.421313285827637,136.08482360839844,41.50642776489258,287.7140808105469,66.71491241455078,16.507938385009766,503.8599853515625,140.216796875,154.69320678710938,111.8345718383789,78.0505142211914,120.12550354003906,9.01500129699707,332.75,49.31795883178711
2021-05-28,22.663625717163086,732.5732421875,189.79319763183594,220.7039031982422,32.11000061035156,357.6059875488281,206.20718383789062,375.6629333496094,54.838069915771484,174.69554138183594,7456.05908203125,718.2255249023438,72.4434814453125,114.09039306640625,247.186767578125,121.88863372802734,403.7378234863281,272.1224365234375,468.0425720214844,208.6300048828125,502.42999267578125,558.1099853515625,150.5800018310547,211.78607177734375,52.93925476074219,10.40999984741211,9.505932807922363,136.3909454345703,41.33319854736328,289.045166015625,65.89138793945312,16.440481185913086,502.80999755859375,140.8568115234375,162.2490997314453,112.82865905761719,78.01070404052734,120.5780029296875,8.618636131286621,328.7300109863281,48.79361343383789
2021-05-31,22.463945388793945,732.0841064453125,,,,,204.59246826171875,,,,,,,,,,,,,,,,,,53.416358947753906,,9.355709075927734,,40.967506408691406,,,16.430843353271484,,,,112.82865905761719,,,8.57254695892334,,
2021-06-01,22.520998001098633,725.920654296875,186.89022827148438,221.04432678222656,32.0,356.8225402832031,206.11219787597656,369.7132263183594,54.877464294433594,177.06170654296875,7365.4921875,720.8577270507812,75.30573272705078,116.01707458496094,250.19602966308594,120.15548706054688,398.6410827636719,261.47467041015625,445.62237548828125,209.6699981689453,503.2300109863281,550.5900268554688,152.36000061035156,212.85096740722656,53.40681838989258,10.489999771118164,9.452689170837402,136.46990966796875,41.50642776489258,291.82318115234375,67.53843688964844,16.55805015563965,499.0799865722656,141.8653564453125,162.44883728027344,112.82865905761719,80.8273696899414,121.4905014038086,8.710813522338867,329.1300048828125,50.87614822387695
2021-06-02,22.520998001098633,730.6165771484375,185.83815002441406,222.12391662597656,32.150001525878906,363.82427978515625,205.16236877441406,376.0193176269531,54.15862274169922,177.88223266601562,7381.24267578125,739.0980224609375,75.05883026123047,117.86629486083984,254.41481018066406,119.2022476196289,397.788330078125,261.2565612792969,447.8155517578125,210.3800048828125,505.3599853515625,547.5599975585938,152.74000549316406,207.68423461914062,53.29230880737305,10.239999771118164,9.434624671936035,137.2598419189453,41.67002487182617,294.8326416015625,64.18551635742188,16.63321876525879,499.239990234375,141.5550537109375,167.5801544189453,112.33161163330078,80.8074722290039,121.06400299072266,8.563329696655273,329.1499938964844,49.857139587402344
2021-06-03,22.863304138183594,725.1380004882812,185.3802947998047,222.9019775390625,31.6299991607666,358.8357849121094,207.20448303222656,377.52410888671875,54.73960494995117,177.7868194580078,7322.17724609375,757.5333251953125,73.6139907836914,117.99217224121094,254.8212127685547,118.49935150146484,399.8564147949219,262.9023132324219,443.94757080078125,211.14999389648438,505.6600036621094,550.2999877929688,146.58999633789062,210.2774658203125,53.6549072265625,10.729999542236328,9.489768981933594,134.66294860839844,41.78550720214844,293.3375244140625,63.665931701660156,16.650564193725586,489.42999267578125,141.99143981933594,169.4928436279297,111.3375244140625,77.98085021972656,120.23049926757812,8.480368614196777,326.0400085449219,50.287498474121094
2021-06-04,22.91084861755371,719.7571411132812,185.00038146972656,225.0028076171875,31.549999237060547,363.0011291503906,207.29946899414062,380.7216491699219,54.552513122558594,175.5160675048828,7459.9970703125,765.6736450195312,72.65382385253906,118.49561309814453,256.688720703125,119.2503890991211,397.58251953125,264.062255859375,447.366943359375,209.92999267578125,511.8900146484375,558.3599853515625,146.57000732421875,210.78033447265625,54.1129264831543,10.670000076293945,9.54776668548584,138.0892791748047,41.4294319152832,293.9645080566406,63.93061828613281,16.675621032714844,494.739990234375,144.01820373535156,175.5705108642578,111.8345718383789,79.17520141601562,122.58799743652344,8.434280395507812,330.3500061035156,51.212520599365234
2021-06-07,23.158071517944336,717.1156005859375,185.33157348632812,224.5651397705078,31.239999771118164,361.0771179199219,207.29946899414062,377.4052429199219,53.30193328857422,178.39744567871094,7420.61962890625,775.1009521484375,74.33641052246094,118.7763900756836,259.9302673339844,119.3563003540039,392.2995910644531,261.79193115234375,443.0703430175781,209.16000366210938,514.989990234375,560.3499755859375,151.9499969482422,208.9069061279297,54.66636657714844,11.1899995803833,9.52114486694336,137.2203369140625,41.910614013671875,291.1189880371094,60.96007537841797,16.810537338256836,494.6600036621094,142.408447265625,175.9774932861328,113.82273864746094,77.63249969482422,123.30449676513672,8.434280395507812,336.5799865722656,50.8712043762207
2021-06-08,23.357751846313477,725.920654296875,186.45184326171875,228.65982055664062,30.040000915527344,362.2474365234375,207.6793975830078,380.5335998535156,54.45404052734375,176.66099548339844,7428.4951171875,796.1586303710938,74.38212585449219,119.72521209716797,257.4047546386719,117.27653503417969,393.75994873046875,258.1733093261719,439.63104248046875,211.1300048828125,506.4200134277344,561.3099975585938,152.92999267578125,206.9052734375,54.294227600097656,11.59000015258789,9.568684577941895,134.14950561523438,41.97797393798828,289.006591796875,62.2443733215332,16.74114990234375,492.3900146484375,142.67025756835938,174.3594512939453,114.31978607177734,77.22442626953125,124.14250183105469,8.3605375289917,333.67999267578125,51.40049362182617
2021-06-09,23.31971549987793,728.4642333984375,185.6725311279297,225.58639526367188,30.559999465942383,360.33331298828125,206.4921112060547,380.7513427734375,54.43434143066406,172.21487426757812,7379.27392578125,789.6756591796875,75.97329711914062,119.67680358886719,258.3626708984375,118.53787231445312,393.1327209472656,256.9637756347656,446.81866455078125,213.55999755859375,521.8499755859375,566.6599731445312,150.42999267578125,205.39669799804688,53.98888397216797,11.510000228881836,9.591503143310547,132.95472717285156,41.10223388671875,286.8169860839844,62.263980865478516,16.78740882873535,485.80999755859375,141.98171997070312,173.41290283203125,113.32569885253906,76.96565246582031,124.56999969482422,8.406627655029297,330.25,51.425228118896484
2021-06-10,23.457590103149414,723.1812744140625,183.8995819091797,225.31407165527344,30.139999389648438,361.2952880859375,207.53692626953125,382.85009765625,55.163028717041016,170.84097290039062,7450.15283203125,802.3297729492188,77.88451385498047,122.26183319091797,262.04931640625,120.10733795166016,393.5149230957031,258.76812744140625,463.4668273925781,216.77000427246094,532.0399780273438,580.530029296875,154.2899932861328,207.1616668701172,53.740787506103516,11.09000015258789,9.519244194030762,135.43313598632812,41.410186767578125,288.02276611328125,58.73461151123047,17.055313110351562,487.2699890136719,142.3793487548828,174.07972717285156,113.82273864746094,78.0306167602539,126.08000183105469,8.526458740234375,332.4599914550781,51.34113693237305
2021-06-11,23.486116409301758,726.8011474609375,185.87710571289062,226.5590057373047,30.790000915527344,362.4854431152344,206.82455444335938,388.55230712890625,55.635677337646484,172.1194610595703,7603.72412109375,795.5542602539062,75.580078125,120.74179077148438,259.6593017578125,119.18299102783203,389.98651123046875,256.3292541503906,463.70611572265625,193.02000427246094,525.5499877929688,584.469970703125,154.82000732421875,208.7294464111328,54.408729553222656,11.300000190734863,9.536357879638672,135.09742736816406,41.708518981933594,289.80718994140625,57.46011734008789,17.15938949584961,488.7699890136719,142.19508361816406,178.07833862304688,115.3138656616211,76.83626556396484,125.69650268554688,8.415844917297363,331.260009765625,51.43511962890625
2021-06-14,23.576448440551758,727.8772583007812,184.7568359375,226.68544006347656,30.81999969482422,363.49700927734375,206.9195556640625,392.39337158203125,54.444190979003906,171.16537475585938,7649.00732421875,803.3045654296875,76.1927719116211,122.14566040039062,262.1654052734375,119.53925323486328,391.2312316894531,257.5982360839844,468.8729248046875,194.8000030517578,528.75,592.3599853515625,157.47999572753906,204.9530029296875,54.18926239013672,10.859999656677246,9.699892044067383,137.2795867919922,41.14072799682617,288.52435302734375,57.313053131103516,17.142044067382812,499.8900146484375,141.58413696289062,180.01141357421875,117.30204010009766,76.79645538330078,126.35199737548828,,336.7699890136719,50.82173538208008
2021-06-15,23.5954647064209,732.964599609375,183.02285766601562,226.19912719726562,30.06999969482422,365.08380126953125,207.48944091796875,392.0469055175781,54.838069915771484,170.99363708496094,7717.9169921875,788.6909790039062,74.21752166748047,119.82009887695312,261.7106628417969,120.5213623046875,392.3289794921875,258.193115234375,468.88287353515625,188.97000122070312,527.489990234375,592.260009765625,152.42999267578125,207.1074676513672,54.380104064941406,11.100000381469727,9.707498550415039,136.89450073242188,41.00600051879883,290.41485595703125,57.61697769165039,17.203720092773438,491.8999938964844,143.37820434570312,177.711181640625,118.29612731933594,76.30876159667969,126.03299713134766,8.286795616149902,336.75,50.88108825683594
2021-06-16,23.39103126525879,733.5515747070312,181.3862762451172,224.92501831054688,30.459999084472656,360.81927490234375,208.72421264648438,388.8196105957031,56.15757369995117,168.99000549316406,7790.7646484375,789.6365356445312,73.76030731201172,118.14646911621094,257.89825439453125,120.37693786621094,389.35919189453125,256.8646240234375,467.22711181640625,187.49000549316406,523.5800170898438,593.52001953125,151.72999572753906,204.34024047851562,54.48506546020508,10.90999984741211,9.705597877502441,135.25538635253906,40.986751556396484,289.4117431640625,56.96992492675781,17.201793670654297,492.4100036621094,141.9429473876953,177.928466796875,119.7872543334961,76.21919250488281,125.69650268554688,8.231489181518555,331.0799865722656,50.82667922973633
2021-06-17,23.609725952148438,742.2587890625,182.00973510742188,224.8861083984375,29.40999984741211,364.2606506347656,211.09877014160156,396.1453857421875,56.26589584350586,170.61199951171875,7859.67529296875,794.9888916015625,72.51664733886719,119.30438995361328,262.0303039550781,120.55987548828125,389.45721435546875,257.94525146484375,484.84210205078125,188.36000061035156,536.010009765625,604.2000122070312,155.8000030517578,204.78500366210938,54.25605773925781,10.380000114440918,9.580094337463379,135.59112548828125,40.77503204345703,288.495361328125,55.6366081237793,17.059167861938477,498.3399963378906,138.30638122558594,186.39019775390625,115.8109130859375,77.93108367919922,126.37100219726562,8.471150398254395,336.510009765625,49.2932243347168
2021-06-18,23.305452346801758,733.7472534179688,182.0487060546875,224.2150115966797,29.079999923706055,364.3896179199219,206.96702575683594,386.7901611328125,55.52736282348633,163.97146606445312,7841.95556640625,802.1152954101562,70.48654174804688,116.34634399414062,258.55938720703125,118.65342712402344,383.033447265625,257.9552001953125,481.2413024902344,187.85000610351562,537.9199829101562,601.0499877929688,156.30999755859375,199.00344848632812,53.78849792480469,10.069999694824219,9.519244194030762,129.5777587890625,39.966651916503906,282.3317565917969,54.66602325439453,16.976289749145508,500.7699890136719,135.04798889160156,186.2053680419922,116.30795288085938,77.01541900634766,125.56749725341797,8.26836109161377,329.6600036621094,48.75899124145508
2021-06-21,23.576448440551758,742.7478637695312,183.99703979492188,227.36627197265625,29.690000534057617,370.0127868652344,206.96702575683594,395.5117492675781,57.0142707824707,165.00189208984375,7997.49462890625,801.85205078125,73.16590881347656,119.284912109375,260.30938720703125,120.87763214111328,391.5918884277344,263.0509948730469,482.32855224609375,187.6999969482422,534.27001953125,606.6300048828125,155.38999938964844,205.65467834472656,54.532779693603516,10.520000457763672,9.496424674987793,131.37489318847656,40.94825744628906,286.05499267578125,56.411109924316406,17.1574649810791,497.0,138.7136688232422,184.0924530029297,116.80499267578125,75.63196563720703,126.45500183105469,8.04713249206543,332.2900085449219,49.46635437011719
2021-06-22,23.657268524169922,745.389404296875,186.7635955810547,230.71202087402344,29.489999771118164,374.9220275878906,205.0198974609375,399.8082275390625,57.66416931152344,164.6202392578125,8091.99951171875,801.9202880859375,72.69953155517578,118.69137573242188,259.21075439453125,122.0234375,392.2017822265625,265.02392578125,490.9565124511719,188.8699951171875,534.02001953125,611.6400146484375,157.6300048828125,207.3842010498047,54.82857894897461,10.449999809265137,9.472655296325684,131.7599639892578,41.40056610107422,287.4536437988281,56.8914909362793,17.25190544128418,508.82000732421875,138.51002502441406,188.68292236328125,115.3138656616211,73.81059265136719,126.99949645996094,8.296013832092285,339.0299987792969,49.34763717651367
2021-06-23,23.433818817138672,723.376953125,186.19857788085938,230.8092803955078,29.510000228881836,372.0458984375,203.64263916015625,396.80859375,58.451927185058594,164.86831665039062,7971.89990234375,783.3876342773438,73.40367126464844,117.85456848144531,256.8871154785156,120.82947540283203,389.1227722167969,261.583740234375,492.7618713378906,187.52000427246094,529.7999877929688,615.8800048828125,160.5,203.73739624023438,54.561405181884766,10.5,9.359512329101562,133.79403686523438,40.81352996826172,280.5279846191406,57.038551330566406,17.095787048339844,512.739990234375,140.04222106933594,190.38626098632812,115.3138656616211,74.56700897216797,126.46150207519531,8.296013832092285,340.5899963378906,49.08051681518555
2021-06-24,23.438573837280273,734.6278076171875,186.79281616210938,233.26998901367188,30.31999969482422,371.6591491699219,204.0225830078125,407.0548095703125,59.21015930175781,166.39486694335938,8054.591796875,759.756103515625,74.21752166748047,118.0005111694336,256.8190612792969,121.05205535888672,392.37884521484375,262.71392822265625,494.0984802246094,191.94000244140625,544.4500122070312,614.9299926757812,163.27000427246094,202.03750610351562,55.563316345214844,10.460000038146973,9.451738357543945,136.51927185058594,41.27545928955078,279.65985107421875,57.96010971069336,17.246122360229492,518.0599975585938,141.2447052001953,191.86732482910156,116.30795288085938,75.14427947998047,127.28199768066406,8.351320266723633,343.17999267578125,49.01126480102539
2021-06-25,23.462345123291016,742.7478637695312,187.67930603027344,233.9605255126953,30.860000610351562,376.4790344238281,204.1650390625,408.2229919433594,59.83051300048828,166.81468200683594,8153.0341796875,763.733642578125,75.44290161132812,118.71083068847656,259.14276123046875,120.89722442626953,398.35992431640625,264.9446105957031,491.6148376464844,194.33999633789062,550.5499877929688,620.6400146484375,165.10000610351562,205.190185546875,55.286598205566406,10.260000228881836,9.373773574829102,134.475341796875,42.199317932128906,278.319091796875,56.93070602416992,17.19601058959961,527.0700073242188,142.25326538085938,190.1240234375,115.3138656616211,77.41353607177734,126.99500274658203,8.369755744934082,341.3699951171875,49.21902847290039
2021-06-28,23.467098236083984,731.4971313476562,188.21505737304688,234.65109252929688,30.56999969482422,364.6474304199219,203.167724609375,406.6785583496094,59.59418487548828,163.64706420898438,8021.12109375,778.47412109375,74.7662124633789,118.34107971191406,264.2470397949219,119.74563598632812,394.92669677734375,267.7403869628906,503.8136901855469,197.82000732421875,542.7000122070312,631.9000244140625,170.4199981689453,204.49839782714844,55.181636810302734,9.729999542236328,9.432722091674805,139.21493530273438,41.09260940551758,278.8110046386719,56.754241943359375,17.290451049804688,533.030029296875,142.06900024414062,199.65472412109375,119.29020690917969,76.73674011230469,126.81950378417969,8.314449310302734,355.6400146484375,49.34269332885742
2021-06-29,23.6049747467041,738.0519409179688,189.17945861816406,235.22491455078125,30.34000015258789,364.96478271484375,202.1229248046875,406.4608154296875,59.456329345703125,165.24993896484375,8040.8095703125,782.1884765625,73.90618133544922,118.1756591796875,265.21923828125,120.51981353759766,391.6214294433594,273.62939453125,506.9457092285156,196.77999877929688,545.97998046875,637.0800170898438,171.36000061035156,203.47055053710938,55.63965606689453,9.739999771118164,9.431771278381348,140.13319396972656,41.525672912597656,278.0779724121094,56.6660041809082,17.369474411010742,533.5,142.059326171875,200.07180786132812,117.79907989501953,76.23908996582031,126.01850128173828,8.378973960876465,351.8900146484375,50.55461502075195
2021-06-30,23.837932586669922,721.0289916992188,188.9553985595703,235.11793518066406,30.68000030517578,362.07879638671875,200.41323852539062,406.3321228027344,58.33376693725586,163.2654266357422,7845.892578125,782.45166015625,73.42887115478516,116.30743408203125,262.64288330078125,120.123046875,393.9233093261719,273.4806823730469,503.185302734375,201.6300048828125,558.5399780273438,631.5499877929688,166.2899932861328,204.32049560546875,54.84766387939453,9.829999923706055,9.311022758483887,140.60714721679688,40.9001350402832,278.94085693359375,59.10715103149414,17.190227508544922,528.2100219726562,143.6981658935547,199.82952880859375,119.7872543334961,74.94522094726562,125.31600189208984,8.231489181518555,347.7099914550781,49.30311584472656
2021-07-01,23.966297149658203,723.1812744140625,190.75759887695312,236.800537109375,31.200000762939453,367.6524353027344,201.50552368164062,408.0645751953125,58.835968017578125,167.25357055664062,7755.32568359375,777.6161499023438,75.00761413574219,116.74530029296875,262.8275146484375,122.05848693847656,398.3009033203125,275.602294921875,508.232421875,202.2100067138672,574.6199951171875,638.9500122070312,164.63999938964844,209.35092163085938,55.267513275146484,10.0,9.335742950439453,136.21316528320312,41.2562141418457,280.02685546875,59.31303405761719,17.226848602294922,533.5399780273438,145.62802124023438,201.9224853515625,115.8109130859375,74.40776824951172,126.36849975585938,,354.3900146484375,48.8183479309082
2021-07-02,24.018592834472656,718.4853515625,190.65045166015625,239.8253631591797,31.139999389648438,371.93682861328125,202.31288146972656,410.4701843261719,58.87535095214844,164.44851684570312,7773.04541015625,780.4043579101562,74.18153381347656,117.76698303222656,265.2970275878906,122.73589324951172,402.6981201171875,275.5626525878906,512.0127563476562,200.5399932861328,583.6400146484375,648.2000122070312,164.25999450683594,212.3355712890625,55.62057113647461,9.8100004196167,9.369970321655273,136.4205322265625,41.14072799682617,281.93701171875,59.21500015258789,17.2943058013916,533.97998046875,146.82080078125,204.6697998046875,116.80499267578125,73.8404541015625,128.718994140625,8.139310836791992,354.70001220703125,49.154720306396484
2021-07-05,24.108924865722656,721.8116455078125,,,,,203.35769653320312,,,169.54339599609375,7753.3564453125,,,,,,,,,,,,,,55.76369857788086,,9.411805152893066,,41.20809555053711,,,17.29816246032715,,,,116.30795288085938,,,8.010261535644531,,
2021-07-06,23.956787109375,712.1261596679688,189.71524047851562,238.72628784179688,30.34000015258789,373.017822265625,201.5530242919922,411.4997863769531,59.01321029663086,163.64706420898438,7845.892578125,798.5472412109375,73.06175231933594,119.23627471923828,268.07769775390625,122.87137603759766,403.5835266113281,276.17730712890625,515.7432250976562,200.0500030517578,582.25,658.989990234375,163.52999877929688,212.32568359375,55.63965606689453,9.449999809265137,9.450786590576172,135.0579071044922,40.370849609375,278.01007080078125,55.30327224731445,17.17673683166504,541.6400146484375,145.17222595214844,206.78274536132812,120.28429412841797,71.29251098632812,129.77099609375,8.102438926696777,352.7799987792969,48.660057067871094
2021-07-07,24.360902786254883,721.8116455078125,190.81605529785156,240.76876831054688,29.559999465942383,370.8359375,200.98313903808594,414.9547119140625,58.46177291870117,164.58209228515625,7934.49169921875,807.02880859375,71.82263946533203,119.96604919433594,270.449951171875,123.61651611328125,404.960693359375,278.8541259765625,521.3888549804688,198.99000549316406,585.9000244140625,665.3099975585938,158.25999450683594,214.39122009277344,56.193092346191406,9.550000190734863,9.658058166503906,133.17196655273438,41.015625,281.9563903808594,57.11697769165039,17.27117919921875,535.9600219726562,147.57720947265625,203.51844787597656,122.2724609375,69.59056854248047,130.07749938964844,8.13009262084961,350.489990234375,49.21407699584961
2021-07-08,24.089906692504883,697.4512329101562,187.81564331054688,241.7705535888672,28.780000686645508,367.56927490234375,197.99118041992188,412.8758239746094,57.142269134521484,159.94517517089844,7741.54345703125,807.3992309570312,70.76707458496094,119.79090118408203,270.2069091796875,123.3261947631836,403.278564453125,274.74969482421875,517.2892456054688,197.74000549316406,574.9199829101562,659.9400024414062,157.94000244140625,211.54495239257812,55.181636810302734,9.529999732971191,9.627633094787598,130.86141967773438,39.93778610229492,278.630615234375,56.862083435058594,17.199865341186523,530.760009765625,146.01593017578125,198.83302307128906,120.28429412841797,67.39097595214844,129.177001953125,8.194618225097656,345.6499938964844,48.97169494628906
2021-07-09,24.094663619995117,715.3546752929688,190.28025817871094,241.7705535888672,29.299999237060547,370.2998352050781,201.173095703125,410.5196533203125,58.19590759277344,165.40261840820312,7749.4189453125,799.726806640625,72.31827545166016,122.00942993164062,270.7221984863281,124.03263092041016,405.40338134765625,278.61614990234375,515.9427490234375,198.16000366210938,580.4000244140625,667.030029296875,158.60000610351562,216.2294464111328,55.75415802001953,9.84000015258789,9.591503143310547,133.20156860351562,40.80390548706055,282.8096923828125,58.71500015258789,17.321290969848633,535.97998046875,148.9154815673828,200.30657958984375,124.26063537597656,70.43656158447266,129.57449340820312,8.231489181518555,350.4200134277344,49.59001922607422
2021-07-12,24.2230281829834,719.2680053710938,190.51405334472656,245.33030700683594,29.649999618530273,372.9012756347656,202.07542419433594,407.61907958984375,59.535099029541016,164.7919921875,7818.3291015625,808.7251586914062,73.76848602294922,123.97498321533203,272.21942138671875,124.06165313720703,409.2694396972656,279.05242919921875,513.3792724609375,198.33999633789062,574.030029296875,659.5399780273438,155.99000549316406,217.76132202148438,55.935455322265625,9.899999618530273,9.6865816116333,135.07765197753906,40.61143112182617,282.20849609375,58.49931716918945,17.63352394104004,537.3099975585938,150.3798370361328,204.924560546875,124.75767517089844,68.0677719116211,130.56399536132812,8.148529052734375,353.1600036621094,48.04667282104492
2021-07-13,24.261062622070312,727.4859008789062,189.2574005126953,244.85374450683594,29.100000381469727,380.99359130859375,202.1229248046875,404.84716796875,58.501163482666016,162.19683837890625,7678.53955078125,802.3785400390625,70.96902465820312,122.2235107421875,270.7999572753906,123.2874984741211,411.7287902832031,277.3075256347656,512.9902954101562,198.3300018310547,577.010009765625,662.5800170898438,154.2100067138672,216.66429138183594,55.88774490356445,9.65999984741211,9.663762092590332,134.57408142089844,40.553688049316406,280.08502197265625,56.205230712890625,17.73181915283203,540.6799926757812,149.38096618652344,202.3021240234375,124.26063537597656,70.62566375732422,130.9945068359375,8.03791618347168,352.0899963378906,46.37965774536133
2021-07-14,24.289588928222656,734.334228515625,187.7572021484375,246.68222045898438,28.739999771118164,388.0333557128906,201.50552368164062,406.4608154296875,58.00880813598633,162.86471557617188,7540.72021484375,810.9576416015625,71.40040588378906,122.82679748535156,273.5611267089844,123.61651611328125,407.9906005859375,274.85870361328125,509.4792175292969,197.88999938964844,581.0599975585938,659.8499755859375,148.85000610351562,216.18992614746094,55.94499969482422,9.539999961853027,9.654254913330078,133.94215393066406,40.428585052490234,279.3869323730469,55.852294921875,17.63545036315918,547.9500122070312,148.7602996826172,198.22113037109375,124.26063537597656,71.49156951904297,132.08250427246094,7.650767803192139,347.6300048828125,46.201576232910156
2021-07-15,24.080400466918945,723.7682495117188,190.68939208984375,246.0013885498047,28.459999084472656,387.4674377441406,199.5583953857422,407.3913879394531,57.920196533203125,161.3572235107422,7450.15283203125,813.1024169921875,70.96902465820312,123.50792694091797,273.4736022949219,121.31333923339844,413.2142028808594,274.5712585449219,513.1697998046875,200.08999633789062,589.3200073242188,657.4199829101562,146.2100067138672,217.71188354492188,55.6873664855957,9.800000190734863,9.774053573608398,131.52297973632812,39.99552536010742,279.3481140136719,54.23466110229492,17.5583553314209,542.9500122070312,149.21609497070312,189.4771728515625,124.26063537597656,72.28779602050781,131.26649475097656,7.76138162612915,344.4599914550781,46.32029724121094
2021-07-16,24.34663963317871,715.941650390625,191.06930541992188,244.2701416015625,28.18000030517578,384.3794250488281,198.37110900878906,410.2622985839844,57.349063873291016,157.8270721435547,7481.65478515625,810.5968627929688,69.54634094238281,123.8484878540039,274.6208801269531,121.7391357421875,412.869873046875,274.0755310058594,518.4662475585938,202.27999877929688,583.239990234375,667.760009765625,146.77999877929688,216.6346435546875,55.51560592651367,9.720000267028809,9.86532974243164,126.5661849975586,40.101383209228516,276.86590576171875,51.69547653198242,17.683635711669922,530.3099975585938,148.1202850341797,181.4325408935547,122.7695083618164,71.13326263427734,131.8455047607422,7.447976589202881,341.1600036621094,45.652496337890625
2021-07-19,23.904489517211914,696.375,187.91307067871094,244.240966796875,27.81999969482422,362.8628234863281,190.9624786376953,405.0451354980469,56.49237060546875,152.00706481933594,7481.65478515625,813.3557739257812,66.93961334228516,123.36195373535156,273.094482421875,118.78759765625,402.40301513671875,272.4595031738281,520.2916259765625,199.24000549316406,585.22998046875,669.4000244140625,151.3699951171875,215.0830535888672,54.55186080932617,9.15999984741211,9.65995979309082,127.00065612792969,38.34027099609375,273.5304260253906,50.3033447265625,16.982072830200195,532.280029296875,144.6776580810547,187.61399841308594,123.26654815673828,69.64033508300781,129.25399780273438,7.355798721313477,336.95001220703125,45.94435501098633
2021-07-20,23.913999557495117,703.6146850585938,189.87925720214844,247.73265075683594,28.1299991607666,371.7395324707031,194.0019073486328,412.20263671875,57.66416931152344,154.23965454101562,7383.21142578125,811.747314453125,70.82215118408203,124.53934478759766,275.1459045410156,121.45850372314453,406.2493591308594,274.4026794433594,521.2492065429688,196.5500030517578,587.239990234375,669.3900146484375,154.8300018310547,245.98707580566406,55.15300750732422,9.949999809265137,9.694188117980957,130.3084716796875,39.05242156982422,277.2634582519531,51.411170959472656,16.908832550048828,531.0499877929688,149.429443359375,185.93814086914062,119.7872543334961,69.5208969116211,131.10150146484375,7.291273593902588,341.6600036621094,47.17606735229492
2021-07-21,24.299097061157227,711.1478881835938,190.87704467773438,249.03591918945312,28.790000915527344,377.3694152832031,197.6112518310547,412.8758239746094,58.47162628173828,159.52536010742188,7442.27734375,799.1808471679688,71.69412231445312,123.4787368774414,272.4819641113281,122.94879150390625,407.89227294921875,275.1065673828125,512.9503784179688,196.27000427246094,583.719970703125,670.510009765625,153.32000732421875,246.33299255371094,55.582401275634766,10.5,9.842510223388672,136.26254272460938,39.572086334228516,278.01007080078125,53.195457458496094,17.25383186340332,513.6300048828125,150.92286682128906,193.9103546142578,118.29612731933594,69.56070709228516,132.60049438476562,7.263620853424072,346.2300109863281,47.591583251953125
2021-07-22,24.36565589904785,712.0283203125,192.48129272460938,249.96963500976562,28.479999542236328,379.45452880859375,198.6085662841797,414.4003601074219,59.78127670288086,157.73165893554688,7432.43310546875,800.2142333984375,68.90383911132812,123.74143981933594,273.7847595214844,123.0068588256836,409.0038146972656,278.68560791015625,523.164306640625,196.02000427246094,586.8800048828125,683.030029296875,152.8699951171875,243.90174865722656,55.849578857421875,10.109999656677246,9.747431755065918,135.452880859375,39.466224670410156,279.69720458984375,52.46997833251953,17.055313110351562,511.7699890136719,151.33016967773438,195.74853515625,115.3138656616211,69.31188201904297,133.32850646972656,7.457194805145264,351.19000244140625,47.45802307128906
2021-07-23,24.57959747314453,731.3992919921875,196.46258544921875,253.87948608398438,28.469999313354492,390.4759521484375,199.46340942382812,414.30133056640625,60.480411529541016,159.4490203857422,7505.28076171875,812.556396484375,68.0135269165039,124.4420394897461,277.34320068359375,124.39069366455078,410.9024353027344,281.3326110839844,530.9044799804688,200.5,586.3499755859375,693.739990234375,151.58999633789062,245.55223083496094,56.57477569580078,10.079999923706055,9.880541801452637,136.6871337890625,39.88966751098633,281.4715881347656,52.69546890258789,17.26346778869629,515.4099731445312,151.98960876464844,195.38890075683594,119.29020690917969,66.57484436035156,137.8159942626953,7.263620853424072,369.7900085449219,47.759769439697266
2021-07-26,24.593862533569336,731.1057739257812,193.43014526367188,253.71417236328125,29.34000015258789,390.0191955566406,200.31825256347656,409.2525329589844,60.8841438293457,161.6625518798828,7308.39501953125,808.6860961914062,68.9313735961914,124.52960968017578,276.711181640625,123.93586730957031,406.81011962890625,278.68560791015625,527.7725219726562,198.92999267578125,577.780029296875,685.6699829101562,149.75,242.8838348388672,56.29805374145508,10.329999923706055,9.831100463867188,136.73651123046875,40.11100769042969,280.3371276855469,52.9993782043457,17.240339279174805,516.489990234375,151.31077575683594,192.75146484375,115.8109130859375,59.89645767211914,139.64450073242188,6.940370559692383,372.4599914550781,47.71524429321289
2021-07-27,24.489267349243164,715.3546752929688,189.29234313964844,251.28265380859375,28.829999923706055,387.5071105957031,198.8935089111328,408.64862060546875,61.37649917602539,161.60528564453125,7223.734375,820.69677734375,69.93183898925781,125.70697784423828,278.9182434082031,126.01647186279297,408.3447265625,280.6981506347656,528.9295043945312,202.85000610351562,581.010009765625,686.9500122070312,151.00999450683594,244.79124450683594,55.78278350830078,10.239999771118164,9.869132041931152,133.20156860351562,39.928165435791016,280.12384033203125,53.22486877441406,17.17673683166504,518.9099731445312,151.41744995117188,191.89230346679688,117.30204010009766,58.62248992919922,136.79649353027344,6.655149936676025,367.80999755859375,47.53717041015625
2021-07-28,24.484514236450195,741.3782348632812,188.19677734375,250.36842346191406,29.389999389648438,380.7254638671875,199.93832397460938,407.4606628417969,61.494659423828125,164.83013916015625,7200.10791015625,815.3153686523438,70.02361297607422,124.18904876708984,277.0709228515625,126.30677795410156,402.5112609863281,280.75762939453125,526.9246826171875,202.24000549316406,586.4099731445312,695.5800170898438,151.80999755859375,243.0518341064453,56.10721206665039,10.600000381469727,9.928080558776855,135.48251342773438,40.072509765625,279.0863342285156,53.754276275634766,17.20564842224121,519.2999877929688,150.75802612304688,194.83944702148438,118.29612731933594,61.43915557861328,136.38150024414062,6.968892574310303,373.2799987792969,47.433292388916016
2021-07-29,24.75550651550293,743.6283569335938,189.39996337890625,254.49229431152344,30.18000030517578,386.05743408203125,201.173095703125,419.32049560546875,62.833858489990234,168.13133239746094,7204.0458984375,766.6387939453125,69.70384216308594,124.4420394897461,275.1459045410156,126.46159362792969,405.3738708496094,292.1291198730469,532.4107055664062,200.3800048828125,583.1300048828125,704.1599731445312,156.02999877929688,244.998779296875,55.75415802001953,10.470000267028809,9.9204740524292,135.7688446044922,40.70766830444336,280.8704528808594,55.077789306640625,17.088077545166016,514.25,152.93995666503906,196.42788696289062,118.29612731933594,61.67802429199219,136.54049682617188,6.978399753570557,358.32000732421875,47.87848663330078
2021-07-30,24.907642364501953,739.8129272460938,188.49021911621094,253.89895629882812,29.010000228881836,383.207763671875,199.8908233642578,424.4188232421875,62.78462219238281,166.4902801513672,7373.3671875,799.8145141601562,68.61647033691406,124.5879898071289,274.951416015625,127.07125854492188,405.5115661621094,293.6063232421875,538.634765625,201.5800018310547,574.6099853515625,678.530029296875,148.4499969482422,245.29527282714844,54.79995346069336,10.5,9.8463134765625,138.1682586669922,40.659549713134766,282.1891174316406,54.35231018066406,16.864501953125,517.5700073242188,153.26966857910156,194.79945373535156,118.79316711425781,60.911651611328125,135.2209930419922,6.883326053619385,356.29998779296875,47.794395446777344
2021-08-02,24.88862419128418,757.7163696289062,186.79794311523438,250.19332885742188,29.09000015258789,372.6033935546875,183.9812469482422,429.8933410644531,62.567989349365234,167.82601928710938,7383.21142578125,798.43017578125,67.51985168457031,124.9966812133789,275.74871826171875,127.02288055419922,408.8070983886719,295.05377197265625,532.3209228515625,198.32000732421875,577.1300048828125,678.719970703125,150.05999755859375,248.0625,54.761783599853516,10.319999694824219,9.912867546081543,140.22206115722656,40.75578308105469,279.9590148925781,52.9405632019043,16.77777099609375,515.1500244140625,151.75686645507812,197.3070068359375,119.29020690917969,61.03108596801758,135.989501953125,7.206576347351074,351.95001220703125,47.63115310668945
2021-08-03,25.25470542907715,760.1621704101562,189.72274780273438,255.0174560546875,27.8700008392334,364.9975891113281,183.01242065429688,431.6752624511719,63.808719635009766,168.264892578125,7300.51953125,799.7171020507812,66.4048080444336,126.1740493774414,276.45843505859375,127.2164306640625,415.0340576171875,297.5025634765625,535.6224975585938,200.0500030517578,586.510009765625,695.6699829101562,151.41000366210938,250.54310607910156,55.238887786865234,10.579999923706055,9.933785438537598,140.37020874023438,40.97713088989258,281.8206787109375,54.23466110229492,16.94738006591797,510.82000732421875,157.8856964111328,197.9563751220703,119.7872543334961,56.5622444152832,136.27999877929688,7.111502647399902,351.239990234375,48.68973922729492
2021-08-04,25.107324600219727,762.8037109375,185.76100158691406,253.39320373535156,28.34000015258789,365.4046936035156,180.78982543945312,435.0906982421875,65.01988983154297,170.6310577392578,7343.8349609375,807.5454711914062,65.24368286132812,125.42479705810547,276.9639892578125,124.23587036132812,414.679931640625,297.5025634765625,537.5076904296875,199.58999633789062,580.9500122070312,698.47998046875,149.72999572753906,245.35455322265625,54.8953742980957,10.390000343322754,9.899557113647461,140.96261596679688,41.179222106933594,278.93121337890625,54.2542724609375,16.95894432067871,517.3499755859375,156.93533325195312,202.54190063476562,120.78133392333984,58.861358642578125,136.02850341796875,7.082980632781982,358.9200134277344,48.17528533935547
2021-08-05,25.02650260925293,761.8253784179688,186.52403259277344,254.23936462402344,29.200000762939453,369.306884765625,186.7167510986328,437.2884216308594,66.21138763427734,171.47068786621094,7351.7099609375,809.7681884765625,66.71812438964844,126.93301391601562,274.9125671386719,123.88748931884766,404.49835205078125,296.3426208496094,540.9688110351562,202.99000549316406,602.469970703125,705.760009765625,153.02999877929688,246.1451873779297,55.13392639160156,10.130000114440918,9.93949031829834,140.47879028320312,41.121482849121094,279.9493103027344,54.30329132080078,16.91268539428711,524.8900146484375,157.02261352539062,206.1683349609375,123.26654815673828,57.12955856323242,136.94000244140625,6.892833709716797,362.9700012207031,48.64521789550781
2021-08-06,25.16437530517578,765.54296875,186.01536560058594,252.96527099609375,29.040000915527344,371.8785400390625,188.4264373779297,437.1497497558594,66.54619598388672,174.27572631835938,7721.85498046875,799.5610961914062,66.47853088378906,126.21298217773438,274.290283203125,124.48745727539062,408.3644104003906,295.6882629394531,536.8294067382812,200.6699981689453,610.8599853515625,685.2000122070312,149.25999450683594,247.1927947998047,55.14346694946289,10.329999923706055,9.933785438537598,140.85398864746094,41.50642776489258,281.9855041503906,55.822879791259766,16.972434997558594,520.5499877929688,157.96328735351562,203.46099853515625,123.26654815673828,57.43809509277344,137.03599548339844,6.978399753570557,363.510009765625,48.74414825439453
2021-08-09,25.449630737304688,767.2061767578125,183.89266967773438,255.22174072265625,29.229999542236328,368.0558166503906,190.34507751464844,431.73468017578125,65.81748962402344,175.91677856445312,7684.44677734375,794.5306396484375,66.9300765991211,126.5048828125,272.2874755859375,122.82298278808594,404.1835632324219,298.5633544921875,539.7818603515625,200.39999389648438,613.9400024414062,686.4099731445312,150.47999572753906,245.73013305664062,54.9049186706543,10.220000267028809,10.021257400512695,140.21218872070312,41.57379150390625,267.3733215332031,55.04592514038086,17.186372756958008,519.969970703125,158.35118103027344,202.75169372558594,122.2724609375,60.264713287353516,138.0019989013672,6.959384918212891,361.6099853515625,48.724361419677734
2021-08-10,25.525699615478516,772.7826538085938,185.5947265625,256.8362731933594,29.440000534057617,365.2358703613281,191.29490661621094,430.13092041015625,64.79341125488281,176.87088012695312,7727.76123046875,777.9378662109375,66.589111328125,125.86268615722656,267.65960693359375,121.25527954101562,405.0787658691406,299.0590515136719,538.9938354492188,196.4600067138672,614.97998046875,671.530029296875,146.7899932861328,237.843505859375,54.389644622802734,10.640000343322754,10.009847640991211,136.32179260253906,42.20894241333008,269.42889404296875,56.86538314819336,17.246122360229492,515.8400268554688,162.28839111328125,199.16519165039062,123.26654815673828,61.5984001159668,138.09649658203125,7.092487812042236,361.1300048828125,48.684791564941406
2021-08-11,26.376712799072266,771.1194458007812,190.2803497314453,255.8052978515625,29.450000762939453,361.6614074707031,191.86480712890625,429.2498474121094,64.80326080322266,177.93946838378906,7971.89990234375,786.624267578125,67.57513427734375,125.42479705810547,269.5263366699219,121.97139739990234,401.1045227050781,297.4132995605469,535.8917236328125,195.25,608.4500122070312,665.3200073242188,144.44000244140625,238.33767700195312,54.77132797241211,10.489999771118164,10.095418930053711,133.1226043701172,43.3060302734375,270.2628173828125,57.97672653198242,17.23648452758789,512.4000244140625,161.86170959472656,196.79750061035156,122.2724609375,62.02637481689453,137.6894989013672,7.624900817871094,359.9599914550781,49.649383544921875
2021-08-12,26.91394805908203,774.9348754882812,187.8152618408203,254.7062225341797,28.899999618530273,359.41741943359375,191.43739318847656,432.3682861328125,65.08882141113281,177.7080078125,7849.83056640625,791.3427124023438,66.8563461303711,126.56326293945312,272.27777099609375,123.40361022949219,399.35345458984375,297.9387512207031,540.6297607421875,194.80999755859375,608.0,675.6699829101562,145.3000030517578,239.70152282714844,55.66828155517578,10.0,10.200004577636719,127.59308624267578,43.57548904418945,269.1767883300781,59.432289123535156,17.770368576049805,510.7200012207031,162.85537719726562,198.8555145263672,123.26654815673828,60.74245071411133,138.38949584960938,7.729480743408203,362.6499938964844,49.71863555908203
2021-08-13,26.84636116027832,771.8043212890625,186.3577423095703,254.3755645751953,28.420000076293945,360.18194580078125,191.8173065185547,437.3081970214844,65.1727066040039,178.51815795898438,7806.51611328125,793.6531982421875,67.41848754882812,128.4217529296875,275.068115234375,124.19713592529297,403.00311279296875,299.44573974609375,543.2530517578125,194.36000061035156,624.7899780273438,672.0999755859375,144.0,240.1363525390625,55.42972946166992,9.710000038146973,10.239937782287598,128.26454162597656,43.26753616333008,271.2420654296875,57.96688461303711,17.88022804260254,515.9199829101562,163.29376220703125,201.6827392578125,123.26654815673828,59.94622039794922,138.406005859375,7.529826641082764,363.17999267578125,49.481201171875
2021-08-16,26.909120559692383,735.7039184570312,189.2630157470703,255.94143676757812,28.34000015258789,360.9861755371094,191.29490661621094,441.63433837890625,64.5411148071289,176.4156494140625,7867.55029296875,802.2811279296875,66.95771026611328,130.08567810058594,275.34039306640625,125.40679168701172,410.42034912109375,303.68896484375,553.0479736328125,190.97000122070312,628.5999755859375,675.47998046875,139.1699981689453,243.42738342285156,55.16255187988281,9.9399995803833,10.40917682647705,130.031982421875,42.76710891723633,272.9970703125,56.87521743774414,17.89757537841797,517.9199829101562,164.16078186035156,199.30506896972656,123.26654815673828,57.248992919921875,138.91600036621094,7.815047264099121,366.55999755859375,49.2932243347168
2021-08-17,27.4160213470459,728.2686157226562,178.28753662109375,248.52426147460938,28.610000610351562,360.6585693359375,188.88235473632812,439.7237243652344,62.6858024597168,175.7405548095703,7950.2421875,809.8530883789062,67.1881103515625,130.46514892578125,278.5779113769531,126.53901672363281,414.9160461425781,302.8363342285156,554.893310546875,198.44000244140625,647.4400024414062,678.1199951171875,138.94000244140625,242.16236877441406,55.64919662475586,9.579999923706055,10.43960189819336,127.17838287353516,42.48802947998047,272.861328125,55.09510040283203,17.95924949645996,518.9099731445312,162.5923309326172,194.38987731933594,124.26063537597656,54.890159606933594,137.30050659179688,7.767510414123535,358.45001220703125,48.38799285888672
2021-08-18,27.44015884399414,702.440673828125,195.37677001953125,241.6243438720703,28.450000762939453,358.39471435546875,189.30027770996094,425.68597412109375,62.360137939453125,175.9141387939453,7962.05517578125,796.6068725585938,65.88876342773438,128.92776489257812,275.515380859375,125.15519714355469,410.5286560058594,297.8594665527344,543.2728881835938,194.77000427246094,635.5700073242188,676.9400024414062,138.22999572753906,239.63233947753906,56.97554016113281,9.350000381469727,10.639266014099121,125.76638793945312,42.5361442565918,263.88262939453125,56.45231628417969,18.26184844970703,521.8699951171875,162.1442108154297,190.2139434814453,124.75767517089844,56.93050003051758,136.57000732421875,7.919628143310547,355.45001220703125,47.962581634521484
2021-08-19,27.763607025146484,635.914306640625,198.1744384765625,239.5065460205078,27.739999771118164,354.7804260253906,188.90135192871094,429.5864562988281,61.383140563964844,172.53860473632812,7895.89404296875,815.8696899414062,64.97644805908203,129.56021118164062,281.1155090332031,124.7680892944336,420.9266052246094,300.16943359375,550.4745483398438,195.0399932861328,655.6300048828125,681.7100219726562,135.60000610351562,243.61517333984375,56.92782974243164,9.380000114440918,10.690608978271484,127.57335662841797,41.90099334716797,263.145751953125,56.098262786865234,17.924556732177734,543.7100219726562,162.63131713867188,197.7865447998047,123.26654815673828,53.48680114746094,136.9134979248047,7.453767776489258,355.1199951171875,47.596527099609375
2021-08-20,28.0146427154541,638.360107421875,203.67193603515625,247.30433654785156,28.06999969482422,352.47686767578125,189.18629455566406,433.1305236816406,62.47856140136719,172.9436798095703,7935.3935546875,817.5034790039062,64.94881439208984,130.6305694580078,282.7489013671875,125.70677947998047,422.7169494628906,303.6294860839844,553.5866088867188,195.85000610351562,663.27001953125,682.1400146484375,140.17999267578125,246.42193603515625,56.71790313720703,9.6899995803833,10.722935676574707,125.59852600097656,42.1319580078125,259.31573486328125,57.47514724731445,18.159696578979492,546.8800048828125,163.1378936767578,207.95660400390625,123.76358795166016,55.79587173461914,138.43699645996094,7.5868706703186035,359.3699951171875,48.724361419677734
2021-08-23,28.053264617919922,657.2418823242188,201.56881713867188,246.45526123046875,28.440000534057617,358.45428466796875,189.75619506835938,434.615478515625,63.5739860534668,174.17816162109375,7990.6923828125,817.4447021484375,65.88876342773438,129.79376220703125,280.50299072265625,124.33262634277344,418.4377746582031,301.10137939453125,551.2026977539062,198.39999389648438,667.2899780273438,671.1099853515625,144.5500030517578,246.72830200195312,57.309513092041016,9.949999809265137,10.812309265136719,129.8345184326172,42.218563079833984,262.2730712890625,58.37995147705078,18.17704200744629,553.3300170898438,164.48228454589844,219.3654327392578,123.76358795166016,56.87078094482422,141.09950256347656,7.6914520263671875,363.3500061035156,49.52571487426758
2021-08-24,27.903608322143555,654.7960815429688,198.95700073242188,244.6204833984375,28.700000762939453,359.2187805175781,190.8674774169922,433.2097473144531,63.60358428955078,175.3547821044922,8036.11669921875,802.4473266601562,66.25736236572266,127.22492980957031,276.7015380859375,128.2906036376953,416.51953125,299.5151062011719,549.0880126953125,199.72999572753906,669.9500122070312,672.5399780273438,145.0800018310547,246.56027221679688,56.88011932373047,9.819999694824219,10.601234436035156,129.78514099121094,42.16082763671875,262.3021545410156,59.3929443359375,17.924556732177734,553.4099731445312,165.01808166503906,217.71702575683594,125.75176239013672,62.2652473449707,142.39849853515625,7.6534223556518555,365.510009765625,49.8324089050293
2021-08-25,27.700849533081055,660.3724975585938,201.68618774414062,245.10845947265625,28.739999771118164,356.55780029296875,191.0574493408203,434.2212829589844,63.67266845703125,178.5567169189453,7953.16748046875,790.0130615234375,65.56622314453125,127.0108642578125,275.0486755371094,130.20668029785156,412.9091796875,301.64666748046875,546.6842041015625,201.3300018310547,669.1799926757812,676.4199829101562,144.66000366210938,249.13975524902344,56.58431625366211,9.680000305175781,10.591728210449219,131.38768005371094,42.295555114746094,260.99322509765625,61.4877815246582,17.895647048950195,547.5800170898438,165.81692504882812,221.91294860839844,123.26654815673828,60.603111267089844,142.9499969482422,7.643914699554443,368.3900146484375,50.4853630065918
2021-08-26,27.705677032470703,657.8289184570312,201.16775512695312,242.97116088867188,27.889999389648438,350.36199951171875,189.3382568359375,433.5369873046875,63.386474609375,177.97804260253906,7878.119140625,807.0942993164062,64.57099151611328,127.09842681884766,275.3209228515625,129.06478881835938,410.0662536621094,299.03924560546875,551.3622436523438,198.25,665.77001953125,673.3599853515625,141.5500030517578,248.10202026367188,56.431644439697266,9.489999771118164,10.563203811645508,131.0612335205078,43.941184997558594,260.2660217285156,61.77299118041992,17.803133010864258,550.1199951171875,164.9888458251953,220.46435546875,123.76358795166016,59.677494049072266,142.1230010986328,7.4822893142700195,364.3800048828125,50.23308563232422
2021-08-27,27.729814529418945,654.1112060546875,201.4123077392578,243.18585205078125,28.280000686645508,353.211669921875,189.2622833251953,434.66754150390625,63.356876373291016,179.19326782226562,7923.54345703125,806.9181518554688,65.34505462646484,127.76982879638672,277.5765075683594,129.49057006835938,411.9452209472656,297.9387512207031,547.1131591796875,199.9199981689453,663.2899780273438,668.27001953125,142.8300018310547,248.9025421142578,56.517520904541016,10.0,10.544188499450684,135.0774383544922,43.53699493408203,260.3435363769531,63.74980926513672,17.799278259277344,558.9199829101562,165.6415557861328,226.13882446289062,125.25472259521484,58.68220520019531,144.55050659179688,7.634407043457031,372.6300048828125,47.9576301574707
2021-08-30,27.807056427001953,657.0462036132812,200.5221405029297,243.36151123046875,27.850000381469727,350.5506286621094,188.99632263183594,440.3897399902344,63.46541976928711,,,821.8080444335938,64.58895111083984,130.12457275390625,283.5849914550781,129.51959228515625,411.4926452636719,300.575927734375,557.1076049804688,199.49000549316406,677.0800170898438,686.969970703125,144.3000030517578,250.5233612060547,56.8896598815918,10.279999732971191,10.55940055847168,134.58285522460938,43.48887634277344,261.9919128417969,64.26122283935547,17.73181915283203,566.1799926757812,165.81692504882812,226.65830993652344,125.25472259521484,58.03527069091797,145.46949768066406,7.872091293334961,380.6600036621094,48.55122756958008
2021-08-31,27.584985733032227,659.3942260742188,199.4461212158203,241.0387725830078,28.84000015258789,343.7789001464844,188.6923828125,440.14178466796875,63.44568634033203,178.3252410888672,7856.39453125,825.1538696289062,64.8573226928711,131.02952575683594,284.0614318847656,129.17123413085938,409.49566650390625,300.77423095703125,553.5368041992188,200.2899932861328,673.4000244140625,673.760009765625,144.4199981689453,250.01931762695312,56.965999603271484,10.609999656677246,10.608841896057129,133.67276000976562,43.34452438354492,261.3228759765625,62.3925895690918,17.379112243652344,569.1900024414062,164.0146484375,223.6707000732422,124.75767517089844,61.369483947753906,145.46200561523438,8.195342063903809,379.3800048828125,48.20991134643555
2021-09-01,27.449813842773438,673.2864990234375,198.9961395263672,240.44345092773438,28.43000030517578,347.09527587890625,189.7751922607422,444.9020080566406,63.67266845703125,177.43797302246094,7961.0673828125,849.9931030273438,66.17151641845703,134.07513427734375,289.6907043457031,129.83895874023438,410.5581359863281,302.3505554199219,560.2894897460938,197.13999938964844,680.9600219726562,676.9000244140625,145.67999267578125,249.7030792236328,56.317138671875,10.5600004196167,10.68870735168457,132.02078247070312,43.00769805908203,261.15802001953125,61.88117599487305,17.44271469116211,582.0700073242188,162.4462127685547,224.23025512695312,126.745849609375,64.25582122802734,145.8419952392578,8.100268363952637,382.04998779296875,47.858699798583984
2021-09-02,27.435331344604492,680.526123046875,201.65684509277344,239.8969268798828,28.940000534057617,338.8639221191406,188.04649353027344,445.6755676269531,63.60358428955078,178.88462829589844,7982.79248046875,855.4618530273438,65.9030990600586,134.73678588867188,292.5394592285156,130.38087463378906,416.8145751953125,305.6916198730469,564.0299682617188,199.22000122070312,675.75,685.4400024414062,145.44000244140625,250.31582641601562,56.66065216064453,10.180000305175781,10.587924003601074,133.00009155273438,42.97882843017578,261.7979736328125,62.34341812133789,17.30008888244629,588.5499877929688,163.7906036376953,223.78062438964844,123.76358795166016,63.07142639160156,144.218994140625,7.938642978668213,375.2799987792969,48.01699447631836
2021-09-03,27.31946563720703,668.49267578125,201.4905548095703,238.43301391601562,28.309999465942383,337.8213806152344,186.83071899414062,448.33331298828125,63.59371566772461,178.13235473632812,7966.99267578125,863.6796264648438,64.96839141845703,135.2427978515625,293.6282958984375,130.28411865234375,415.97845458984375,304.0161437988281,566.6632080078125,198.0500030517578,679.5700073242188,688.3300170898438,144.55999755859375,249.9896697998047,56.517520904541016,9.770000457763672,10.570810317993164,134.365234375,42.998077392578125,260.1302490234375,63.1695556640625,17.186372756958008,590.530029296875,162.08575439453125,228.2470245361328,123.26654815673828,62.812652587890625,144.77499389648438,7.891106128692627,376.260009765625,48.05162048339844
2021-09-06,27.382226943969727,679.2542724609375,,,,,188.38844299316406,,,179.0003662109375,8099.31494140625,,,,,,,,,,,,,,56.784698486328125,,10.574612617492676,,42.776737213134766,,,17.221067428588867,,,,128.23696899414062,,,7.900614261627197,,
2021-09-07,27.261537551879883,685.4177856445312,200.67861938476562,236.88124084472656,27.959999084472656,342.2696533203125,187.40061950683594,443.01776123046875,61.94565200805664,178.78817749023438,8097.33984375,862.6328735351562,65.23677825927734,133.93890380859375,290.9157409667969,130.22604370117188,414.3847961425781,300.853515625,567.720458984375,192.1999969482422,668.8099975585938,681.6699829101562,142.97999572753906,249.1792755126953,56.81332778930664,9.510000228881836,10.468125343322754,135.01809692382812,42.44953536987305,258.986083984375,62.235233306884766,17.29816246032715,606.7100219726562,159.4749298095703,226.4384765625,125.75176239013672,66.77389526367188,145.5189971923828,7.938642978668213,382.17999267578125,47.49264907836914
2021-09-08,27.50774383544922,684.439453125,199.64175415039062,240.189697265625,26.979999542236328,348.5548400878906,186.8117218017578,446.8755187988281,62.2417106628418,175.93344116210938,8095.365234375,863.1708984375,65.51441955566406,134.80490112304688,295.1936340332031,130.80667114257812,408.63006591796875,304.43255615234375,571.1218872070312,191.3699951171875,669.1900024414062,687.7000122070312,139.86000061035156,251.45236206054688,55.64919662475586,9.430000305175781,10.506156921386719,132.11968994140625,42.03572463989258,259.5969543457031,62.3925895690918,17.382965087890625,606.0499877929688,159.14370727539062,223.21107482910156,124.26063537597656,64.80323028564453,144.8834991455078,7.786524295806885,377.57000732421875,46.93862533569336
2021-09-09,27.29532814025879,680.9174194335938,198.5852813720703,239.53582763671875,26.790000915527344,348.9222412109375,184.09523010253906,447.6490478515625,62.08380889892578,175.27761840820312,7990.6923828125,836.0228881835938,64.3298110961914,131.087890625,288.58233642578125,129.12283325195312,407.8036804199219,300.55609130859375,567.33154296875,188.08999633789062,646.1099853515625,676.5700073242188,142.4199981689453,255.23753356933594,55.15300750732422,9.479999542236328,10.61264419555664,133.54417419433594,42.20986557006836,259.0054626464844,61.51728057861328,17.076513290405273,597.5399780273438,157.36094665527344,221.59237670898438,122.7695083618164,62.961944580078125,144.9134979248047,7.748495578765869,378.0,47.67567443847656
2021-09-10,26.923603057861328,681.3087768554688,199.87652587890625,238.657470703125,26.149999618530273,344.9306945800781,183.86727905273438,446.50860595703125,61.9357795715332,173.85025024414062,8024.2666015625,825.69189453125,62.219730377197266,130.02728271484375,285.7239685058594,126.9067611694336,398.7315368652344,298.3650817871094,570.5034790039062,188.57000732421875,650.489990234375,681.6099853515625,142.07000732421875,253.69581604003906,55.60148620605469,9.15999984741211,10.451010704040527,135.36431884765625,41.590694427490234,259.8587341308594,61.93035125732422,16.75657081604004,598.719970703125,156.25038146972656,224.59994506835938,121.77542114257812,62.07613754272461,141.92100524902344,7.834062099456787,378.69000244140625,47.111759185791016
2021-09-13,27.01532745361328,662.3291625976562,201.55902099609375,237.2521209716797,27.059999465942383,345.3576354980469,185.17803955078125,445.6954040527344,62.48843002319336,177.59228515625,7990.6923828125,821.32861328125,62.98785400390625,129.2001953125,286.43365478515625,125.8422622680664,409.2054748535156,294.905029296875,557.7061157226562,190.72000122070312,639.52001953125,655.0499877929688,139.2899932861328,254.6741943359375,55.43927001953125,9.890000343322754,10.525172233581543,137.936279296875,42.432376861572266,261.31317138671875,60.88785171508789,16.864501953125,589.2899780273438,154.18507385253906,221.34255981445312,121.27838134765625,61.140567779541016,143.46499633789062,7.520318984985352,376.510009765625,48.91728210449219
2021-09-14,27.179466247558594,644.034423828125,199.71998596191406,236.4127960205078,26.260000228881836,343.3518981933594,183.92425537109375,447.847412109375,62.5575065612793,174.50607299804688,8004.51708984375,816.7796020507812,63.10817337036133,128.97640991210938,288.17401123046875,126.3648452758789,407.2508850097656,294.250732421875,561.2288208007812,188.41000366210938,645.1500244140625,661.3900146484375,133.72000122070312,251.68954467773438,56.498435974121094,9.430000305175781,10.610742568969727,138.6287384033203,42.325958251953125,260.69256591796875,59.35361099243164,16.856794357299805,577.760009765625,152.2659454345703,222.24183654785156,120.28429412841797,59.657588958740234,143.406005859375,7.796032428741455,376.5299987792969,48.20001983642578
2021-09-15,27.343605041503906,617.7174072265625,201.1286163330078,238.26708984375,26.809999465942383,342.3093566894531,183.202392578125,448.4027404785156,63.771366119384766,173.46446228027344,7937.36865234375,825.1441040039062,63.52463150024414,129.69644165039062,289.0101318359375,127.40028381347656,412.1670227050781,297.1258544921875,561.7876586914062,188.86000061035156,652.0,661.6500244140625,133.9600067138672,253.9273223876953,57.20454788208008,9.489999771118164,10.498550415039062,139.70697021484375,42.277584075927734,261.31317138671875,59.80601501464844,16.770061492919922,582.8699951171875,156.40623474121094,223.23104858398438,121.27838134765625,57.94569396972656,145.20599365234375,7.6058855056762695,373.9200134277344,49.68401336669922
2021-09-16,27.31946563720703,609.0101928710938,203.93606567382812,241.00950622558594,26.989999771118164,343.8583068847656,183.39236450195312,450.2869873046875,65.76482391357422,176.20347595214844,8038.09130859375,834.7412719726562,63.62644958496094,129.6182403564453,288.89349365234375,126.69386291503906,411.4957275390625,294.28045654296875,559.2728881835938,187.10000610351562,653.1799926757812,663.4500122070312,136.02000427246094,259.0663146972656,58.111045837402344,9.520000457763672,10.48523998260498,142.5361328125,42.432376861572266,258.3267822265625,60.002708435058594,16.862573623657227,586.5,155.17874145507812,222.24183654785156,120.78133392333984,58.005409240722656,144.37350463867188,7.6058855056762695,373.05999755859375,50.15888595581055
2021-09-17,27.33395004272461,623.3917236328125,204.4740753173828,240.73622131347656,26.8799991607666,340.6114501953125,181.4547119140625,442.7202453613281,65.60693359375,176.2227783203125,7909.71875,853.6519165039062,63.26552200317383,127.20341491699219,285.5975646972656,125.51323699951172,414.773193359375,293.3882141113281,595.5570678710938,188.3000030517578,651.8800048828125,661.7100219726562,143.16000366210938,256.19476318359375,56.488895416259766,9.15999984741211,10.344523429870605,139.2816162109375,41.203712463378906,253.8761444091797,60.03221893310547,16.754642486572266,589.3499755859375,153.46417236328125,218.82460021972656,121.27838134765625,58.62248992919922,141.4635009765625,8.024208068847656,364.7200012207031,49.72853088378906
2021-09-20,27.208433151245117,615.0758666992188,200.79603576660156,236.31520080566406,26.010000228881836,337.2851867675781,174.97689819335938,441.1831359863281,61.629852294921875,168.7001190185547,7741.84716796875,831.7868041992188,62.941593170166016,126.17687225341797,283.1086120605469,124.5745620727539,407.4088439941406,291.38555908203125,588.9708862304688,185.6699981689453,640.8900146484375,659.780029296875,135.52000427246094,252.52130126953125,54.58048629760742,9.300000190734863,10.211413383483887,134.0684356689453,40.3717041015625,250.33702087402344,58.36028289794922,16.267017364501953,575.4299926757812,152.46075439453125,210.96090698242188,117.30204010009766,56.41294860839844,139.01699829101562,7.719974040985107,355.70001220703125,49.89671325683594
2021-09-21,27.536710739135742,613.31494140625,201.7742462158203,235.5051727294922,25.149999618530273,334.9915466308594,178.81419372558594,441.5103454589844,62.705543518066406,168.79656982421875,7874.16943359375,829.8008422851562,62.84907150268555,125.97156524658203,283.76971435546875,123.71328735351562,407.0534362792969,291.6334228515625,595.7965698242188,185.8000030517578,646.9500122070312,666.8699951171875,138.60000610351562,253.32330322265625,55.78278350830078,9.109999656677246,10.38255500793457,133.72222900390625,40.400726318359375,249.571044921875,57.858707427978516,16.6274356842041,573.1400146484375,150.60003662109375,212.2898406982422,119.29020690917969,57.826255798339844,139.64649963378906,7.624900817871094,357.4800109863281,49.13987731933594
2021-09-22,27.705677032470703,628.8703002929688,204.33714294433594,235.95408630371094,25.440000534057617,340.9788818359375,182.4235382080078,441.94671630859375,62.76475143432617,174.77610778808594,7864.29443359375,841.4622192382812,64.93135833740234,127.10565185546875,285.4031066894531,124.74874877929688,403.4601135253906,288.9565734863281,605.3666381835938,184.27000427246094,647.0599975585938,671.469970703125,138.6699981689453,255.7095947265625,54.8953742980957,9.050000190734863,10.451010704040527,136.61074829101562,41.28110885620117,250.1043243408203,58.97988510131836,16.806682586669922,590.6500244140625,152.39256286621094,219.23426818847656,121.77542114257812,58.60258483886719,140.93850708007812,,343.2099914550781,49.10525131225586
2021-09-23,27.792573928833008,639.1427612304688,203.44696044921875,236.83242797851562,25.530000686645508,351.56341552734375,183.0504150390625,447.9267883300781,62.8140983581543,177.41868591308594,7842.5703125,829.6148681640625,66.83784484863281,125.9617919921875,280.00714111328125,127.04378509521484,402.7986755371094,294.19122314453125,606.9633178710938,185.08999633789062,646.510009765625,682.5800170898438,138.8000030517578,253.01637268066406,55.296142578125,9.1899995803833,10.447208404541016,139.58828735351562,41.590694427490234,252.49932861328125,60.671485900878906,17.030258178710938,593.260009765625,153.9220428466797,224.6399383544922,120.78133392333984,59.518245697021484,141.82650756835938,7.7770185470581055,345.9599914550781,50.797000885009766
2021-09-24,27.85050392150879,620.0653076171875,203.33934020996094,235.6320343017578,25.299999237060547,355.62445068359375,183.67730712890625,449.3250732421875,61.21536636352539,177.20651245117188,7728.0224609375,816.5740356445312,67.79109954833984,125.04278564453125,274.3486633300781,126.44084930419922,401.8608703613281,293.8244323730469,608.5100708007812,183.61000061035156,638.9000244140625,679.6400146484375,134.89999389648438,253.80848693847656,54.532779693603516,9.760000228881836,10.390161514282227,140.38954162597656,41.24241256713867,251.6750946044922,60.543636322021484,16.83366584777832,592.3900146484375,151.9833984375,220.63311767578125,119.29020690917969,57.99545669555664,142.63299560546875,7.824553966522217,352.9599914550781,51.385650634765625
2021-09-27,27.652572631835938,608.8145141601562,206.03921508789062,232.84083557128906,26.139999389648438,354.2442626953125,186.33680725097656,441.6392822265625,60.7219352722168,181.10284423828125,7459.42724609375,790.0130615234375,69.15154266357422,123.37098693847656,267.73583984375,125.205810546875,400.0740661621094,288.23284912109375,593.4315795898438,183.41000366210938,619.0700073242188,650.02001953125,134.74000549316406,253.0361785888672,53.578575134277344,10.050000190734863,10.369244575500488,141.20071411132812,40.845760345458984,253.9537353515625,62.70730972290039,16.94930648803711,592.6400146484375,151.14559936523438,216.426513671875,119.29020690917969,60.05570602416992,141.50100708007812,8.16681957244873,353.5799865722656,51.8753662109375
2021-09-28,27.58016014099121,599.422607421875,200.9525146484375,227.82449340820312,25.600000381469727,348.6938171386719,184.05723571777344,422.57855224609375,59.23176193237305,179.69476318359375,7259.95654296875,781.6093139648438,67.88365173339844,122.77461242675781,262.5101013183594,122.53150939941406,393.50933837890625,280.57916259765625,575.2494506835938,181.60000610351562,605.0,626.8499755859375,130.25,249.3230743408203,52.309478759765625,9.880000114440918,10.310295104980469,131.45692443847656,39.781558990478516,254.34156799316406,62.05820083618164,16.70067596435547,583.8499755859375,150.0155487060547,206.82421875,115.8109130859375,58.72201919555664,136.1840057373047,8.119282722473145,340.6499938964844,52.083126068115234
2021-09-29,28.067747116088867,603.2380981445312,202.58615112304688,230.176513671875,25.420000076293945,350.68963623046875,185.6529541015625,423.0843200683594,60.04100036621094,181.10284423828125,7313.28076171875,784.192138671875,66.8920669555664,123.61540222167969,263.7408142089844,123.09554290771484,395.2763977050781,284.4456787109375,578.3928833007812,182.22000122070312,606.7000122070312,629.5499877929688,125.91999816894531,249.7290496826172,53.044219970703125,10.210000038146973,10.205709457397461,126.88674926757812,39.50100326538086,252.3150634765625,62.68764114379883,16.883777618408203,599.0599975585938,149.50897216796875,205.0056610107422,116.30795288085938,58.02531433105469,134.52099609375,8.157312393188477,339.6099853515625,52.127647399902344
2021-09-30,27.74429702758789,602.651123046875,198.4385528564453,223.266845703125,25.3799991607666,345.2185974121094,186.12786865234375,421.3686828613281,60.08047103881836,182.85813903808594,7356.7294921875,772.9904174804688,65.8326416015625,122.62796783447266,259.24761962890625,121.89939880371094,385.7303771972656,279.02264404296875,570.1401977539062,181.38999938964844,605.1799926757812,621.9000244140625,126.80999755859375,240.33238220214844,51.822837829589844,10.15999984741211,10.05928897857666,127.3417739868164,39.23978805541992,249.76966857910156,60.35676956176758,16.727659225463867,610.3400268554688,145.45632934570312,206.99407958984375,117.30204010009766,59.4883918762207,133.2655029296875,7.957657814025879,339.3900146484375,51.46479797363281
2021-10-01,27.63808822631836,613.7062377929688,199.26025390625,222.9252471923828,25.739999771118164,357.630126953125,185.15904235839844,424.8099060058594,60.86996841430664,181.1992950439453,7354.75439453125,772.1980590820312,67.73773956298828,123.60562896728516,260.41973876953125,123.8054428100586,387.3987121582031,277.0794982910156,571.5272216796875,180.35000610351562,570.7899780273438,623.97998046875,126.70999908447266,245.35250854492188,51.90871810913086,10.319999694824219,10.239937782287598,127.73747253417969,38.88182830810547,251.0570068359375,61.52712631225586,16.72958755493164,613.1500244140625,146.76174926757812,207.2538604736328,113.82273864746094,58.54286575317383,136.46249389648438,,343.010009765625,52.32550811767578
2021-10-04,27.826366424560547,605.9774169921875,200.05258178710938,220.4561004638672,25.610000610351562,341.7632751464844,184.91207885742188,412.4035949707031,59.47848129272461,180.62062072753906,7319.20556640625,768.5684814453125,67.66338348388672,123.99668884277344,259.07183837890625,121.607666015625,382.0482177734375,272.6776428222656,567.8150024414062,177.39999389648438,555.4199829101562,614.1900024414062,122.4000015258789,241.97605895996094,51.049930572509766,9.770000457763672,10.335016250610352,123.84983825683594,38.6883430480957,249.6526641845703,60.13056564331055,16.725732803344727,603.3499755859375,144.53086853027344,197.16195678710938,113.32569885253906,57.557533264160156,133.76499938964844,8.737259864807129,326.2300109863281,52.05839538574219
2021-10-05,28.420162200927734,607.3470458984375,199.81784057617188,222.0859375,26.149999618530273,340.7802429199219,186.8497314453125,421.606689453125,61.06734085083008,187.6803436279297,7374.50439453125,743.58251953125,67.03146362304688,123.60562896728516,258.4075622558594,122.3370132446289,388.3858642578125,273.7285461425781,570.6890258789062,177.00999450683594,550.9000244140625,614.7999877929688,124.31999969482422,240.71856689453125,51.86100387573242,9.850000381469727,10.48523998260498,126.68891143798828,38.38843536376953,250.65716552734375,60.76000213623047,16.677547454833984,634.8099975585938,147.35601806640625,204.34617614746094,112.82865905761719,58.22437286376953,136.177001953125,9.165092468261719,332.9599914550781,52.39971160888672
2021-10-06,27.947057723999023,603.2380981445312,199.55369567871094,221.37347412109375,25.8799991607666,346.22149658203125,186.3178253173828,424.21490478515625,61.047603607177734,185.0763397216797,7352.779296875,745.78369140625,67.9700698852539,124.93524932861328,261.7384033203125,122.61902618408203,389.19537353515625,273.0444641113281,574.4013061523438,180.91000366210938,546.5700073242188,617.1699829101562,126.30999755859375,237.17376708984375,50.467864990234375,9.6899995803833,10.494747161865234,125.15560913085938,38.311038970947266,254.29483032226562,59.80601501464844,16.089698791503906,639.0999755859375,147.78463745117188,206.83421325683594,113.32569885253906,57.836212158203125,137.35400390625,8.794305801391602,333.6400146484375,52.18700408935547
2021-10-07,28.217405319213867,622.8046875,203.3686981201172,224.2915802001953,26.459999084472656,351.8485412597656,189.20529174804688,429.213134765625,62.547637939453125,186.85092163085938,7506.82666015625,749.86328125,68.10016632080078,126.48973083496094,259.93133544921875,123.33865356445312,399.5113830566406,276.9010314941406,582.2947998046875,180.02000427246094,552.02001953125,623.010009765625,130.8000030517578,239.89671325683594,51.631996154785156,9.609999656677246,10.504255294799805,126.5009536743164,39.462303161621094,256.8304748535156,61.05504608154297,16.336402893066406,631.8499755859375,149.9473419189453,210.58120727539062,117.30204010009766,62.34486770629883,139.1855010986328,8.794305801391602,329.2200012207031,52.953739166259766
2021-10-08,28.101539611816406,613.4127197265625,201.6666259765625,223.39369201660156,25.889999389648438,352.8923645019531,188.99632263183594,426.1586608886719,64.64966583251953,188.22042846679688,7554.2255859375,734.670166015625,68.81574249267578,125.65870666503906,255.99493408203125,121.82160186767578,403.2231750488281,275.9493103027344,582.7039794921875,178.94000244140625,550.02001953125,617.02001953125,131.5500030517578,238.05502319335938,50.725502014160156,9.729999542236328,10.317901611328125,124.85885620117188,39.35588455200195,258.85894775390625,60.42560958862305,16.176429748535156,632.6599731445312,149.59664916992188,208.14315795898438,115.8109130859375,62.89227294921875,140.05599975585938,8.375982284545898,330.04998779296875,51.969356536865234
2021-10-11,27.879470825195312,620.65234375,204.29800415039062,223.21803283691406,25.170000076293945,345.1278991699219,188.8253631591797,424.9388732910156,64.57072448730469,190.65081787109375,7528.55126953125,733.7407836914062,69.72647857666016,126.05955505371094,255.52609252929688,120.13922882080078,399.79766845703125,271.86468505859375,577.454833984375,179.5800018310547,546.260009765625,612.77001953125,129.61000061035156,235.18353271484375,49.532745361328125,9.859999656677246,9.87293529510498,126.12504577636719,38.79475784301758,262.0772705078125,62.8253288269043,16.080062866210938,627.0399780273438,148.62245178222656,206.7842254638672,114.81682586669922,61.9865608215332,138.84750366210938,7.254113674163818,325.45001220703125,52.038604736328125
2021-10-12,27.31464195251465,621.0436401367188,205.22731018066406,224.7014617919922,24.579999923706055,343.3283996582031,188.36944580078125,427.1007995605469,64.43255615234375,190.43865966796875,7656.92333984375,742.9564208984375,70.58142852783203,129.33470153808594,258.4075622558594,119.54601287841797,398.0700988769531,271.6267395019531,574.7106323242188,180.2100067138672,544.4400024414062,615.9099731445312,131.67999267578125,236.71829223632812,50.07664108276367,9.609999656677246,9.96420955657959,125.39303588867188,38.46582794189453,265.6564025878906,64.67427825927734,15.85070514678955,624.9400024414062,147.70672607421875,206.54444885253906,114.81682586669922,60.99127197265625,136.71299743652344,7.1590399742126465,323.7699890136719,51.321346282958984
2021-10-13,26.706361770629883,630.3377685546875,207.49673461914062,231.05487060546875,25.5,340.3558654785156,185.69093322753906,426.8627624511719,64.90625,186.06007385253906,7830.720703125,746.8892211914062,69.75434112548828,130.90875244140625,258.0461730957031,119.19593048095703,398.3761291503906,271.1211242675781,572.365478515625,181.33999633789062,547.1199951171875,623.1199951171875,136.02000427246094,236.65887451171875,50.54420471191406,9.600000381469727,9.93949031829834,126.827392578125,38.349735260009766,271.52740478515625,65.62828826904297,15.83143138885498,629.760009765625,149.43104553222656,209.2222900390625,119.29020690917969,63.2008171081543,137.89999389648438,,324.5400085449219,51.28671646118164
2021-10-14,26.923603057861328,647.7520751953125,211.7323455810547,236.26638793945312,25.260000228881836,342.5728454589844,187.6665802001953,438.1186828613281,65.9325942993164,187.48745727539062,7735.92236328125,752.9547119140625,69.38261413574219,132.6978759765625,261.65045166015625,121.36454772949219,414.9706115722656,273.34185791015625,576.1476440429688,181.89999389648438,555.6199951171875,629.719970703125,136.8800048828125,240.12445068359375,50.33427810668945,9.729999542236328,9.912867546081543,130.64576721191406,38.79475784301758,280.8409423828125,65.2545394897461,15.985620498657227,633.7999877929688,155.45155334472656,217.28582763671875,122.2724609375,62.5638313293457,141.41200256347656,,328.5299987792969,52.43434143066406
2021-10-15,26.98636245727539,654.306884765625,214.38330078125,239.79934692382812,24.829999923706055,353.92633056640625,188.65438842773438,440.2409973144531,65.34046936035156,190.7858428955078,7808.99560546875,764.4400024414062,69.59635925292969,133.91993713378906,263.07659912109375,124.23333740234375,422.581787109375,269.2672119140625,581.1771850585938,181.77000427246094,553.239990234375,635.1500244140625,135.39999389648438,244.4514617919922,50.55374526977539,9.649999618530273,10.095418930053711,130.17095947265625,39.34620666503906,285.4538879394531,65.33322143554688,16.024168014526367,628.2899780273438,157.28298950195312,218.4449005126953,123.26654815673828,63.688507080078125,141.6750030517578,7.311157703399658,324.760009765625,53.28021240234375
2021-10-18,26.84636116027832,638.6536254882812,216.90708923339844,247.54832458496094,24.670000076293945,356.3521423339844,188.4264373779297,444.1482849121094,66.2483901977539,192.36752319335938,7822.82080078125,751.1155395507812,68.96443939208984,136.6671600341797,261.7774963378906,117.39685821533203,419.176025390625,271.9340515136719,586.805419921875,180.8000030517578,543.47998046875,638.2899780273438,136.2100067138672,244.164306640625,50.65870666503906,9.5600004196167,10.057387351989746,131.84271240234375,39.20109176635742,285.2978210449219,65.29388427734375,15.964420318603516,637.969970703125,157.10765075683594,222.04202270507812,122.7695083618164,63.768131256103516,142.9604949951172,7.349186897277832,335.3399963378906,53.74519729614258
2021-10-19,26.653257369995117,636.3056640625,218.84109497070312,246.12344360351562,24.899999618530273,359.9908142089844,189.41424560546875,447.3515319824219,67.61026763916016,192.42538452148438,7961.0673828125,762.7573852539062,67.77490997314453,136.0121307373047,266.563720703125,118.83610534667969,418.9390869140625,273.6789245605469,590.8668823242188,185.41000366210938,552.1099853515625,640.989990234375,139.75999450683594,246.23374938964844,51.546119689941406,9.40999984741211,10.146760940551758,133.14849853515625,39.74286651611328,287.1995849609375,63.05153274536133,15.806376457214355,639.0,157.31224060058594,222.72145080566406,123.26654815673828,65.26106262207031,143.82200622558594,7.634407043457031,339.989990234375,54.81367492675781
2021-10-20,26.81256866455078,632.5879516601562,220.90274047851562,245.7720947265625,25.329999923706055,354.6918640136719,189.45225524902344,436.9088134765625,69.653076171875,191.3837890625,7854.41943359375,776.6199951171875,69.1874771118164,140.21607971191406,269.6308288574219,118.4374008178711,429.51177978515625,276.2467346191406,604.3388061523438,185.49000549316406,562.7100219726562,642.2000122070312,140.47999572753906,248.39231872558594,50.53466033935547,9.489999771118164,10.257051467895508,132.53517150878906,40.00407409667969,286.4290771484375,64.15303802490234,15.958637237548828,625.1400146484375,158.9878387451172,220.8529510498047,122.2724609375,64.99234008789062,142.4149932861328,7.643914699554443,340.7799987792969,55.219295501708984
2021-10-21,27.020156860351562,629.6529541015625,223.26876831054688,248.0948486328125,25.0,354.1351318359375,189.20529174804688,441.7483825683594,72.15972900390625,189.89854431152344,7982.79248046875,792.5859375,67.83995819091797,141.70213317871094,272.5611572265625,118.30125427246094,436.60955810546875,277.4066467285156,607.1428833007812,187.08999633789062,569.3699951171875,645.239990234375,140.52999877929688,257.4423828125,50.735042572021484,9.479999542236328,10.308394432067871,131.9020538330078,39.32685852050781,286.6144104003906,63.828487396240234,15.991403579711914,653.1599731445312,157.93569946289062,226.7382354736328,120.28429412841797,64.72360229492188,142.78050231933594,7.624900817871094,341.8800048828125,55.887088775634766
2021-10-22,27.09256935119629,632.0987548828125,224.59413146972656,249.77346801757812,25.100000381469727,356.580810546875,188.8253631591797,446.75653076171875,72.57421112060547,191.7888641357422,7504.8515625,803.21044921875,67.44965362548828,140.7831268310547,277.8455505371094,119.70160675048828,443.4013977050781,279.7265625,610.685546875,183.52000427246094,572.3599853515625,651.8499755859375,137.7899932861328,250.62017822265625,51.24077224731445,9.600000381469727,10.390161514282227,134.46412658691406,39.462303161621094,284.0202941894531,63.31707000732422,15.844922065734863,664.780029296875,158.18899536132812,227.0779571533203,119.7872543334961,64.28567504882812,138.625,7.758002758026123,324.6099853515625,56.65876388549805
2021-10-25,27.377397537231445,626.1309814453125,227.5884552001953,254.08717346191406,25.290000915527344,358.7580261230469,188.16049194335938,443.662353515625,73.87687683105469,193.4669952392578,7354.75439453125,804.9322509765625,67.85855865478516,141.85855102539062,277.97247314453125,120.15867614746094,443.7271423339844,278.6558532714844,606.4843139648438,184.99000549316406,576.2000122070312,652.52001953125,141.97999572753906,239.43133544921875,50.89725875854492,9.529999732971191,10.304591178894043,134.29595947265625,40.04277038574219,286.6436767578125,64.96932983398438,15.7543363571167,671.6599731445312,158.31564331054688,231.4744415283203,121.77542114257812,64.73355865478516,138.7729949951172,7.815047264099121,328.69000244140625,55.5457763671875
2021-10-26,27.348432540893555,634.740234375,226.85215759277344,252.5061492919922,24.639999389648438,355.2386779785156,191.62734985351562,460.7693786621094,75.54468536376953,195.58876037597656,7297.48095703125,813.8054809570312,67.90501403808594,142.9633026123047,280.2777404785156,120.63519287109375,448.8111267089844,281.1244201660156,607.0731811523438,184.07000732421875,592.1500244140625,651.9600219726562,141.3000030517578,239.025390625,52.05184555053711,9.380000114440918,10.390161514282227,130.5765380859375,40.24593734741211,287.0922546386719,62.15655517578125,15.783246994018555,668.52001953125,157.1758270263672,246.97201538085938,124.75767517089844,62.48420715332031,139.6719970703125,7.919628143310547,315.80999755859375,54.51687240600586
2021-10-27,27.35808753967285,633.9576416015625,227.53936767578125,250.36880493164062,23.600000381469727,333.7644348144531,191.15243530273438,458.7661437988281,75.33744049072266,192.36752319335938,7200.70751953125,806.927978515625,65.31221771240234,140.64625549316406,278.79302978515625,119.12786102294922,447.666015625,278.080810546875,611.0148315429688,180.94000244140625,589.5999755859375,640.5,138.6300048828125,242.956298828125,51.50794982910156,9.210000038146973,10.544188499450684,130.73480224609375,40.04277038574219,287.55059814453125,59.45195770263672,15.675314903259277,662.9199829101562,155.98733520507812,244.31414794921875,125.25472259521484,62.533973693847656,146.42750549316406,7.919628143310547,312.2200012207031,53.61658477783203
2021-10-28,27.11670684814453,636.7947998046875,227.529541015625,252.00839233398438,24.309999465942383,331.0901184082031,190.91497802734375,465.6189270019531,78.20922088623047,192.1939239501953,7060.4853515625,828.9202880859375,65.63236236572266,143.39346313476562,279.36932373046875,117.93170928955078,449.6008605957031,282.7801208496094,618.7786254882812,182.0,625.1900024414062,653.02001953125,149.17999267578125,248.2041778564453,51.69879150390625,9.420000076293945,10.58602237701416,134.5531768798828,40.01374816894531,293.97747802734375,60.523963928222656,15.494140625,674.0499877929688,160.70242309570312,249.21023559570312,124.75767517089844,62.42449188232422,146.12899780273438,7.957657814025879,316.9200134277344,54.45256805419922
2021-10-29,27.160154342651367,634.1533203125,229.55197143554688,253.3746795654297,23.440000534057617,333.56561279296875,191.0574493408203,470.2303161621094,78.62370300292969,195.05831909179688,7011.111328125,818.9122924804688,65.39901733398438,141.7216796875,275.4231262207031,116.56053161621094,454.56634521484375,284.5547180175781,631.7516479492188,184.92999267578125,639.9400024414062,666.1400146484375,149.58999633789062,247.99624633789062,51.374359130859375,9.819999694824219,10.460518836975098,135.1763458251953,40.129844665527344,292.3878479003906,57.957054138183594,15.600146293640137,690.3099975585938,160.507568359375,255.4652099609375,123.26654815673828,60.50358581542969,148.27049255371094,8.043224334716797,323.57000732421875,54.40804672241211
2021-11-01,27.517398834228516,637.67529296875,227.51976013183594,251.7156219482422,24.420000076293945,332.10418701171875,192.7671356201172,459.34136962890625,76.6302490234375,193.70809936523438,7060.4853515625,812.4456176757812,67.89105224609375,141.49679565429688,275.5501403808594,116.92034149169922,448.28790283203125,286.2995910644531,633.7772827148438,185.39999389648438,639.1500244140625,666.47998046875,151.52999877929688,248.5210418701172,52.18543243408203,10.6899995803833,10.589825630187988,138.0055389404297,40.52649688720703,290.61285400390625,59.23558807373047,15.70615291595459,681.1699829101562,160.09840393066406,258.0631103515625,124.26063537597656,61.638214111328125,143.7740020751953,8.052730560302734,329.9800109863281,55.159934997558594
2021-11-02,27.50291633605957,628.6746215820312,228.77635192871094,253.99932861328125,24.549999237060547,326.566650390625,192.43470764160156,457.35791015625,79.69940185546875,191.40309143066406,7076.28515625,818.7556762695312,66.33235931396484,143.7454376220703,276.08734130859375,117.96089172363281,446.2444763183594,283.78143310546875,634.8750610351562,181.39999389648438,638.77001953125,627.3499755859375,147.4199981689453,245.99612426757812,52.68162155151367,11.079999923706055,10.64497184753418,139.6872100830078,41.116641998291016,290.70068359375,63.1695556640625,15.790956497192383,677.719970703125,167.20025634765625,263.7985534667969,125.25472259521484,58.03527069091797,145.86300659179688,8.090760231018066,328.0799865722656,53.29779052734375
2021-11-03,28.038782119750977,632.9793090820312,230.023193359375,254.1457061767578,25.600000381469727,327.5111389160156,192.86212158203125,451.2787170410156,82.30472564697266,192.42538452148438,6961.7373046875,819.7046508789062,69.35638427734375,144.35157775878906,274.0849304199219,117.84419250488281,451.4666442871094,285.02069091796875,641.0321655273438,189.07000732421875,652.0999755859375,625.6599731445312,154.2899932861328,247.540771484375,53.4259033203125,9.5600004196167,10.629758834838867,141.21060180664062,41.706790924072266,294.6504211425781,66.09050750732422,16.13981056213379,688.2899780273438,165.11550903320312,265.7669677734375,125.25472259521484,60.324432373046875,146.7899932861328,8.081254005432129,331.6199951171875,53.87361145019531
2021-11-04,27.942230224609375,634.9359130859375,233.43966674804688,254.1750030517578,25.459999084472656,333.4761657714844,191.1049346923828,458.9148864746094,80.01519012451172,184.69058227539062,6991.36181640625,786.1585693359375,68.05902862548828,144.566650390625,272.4732666015625,117.36768341064453,450.9039611816406,281.7986145019531,638.427734375,194.2100067138672,647.6300048828125,639.9600219726562,150.0,244.97625732421875,55.000335693359375,9.380000114440918,10.677297592163086,148.51100158691406,41.43590545654297,293.7532043457031,65.88398742675781,16.00682258605957,668.4000244140625,167.54122924804688,297.7713317871094,126.745849609375,59.91636276245117,148.68299865722656,7.891106128692627,335.8500061035156,53.258750915527344
2021-11-05,27.613950729370117,645.5997314453125,231.24053955078125,248.1533966064453,26.520000457763672,346.75836181640625,193.3370361328125,456.4753112792969,79.22570037841797,185.53927612304688,7028.88623046875,764.95849609375,70.66304779052734,143.41302490234375,271.3792419433594,119.59464263916016,449.96612548828125,272.4793701171875,615.5155029296875,192.85000610351562,611.5399780273438,637.4000244140625,146.24000549316406,245.82778930664062,53.35910415649414,9.449999809265137,10.5327787399292,151.6369171142578,41.53264617919922,301.65264892578125,64.78936767578125,16.240034103393555,645.719970703125,166.8787841796875,297.28167724609375,127.24288940429688,58.31394958496094,149.24099731445312,7.662930011749268,341.1300048828125,55.005741119384766
2021-11-08,27.198776245117188,649.806640625,230.50424194335938,247.23602294921875,26.280000686645508,347.63323974609375,193.28953552246094,457.8339538574219,77.89342498779297,185.59715270996094,7009.13671875,769.8306274414062,72.14706420898438,144.76220703125,272.28765869140625,119.63353729248047,456.68878173828125,278.19976806640625,623.16943359375,192.22999572753906,622.780029296875,634.2100219726562,146.24000549316406,245.19410705566406,53.130096435546875,9.270000457763672,10.530877113342285,151.31048583984375,42.40335464477539,304.8611755371094,63.74406433105469,16.020315170288086,651.4500122070312,169.23631286621094,307.7933044433594,127.24288940429688,59.518245697021484,149.35150146484375,7.662930011749268,338.6199951171875,54.195682525634766
2021-11-09,27.54636573791504,667.123046875,229.6403045654297,249.02198791503906,26.649999618530273,342.6424560546875,193.28953552246094,458.1513366699219,78.60396575927734,183.243896484375,6957.787109375,780.4843139648438,71.5404052734375,145.13369750976562,273.4207458496094,118.92363739013672,458.3966064453125,274.1746520996094,617.2918090820312,191.08999633789062,616.3099975585938,629.260009765625,143.05999755859375,243.71873474121094,53.578575134277344,9.140000343322754,10.487140655517578,154.6045684814453,42.35498046875,306.0705261230469,64.22726440429688,15.95478343963623,655.989990234375,170.15206909179688,306.324462890625,125.75176239013672,59.56801223754883,149.24850463867188,7.5868706703186035,335.3699951171875,54.73246383666992
2021-11-10,28.637407302856445,650.3935546875,228.3051300048828,247.93870544433594,27.360000610351562,355.85504150390625,194.6667938232422,450.4456481933594,75.07097625732422,185.90576171875,7019.01123046875,764.4596557617188,71.71771240234375,145.44656372070312,269.4745178222656,119.04033660888672,454.003662109375,281.4020690917969,625.5545043945312,187.91000366210938,622.2000122070312,622.4299926757812,137.0399932861328,242.85731506347656,53.06330108642578,9.039999961853027,10.631660461425781,148.77809143066406,42.62586975097656,306.4898376464844,63.27071762084961,16.12053871154785,646.9099731445312,168.16580200195312,294.35406494140625,125.75176239013672,61.54863739013672,146.62600708007812,7.729480743408203,327.6400146484375,55.259490966796875
2021-11-11,28.1643009185791,644.3279418945312,228.07933044433594,249.8515625,28.229999542236328,352.2760009765625,195.2841796875,447.7779846191406,77.07432556152344,189.60923767089844,6904.46337890625,757.8658447265625,72.01641082763672,145.58343505859375,266.1534729003906,116.28823852539062,451.52587890625,284.41595458984375,630.1648559570312,185.8699951171875,626.6400146484375,615.0499877929688,135.55999755859375,241.58990478515625,53.96979904174805,9.050000190734863,10.511861801147461,152.2403564453125,42.59684371948242,302.8326721191406,64.77951049804688,16.19955825805664,657.5800170898438,166.25782775878906,303.65655517578125,124.75767517089844,62.165714263916016,146.7480010986328,7.843569755554199,327.739990234375,54.839820861816406
2021-11-12,28.75809669494629,663.1118774414062,232.00631713867188,253.7650604248047,27.90999984741211,361.38262939453125,194.57180786132812,449.60272216796875,77.89000701904297,188.35545349121094,6851.1396484375,758.5701904296875,71.00838470458984,145.4856719970703,265.78228759765625,116.02566528320312,453.1053466796875,294.6770324707031,633.9270629882812,187.2899932861328,631.2000122070312,628.1799926757812,136.4199981689453,242.85731506347656,53.46406555175781,9.149999618530273,10.492846488952637,155.1288604736328,43.041873931884766,302.3255615234375,66.50525665283203,16.49059295654297,682.6099853515625,168.09732055664062,303.65655517578125,123.26654815673828,62.40458679199219,149.64549255371094,7.748495578765869,340.8900146484375,54.654388427734375
2021-11-15,29.771894454956055,666.731689453125,230.63186645507812,257.9714050292969,28.020000457763672,359.2550964355469,195.09420776367188,455.4736633300781,76.89140319824219,189.0305633544922,7076.28515625,780.5332641601562,72.33372497558594,146.8446044921875,254.45162963867188,114.34329223632812,445.0203552246094,282.8594055175781,631.04296875,186.86000061035156,647.72998046875,618.9600219726562,134.92999267578125,240.1739501953125,53.740787506103516,9.149999618530273,10.523270606994629,154.5847930908203,42.800010681152344,296.279052734375,65.88398742675781,16.126317977905273,679.3300170898438,169.01705932617188,300.009521484375,122.2724609375,62.19557571411133,149.38800048828125,7.681944370269775,347.55999755859375,55.33757019042969
2021-11-16,28.811199188232422,695.7880859375,240.3118896484375,260.8700866699219,27.729999542236328,367.4073486328125,196.37648010253906,466.4717712402344,77.25724029541016,188.81837463378906,7005.1865234375,780.660888671875,70.49505615234375,146.1309356689453,253.0255126953125,114.74200439453125,443.85546875,285.89312744140625,640.14404296875,188.3300018310547,642.75,633.219970703125,135.99000549316406,239.34222412109375,53.67399215698242,9.229999542236328,10.54989242553711,156.1576385498047,42.97414779663086,294.0360412597656,66.00231170654297,16.164867401123047,687.4000244140625,170.05421447753906,301.7880554199219,126.2488021850586,64.31554412841797,149.0760040283203,7.843569755554199,342.9599914550781,55.33757019042969
2021-11-17,28.68568229675293,705.4735107421875,241.24453735351562,248.5409698486328,27.59000015258789,357.077880859375,194.9042510986328,461.64215087890625,77.61316680908203,188.7412109375,6582.544921875,783.5081787109375,69.58038330078125,147.02059936523438,251.5505828857422,114.58641052246094,443.194091796875,287.241455078125,635.9727783203125,188.25,641.8300170898438,627.989990234375,134.85000610351562,241.46116638183594,53.502235412597656,9.0,10.523270606994629,154.29791259765625,42.93545150756836,292.0757751464844,66.0121841430664,16.218833923339844,691.6900024414062,169.36932373046875,292.3756103515625,123.76358795166016,63.9273796081543,149.06199645996094,7.615392684936523,340.7699890136719,54.654388427734375
2021-11-18,29.03809928894043,703.1255493164062,242.86444091796875,246.8272247314453,26.850000381469727,346.191650390625,194.9042510986328,460.0851135253906,77.52418518066406,188.39402770996094,6596.36962890625,778.4419555664062,69.67371368408203,147.21612548828125,252.94737243652344,114.4308090209961,443.7073974609375,285.02069091796875,636.3021240234375,185.41000366210938,648.510009765625,634.0,124.0,240.85716247558594,53.43544006347656,8.979999542236328,10.54228687286377,157.0281524658203,42.38400650024414,288.9061584472656,67.5209732055664,16.155229568481445,682.02001953125,169.58457946777344,316.49627685546875,122.7695083618164,62.10599899291992,150.70899963378906,7.5868706703186035,338.69000244140625,54.556793212890625
2021-11-19,29.0284423828125,701.3645629882812,244.96536254882812,245.50518798828125,25.260000228881836,337.7412109375,193.0045928955078,457.48681640625,77.42530822753906,184.16978454589844,6620.0693359375,774.210205078125,68.32037353515625,146.86415100097656,254.92050170898438,113.99320220947266,434.35882568359375,280.8865051269531,634.7254028320312,182.8800048828125,652.6799926757812,647.27001953125,116.98999786376953,236.7083740234375,54.380104064941406,8.869999885559082,10.489042282104492,148.41209411621094,42.20018768310547,290.3691101074219,69.03962707519531,15.881543159484863,678.7999877929688,168.58653259277344,329.5858154296875,123.76358795166016,62.90222930908203,149.95249938964844,7.539333343505859,345.29998779296875,53.69793701171875
2021-11-22,29.709136962890625,692.3638916015625,247.7436981201172,239.50221252441406,25.709999084472656,319.4284362792969,192.81463623046875,454.3332214355469,77.4154281616211,187.81536865234375,6600.3193359375,763.0958251953125,68.95502471923828,147.5289764404297,251.64828491210938,113.67228698730469,431.93035888671875,281.3227233886719,632.6397705078125,181.5,643.6400146484375,634.6799926757812,109.08000183105469,238.06491088867188,54.86674880981445,8.850000381469727,10.534680366516113,145.9588165283203,42.10344314575195,290.1545104980469,71.19927215576172,16.24581527709961,659.2000122070312,168.6061248779297,319.3040771484375,120.78133392333984,61.2998161315918,147.07850646972656,7.472782611846924,341.010009765625,53.8052978515625
2021-11-23,29.79603385925293,689.03759765625,247.31175231933594,244.0166778564453,25.600000381469727,327.0836181640625,192.86212158203125,454.5414733886719,75.81372833251953,186.88949584960938,6649.69384765625,765.2066040039062,69.39371490478516,149.1714630126953,255.9167938232422,110.25890350341797,441.3974304199219,283.45428466796875,631.4423217773438,186.85000610351562,649.3200073242188,619.97998046875,103.2300033569336,239.29270935058594,53.35910415649414,8.850000381469727,10.129647254943848,147.31405639648438,43.53527069091797,291.597900390625,69.73979187011719,16.313274383544922,654.0599975585938,168.85073852539062,317.2056884765625,117.79907989501953,59.976078033447266,146.7570037841797,7.387216091156006,337.25,53.35634231567383
2021-11-24,29.4774112701416,695.0054321289062,248.0186004638672,243.6053924560547,25.170000076293945,338.0195617675781,193.52699279785156,460.4620056152344,75.84339141845703,186.48443603515625,6724.7421875,783.105712890625,70.20571899414062,151.05833435058594,259.3160095214844,111.28974151611328,444.3885498046875,281.2929992675781,631.6817016601562,186.24000549316406,648.1799926757812,622.4500122070312,106.0,237.49063110351562,53.49269485473633,8.579999923706055,10.266559600830078,147.64100646972656,44.16411209106445,290.46661376953125,70.44981384277344,16.284364700317383,658.2899780273438,167.265625,326.4783020019531,115.8109130859375,59.70735549926758,146.71749877929688,7.5868706703186035,341.05999755859375,55.92314910888672
2021-11-25,29.530513763427734,703.0276489257812,,,,,192.81463623046875,,,188.54833984375,6738.56689453125,,,,,,,,,,,,,,52.95833969116211,,10.527073860168457,,44.04801559448242,,,16.297855377197266,,,,116.30795288085938,,,7.5013041496276855,,
2021-11-26,29.279478073120117,651.078369140625,243.1687774658203,241.4607696533203,24.719999313354492,322.2817687988281,182.55650329589844,451.5215759277344,73.51004791259766,175.20046997070312,6764.2412109375,779.4237060546875,66.00570678710938,146.53176879882812,256.7666015625,107.99305725097656,434.26995849609375,286.81512451171875,637.4097290039062,183.58999633789062,643.3499755859375,607.52001953125,109.61000061035156,228.7276611328125,51.527034759521484,8.149999618530273,10.268461227416992,141.97357177734375,42.277584075927734,286.37060546875,68.14224243164062,15.557744026184082,665.6400146484375,163.8997802734375,314.7776794433594,116.80499267578125,59.03055953979492,142.80599975585938,7.38604736328125,333.1199951171875,54.83006286621094
2021-11-29,29.211891174316406,668.9818115234375,244.04251098632812,243.99710083007812,24.59000015258789,321.1285095214844,184.09523010253906,461.8527526855469,75.44791412353516,176.7628631591797,6783.99072265625,805.108642578125,66.03663635253906,149.8557891845703,260.7420959472656,107.24424743652344,446.2049560546875,289.41265869140625,647.4188842773438,190.11000061035156,654.4000244140625,631.2999877929688,106.41000366210938,227.65830993652344,51.44115447998047,8.0600004196167,10.540385246276855,149.83071899414062,41.98735046386719,284.13726806640625,66.70247650146484,15.557744026184082,663.8400268554688,163.7725830078125,333.49267578125,115.3138656616211,58.39356994628906,146.11399841308594,7.357233047485352,338.0299987792969,56.18666458129883
2021-11-30,28.627750396728516,666.6338500976562,240.12535095214844,238.78733825683594,23.270000457763672,313.0856628417969,183.1833953857422,452.713623046875,73.60891723632812,177.66943359375,6420.59814453125,797.4503173828125,65.08052825927734,147.38232421875,256.38568115234375,103.7627944946289,438.52471923828125,282.8792419433594,631.5120849609375,186.94000244140625,636.530029296875,608.0700073242188,101.25,223.37088012695312,49.94305419921875,7.96999979019165,10.367342948913574,145.83773803710938,41.522972106933594,280.3240966796875,64.4442138671875,15.07011890411377,641.9000244140625,158.56724548339844,326.498291015625,113.32569885253906,58.17461013793945,142.45199584960938,7.654980182647705,324.4599914550781,55.113094329833984
2021-12-01,28.738784790039062,689.8202514648438,240.86166381835938,235.40882873535156,22.260000228881836,304.4959716796875,186.18484497070312,446.0877685546875,73.16400146484375,182.93527221679688,6667.46826171875,788.8592529296875,63.35580062866211,148.3111114501953,252.93763732910156,102.566650390625,438.6431579589844,282.99822998046875,624.8460083007812,205.0,630.5900268554688,599.4500122070312,93.44000244140625,223.3907012939453,50.45832443237305,7.809999942779541,10.2988862991333,150.27658081054688,42.0840950012207,277.8859558105469,65.74591827392578,15.147214889526367,617.77001953125,157.9899444580078,314.1366882324219,114.31978607177734,58.950931549072266,141.6179962158203,7.7894463539123535,310.6000061035156,54.361595153808594
2021-12-02,28.801544189453125,678.4716186523438,245.81947326660156,240.41294860839844,23.25,318.3348693847656,189.3382568359375,457.9189453125,74.62728881835938,180.58206176757812,6499.5966796875,784.1071166992188,66.76776123046875,150.97035217285156,260.0583190917969,104.32683563232422,440.3016357421875,288.7682189941406,626.2730102539062,204.4499969482422,634.0,599.010009765625,96.5999984741211,229.77725219726562,49.761756896972656,7.989999771118164,10.344523429870605,145.14418029785156,42.01637268066406,280.3143005371094,69.51296997070312,15.143359184265137,616.469970703125,163.0387420654297,321.0419921875,113.32569885253906,59.428672790527344,143.77650451660156,7.635770797729492,310.3900146484375,55.776756286621094
2021-12-03,28.608440399169922,669.177490234375,244.15052795410156,242.4400634765625,23.989999771118164,320.2337646484375,188.4644317626953,452.80303955078125,72.78829956054688,180.02267456054688,6442.32275390625,779.6102905273438,65.56795501708984,151.20498657226562,260.7616271972656,103.92810821533203,445.00604248046875,287.826416015625,634.7852172851562,203.80999755859375,635.1599731445312,586.5399780273438,92.43000030517578,227.76719665527344,49.532745361328125,8.0,10.25515079498291,144.490234375,41.42622756958008,281.4748840332031,69.64117431640625,14.902438163757324,602.1300048828125,162.85284423828125,306.7216796875,111.8345718383789,56.49256896972656,142.52049255371094,7.904703140258789,306.8399963378906,57.07479476928711
2021-12-06,28.88844108581543,680.232666015625,246.59506225585938,237.93536376953125,24.399999618530273,331.38836669921875,193.38453674316406,453.5083312988281,73.55948638916016,180.408447265625,6507.49658203125,782.0059204101562,68.6424789428711,153.05276489257812,263.31103515625,107.2053451538086,455.6924133300781,286.7754821777344,620.9541015625,205.05999755859375,625.0,592.2100219726562,94.77999877929688,231.47042846679688,49.82855224609375,8.180000305175781,10.50235366821289,146.0260009765625,42.97414779663086,285.63916015625,70.51883697509766,15.413191795349121,612.6900024414062,166.16978454589844,300.1661682128906,113.32569885253906,58.17461013793945,143.79649353027344,7.9527268409729,317.8699951171875,57.33831024169922
2021-12-07,29.366376876831055,719.2680053710938,252.22047424316406,240.54025268554688,24.219999313354492,337.53240966796875,195.61660766601562,467.3461608886719,76.82220458984375,180.08055114746094,6627.96923828125,798.0983276367188,70.32972717285156,155.7413330078125,270.3829040527344,109.17945861816406,460.26806640625,293.566650390625,627.400634765625,205.22000122070312,635.0900268554688,611.4299926757812,98.41000366210938,236.25291442871094,52.32856369018555,8.149999618530273,10.555598258972168,155.44863891601562,44.12541198730469,288.6039123535156,73.2405776977539,15.515342712402344,625.5800170898438,166.9134063720703,324.0499267578125,117.30204010009766,59.448577880859375,148.0364990234375,8.106402397155762,322.80999755859375,57.49446487426758
2021-12-08,28.902925491333008,701.9515380859375,252.05357360839844,234.6352081298828,24.030000686645508,340.3459167480469,194.9042510986328,469.8692932128906,76.11034393310547,179.28968811035156,6673.39306640625,799.6692504882812,71.4732894897461,155.8782196044922,269.4452209472656,109.32533264160156,464.3583984375,294.28045654296875,636.8209838867188,206.61000061035156,654.0399780273438,618.5499877929688,102.05000305175781,238.1441192626953,51.99459457397461,8.170000076293945,10.56890869140625,155.84494018554688,43.46754837036133,288.350341796875,73.37864685058594,15.523052215576172,628.0800170898438,166.25782775878906,318.0440368652344,119.7872543334961,60.05570602416992,148.7205047607422,8.125612258911133,330.55999755859375,56.99672317504883
2021-12-09,29.009132385253906,693.3422241210938,253.43783569335938,232.63746643066406,23.579999923706055,342.5132141113281,192.9096221923828,464.56463623046875,74.90412139892578,176.3385009765625,6558.845703125,784.2936401367188,69.63606262207031,154.0402069091797,264.7664489746094,109.70459747314453,468.7756042480469,279.548095703125,635.7432250976562,208.41000366210938,665.719970703125,607.5800170898438,94.9800033569336,239.06497192382812,51.11672592163086,7.949999809265137,10.738147735595703,151.24758911132812,43.099918365478516,285.92193603515625,73.62517547607422,15.399700164794922,611.0,164.95651245117188,304.69305419921875,115.8109130859375,59.2296142578125,148.1060028076172,8.212055206298828,329.82000732421875,56.264739990234375
2021-12-10,29.293962478637695,685.3199462890625,256.6089172363281,233.24461364746094,23.290000915527344,347.8817443847656,192.7671356201172,470.534912109375,74.48885345458984,176.01058959960938,6657.59375,783.4002685546875,70.54529571533203,155.5262451171875,266.2413635253906,109.3350601196289,473.6384582519531,285.9129638671875,641.171875,208.05999755859375,669.52001953125,607.9000244140625,94.01000213623047,241.15420532226562,51.078556060791016,7.869999885559082,10.778080940246582,151.3268280029297,42.89675521850586,288.03826904296875,76.31733703613281,15.320677757263184,611.6599731445312,166.7862091064453,301.7751159667969,117.79907989501953,59.159942626953125,148.6750030517578,8.183241844177246,329.75,56.2159423828125
2021-12-13,29.40982437133789,679.05859375,252.54443359375,229.31771850585938,22.75,343.2986145019531,191.7698211669922,475.6905517578125,71.57218933105469,171.8056182861328,6602.29443359375,801.3482666015625,68.51123809814453,158.1077117919922,269.61126708984375,109.75321960449219,473.5493469238281,289.9281921386719,644.6646118164062,208.14999389648438,660.1500244140625,605.3400268554688,92.54000091552734,242.17611694335938,51.01176071166992,7.599999904632568,10.852241516113281,145.7485809326172,42.68391418457031,290.1935729980469,74.39437103271484,15.417046546936035,604.5599975585938,166.04257202148438,281.41888427734375,120.78133392333984,58.702110290527344,146.70449829101562,7.97193717956543,334.489990234375,54.38111877441406
2021-12-14,29.197410583496094,675.0474853515625,247.85171508789062,230.4047088623047,22.510000228881836,338.56634521484375,191.7223358154297,467.2269287109375,72.21485137939453,173.67665100097656,6685.24267578125,791.1959838867188,69.18330383300781,155.8010711669922,267.0618896484375,108.61543273925781,474.85662841796875,292.1291198730469,631.0474853515625,209.24000549316406,670.969970703125,596.3499755859375,92.16999816894531,243.1781463623047,50.77321243286133,7.539999961853027,10.79899787902832,146.37278747558594,43.25471115112305,290.8177185058594,72.68833923339844,15.58280086517334,597.989990234375,161.28732299804688,283.1777038574219,120.28429412841797,58.49310302734375,144.9705047607422,8.039170265197754,333.739990234375,53.31730651855469
2021-12-15,28.946372985839844,679.3521728515625,252.83900451660156,231.74632263183594,22.56999969482422,344.3325500488281,192.95709228515625,475.7998352050781,73.10467529296875,170.20465087890625,6655.61865234375,802.2515258789062,69.70927429199219,159.56039428710938,267.9800720214844,102.0512466430664,489.6333923339844,304.521728515625,654.6378784179688,211.1300048828125,657.9299926757812,611.5599975585938,92.94000244140625,251.82940673828125,51.18351745605469,7.659999847412109,10.932107925415039,152.24830627441406,43.206336975097656,297.5273742675781,74.70993041992188,15.544252395629883,605.0399780273438,165.61204528808594,304.3832702636719,118.79316711425781,57.36842346191406,147.36849975585938,8.067983627319336,341.6600036621094,54.693424224853516
2021-12-16,28.9222354888916,680.8196411132812,248.6174774169922,220.12228393554688,23.40999984741211,350.86431884765625,194.9042510986328,473.6739807128906,70.28688049316406,175.6634063720703,6645.744140625,807.9559936523438,68.54046630859375,160.2376708984375,272.9811706542969,99.39639282226562,488.12799072265625,307.46624755859375,660.1385498046875,212.61000061035156,631.739990234375,607.5599975585938,87.43000030517578,251.9782257080078,51.3934440612793,7.579999923706055,11.139378547668457,145.3522491455078,43.35145568847656,295.6451416015625,74.5718765258789,15.53461742401123,591.0599975585938,165.1619873046875,283.6773681640625,120.78133392333984,56.522430419921875,144.8385009765625,8.231264114379883,334.8999938964844,53.66865921020508
2021-12-17,28.975339889526367,674.851806640625,243.5614776611328,218.6827392578125,23.280000686645508,347.27532958984375,193.90692138671875,464.5448303222656,70.77134704589844,174.4096221923828,6722.76708984375,807.3275756835938,69.51446533203125,158.2058563232422,272.3852844238281,97.8598861694336,482.4430847167969,305.2752380371094,649.9757080078125,214.5399932861328,619.280029296875,616.8800048828125,97.7699966430664,251.7897186279297,51.20260238647461,7.630000114440918,11.179311752319336,144.8072967529297,43.30308151245117,290.9444274902344,73.6843490600586,15.544252395629883,586.72998046875,161.5123748779297,277.82135009765625,120.78133392333984,55.97502136230469,142.80299377441406,8.384940147399902,333.7900085449219,53.336830139160156
2021-12-20,29.284305572509766,667.123046875,241.13653564453125,214.6481170654297,22.889999389648438,335.0569152832031,191.34239196777344,457.2931213378906,69.78263854980469,172.24928283691406,6661.54296875,807.4159545898438,67.66385650634766,158.41200256347656,271.99462890625,96.7901611328125,479.0856628417969,306.75244140625,648.2286376953125,215.41000366210938,603.1400146484375,604.1099853515625,95.51000213623047,243.68411254882812,51.059471130371094,7.190000057220459,11.219244956970215,143.67776489257812,42.30660629272461,287.7066955566406,70.97246551513672,15.24551010131836,593.739990234375,160.5241241455078,277.00189208984375,118.79316711425781,54.561710357666016,142.40150451660156,8.212055206298828,325.45001220703125,52.31205749511719
2021-12-21,29.211891174316406,668.5905151367188,242.4717254638672,215.50990295410156,23.530000686645508,348.69696044921875,193.8594512939453,467.3759460449219,71.34478759765625,177.7080078125,6718.8173828125,789.9686889648438,69.23200988769531,157.82305908203125,271.3988037109375,99.48149871826172,482.5322265625,299.9909973144531,644.25537109375,218.60000610351562,606.8099975585938,624.0599975585938,96.70999908447266,245.0830078125,51.76558303833008,7.269999980926514,11.422712326049805,150.0288848876953,43.21601104736328,288.4283447265625,72.45166778564453,15.397772789001465,604.9199829101562,163.63560485839844,290.55267333984375,118.79316711425781,57.66701126098633,144.2205047607422,8.711502075195312,334.20001220703125,54.11760330200195
2021-12-22,28.869131088256836,672.9929809570312,245.14207458496094,213.22816467285156,23.6299991607666,355.39776611328125,194.3343505859375,470.12762451171875,73.16400146484375,179.23182678222656,6837.31494140625,803.8616943359375,69.43653106689453,159.26593017578125,274.7198181152344,99.17811584472656,489.3857727050781,301.6069641113281,650.6046752929688,222.77000427246094,617.47998046875,640.030029296875,94.37999725341797,250.0832977294922,51.899173736572266,7.25,11.455039024353027,150.92062377929688,43.6126708984375,289.803466796875,75.23258209228516,15.374645233154297,614.239990234375,163.14637756347656,293.80047607421875,119.29020690917969,56.691627502441406,146.94900512695312,8.740316390991211,330.45001220703125,54.03952407836914
2021-12-23,28.941545486450195,673.7756958007812,245.52496337890625,216.430419921875,24.420000076293945,358.4796142578125,195.80657958984375,470.60443115234375,74.88434600830078,180.73635864257812,6932.11328125,803.8912353515625,69.913818359375,158.7653350830078,273.62042236328125,100.70484161376953,490.623779296875,299.3168640136719,649.6063232421875,223.4499969482422,625.3800048828125,645.02001953125,95.08999633789062,250.06344604492188,52.40489959716797,7.460000038146973,11.483562469482422,154.06149291992188,44.444671630859375,292.0660400390625,75.3311996459961,15.613637924194336,614.0900268554688,164.4183349609375,296.1988525390625,124.26063537597656,59.976078033447266,147.1425018310547,8.67308235168457,335.239990234375,54.53727340698242
2021-12-24,28.88361358642578,672.1124877929688,,,,,,,,180.77493286132812,6896.56396484375,,,,,,,,,,,,,,,,,,44.618812561035156,,,,,,,,,,8.61545467376709,,
2021-12-27,28.965682983398438,683.8524780273438,249.06906127929688,219.45639038085938,24.360000610351562,358.21124267578125,197.42129516601562,474.93560791015625,76.37728881835938,,,819.9442749023438,70.53716278076172,162.82894897460938,280.5115051269531,102.20219421386719,494.7042541503906,304.1747741699219,661.0969848632812,222.33999633789062,634.77001953125,654.8400268554688,93.54000091552734,251.76988220214844,53.19689178466797,7.420000076293945,11.462644577026367,161.22506713867188,,294.7381896972656,77.78668212890625,15.642549514770508,613.1199951171875,166.99166870117188,309.2400207519531,120.78133392333984,59.10022735595703,148.06399536132812,,346.17999267578125,55.239967346191406
2021-12-28,29.293962478637695,685.4177856445312,249.3832244873047,220.2495880126953,24.329999923706055,358.6784973144531,198.276123046875,471.9554443359375,75.86316680908203,,,822.7915649414062,70.3813247680664,162.7307891845703,283.1913146972656,102.30006408691406,498.1112060546875,304.36309814453125,654.2784423828125,221.92999267578125,638.4600219726562,651.280029296875,91.11000061035156,254.736328125,54.01750564575195,7.5,11.569132804870605,158.17335510253906,,296.46435546875,77.00762939453125,15.871905326843262,610.7100219726562,167.51023864746094,303.01422119140625,123.26654815673828,56.8608283996582,146.447998046875,8.653873443603516,346.2200012207031,55.58156204223633
2021-12-29,29.404996871948242,688.2549438476562,252.86843872070312,223.1972198486328,23.8700008392334,359.185546875,197.80120849609375,471.4090881347656,73.65836334228516,181.7972412109375,6979.51220703125,826.7091674804688,70.37158966064453,164.58590698242188,283.5741882324219,101.73242950439453,500.7258605957031,306.018798828125,661.6160888671875,223.32000732421875,647.280029296875,655.6900024414062,90.12000274658203,256.4526672363281,53.78849792480469,7.610000133514404,11.58814811706543,159.5010528564453,45.22830581665039,297.8394470214844,77.61904907226562,15.719644546508789,610.5399780273438,168.00926208496094,299.8064270019531,121.77542114257812,56.55228805541992,146.50450134277344,8.634663581848145,342.94000244140625,55.67915725708008
2021-12-30,29.433963775634766,692.4617309570312,251.70997619628906,227.1045379638672,24.450000762939453,358.8872985839844,197.56375122070312,467.3659973144531,73.92529296875,181.37289428710938,6872.8642578125,830.1356811523438,70.53716278076172,164.87057495117188,285.7926940917969,102.24134826660156,499.5868835449219,310.648681640625,664.33154296875,222.4499969482422,642.510009765625,661.3200073242188,94.3499984741211,256.07568359375,53.68353271484375,7.610000133514404,11.645195960998535,156.52862548828125,45.43147277832031,296.3668212890625,76.5638656616211,15.619421005249023,612.0900268554688,167.7255096435547,295.6592102050781,121.27838134765625,58.921077728271484,146.00250244140625,8.46177864074707,344.3599853515625,55.152130126953125
2021-12-31,29.09602928161621,691.5812377929688,253.76181030273438,226.64427185058594,23.540000915527344,357.2270202636719,,468.806396484375,73.65836334228516,180.35057067871094,6843.240234375,830.4794311523438,69.83588409423828,165.2533721923828,287.127685546875,101.24310302734375,497.31890869140625,311.51116943359375,666.1184692382812,219.60000610351562,631.52001953125,658.4600219726562,91.81999969482422,254.89508056640625,,7.429999828338623,,155.914306640625,45.005794525146484,298.1995849609375,77.26403045654297,,602.4400024414062,169.09536743164062,293.910400390625,,58.02531433105469,144.67950439453125,8.605850219726562,336.3500061035156,54.8203010559082
2022-01-03,29.4774112701416,692.6574096679688,250.8460235595703,227.14370727539062,25.329999923706055,368.7892761230469,200.17578125,458.048095703125,72.6894302368164,,,820.9260864257812,73.0208740234375,161.85720825195312,281.1200866699219,103.83656311035156,497.4575500488281,295.6188659667969,643.8360595703125,222.52999877929688,627.0999755859375,631.010009765625,95.08000183105469,252.0774383544922,53.61674118041992,7.550000190734863,11.681325912475586,158.460693359375,,289.91790771484375,76.90901947021484,15.927800178527832,597.3699951171875,165.02499389648438,301.0055847167969,121.77542114257812,57.965599060058594,145.07449340820312,8.692293167114258,338.5400085449219,55.61083984375
2022-01-04,29.41465187072754,703.908203125,255.06752014160156,229.31771850585938,26.75,373.20343017578125,204.63995361328125,456.77655029296875,73.47048950195312,189.66709899902344,6979.51220703125,799.836181640625,76.05001068115234,158.02919006347656,277.5763854980469,104.12039184570312,486.1867980957031,287.71734619140625,616.9613037109375,221.86000061035156,616.8200073242188,605.4199829101562,91.47000122070312,258.2186584472656,54.19880294799805,7.769999980926514,11.590049743652344,156.90512084960938,46.466644287109375,293.45599365234375,75.8341293334961,15.968274116516113,591.1500244140625,167.7646484375,292.7012023925781,122.2724609375,57.09969711303711,144.41650390625,8.596244812011719,336.5299987792969,57.084556579589844
2022-01-05,29.72844696044922,724.7466430664062,250.0998992919922,224.11773681640625,26.450000762939453,371.7220458984375,203.02525329589844,452.7434387207031,68.20071411132812,190.8822784423828,7098.009765625,774.769775390625,75.60197448730469,154.74099731445312,259.7106628417969,103.74849700927734,484.9884338378906,284.1086120605469,617.4804077148438,221.4199981689453,595.1199951171875,583.4600219726562,84.31999969482422,256.92889404296875,54.25605773925781,7.699999809265137,11.426514625549316,152.3275909423828,46.379573822021484,298.1799621582031,73.99004364013672,15.717716217041016,567.52001953125,165.36744689941406,275.8526611328125,121.77542114257812,54.541805267333984,137.65350341796875,8.644268989562988,324.1700134277344,56.586814880371094
2022-01-06,29.56431007385254,702.5385131835938,253.0844268798828,226.55616760253906,25.719999313354492,368.3275146484375,208.0118408203125,448.96856689453125,69.79252624511719,193.3223114013672,6941.98828125,761.0044555664062,77.54997253417969,153.68092346191406,260.0248107910156,102.73068237304688,465.14080810546875,286.0715637207031,619.3572998046875,221.64999389648438,598.4400024414062,576.3599853515625,81.76000213623047,252.50405883789062,53.43544006347656,7.909999847412109,11.285799026489258,154.9036865234375,45.61528778076172,292.0838928222656,74.05908203125,15.918163299560547,553.2899780273438,165.7588348388672,281.5887451171875,119.7872543334961,56.05464553833008,137.55099487304688,8.56743049621582,332.4599914550781,56.64536666870117
2022-01-07,29.453271865844727,701.8536987304688,246.50669860839844,225.9979705810547,30.059999465942383,367.97906494140625,210.10145568847656,443.7930603027344,68.71483612060547,197.95164489746094,6979.51220703125,760.8668823242188,77.87139892578125,150.89334106445312,261.6837463378906,102.9166259765625,454.1969299316406,282.81976318359375,606.0496826171875,221.85000610351562,603.72998046875,550.2999877929688,82.18000030517578,250.22218322753906,53.43544006347656,7.599999904632568,11.26488208770752,149.42446899414062,45.35407638549805,291.48602294921875,72.35305786132812,15.640621185302734,541.0599975585938,164.23245239257812,272.28509521484375,118.79316711425781,56.880733489990234,137.00450134277344,8.625059127807617,331.7900085449219,56.59657287597656
2022-01-10,29.4774112701416,679.05859375,243.1687774658203,222.7075653076172,28.59000015258789,362.2650146484375,212.19107055664062,432.5082702636719,68.52698516845703,200.5074005126953,7082.2099609375,750.4495849609375,77.17012023925781,150.19642639160156,259.5536193847656,103.3668212890625,460.5354919433594,289.115234375,623.9893798828125,223.9600067138672,621.27001953125,558.6500244140625,82.18000030517578,247.50376892089844,52.00413513183594,7.360000133514404,11.280095100402832,148.2156982421875,44.74458312988281,289.2220458984375,72.42208862304688,15.110594749450684,539.8499755859375,162.83326721191406,273.8140563964844,119.29020690917969,57.86606979370117,138.57400512695312,8.625059127807617,328.07000732421875,58.441158294677734
2022-01-11,30.018104553222656,694.9075927734375,244.94573974609375,222.83489990234375,28.68000030517578,364.6342468261719,214.4231719970703,438.10101318359375,70.87020874023438,199.63941955566406,7147.3837890625,752.9533081054688,76.965576171875,150.16700744628906,255.70558166503906,105.58839416503906,464.4970397949219,289.4324645996094,619.4570922851562,226.14999389648438,626.0900268554688,555.0599975585938,86.31999969482422,248.35699462890625,51.79420852661133,7.449999809265137,11.453136444091797,151.04940795898438,45.160587310791016,291.6134338378906,73.30961608886719,15.328387260437012,540.8400268554688,164.14437866210938,277.9812316894531,119.7872543334961,60.41400909423828,140.0175018310547,8.4425687789917,334.3699951171875,58.80226516723633
2022-01-12,29.96982765197754,699.603515625,246.14344787597656,219.81871032714844,28.790000915527344,365.649658203125,214.94557189941406,444.8758239746094,71.32500457763672,204.26873779296875,7269.8310546875,750.5772705078125,76.80973052978516,150.41238403320312,254.62583923339844,106.62576293945312,469.1717529296875,280.3610534667969,624.1492309570312,226.13999938964844,631.4400024414062,554.6300048828125,81.87999725341797,247.33511352539062,52.36673355102539,7.289999961853027,11.320027351379395,158.08419799804688,45.49919128417969,293.7794189453125,75.66648864746094,15.44595718383789,537.219970703125,167.7646484375,279.79998779296875,120.28429412841797,62.2652473449707,141.6479949951172,8.625059127807617,333.260009765625,58.50947570800781
2022-01-13,29.873275756835938,674.3368530273438,246.1238250732422,221.15054321289062,29.34000015258789,367.8496398925781,214.70811462402344,433.3824157714844,69.0707778930664,209.38027954101562,7329.08056640625,734.5339965820312,79.19603729248047,150.32403564453125,250.7483673095703,106.45940399169922,462.942138671875,275.423828125,599.8800659179688,226.5800018310547,616.1099853515625,534.2000122070312,78.5,252.4048309326172,51.90871810913086,7.170000076293945,11.502577781677246,155.73594665527344,45.828125,288.42816162109375,76.82026672363281,15.418973922729492,519.2000122070312,167.4906768798828,265.56964111328125,119.29020690917969,59.25947570800781,139.13099670410156,8.67308235168457,326.4800109863281,58.724185943603516
2022-01-14,29.303617477416992,654.28076171875,238.9570770263672,216.8123321533203,31.18000030517578,370.4578552246094,214.70811462402344,429.498291015625,68.61597442626953,207.83717346191406,7331.05517578125,733.19873046875,79.31291961669922,149.92160034179688,246.01687622070312,106.23431396484375,464.1900329589844,273.7086486816406,593.8002319335938,234.05999755859375,615.239990234375,529.3499755859375,79.56999969482422,254.9744110107422,51.69879150390625,7.170000076293945,11.706046104431152,165.4657440185547,45.05416488647461,285.5467224121094,74.5521469116211,15.432465553283691,525.6900024414062,167.23626708984375,269.2371520996094,118.29612731933594,60.38414764404297,139.7864990234375,8.67308235168457,331.8999938964844,59.075538635253906
2022-01-17,29.40982437133789,669.8143310546875,,,,,215.65794372558594,,,207.1620635986328,7338.955078125,,,,,,,,,,,,,,51.86100387573242,,11.643294334411621,,45.66366195678711,,,15.32260513305664,,,,119.29020690917969,,,8.634663581848145,,
2022-01-18,29.255338668823242,656.4436645507812,234.8300018310547,215.4511260986328,29.639999389648438,364.64422607421875,214.4231719970703,421.3426818847656,67.1922378540039,202.33985900878906,7331.05517578125,729.4481201171875,77.11167907714844,150.59886169433594,245.634033203125,105.19691467285156,456.56396484375,269.4456481933594,589.108154296875,231.07000732421875,611.219970703125,518.1699829101562,75.69999694824219,246.7696075439453,51.41252899169922,6.889999866485596,11.628081321716309,150.9602508544922,44.69620895385742,280.891357421875,69.1086654663086,15.309113502502441,510.79998779296875,163.0387420654297,258.85418701171875,118.79316711425781,57.278846740722656,136.29049682617188,8.375336647033691,318.1499938964844,58.05076599121094
2022-01-19,28.88361358642578,669.3228149414062,231.17572021484375,219.20175170898438,28.579999923706055,359.0993957519531,212.71347045898438,420.1506042480469,66.12443542480469,199.5911865234375,7346.85498046875,717.2241821289062,75.8552017211914,150.75592041015625,244.4266357421875,105.4611587524414,458.07928466796875,269.6835632324219,592.3726806640625,230.83999633789062,618.1099853515625,519.1300048828125,75.51000213623047,243.3964080810547,51.3934440612793,6.940000057220459,11.512085914611816,141.75559997558594,44.473697662353516,279.8818664550781,67.54070281982422,15.63484001159668,515.8599853515625,159.8685760498047,250.49989318847656,119.7872543334961,57.32861328125,135.65199279785156,8.4425687789917,319.5899963378906,56.567291259765625
2022-01-20,28.661544799804688,670.404296875,220.5674285888672,217.12570190429688,27.489999771118164,362.3546142578125,212.04859924316406,415.2135009765625,66.32218170166016,198.24098205566406,7449.552734375,717.2437744140625,73.84876251220703,151.29576110839844,241.42286682128906,103.84635925292969,458.5546569824219,268.54345703125,587.17138671875,228.61000061035156,614.3800048828125,511.1499938964844,76.19000244140625,238.86241149902344,51.44115447998047,7.010000228881836,11.599557876586914,137.87159729003906,44.77360534667969,281.2637939453125,65.01618194580078,15.63484001159668,508.25,157.5887908935547,241.3361053466797,120.78133392333984,60.21495056152344,133.50650024414062,8.135217666625977,316.55999755859375,56.020748138427734
2022-01-21,28.09671401977539,657.5250854492188,221.6410675048828,212.74830627441406,26.190000534057617,353.47491455078125,209.10414123535156,414.1704406738281,65.07640838623047,192.1553497314453,7437.703125,708.4760131835938,71.64753723144531,152.56195068359375,240.26451110839844,103.34723663330078,456.7422790527344,269.2374572753906,579.3545532226562,228.0800018310547,621.4000244140625,501.9599914550781,72.9000015258789,236.05471801757812,49.71404266357422,7.019999980926514,11.466448783874512,133.81918334960938,43.78680419921875,276.8436279296875,63.29043197631836,15.399700164794922,397.5,157.07998657226562,233.5813751220703,118.29612731933594,59.37890625,130.0919952392578,8.25047492980957,303.1700134277344,54.23472213745117
2022-01-24,27.483606338500977,637.9606323242188,228.8610076904297,216.00930786132812,26.8799991607666,347.84051513671875,205.58978271484375,415.1836853027344,64.6710433959961,183.5911102294922,7269.8310546875,717.56787109375,71.62386322021484,150.4810791015625,243.83766174316406,101.98689270019531,457.8316955566406,269.81243896484375,574.8321533203125,229.67999267578125,621.47998046875,511.6499938964844,75.16000366210938,241.68003845214844,48.139610290527344,7.230000019073486,11.325732231140137,138.01031494140625,41.73581314086914,277.17681884765625,66.47566223144531,15.36886215209961,387.1499938964844,157.25611877441406,233.5614013671875,115.8109130859375,58.921077728271484,130.3719940185547,8.048774719238281,308.7099914550781,54.08832550048828
2022-01-25,27.628435134887695,633.9296875,226.55612182617188,210.2315673828125,26.860000610351562,337.2287292480469,210.3389129638672,396.8855895996094,64.02838897705078,189.70567321777344,7317.23046875,706.6007080078125,69.9610595703125,151.1190948486328,245.9285430908203,101.94774627685547,452.4538269042969,265.7476501464844,566.7957763671875,227.11000061035156,603.1900024414062,478.19000244140625,72.02999877929688,237.2254180908203,49.065185546875,7.019999980926514,11.380877494812012,131.76820373535156,41.60036849975586,273.8641357421875,65.2331314086914,15.440174102783203,366.4200134277344,154.0468292236328,223.0885009765625,113.82273864746094,59.81683349609375,126.7354965209961,8.000750541687012,300.1499938964844,54.10784149169922
2022-01-26,27.261537551879883,645.4324340820312,224.67481994628906,207.3231201171875,24.399999618530273,343.10205078125,213.18838500976562,394.9087829589844,63.800987243652344,195.0100860595703,7133.55908203125,683.1936645507812,68.59111022949219,148.92042541503906,238.14419555664062,101.86945343017578,454.028564453125,264.50836181640625,561.953857421875,226.5800018310547,605.25,466.5199890136719,69.58000183105469,238.10841369628906,50.07664108276367,6.929999828338623,11.344748497009277,134.3343963623047,42.21953582763672,270.904296875,63.576419830322266,15.515342712402344,359.70001220703125,154.82957458496094,227.56546020507812,115.8109130859375,59.14999008178711,129.24000549316406,8.07758903503418,294.6300048828125,54.01024627685547
2022-01-27,27.618778228759766,641.991455078125,222.53738403320312,207.7833709716797,25.239999771118164,348.94549560546875,216.27532958984375,392.46502685546875,65.25437927246094,196.31210327148438,6870.88916015625,670.6162719726562,66.09689331054688,145.86781311035156,232.08750915527344,100.9788589477539,457.1681213378906,263.4476013183594,552.8092651367188,228.22000122070312,608.719970703125,471.0799865722656,67.44000244140625,227.04629516601562,50.381988525390625,6.739999771118164,11.709848403930664,128.95428466796875,42.277584075927734,270.35546875,62.04789352416992,15.995257377624512,386.70001220703125,152.07034301757812,219.29107666015625,109.84639739990234,59.11017990112305,129.12100219726562,8.087193489074707,294.6400146484375,54.11760330200195
2022-01-28,27.758779525756836,636.8790893554688,231.4613494873047,213.15960693359375,27.149999618530273,380.7809753417969,216.1803436279297,403.9286804199219,67.41963958740234,189.87925720214844,6890.638671875,694.7105712890625,68.29951477050781,152.2086181640625,242.23760986328125,100.92992401123047,461.5852966308594,267.76019287109375,571.0685424804688,243.02000427246094,624.9199829101562,489.04998779296875,70.4000015258789,234.74513244628906,49.82855224609375,6.809999942779541,11.610967636108398,131.23316955566406,43.099918365478516,272.1000061035156,64.02017974853516,15.995257377624512,384.3599853515625,153.31298828125,228.2449951171875,108.35527038574219,58.8215446472168,133.2895050048828,8.039170265197754,301.7099914550781,54.88862228393555
2022-01-31,27.763607025146484,645.23583984375,233.78591918945312,215.8624267578125,27.90999984741211,384.63348388671875,216.3703155517578,412.4717712402344,70.35609436035156,190.20716857910156,7129.609375,711.7357177734375,68.82146453857422,153.92633056640625,246.8807373046875,101.2822494506836,468.0328063964844,269.02923583984375,580.3229370117188,243.0500030517578,608.5900268554688,507.29998779296875,76.70999908447266,238.15802001953125,50.66824722290039,6.71999979019165,11.637589454650879,136.91049194335938,42.964473724365234,276.50054931640625,65.51911926269531,16.06464385986328,427.1400146484375,155.0154571533203,244.69383239746094,107.85823059082031,62.245338439941406,135.69850158691406,8.02956485748291,313.260009765625,55.44492721557617
2022-02-01,27.71050453186035,660.376220703125,234.7709197998047,214.68728637695312,27.170000076293945,390.28778076171875,215.89540100097656,414.69696044921875,71.64139556884766,193.94921875,7054.560546875,702.3001708984375,70.33987426757812,150.6872100830078,245.55551147460938,101.38011932373047,463.9127502441406,270.6155090332031,593.3110961914062,245.66000366210938,613.3599853515625,513.510009765625,80.33999633789062,235.45947265625,51.44115447998047,6.739999771118164,11.7573881149292,137.33656311035156,44.05769348144531,278.9605712890625,67.698486328125,16.16872215270996,457.1300048828125,155.9547882080078,246.21279907226562,109.84639739990234,62.454349517822266,137.8784942626953,,319.0,57.162635803222656
2022-02-02,28.217405319213867,667.5531616210938,235.5194854736328,213.10086059570312,27.690000534057617,394.95660400390625,216.03787231445312,419.27642822265625,72.35326385498047,195.8298797607422,7161.20849609375,703.5372924804688,70.03618621826172,154.42691040039062,247.70529174804688,101.1648178100586,475.173583984375,270.8336181640625,603.1146240234375,253.57000732421875,622.8499755859375,534.22998046875,76.88999938964844,238.89218139648438,52.37627410888672,6.710000038146973,11.782108306884766,139.46681213378906,44.7252311706543,278.6861572265625,69.23685455322266,16.309419631958008,429.4800109863281,157.93125915527344,252.24871826171875,110.34344482421875,61.82731628417969,148.0364990234375,,323.0,57.97269058227539
2022-02-03,27.845678329467773,648.2835693359375,230.59457397460938,208.80181884765625,28.93000030517578,388.3067932128906,214.1857147216797,410.41546630859375,70.10891723632812,197.18008422851562,7103.9345703125,699.9634399414062,68.8309555053711,153.55332946777344,246.0954132080078,99.99040985107422,484.0772399902344,275.6419372558594,593.9299926757812,243.75,620.6900024414062,538.9500122070312,72.86000061035156,238.96163940429688,51.19306182861328,6.650000095367432,11.730766296386719,135.255859375,44.19313430786133,275.2852783203125,67.8858413696289,16.61587142944336,405.6000061035156,153.449951171875,239.31747436523438,107.36119079589844,61.38938903808594,142.65049743652344,,237.75999450683594,57.77750015258789
2022-02-04,27.556020736694336,641.2049560546875,225.6302490234375,209.60482788085938,28.899999618530273,380.47235107421875,212.76097106933594,411.6472473144531,70.12869262695312,193.4669952392578,7054.560546875,689.3988647460938,69.43830871582031,150.65777587890625,241.90383911132812,100.5384750366211,478.5310363769531,275.0966796875,593.4208984375,241.9600067138672,622.9600219726562,526.4400024414062,74.55000305175781,237.19566345214844,50.45832443237305,6.639999866485596,11.609066009521484,134.32449340820312,43.032196044921875,257.8398132324219,67.17582702636719,16.556123733520508,410.1700134277344,147.74560546875,243.02496337890625,107.36119079589844,61.55858612060547,143.01600646972656,8.375336647033691,237.08999633789062,57.32855224609375
2022-02-07,27.594640731811523,638.4522094726562,223.6110382080078,206.9118194580078,28.34000015258789,374.4298095703125,215.56295776367188,402.5677490234375,69.93095397949219,197.7105255126953,7098.009765625,685.4715576171875,70.48220825195312,149.2443389892578,241.73696899414062,99.81425476074219,479.0559387207031,272.2017517089844,586.0632934570312,243.25999450683594,622.3599853515625,517.760009765625,74.52999877929688,230.57823181152344,50.000308990478516,6.619999885559082,11.645195960998535,134.87936401367188,42.954803466796875,249.31312561035156,66.94901275634766,16.45397186279297,402.1000061035156,146.8943634033203,247.11219787597656,108.8523178100586,60.6628303527832,138.93800354003906,8.07758903503418,224.91000366210938,57.54326248168945
2022-02-08,27.840848922729492,632.651611328125,228.27984619140625,208.53741455078125,28.209999084472656,372.6777648925781,218.55491638183594,397.13397216796875,65.63009643554688,198.86785888671875,6888.6640625,677.9801025390625,70.04566955566406,148.4001922607422,240.8142547607422,101.98689270019531,488.6727294921875,275.8005676269531,586.54248046875,240.94000244140625,617.9400024414062,521.6099853515625,69.94999694824219,237.59249877929688,50.21023178100586,6.670000076293945,11.725061416625977,137.47528076171875,43.09024429321289,247.77438354492188,69.65103912353516,16.73729705810547,403.5299987792969,148.2348175048828,250.9096221923828,107.85823059082031,61.26995849609375,139.21299743652344,8.07758903503418,220.17999267578125,58.50947570800781
2022-02-09,28.26568031311035,634.1263427734375,230.1513214111328,212.15097045898438,29.84000015258789,379.6461181640625,219.4097442626953,405.3750305175781,68.05241394042969,200.60385131835938,7096.03466796875,705.5599365234375,71.17498016357422,152.50306701660156,245.30029296875,103.8267822265625,493.31768798828125,279.2308349609375,588.8585815429688,244.24000549316406,619.77001953125,531.8099975585938,75.88999938964844,241.50144958496094,51.47932434082031,6.690000057220459,11.694636344909668,142.87521362304688,43.82550048828125,254.1938934326172,70.50897979736328,16.98978042602539,412.8900146484375,153.4695281982422,266.8687438964844,107.36119079589844,62.67331314086914,141.4530029296875,8.35612678527832,232.0,59.30977249145508
2022-02-10,28.169126510620117,618.1994018554688,223.98532104492188,209.4089813232422,30.09000015258789,372.6976623535156,217.3201446533203,394.58599853515625,65.25437927246094,201.23074340820312,7088.134765625,675.2308349609375,71.896240234375,145.69113159179688,238.05584716796875,102.6426010131836,482.04693603515625,279.7662048339844,579.3047485351562,235.88999938964844,618.219970703125,526.2000122070312,73.41000366210938,238.1183319091797,50.45832443237305,6.639999866485596,11.546314239501953,138.48590087890625,43.844852447509766,247.35296630859375,67.6590347290039,16.81824493408203,406.2699890136719,151.45391845703125,258.0647277832031,106.86414337158203,61.04104232788086,138.6024932861328,8.500198364257812,228.07000732421875,59.2609748840332
2022-02-11,28.188438415527344,609.3511352539062,222.5177001953125,207.17620849609375,29.56999969482422,368.0985412597656,214.37567138671875,385.83734130859375,62.05097961425781,198.77142333984375,6949.8876953125,659.3251342773438,73.45259094238281,143.61024475097656,232.5488739013672,100.79291534423828,473.5394287109375,273.88714599609375,565.3381958007812,233.88999938964844,638.4099731445312,515.0499877929688,72.83000183105469,235.6975860595703,49.42778396606445,6.630000114440918,11.483562469482422,131.27279663085938,43.699737548828125,239.5220947265625,67.09693145751953,16.770061492919922,391.30999755859375,147.41293334960938,239.32748413085938,104.3789291381836,59.91636276245117,134.1300048828125,8.327312469482422,219.5500030517578,58.080047607421875
2022-02-14,27.778091430664062,605.8118896484375,222.55709838867188,204.24819946289062,29.420000076293945,372.46868896484375,211.47869873046875,378.91998291015625,59.88572692871094,188.606201171875,6787.94091796875,657.2239379882812,73.15839385986328,142.65814208984375,229.98681640625,100.1274185180664,469.84521484375,270.337890625,560.2467651367188,231.22999572753906,623.530029296875,505.5299987792969,70.83999633789062,233.56451416015625,48.31136703491211,6.650000095367432,11.388484001159668,130.64859008789062,42.26791000366211,238.64004516601562,66.87998962402344,16.575397491455078,396.57000732421875,148.89039611816406,242.50531005859375,102.88780212402344,59.85664749145508,135.3000030517578,8.423359870910645,217.6999969482422,57.19190979003906
2022-02-15,27.927745819091797,620.8539428710938,224.67481994628906,203.76625061035156,30.510000228881836,379.8153381347656,214.66062927246094,383.5580749511719,61.793922424316406,191.40309143066406,6843.240234375,661.1513061523438,75.93897247314453,142.9329833984375,229.1033477783203,101.69329071044922,473.6384582519531,262.3471374511719,555.7343139648438,233.41000366210938,630.1500244140625,510.8699951171875,74.93000030517578,240.47958374023438,49.99076461791992,6.829999923706055,11.481660842895508,138.55526733398438,42.61619186401367,242.89358520507812,68.14224243164062,16.88184928894043,407.4599914550781,152.177978515625,264.77020263671875,106.86414337158203,60.782264709472656,136.42550659179688,8.212055206298828,221.0,58.38259506225586
2022-02-16,25.938770294189453,621.9353637695312,223.60118103027344,204.3858642578125,29.3799991607666,381.19903564453125,214.1857147216797,384.7325134277344,61.497310638427734,189.0305633544922,6797.8154296875,661.3477172851562,77.43839263916016,141.71585083007812,228.0628204345703,100.94950866699219,475.4409484863281,267.30419921875,549.4249267578125,235.77000427246094,630.9000244140625,508.010009765625,73.7699966430664,250.00392150878906,48.87434768676758,7.090000152587891,11.40179443359375,139.66497802734375,42.73228454589844,240.4531707763672,69.0790786743164,16.864501953125,398.0799865722656,153.64566040039062,264.9300537109375,105.87006378173828,60.7225456237793,137.4875030517578,8.327312469482422,216.5399932861328,58.841304779052734
2022-02-17,25.798768997192383,652.7077026367188,220.42953491210938,200.63865661621094,29.8700008392334,372.01080322265625,212.19107055664062,379.6963195800781,57.885066986083984,185.79002380371094,6669.44287109375,679.05029296875,77.98881530761719,140.6361541748047,224.4700469970703,99.53043365478516,465.8241882324219,259.67034912109375,539.6314697265625,232.77000427246094,626.719970703125,493.3500061035156,70.48999786376953,248.82330322265625,47.37147521972656,7.079999923706055,11.479759216308594,135.2162322998047,42.277584075927734,235.81739807128906,67.0476303100586,16.45397186279297,386.6700134277344,149.1154327392578,244.90370178222656,102.88780212402344,60.344337463378906,132.30850219726562,8.35612678527832,207.7100067138672,57.8360481262207
2022-02-18,26.15118408203125,655.3621826171875,219.34605407714844,201.022216796875,29.860000610351562,368.2777404785156,205.6847686767578,376.8896179199219,58.60850524902344,184.3626708984375,6537.12109375,680.3560791015625,78.6246337890625,139.9196319580078,224.24427795410156,98.43433380126953,463.3185119628906,262.19842529296875,536.2371215820312,229.61000061035156,615.1300048828125,489.45001220703125,65.0,242.17611694335938,46.808494567871094,6.670000076293945,11.468350410461426,132.12489318847656,41.871253967285156,237.1503143310547,68.17182159423828,16.41542625427246,391.2900085449219,150.0547332763672,236.25955200195312,103.88188934326172,58.8215446472168,130.46749877929688,8.2024507522583,206.16000366210938,57.48470687866211
2022-02-21,25.32083511352539,640.8117065429688,,,,,192.482177734375,,,184.63270568847656,6410.72314453125,,,,,,,,,,,,,,43.73118591308594,,10.880765914916992,,41.542320251464844,,,15.621347427368164,,,,99.90554809570312,,,8.644268989562988,,
2022-02-22,25.480146408081055,632.2583618164062,211.36767578125,193.1147003173828,28.280000686645508,366.625244140625,195.80657958984375,378.462158203125,57.508480072021484,183.39820861816406,6438.373046875,668.4071044921875,75.95793914794922,139.74295043945312,224.17555236816406,101.5073471069336,458.06939697265625,264.2308044433594,528.9993896484375,230.2100067138672,602.8900146484375,488.6400146484375,65.30000305175781,242.404296875,44.418209075927734,6.679999828338623,11.295307159423828,129.2959747314453,41.077945709228516,233.3671875,67.06735229492188,16.04344367980957,377.3800048828125,148.48922729492188,233.7412567138672,99.01087188720703,56.07455062866211,129.40249633789062,8.653873443603516,202.0800018310547,55.757240295410156
2022-02-23,25.596010208129883,635.60107421875,211.86016845703125,186.77098083496094,28.209999084472656,359.59716796875,195.42665100097656,371.614501953125,57.468849182128906,189.01126098632812,6458.12255859375,661.8877563476562,72.70287322998047,138.16265869140625,223.27244567871094,100.83206176757812,455.2071228027344,266.1739807128906,527.6915893554688,230.69000244140625,608.97998046875,474.67999267578125,61.459999084472656,239.87437438964844,43.37335968017578,6.630000114440918,11.36756706237793,126.91374969482422,40.168540954589844,229.99571228027344,62.008453369140625,15.81601333618164,367.4599914550781,146.09202575683594,223.7180633544922,100.40259552001953,55.55699920654297,127.58499908447266,8.423359870910645,198.4499969482422,55.415645599365234
2022-02-24,25.402904510498047,609.7444458007812,210.20541381835938,188.393798828125,27.729999542236328,367.7102966308594,194.04940795898438,379.88543701171875,58.2319221496582,173.0208282470703,6302.1005859375,692.6781616210938,74.11686706542969,140.68524169921875,227.49346923828125,101.12566375732422,451.512939453125,269.376220703125,539.2620849609375,230.25,609.780029296875,509.7699890136719,68.94000244140625,241.64036560058594,42.409610748291016,6.610000133514404,11.01197338104248,132.43258666992188,37.3145637512207,230.44654846191406,65.24299621582031,15.372716903686523,390.0299987792969,147.0704803466797,237.31883239746094,96.42625427246094,55.31813430786133,132.67349243164062,8.298498153686523,207.60000610351562,54.498233795166016
2022-02-25,25.97739028930664,627.834228515625,215.8887481689453,195.93740844726562,28.239999771118164,367.421630859375,198.03866577148438,379.09918212890625,60.461700439453125,182.18301391601562,6394.923828125,702.7420654296875,76.50935363769531,145.71075439453125,229.36839294433594,103.58211517333984,471.1822509765625,274.2539978027344,548.9058837890625,230.3000030517578,618.6599731445312,522.4500122070312,70.73999786376953,251.2936553955078,43.91725540161133,6.75,11.297208786010742,134.715576171875,38.69801712036133,235.59197998046875,68.8346176147461,15.65025806427002,390.79998779296875,150.79837036132812,241.4060821533203,102.39076232910156,54.23326873779297,134.51950073242188,8.404150009155273,210.47999572753906,50.223480224609375
2022-02-28,26.53256607055664,626.3594970703125,217.7405242919922,196.4783477783203,28.049999237060547,359.1889953613281,191.67483520507812,373.9335632324219,59.5797004699707,176.37709045410156,6491.69677734375,696.8411254882812,75.76617431640625,143.1587371826172,222.7030792236328,102.75025177001953,471.3011169433594,268.93011474609375,543.0855712890625,230.02000427246094,618.3599853515625,532.3499755859375,75.91000366210938,248.337158203125,42.63385009765625,6.670000076293945,11.436022758483887,133.20681762695312,39.28816223144531,231.59324645996094,71.18946075439453,15.274421691894531,394.5199890136719,150.9646759033203,243.68450927734375,99.40850830078125,53.536563873291016,134.89100646972656,8.346521377563477,211.02999877929688,49.73549270629883
2022-03-01,26.1560115814209,601.3877563476562,218.17393493652344,215.81439208984375,28.110000610351562,342.9228820800781,185.595947265625,388.74359130859375,57.23100280761719,167.06057739257812,6292.2255859375,697.8917846679688,74.45130920410156,143.0703887939453,224.3522491455078,101.4486312866211,471.6774597167969,266.73907470703125,542.1571655273438,230.69000244140625,607.030029296875,535.1400146484375,74.20999908447266,250.43051147460938,40.863800048828125,6.519999980926514,11.418909072875977,128.6508026123047,38.07884979248047,225.93817138671875,71.08062744140625,14.93713092803955,386.239990234375,143.29367065429688,234.61068725585938,98.01678466796875,54.312889099121094,134.16799926757812,8.33691692352295,203.49000549316406,48.68144607543945
2022-03-02,25.996700286865234,609.0562133789062,225.22640991210938,221.19427490234375,29.239999771118164,342.53460693359375,189.11032104492188,397.243408203125,59.58961486816406,170.66758728027344,6290.25048828125,696.5761108398438,75.74712371826172,144.91571044921875,226.7572479248047,104.110595703125,480.71978759765625,268.1171569824219,555.5147094726562,234.11000061035156,616.8699951171875,539.969970703125,72.48999786376953,259.0718994140625,42.04701232910156,6.869999885559082,10.608841896057129,132.19436645507812,38.48517990112305,228.68240356445312,72.3075180053711,15.505705833435059,380.0299987792969,148.89039611816406,242.07687377929688,98.41442108154297,53.6958122253418,134.75149536132812,8.212055206298828,208.11000061035156,52.31205749511719
2022-03-03,26.25739288330078,594.1124877929688,222.88214111328125,220.1517333984375,28.68000030517578,339.4486389160156,186.5647735595703,398.616943359375,57.2607307434082,166.70086669921875,6896.56396484375,707.7298583984375,75.78522491455078,146.81991577148438,230.9193878173828,105.35350799560547,481.9181823730469,268.1270751953125,553.3583374023438,235.69000244140625,611.1500244140625,538.52001953125,69.16999816894531,262.0283508300781,41.51266098022461,6.829999923706055,10.500452041625977,129.6731719970703,38.252994537353516,227.24168395996094,70.94210052490234,15.226237297058105,368.07000732421875,151.6300506591797,237.01943969726562,98.41442108154297,51.95405578613281,134.30799865722656,8.164031982421875,202.97000122070312,51.326324462890625
2022-03-04,26.474634170532227,549.182861328125,220.70533752441406,220.407470703125,26.889999389648438,329.264892578125,179.7260284423828,405.6337890625,55.38771438598633,154.72177124023438,7163.18310546875,710.88525390625,75.25166320800781,148.05665588378906,233.90353393554688,105.99942016601562,493.86236572265625,266.8283386230469,546.4000854492188,238.66000366210938,620.4099731445312,535.7100219726562,66.77999877929688,263.3181457519531,38.84088897705078,6.389999866485596,10.030765533447266,124.80943298339844,35.36998748779297,223.8800048828125,68.70600128173828,14.790650367736816,361.7300109863281,146.55189514160156,229.243408203125,96.02861785888672,50.152584075927734,132.1219940185547,7.626165866851807,200.05999755859375,50.711463928222656
2022-03-07,26.7111873626709,532.8627319335938,218.92250061035156,207.56263732910156,25.549999237060547,311.50555419921875,171.72850036621094,383.8268127441406,50.700225830078125,149.6104278564453,7279.7060546875,693.28369140625,73.18409729003906,146.1622772216797,227.75852966308594,104.36505889892578,482.19549560546875,264.4588317871094,533.8511352539062,235.5399932861328,618.5900268554688,517.280029296875,63.70000076293945,257.772216796875,37.18534469604492,6.28000020980835,9.61622428894043,118.33768463134766,34.8765869140625,217.08802795410156,62.7397346496582,14.549728393554688,350.260009765625,142.64788818359375,213.4114532470703,96.02861785888672,48.61983871459961,126.4645004272461,7.395651817321777,187.47000122070312,48.14466094970703
2022-03-08,25.789112091064453,526.1773681640625,219.90750122070312,205.369384765625,25.270000457763672,312.9091491699219,182.6324920654297,386.30511474609375,51.80025100708008,,6894.5888671875,671.93505859375,74.37508392333984,144.2777099609375,223.78289794921875,101.86945343017578,468.91424560546875,257.5883483886719,523.1192626953125,238.7100067138672,614.739990234375,507.7799987792969,63.54999923706055,255.996337890625,38.49260330200195,6.329999923706055,9.629534721374512,123.231201171875,33.90913391113281,214.4124298095703,60.9389762878418,14.985315322875977,341.760009765625,143.04905700683594,215.03062438964844,94.8357162475586,48.47054672241211,127.27850341796875,7.347628593444824,190.2899932861328,49.032798767089844
2022-03-09,27.08291244506836,571.0086059570312,222.4881591796875,212.44091796875,25.3700008392334,326.6467590332031,192.19725036621094,389.6692199707031,54.475982666015625,159.65550231933594,7180.9580078125,694.3980102539062,75.3374252319336,147.7032928466797,228.8284912109375,101.3703384399414,480.9079895019531,263.3484802246094,540.78955078125,239.24000549316406,623.4299926757812,529.9199829101562,66.2699966430664,262.2763977050781,42.97736358642578,6.46999979019165,10.211413383483887,127.6681137084961,36.376136779785156,222.47848510742188,63.55107116699219,15.503777503967285,358.7900085449219,145.9061279296875,230.0229949951172,99.90554809570312,50.510887145996094,133.86599731445312,7.2707905769348145,198.5,50.73098373413086
2022-03-10,26.629117965698242,542.4974975585938,220.8038330078125,211.2410125732422,25.079999923706055,323.12274169921875,189.03433227539062,380.9504089355469,52.969642639160156,155.68878173828125,7224.4072265625,696.646240234375,75.21355438232422,148.29222106933594,228.52418518066406,102.23155212402344,486.72161865234375,263.93341064453125,537.3453369140625,241.92999267578125,630.3599853515625,524.4400024414062,60.2400016784668,264.9948425292969,40.7302131652832,6.320000171661377,9.844411849975586,124.04513549804688,35.5218620300293,223.06654357910156,64.77796173095703,15.345733642578125,356.7699890136719,145.7978973388672,226.46482849121094,97.42033386230469,46.98756408691406,132.6820068359375,7.405256748199463,195.2100067138672,50.72122573852539
2022-03-11,26.46497917175293,547.7081909179688,218.87326049804688,203.55970764160156,23.989999771118164,323.32183837890625,192.71963500976562,377.89483642578125,51.820072174072266,158.96478271484375,7346.85498046875,683.896240234375,75.32788848876953,145.10220336914062,230.52671813964844,101.60520935058594,479.64910888671875,263.20965576171875,528.9195556640625,236.47999572753906,642.5800170898438,498.0799865722656,54.61000061035156,264.8955993652344,40.94013595581055,6.550000190734863,9.722711563110352,122.7249755859375,37.37941360473633,215.01026916503906,65.6486587524414,15.436320304870605,340.32000732421875,144.5386505126953,220.8876495361328,98.81205749511719,44.549110412597656,130.47549438476562,7.520514011383057,187.61000061035156,50.76026153564453
2022-03-14,27.058774948120117,555.0817260742188,223.1086883544922,205.32022094726562,23.8799991607666,327.10467529296875,199.08348083496094,375.2274475097656,50.393009185791016,167.746826171875,7621.37451171875,674.0846557617188,74.9277114868164,146.41748046875,230.6150665283203,101.01800537109375,484.6654357910156,263.3782043457031,534.979248046875,241.67999267578125,656.4099731445312,486.3299865722656,50.790000915527344,259.3694763183594,42.41915512084961,6.489999771118164,10.190497398376465,119.24095153808594,38.303218841552734,213.92237854003906,64.17440795898438,15.777464866638184,331.010009765625,146.05369567871094,213.19155883789062,99.90554809570312,40.567955017089844,126.74099731445312,7.165138244628906,186.6300048828125,49.520782470703125
2022-03-15,27.67188262939453,547.8065185546875,227.60023498535156,211.8016357421875,25.020000457763672,333.4856872558594,197.99118041992188,385.568603515625,51.61195755004883,165.93121337890625,7568.05029296875,691.8736572265625,75.75663757324219,149.0382080078125,231.87156677246094,103.15150451660156,494.58880615234375,269.19775390625,550.0223999023438,246.99000549316406,665.9299926757812,502.92999267578125,54.529998779296875,265.0643005371094,42.776981353759766,6.539999961853027,10.291279792785645,123.4892807006836,38.750221252441406,218.19554138183594,67.7066650390625,15.950928688049316,343.75,147.8343505859375,229.6132049560547,101.39667510986328,39.23426818847656,129.66050720214844,7.088300704956055,192.02999877929688,50.828582763671875
2022-03-16,27.739469528198242,578.0872802734375,227.85630798339844,212.0376739501953,25.639999389648438,343.1219482421875,205.25735473632812,390.3858337402344,54.961578369140625,172.83843994140625,7805.0458984375,694.2599487304688,77.24298858642578,151.71783447265625,235.228759765625,105.01097869873047,494.93646240234375,271.6663818359375,561.9190673828125,248.52000427246094,677.97998046875,520.1900024414062,60.72999954223633,264.8057861328125,44.437294006347656,6.789999961853027,10.308394432067871,129.51434326171875,39.69389343261719,220.1262969970703,69.31944274902344,16.093555450439453,357.5299987792969,150.85459899902344,244.83547973632812,102.88780212402344,52.352169036865234,133.6905059814453,7.241976261138916,203.6300048828125,50.72122573852539
2022-03-17,27.720157623291016,583.4945678710938,230.8605194091797,216.99462890625,25.709999084472656,344.8739929199219,203.59515380859375,400.7668151855469,57.141807556152344,169.44403076171875,7712.22265625,709.8400268554688,78.31013488769531,154.55921936035156,240.63754272460938,107.39891815185547,503.63800048828125,271.97369384765625,571.6080932617188,250.0,685.22998046875,527.0900268554688,63.939998626708984,265.42218017578125,44.52317428588867,6.849999904632568,10.22852897644043,131.01318359375,40.23030090332031,223.99761962890625,71.0212631225586,16.29207420349121,371.3999938964844,152.18270874023438,247.5341033935547,101.89372253417969,48.351112365722656,134.60049438476562,7.6837944984436035,207.83999633789062,49.296302795410156
2022-03-18,27.247051239013672,594.30908203125,232.1311492919922,222.3253173828125,26.260000228881836,348.50750732421875,201.88546752929688,408.0125732421875,58.935543060302734,168.3191375732422,7860.3447265625,722.0673828125,78.19579315185547,158.0122833251953,238.07546997070312,107.82953643798828,502.7440185546875,272.8659973144531,588.4293212890625,249.0800018310547,685.9400024414062,542.4600219726562,68.95999908447266,259.16864013671875,44.37050247192383,7.010000228881836,10.209512710571289,134.13986206054688,40.895835876464844,227.0554656982422,71.93153381347656,16.172574996948242,380.6000061035156,153.05828857421875,264.3955383300781,101.89372253417969,51.45641326904297,136.80149841308594,7.712608337402344,216.49000549316406,50.584590911865234
2022-03-21,27.218088150024414,585.657470703125,224.18234252929688,219.32559204101562,26.149999618530273,344.01788330078125,202.2178955078125,402.85693359375,57.875160217285156,166.26670837402344,7812.94580078125,707.7593994140625,77.16676330566406,156.78890991210938,237.20181274414062,106.43003845214844,504.27374267578125,274.2837219238281,588.6390380859375,250.25999450683594,693.2000122070312,539.5900268554688,66.69000244140625,260.0435485839844,43.936336517333984,6.630000114440918,10.17908763885498,133.20681762695312,40.339569091796875,229.53506469726562,68.65652465820312,16.041515350341797,374.5899963378906,152.09417724609375,267.2040710449219,100.40259552001953,47.78379440307617,136.47850036621094,7.7894463539123535,211.49000549316406,51.06281661987305
2022-03-22,27.18912124633789,586.640625,225.03924560546875,219.09938049316406,26.8700008392334,347.9500427246094,204.92491149902344,412.3321533203125,59.609432220458984,170.5689239501953,7814.9208984375,709.090576171875,76.76660919189453,156.54226684570312,235.26800537109375,106.64534759521484,501.9493713378906,275.0570068359375,586.701171875,251.8800048828125,692.6400146484375,552.4600219726562,69.87999725341797,258.840576171875,44.12717819213867,6.480000019073486,10.325508117675781,134.4773406982422,39.67402648925781,231.82847595214844,67.62752532958984,16.11090087890625,382.9200134277344,152.73362731933594,265.10516357421875,99.90554809570312,50.37154769897461,140.27749633789062,7.92391300201416,216.64999389648438,51.71671676635742
2022-03-23,27.184295654296875,571.0086059570312,217.60263061523438,213.14906311035156,26.6200008392334,340.63323974609375,202.17042541503906,403.80242919921875,58.44994354248047,167.746826171875,7743.822265625,697.9676513671875,75.98531341552734,155.12156677246094,229.7021484375,103.89529418945312,499.873291015625,269.3564147949219,570.669189453125,248.1300048828125,669.219970703125,536.0599975585938,69.22000122070312,259.0990295410156,42.82469177246094,6.360000133514404,9.941391944885254,130.44740295410156,38.58135223388672,230.55435180664062,66.64797973632812,15.997185707092285,374.489990234375,149.95933532714844,256.2096862792969,100.40259552001953,47.63450622558594,138.5034942626953,7.9527268409729,213.4600067138672,51.33608627319336
2022-03-24,27.50774383544922,567.4693603515625,215.87892150878906,213.46377563476562,27.1200008392334,347.7708435058594,202.93026733398438,405.75323486328125,58.71752166748047,166.10882568359375,7726.04736328125,701.7245483398438,76.89999389648438,153.79954528808594,231.16477966308594,104.70259094238281,510.0350646972656,269.1085510253906,573.0465698242188,251.6999969482422,679.760009765625,540.3900146484375,69.38999938964844,259.089111328125,42.948734283447266,6.320000171661377,9.897655487060547,137.5643310546875,38.16415023803711,237.58152770996094,64.81753540039062,16.25545310974121,375.7099914550781,150.71685791015625,281.35687255859375,98.01678466796875,45.992279052734375,141.31199645996094,8.116007804870605,219.57000732421875,52.224220275878906
2022-03-25,27.589813232421875,572.4833374023438,209.7227783203125,215.00790405273438,27.350000381469727,347.4422912597656,203.7376251220703,411.5259704589844,58.1328239440918,165.08261108398438,7729.99755859375,700.2553100585938,78.49114990234375,155.22024536132812,236.26927185058594,106.77989959716797,509.6079406738281,271.6069030761719,573.6458740234375,253.9499969482422,680.030029296875,538.9299926757812,66.70999908447266,258.5721130371094,42.49549102783203,6.130000114440918,10.013650894165039,136.045654296875,37.3992805480957,241.6488800048828,63.8281135559082,16.353748321533203,373.8500061035156,151.6809844970703,276.77923583984375,99.2096939086914,45.46477508544922,141.52149963378906,8.010355949401855,221.82000732421875,53.47346878051758
2022-03-28,27.715330123901367,574.4496459960938,210.56985473632812,215.90293884277344,25.579999923706055,348.9056701660156,205.20985412597656,412.5511169433594,58.05354309082031,158.35299682617188,7765.54638671875,720.7459716796875,77.2715835571289,158.1997528076172,240.52955627441406,108.22712707519531,509.77679443359375,274.0458068847656,582.5358276367188,255.72000122070312,693.4000244140625,539.5399780273438,69.81999969482422,262.87701416015625,43.626224517822266,6.21999979019165,10.104926109313965,136.64122009277344,37.25027847290039,243.36402893066406,65.33203887939453,16.575397491455078,378.510009765625,151.7104949951172,282.04656982421875,99.40850830078125,47.19657516479492,141.9499969482422,8.125612258911133,223.58999633789062,52.995235443115234
2022-03-29,27.860158920288086,589.7866821289062,216.27291870117188,219.2567138671875,26.25,365.8885498046875,207.20448303222656,415.4872741699219,61.22478103637695,154.36654663085938,7769.49658203125,750.7820434570312,79.95845794677734,162.49139404296875,245.94818115234375,110.63917541503906,507.3232727050781,274.3729553222656,592.2050170898438,257.9800109863281,698.4299926757812,551.760009765625,76.16999816894531,262.1214294433594,43.91248321533203,6.510000228881836,10.285574913024902,140.39324951171875,37.95554733276367,247.31375122070312,67.31090545654297,16.648635864257812,391.82000732421875,154.9766845703125,286.414306640625,103.38484954833984,49.147342681884766,143.25,8.164031982421875,229.86000061035156,53.70769500732422
2022-03-30,28.144989013671875,576.5142822265625,206.34426879882812,218.302734375,25.700000762939453,360.6025695800781,205.16236877441406,416.980224609375,58.77698516845703,149.4328155517578,7812.94580078125,743.3174438476562,78.29539489746094,161.9389190673828,246.26229858398438,109.83187866210938,517.345947265625,266.68951416015625,594.4824829101562,256.5199890136719,692.3800048828125,548.6799926757812,73.06999969482422,253.48182678222656,42.50026321411133,6.420000076293945,10.194299697875977,134.79498291015625,36.59467315673828,248.117431640625,65.27267456054688,16.542631149291992,381.4700012207031,152.94024658203125,276.75921630859375,99.90554809570312,48.102291107177734,142.64450073242188,8.144822120666504,227.85000610351562,53.0147590637207
2022-03-31,28.111196517944336,565.99462890625,199.1538848876953,208.7232208251953,24.920000076293945,355.7645568847656,206.15968322753906,408.2514343261719,57.94453048706055,146.33444213867188,7866.26953125,731.2970581054688,77.63551330566406,159.3145751953125,246.6058807373047,109.23133087158203,506.5683288574219,261.3954162597656,589.987548828125,260.9700012207031,698.4199829101562,547.0599975585938,72.12999725341797,249.16697692871094,41.50788879394531,6.610000133514404,10.030765533447266,130.8245849609375,36.107933044433594,246.5095977783203,61.4633674621582,16.382659912109375,374.5899963378906,149.30020141601562,272.72125244140625,99.40850830078125,46.20128631591797,139.64950561523438,8.183241844177246,222.36000061035156,48.9839973449707
2022-04-01,27.961538314819336,565.6013793945312,199.3607177734375,207.0708770751953,25.020000457763672,362.32476806640625,207.4419403076172,405.9622802734375,59.24275207519531,145.09112548828125,7982.79248046875,752.3795166015625,77.65464782714844,163.57666015625,252.2306365966797,110.77700805664062,509.1708679199219,260.90960693359375,591.6756591796875,266.1499938964844,694.8300170898438,553.4400024414062,73.7699966430664,249.2962188720703,40.777923583984375,6.659999847412109,9.945195198059082,126.46707916259766,35.98873519897461,245.60211181640625,61.06760025024414,16.612018585205078,373.4700012207031,149.34939575195312,266.98419189453125,98.01678466796875,48.90847396850586,140.6999969482422,8.279288291931152,224.85000610351562,47.62739181518555
2022-04-04,28.09671401977539,575.8260498046875,201.0548858642578,210.8771209716797,25.799999237060547,365.25146484375,206.96702575683594,412.35205078125,59.40131759643555,144.36094665527344,8038.09130859375,753.8192138671875,75.83760833740234,161.583740234375,253.09445190429688,109.16241455078125,506.6180114746094,261.06817626953125,589.4780883789062,268.6400146484375,698.4099731445312,548.0800170898438,75.86000061035156,244.1661376953125,40.63002014160156,6.360000133514404,9.968963623046875,128.4820556640625,36.400970458984375,249.21231079101562,61.69093704223633,16.83366584777832,391.5,148.47381591796875,273.4609069824219,100.40259552001953,50.12272644042969,143.6425018310547,8.682687759399414,233.88999938964844,48.19346237182617
2022-04-05,28.116024017333984,574.7445678710938,201.79364013671875,211.25083923339844,24.420000076293945,361.6777038574219,205.5422821044922,409.9434509277344,56.96342468261719,145.05166625976562,8255.3369140625,751.7879028320312,74.0970687866211,164.0502166748047,258.09100341796875,108.78829956054688,514.306396484375,261.9803161621094,583.6246948242188,269.9599914550781,691.469970703125,545.0399780273438,71.22000122070312,242.19761657714844,39.51359939575195,6.110000133514404,9.80257797241211,120.80926513671875,35.62616729736328,248.2554931640625,60.869712829589844,16.903051376342773,380.1499938964844,144.23367309570312,259.17816162109375,99.23951721191406,48.39092254638672,141.06300354003906,,231.83999633789062,47.490760803222656
2022-04-06,28.632579803466797,547.7081909179688,197.63699340820312,212.3819122314453,23.920000076293945,351.95184326171875,204.30752563476562,408.9481506347656,55.794029235839844,141.44017028808594,8282.986328125,755.8998413085938,72.95902252197266,167.828857421875,263.686279296875,109.9894027709961,528.2030639648438,262.60491943359375,586.7510986328125,272.3900146484375,708.3599853515625,534.9199829101562,67.69999694824219,249.0277862548828,37.920082092285156,6.150000095367432,9.797823905944824,118.4468765258789,34.70235824584961,246.69700622558594,57.25829315185547,16.914613723754883,368.3500061035156,142.5120391845703,243.9459228515625,98.45418548583984,47.33591842651367,137.17599487304688,8.087193489074707,223.3000030517578,45.987762451171875
2022-04-07,29.042924880981445,539.1549072265625,199.5971221923828,224.43006896972656,23.06999969482422,348.452880859375,204.1650390625,413.038818359375,55.30843734741211,138.7167510986328,8328.4111328125,748.6619873046875,70.96983337402344,166.56602478027344,260.8493957519531,110.58995819091797,533.3683471679688,269.5547180175781,611.5233764648438,275.8299865722656,721.7999877929688,551.260009765625,68.79000091552734,253.1537322998047,38.783634185791016,6.090000152587891,9.707498550415039,121.49414825439453,34.543426513671875,247.94972229003906,56.902099609375,16.98400115966797,362.1499938964844,143.5056610107422,241.95693969726562,98.25536346435547,46.74869918823242,136.46499633789062,7.962332248687744,222.9499969482422,46.5440673828125
2022-04-08,29.511205673217773,542.0059814453125,203.5567626953125,229.4951934814453,24.43000030517578,351.164306640625,206.064697265625,411.1477355957031,57.18144989013672,142.68348693847656,8397.533203125,758.0791015625,71.48626708984375,166.388427734375,261.51690673828125,110.72779083251953,542.3182983398438,274.3729553222656,608.1770629882812,280.2799987792969,738.8400268554688,547.1199951171875,66.05999755859375,257.190185546875,38.83134460449219,6.110000133514404,9.902409553527832,119.07221221923828,35.86953353881836,247.78204345703125,57.45618438720703,17.100000381469727,355.8800048828125,142.8268585205078,231.07247924804688,99.80614471435547,46.50982666015625,134.010498046875,8.164031982421875,222.3300018310547,46.251277923583984
2022-04-11,29.752586364746094,526.2756958007812,201.51785278320312,225.53160095214844,24.780000686645508,346.2796936035156,208.20179748535156,403.7029113769531,55.754390716552734,143.0189666748047,8304.7109375,741.1480712890625,72.1748275756836,163.50758361816406,258.47381591796875,109.7925033569336,533.8551025390625,270.0801696777344,585.0131225585938,281.0899963378906,722.3699951171875,514.47998046875,65.80999755859375,256.6831359863281,38.53554153442383,6.070000171661377,9.883394241333008,115.3797378540039,35.84469985961914,246.43067932128906,58.69296646118164,17.010000228881836,348.0,139.96401977539062,219.05857849121094,97.6589126586914,46.74869918823242,129.79649353027344,7.799051284790039,216.4600067138672,45.82184982299805
2022-04-12,28.709821701049805,522.834716796875,201.07460021972656,227.5281524658203,24.68000030517578,344.7146301269531,207.06201171875,395.4419250488281,55.001220703125,141.36122131347656,8067.71533203125,731.3267211914062,71.80187225341797,163.11294555664062,253.8058624267578,108.8670654296875,530.1500244140625,266.3524475097656,570.2996215820312,281.1499938964844,715.7899780273438,497.239990234375,66.7699966430664,259.3774719238281,38.354244232177734,6.059999942779541,9.66946792602539,113.71217346191406,35.665897369384766,244.4085693359375,59.78133773803711,16.9060001373291,344.1000061035156,138.53753662109375,214.9306640625,96.78412628173828,46.10176086425781,128.37449645996094,7.472490310668945,214.13999938964844,45.96824264526367
2022-04-13,27.734642028808594,517.4274291992188,202.4240264892578,229.96730041503906,26.0,354.02532958984375,206.53961181640625,394.4466552734375,55.98232650756836,142.3479766845703,8014.3916015625,741.4635620117188,72.43303680419922,162.78738403320312,253.7861328125,108.74891662597656,533.4180297851562,266.6201171875,576.153076171875,290.92999267578125,731.8900146484375,508.6099853515625,68.79000091552734,257.1404724121094,38.83134460449219,6.03000020980835,9.555373191833496,115.99514770507812,36.0334358215332,246.5194549560547,61.00823211669922,17.26799964904785,350.42999267578125,139.47213745117188,221.91712951660156,95.82980346679688,47.79375076293945,130.28599548339844,7.414861679077148,214.99000549316406,46.17319869995117
2022-04-14,27.435331344604492,524.8009643554688,198.25753784179688,233.29159545898438,24.8799991607666,356.6969299316406,207.6793975830078,385.76763916015625,54.75346755981445,143.92677307128906,8047.9658203125,725.005859375,71.4671401977539,160.51821899414062,252.1873779296875,107.33122253417969,531.2525634765625,266.72918701171875,568.261962890625,287.9700012207031,733.02001953125,496.7799987792969,65.18000030517578,259.4271545410156,39.22256851196289,6.059999942779541,9.636190414428711,112.52105712890625,36.217201232910156,243.4813690185547,60.04848861694336,17.224000930786133,341.1300048828125,137.6422882080078,212.471923828125,98.4343032836914,46.6292610168457,127.25299835205078,7.443675994873047,210.17999267578125,45.81208801269531
2022-04-18,,,195.53900146484375,235.4455108642578,24.15999984741211,355.6800842285156,,388.7236633300781,54.059757232666016,,,720.4896850585938,70.29084014892578,160.814208984375,250.5787811279297,106.40579223632812,530.5175170898438,264.8256530761719,571.4883422851562,282.989990234375,723.2000122070312,486.80999755859375,62.0099983215332,258.40313720703125,,6.010000228881836,,114.01988220214844,,242.65280151367188,60.473941802978516,,337.8599853515625,138.380126953125,217.71926879882812,,46.16147994995117,127.96099853515625,,210.77000427246094,46.300071716308594
2022-04-19,27.99593734741211,520.9667358398438,200.80029296875,241.9957733154297,24.489999771118164,362.7279052734375,208.10682678222656,393.49114990234375,55.9228630065918,143.76889038085938,7860.3447265625,743.7217407226562,71.50538635253906,167.28622436523438,255.375,108.51264190673828,534.1134033203125,268.8111572265625,573.5060424804688,282.5199890136719,716.219970703125,500.8500061035156,64.62000274658203,260.44122314453125,39.79509353637695,6.019999980926514,9.688483238220215,116.19367218017578,36.25196838378906,246.17422485351562,62.12629318237305,17.101999282836914,348.6099853515625,143.4073028564453,221.8671417236328,97.42033386230469,46.350582122802734,130.531005859375,7.366837978363037,217.30999755859375,47.164947509765625
2022-04-20,27.877912521362305,532.7644653320312,206.43743896484375,245.21189880371094,23.010000228881836,364.1434631347656,209.19912719726562,395.3822326660156,57.40938186645508,146.90675354003906,7996.6171875,757.4774780273438,72.31828308105469,170.35452270507812,264.07928466796875,111.24958038330078,542.367919921875,275.4833068847656,590.4869995117188,285.29998779296875,719.6199951171875,513.3900146484375,61.689998626708984,273.564697265625,39.981163024902344,6.110000133514404,9.693236351013184,117.01753234863281,38.3677864074707,245.3555145263672,65.79707336425781,17.239999771118164,226.19000244140625,146.9587860107422,214.71080017089844,96.5256576538086,44.6386833190918,128.24549865722656,7.587747097015381,200.4199981689453,48.15758514404297
2022-04-21,27.70579719543457,543.7755737304688,202.7683563232422,244.0808563232422,21.450000762939453,363.296142578125,209.9114990234375,388.992431640625,53.38587188720703,148.07110595703125,7909.71875,747.084228515625,71.97400665283203,168.4898681640625,263.25030517578125,111.33818054199219,533.8551025390625,273.9267578125,579.7789916992188,281.7099914550781,706.1099853515625,492.5199890136719,59.04999923706055,267.87786865234375,40.46303176879883,6.0,9.664713859558105,114.83381652832031,38.94392395019531,247.7228546142578,64.22388458251953,17.29400062561035,218.22000122070312,147.51954650878906,201.72738647460938,97.73844146728516,42.38933563232422,124.9375,7.472490310668945,188.07000732421875,47.38116455078125
2022-04-22,27.5877742767334,520.278564453125,194.8862762451172,237.69778442382812,20.56999969482422,350.0777587890625,208.77171325683594,377.87493896484375,51.30474090576172,144.75563049316406,7915.6435546875,735.0343017578125,70.37690734863281,166.4673614501953,258.4639587402344,106.13013458251953,517.4652099609375,266.213623046875,560.6505126953125,270.4200134277344,688.0800170898438,473.6400146484375,58.25,209.41876220703125,40.04795837402344,6.110000133514404,9.693236351013184,111.96519470214844,38.119449615478516,239.6147003173828,63.05635070800781,17.148000717163086,215.52000427246094,143.67291259765625,195.05078125,95.66081237792969,42.45900344848633,119.61399841308594,7.443675994873047,184.11000061035156,46.06420135498047
2022-04-25,27.641868591308594,497.6662902832031,198.16964721679688,237.67811584472656,21.5,353.48699951171875,204.070068359375,379.4275817871094,52.5236930847168,142.26902770996094,7966.99267578125,742.04541015625,71.82098388671875,165.48077392578125,256.1151428222656,107.78410339355469,520.7730102539062,261.83160400390625,543.5496215820312,271.67999267578125,690.3300170898438,472.2699890136719,60.560001373291016,209.2795867919922,39.981163024902344,5.900000095367432,9.854869842529297,113.62284851074219,37.3198127746582,239.45687866210938,64.45144653320312,17.29800033569336,209.91000366210938,144.6862335205078,198.9188232421875,95.66081237792969,42.24003982543945,123.25,7.155533313751221,186.99000549316406,46.45732498168945
2022-04-26,27.789396286010742,498.8460388183594,197.38836669921875,232.60313415527344,19.829999923706055,343.0299072265625,201.36306762695312,373.7344970703125,50.4227409362793,141.08494567871094,7982.79248046875,728.98974609375,71.81140899658203,163.408935546875,251.47683715820312,105.12592315673828,510.35296630859375,247.96176147460938,515.8607788085938,267.69000244140625,674.8200073242188,455.55999755859375,57.77000045776367,213.69383239746094,38.359012603759766,5.800000190734863,9.536357879638672,108.1139144897461,37.27511215209961,232.4239044189453,62.7397346496582,17.04800033569336,198.39999389648438,141.4495391845703,187.7845001220703,94.3287353515625,41.403995513916016,119.50599670410156,6.857786655426025,180.9499969482422,45.71038818359375
2022-04-27,28.0008544921875,498.6494445800781,197.36859130859375,227.1642608642578,18.829999923706055,360.4351501464844,201.83798217773438,378.850341796875,51.215553283691406,140.0389862060547,7860.3447265625,707.9072875976562,68.64592742919922,165.42156982421875,249.5326690673828,104.9782485961914,510.3827209472656,250.8665771484375,519.8961791992188,267.25,673.510009765625,447.17999267578125,55.9900016784668,210.9995574951172,38.82657241821289,5.75,9.441279411315918,108.00473022460938,37.453914642333984,235.00823974609375,63.026668548583984,17.45400047302246,188.5399932861328,143.3482666015625,184.05638122558594,95.8397445678711,42.42914581298828,115.02050018310547,6.915414810180664,174.9499969482422,45.74970245361328
2022-04-28,27.78447914123535,497.371337890625,202.8771514892578,232.4949493408203,18.350000381469727,377.64093017578125,205.1148681640625,384.7325134277344,52.10746383666992,144.36094665527344,7842.412109375,745.9207153320312,69.71305847167969,170.68995666503906,248.8714599609375,105.49019622802734,520.9219360351562,238.59292602539062,558.26318359375,268.6400146484375,675.5800170898438,448.3500061035156,33.5099983215332,217.670654296875,39.24642562866211,5.789999961853027,9.636190414428711,113.78165435791016,37.37941360473633,237.20790100097656,65.83665466308594,17.66200065612793,199.52000427246094,145.4831085205078,197.71945190429688,93.98080444335938,43.056175231933594,119.4114990234375,7.069090843200684,205.72999572753906,47.29270935058594
2022-04-29,27.627117156982422,504.4499206542969,195.5488739013672,224.88247680664062,18.149999618530273,362.2394714355469,203.26271057128906,374.72979736328125,50.511932373046875,146.2357635498047,7886.2470703125,709.0708618164062,66.48577880859375,158.14051818847656,237.85789489746094,102.74341583251953,505.1578063964844,238.2161865234375,552.2998046875,273.2200012207031,659.1099853515625,430.4800109863281,33.7599983215332,213.3061065673828,38.836116790771484,5.690000057220459,9.412755966186523,109.5333251953125,37.925750732421875,230.8851318359375,63.8380012512207,17.299999237060547,190.36000061035156,142.6694793701172,185.37571716308594,94.30885314941406,46.84822463989258,114.96649932861328,7.3764424324035645,200.47000122070312,46.20178985595703
2022-05-02,27.671375274658203,495.70001220703125,200.89920043945312,225.99386596679688,19.25,357.9130859375,204.7349395751953,365.59295654296875,52.46422576904297,,,692.6132202148438,65.89026641845703,151.07655334472656,233.8412628173828,101.54231262207031,497.8071594238281,240.92274475097656,544.9081420898438,261.9599914550781,652.02001953125,432.4599914550781,37.13999938964844,209.5977325439453,38.626190185546875,5.760000228881836,9.386134147644043,112.13394165039062,,232.19700622558594,65.3617172241211,17.260000228881836,199.4600067138672,144.12547302246094,195.23069763183594,94.53749084472656,47.017425537109375,117.15699768066406,,211.1300048828125,46.68336868286133
2022-05-03,28.050031661987305,490.29998779296875,199.40586853027344,228.7083740234375,19.270000457763672,356.6669921875,206.53961181640625,357.9391174316406,53.80209732055664,148.99864196777344,7762.712890625,711.2796630859375,67.70561218261719,150.31687927246094,237.84800720214844,101.51277923583984,496.2873840332031,243.20298767089844,545.7072143554688,269.1099853515625,660.489990234375,435.9599914550781,38.31999969482422,215.04595947265625,38.5212287902832,5.900000095367432,9.342398643493652,112.95780181884766,38.109519958496094,235.84669494628906,71.18946075439453,17.312000274658203,199.8699951171875,144.2041778564453,195.9203643798828,93.62293243408203,47.913185119628906,118.12950134277344,7.280395030975342,212.02999877929688,47.027347564697266
2022-05-04,27.528764724731445,480.8500061035156,204.87486267089844,233.51780700683594,19.65999984741211,367.3633117675781,204.4499969482422,362.6070556640625,56.8345947265625,148.56448364257812,7463.84033203125,721.9490966796875,68.28190612792969,150.23794555664062,242.41726684570312,104.19064331054688,504.2340087890625,251.52093505859375,562.3485107421875,273.70001220703125,660.8599853515625,411.30999755859375,39.459999084472656,223.49667358398438,39.5469970703125,5.989999771118164,9.450786590576172,117.93071746826172,37.56317901611328,244.12252807617188,77.07657623291016,17.6200008392334,204.00999450683594,147.49986267089844,203.2366180419922,92.22126770019531,47.67431640625,122.57499694824219,7.309209823608398,223.41000366210938,47.97085189819336
2022-05-05,27.44024658203125,470.8999938964844,193.75885009765625,226.9577178955078,18.8799991607666,352.2608642578125,200.39999389648438,345.2689514160156,54.86248016357422,147.83428955078125,7429.96826171875,703.4600830078125,66.61064147949219,143.0358428955078,238.3118438720703,102.93047332763672,491.4200439453125,249.7859649658203,549.8925170898438,266.3699951171875,639.3699951171875,385.1099853515625,35.599998474121094,222.8902130126953,38.15386199951172,5.769999980926514,9.268237113952637,112.63024139404297,37.111209869384766,232.7691192626953,76.6906967163086,17.600000381469727,188.32000732421875,145.97499084472656,188.34420776367188,93.80186462402344,44.78797912597656,116.74649810791016,7.3764424324035645,208.27999877929688,46.44749450683594
2022-05-06,26.95832061767578,457.8999938964844,190.16888427734375,221.49917602539062,17.75,346.0304870605469,196.47999572753906,344.13433837890625,53.06874465942383,146.669921875,7268.5771484375,703.5093383789062,66.07276916503906,138.99082946777344,240.8678741455078,101.8475112915039,496.2873840332031,249.3299102783203,546.0668334960938,253.92999267578125,623.0499877929688,366.6400146484375,33.45000076293945,226.0319061279297,37.505001068115234,5.570000171661377,9.209288597106934,111.66741943359375,36.743675231933594,232.61131286621094,73.30683898925781,17.25200080871582,180.97000122070312,144.9026641845703,186.65505981445312,89.0600814819336,43.22537612915039,115.66000366210938,7.530118942260742,203.77000427246094,44.79637908935547
2022-05-09,27.20420265197754,442.45001220703125,193.90721130371094,220.5058135986328,17.100000381469727,326.9605407714844,192.77999877929688,327.2242126464844,49.41190719604492,144.04518127441406,7023.501953125,645.0840454101562,63.19126510620117,130.59494018554688,228.0581512451172,98.03746032714844,483.1754455566406,239.18777465820312,516.8096923828125,235.02000427246094,599.77001953125,345.0199890136719,30.520000457763672,222.8007354736328,36.5,5.389999866485596,9.315776824951172,104.96737670898438,36.0334358215332,230.0466766357422,73.12874603271484,17.163999557495117,173.10000610351562,145.5618133544922,169.41383361816406,92.51950073242188,41.622962951660156,113.08399963378906,,196.2100067138672,44.413082122802734
2022-05-10,27.228790283203125,442.8999938964844,190.01065063476562,215.4996795654297,17.350000381469727,324.3088684082031,194.97999572753906,326.4478759765625,50.700225830078125,141.73619079589844,7224.74267578125,621.2800903320312,61.03014373779297,123.72827911376953,221.80133056640625,98.75614166259766,484.75482177734375,238.57310485839844,525.6397705078125,240.16000366210938,615.0900268554688,340.17999267578125,29.770000457763672,223.1884765625,37.625,5.460000038146973,9.397542953491211,106.38679504394531,35.591400146484375,227.54124450683594,72.4955062866211,17.275999069213867,177.66000366210938,138.6949462890625,175.8605499267578,91.12777709960938,42.74763870239258,114.58450317382812,7.751027584075928,197.64999389648438,44.71775436401367
2022-05-11,25.81743621826172,459.6000061035156,185.69874572753906,209.9722900390625,16.6200008392334,324.84716796875,204.0,324.27813720703125,49.69930648803711,145.34768676757812,7192.86279296875,615.48193359375,60.63633728027344,122.0806655883789,221.771728515625,99.09088897705078,482.9072265625,236.5406951904297,519.416748046875,234.9600067138672,613.0499877929688,333.8999938964844,28.68000030517578,208.31520080566406,37.689998626708984,5.329999923706055,9.65995979309082,103.15091705322266,36.52513885498047,229.72117614746094,68.07928466796875,17.305999755859375,166.3699951171875,138.52769470214844,166.2154541015625,90.9687271118164,42.95664978027344,113.96099853515625,7.904703140258789,188.74000549316406,43.64649200439453
2022-05-12,26.37804412841797,449.0,189.58538818359375,213.69000244140625,17.110000610351562,320.2317199707031,198.0,328.1100158691406,47.86592483520508,144.00572204589844,7192.86279296875,621.1124877929688,61.308685302734375,122.26811981201172,222.54148864746094,99.54375457763672,475.6062316894531,242.5387420654297,525.210205078125,240.85000610351562,633.9600219726562,347.95001220703125,30.690000534057617,212.56045532226562,37.75,5.25,9.4660005569458,105.96990203857422,36.460575103759766,228.26132202148438,68.03958892822266,17.82200050354004,174.30999755859375,140.25929260253906,161.66778564453125,91.29676818847656,43.85240936279297,113.16100311279297,7.664585113525391,191.24000549316406,42.988014221191406
2022-05-13,26.41738510131836,460.1000061035156,191.86001586914062,216.10946655273438,18.100000381469727,331.75543212890625,200.5,335.2662048339844,51.27107238769531,148.36712646484375,7192.86279296875,650.615966796875,61.89459228515625,126.62885284423828,229.60757446289062,101.07959747314453,482.1622009277344,242.5189208984375,540.8126831054688,246.72000122070312,645.52001953125,362.17999267578125,33.59000015258789,213.6739501953125,38.8650016784668,5.400000095367432,9.850000381469727,111.03215789794922,37.22047805786133,230.53001403808594,68.35716247558594,18.260000228881836,187.63999938964844,139.8437042236328,176.96998596191406,92.93701171875,45.723548889160156,116.5155029296875,7.674189567565918,198.6199951171875,44.31480407714844
2022-05-16,26.845216751098633,460.75,192.58197021484375,215.6373748779297,17.209999084472656,328.6950988769531,199.32000732421875,333.7832336425781,50.64472579956055,149.68936157226562,7119.14111328125,637.4222412109375,61.03974151611328,123.57041931152344,227.19956970214844,102.2019271850586,485.9567565917969,240.29815673828125,538.7750244140625,254.1699981689453,655.010009765625,360.20001220703125,31.729999542236328,210.41297912597656,38.720001220703125,5.380000114440918,9.9399995803833,109.66236877441406,36.674137115478516,229.75076293945312,67.49376678466797,18.167999267578125,186.50999450683594,137.51841735839844,172.55224609375,92.06221771240234,44.92731857299805,114.7925033569336,7.616560935974121,200.0399932861328,44.25583267211914
2022-05-17,26.146915435791016,470.3500061035156,191.8896942138672,212.6055145263672,18.360000610351562,337.7964172363281,203.0500030517578,337.684814453125,52.77232360839844,153.7942352294922,7296.47216796875,640.8802490234375,62.787864685058594,124.21170043945312,229.94309997558594,104.61398315429688,489.2446594238281,245.6220245361328,553.9779052734375,261.8399963378906,667.5599975585938,366.3599853515625,32.849998474121094,214.71786499023438,39.69499969482422,5.570000171661377,9.913999557495117,115.97529602050781,37.69728088378906,236.3201446533203,70.70917510986328,18.06800079345703,190.55999755859375,141.87216186523438,181.67759704589844,92.08209991455078,46.54964065551758,116.70149993896484,7.914308071136475,202.6199951171875,45.80867004394531
2022-05-18,25.71416664123535,463.29998779296875,181.79232788085938,159.60226440429688,17.459999084472656,334.845703125,200.0,328.5678405761719,50.46576690673828,153.14297485351562,7198.84033203125,631.59619140625,59.963985443115234,117.9271240234375,227.6042022705078,101.96565246582031,468.2357482910156,241.068115234375,541.5618896484375,252.35000610351562,659.2000122070312,357.3299865722656,30.8700008392334,205.6010284423828,38.314998626708984,5.400000095367432,10.03499984741211,110.51599884033203,37.16584396362305,231.27969360351562,66.46166229248047,17.84000015258789,177.19000244140625,135.08428955078125,169.2938995361328,89.46765899658203,43.304996490478516,112.4010009765625,7.943122863769531,192.24000549316406,42.565406799316406
2022-05-19,24.666717529296875,454.1000061035156,185.78775024414062,151.5238800048828,17.5,331.1772766113281,196.27999877929688,330.5086975097656,50.16750717163086,151.24842834472656,7139.06591796875,629.2677612304688,58.55205535888672,118.11457824707031,230.1898193359375,101.15835571289062,475.35791015625,245.0254364013672,550.1222534179688,255.4499969482422,657.1500244140625,364.8299865722656,32.90999984741211,201.9523162841797,37.595001220703125,5.389999866485596,10.0,109.92044067382812,36.72380828857422,231.0330810546875,65.17152404785156,18.172000885009766,183.47999572753906,134.64891052246094,171.1529541015625,87.98999786376953,44.869998931884766,110.74549865722656,7.530118942260742,191.2899932861328,40.39339828491211
2022-05-20,24.54377555847168,450.3500061035156,182.65272521972656,153.42991638183594,17.739999771118164,335.12481689453125,195.33999633789062,340.81005859375,51.4599723815918,150.6958465576172,7242.6748046875,645.8145751953125,58.15824508666992,118.11457824707031,241.07510375976562,100.94175720214844,482.4900207519531,247.13336181640625,554.5274047851562,258.5899963378906,661.1400146484375,372.2300109863281,32.7400016784668,203.59275817871094,37.45000076293945,5.340000152587891,10.045000076293945,105.672119140625,36.94234085083008,234.3572235107422,63.41496658325195,18.25200080871582,186.35000610351562,132.7293243408203,166.8551483154297,88.47000122070312,44.25,109.31300354003906,7.693399429321289,193.5399932861328,39.3614501953125
2022-05-23,24.878173828125,455.0,184.1955108642578,151.98805236816406,18.290000915527344,347.3363952636719,198.82000732421875,348.8719177246094,51.64887237548828,155.64932250976562,7276.546875,657.447021484375,58.55205535888672,118.86438751220703,246.14767456054688,102.64496612548828,488.79766845703125,248.0779571533203,554.5872802734375,268.3500061035156,681.9099731445312,368.3299865722656,32.9900016784668,203.85122680664062,38.220001220703125,5.429999828338623,10.125,109.11643981933594,37.23537826538086,234.7123260498047,64.38751983642578,18.440000534057617,187.44000244140625,135.32176208496094,168.8940887451172,93.62999725341797,43.63999938964844,111.66649627685547,7.424466609954834,196.22999572753906,40.51133728027344
2022-05-24,24.647045135498047,446.8999938964844,182.58349609375,148.08712768554688,16.860000610351562,339.62066650390625,197.97999572753906,349.2203063964844,49.700233459472656,160.6225128173828,7278.53955078125,665.6510620117188,58.78257369995117,118.46975708007812,255.12826538085938,103.95436096191406,494.2410888671875,247.7299346923828,548.2044067382812,268.4800109863281,686.02001953125,362.1600036621094,30.8700008392334,203.57286071777344,37.32500076293945,5.420000076293945,9.850000381469727,105.8011474609375,36.88274383544922,233.5977020263672,63.07754898071289,18.631999969482422,180.33999633789062,132.42257690429688,161.45787048339844,91.30000305175781,42.040000915527344,105.9260025024414,7.078695774078369,181.27999877929688,40.177181243896484
2022-05-25,24.927349090576172,452.1000061035156,186.47015380859375,154.47674560546875,17.229999542236328,343.67791748046875,198.75999450683594,346.025390625,50.306697845458984,161.70794677734375,7298.46435546875,680.2361450195312,59.89674758911133,118.42041778564453,256.87506103515625,103.90513610839844,494.767578125,245.9899139404297,533.6707763671875,270.8399963378906,690.8800048828125,367.8599853515625,31.65999984741211,204.96475219726562,37.744998931884766,5.460000038146973,9.923999786376953,107.99021911621094,37.687347412109375,233.20314025878906,65.76697540283203,18.77199935913086,187.8300018310547,132.66995239257812,169.66371154785156,91.81999969482422,42.56999969482422,105.8395004272461,6.905810356140137,183.8300018310547,42.55557632446289
2022-05-26,25.06995964050293,467.70001220703125,193.37315368652344,161.17251586914062,17.979999542236328,348.7918395996094,197.89999389648438,351.6725769042969,54.12443923950195,165.4575653076172,7362.22412109375,663.857666015625,59.91596221923828,120.71917724609375,251.34852600097656,97.89962768554688,498.8799743652344,248.7242431640625,539.5042114257812,269.6499938964844,683.4400024414062,384.9200134277344,33.45000076293945,210.5620880126953,38.09000015258789,5.800000190734863,9.902000427246094,114.49768829345703,38.104549407958984,239.1905517578125,69.08161926269531,18.850000381469727,191.39999389648438,134.84681701660156,178.4192352294922,91.37000274658203,44.029998779296875,108.2959976196289,6.9826483726501465,191.6300048828125,43.174747467041016
2022-05-27,25.320758819580078,489.0,197.42791748046875,165.06356811523438,18.760000228881836,356.65704345703125,200.4499969482422,359.8241271972656,55.71516799926758,168.12179565429688,7529.59228515625,687.320556640625,60.447853088378906,125.55347442626953,257.5362548828125,97.54520416259766,503.7273864746094,256.4002380371094,571.7080078125,273.7300109863281,692.7999877929688,398.6099853515625,35.77000045776367,214.30030822753906,38.29499816894531,5.880000114440918,9.720000267028809,118.8857650756836,38.48698425292969,247.23951721191406,70.09387969970703,19.100000381469727,195.19000244140625,138.34959411621094,188.01437377929688,92.70999908447266,43.86000061035156,112.79900360107422,7.20355749130249,195.1300048828125,48.72761154174805
2022-05-30,25.301088333129883,505.29998779296875,,,,,199.83999633789062,,,168.95065307617188,7559.4794921875,,,,,,,,,,,,,,38.939998626708984,,9.62600040435791,,38.675724029541016,,,18.95599937438965,,,,96.33999633789062,,,7.289999961853027,,
2022-05-31,25.281417846679688,509.70001220703125,193.14569091796875,159.86891174316406,18.450000762939453,356.7467346191406,195.94000244140625,348.6893615722656,54.49229431152344,166.81927490234375,7374.1787109375,680.791015625,59.62733840942383,125.77051544189453,252.76963806152344,98.5986328125,493.46630859375,245.3137969970703,566.9334106445312,268.6499938964844,664.739990234375,391.6199951171875,34.09000015258789,209.18016052246094,38.619998931884766,5.789999961853027,9.5,116.70664978027344,38.3677864074707,242.8106231689453,68.5357894897461,19.11199951171875,197.44000244140625,137.14242553710938,186.62509155273438,93.63999938964844,45.540000915527344,114.03900146484375,7.434071063995361,193.63999938964844,49.0814208984375
2022-06-01,25.040454864501953,509.79998779296875,189.6051788330078,154.5755157470703,17.65999984741211,355.9393005371094,195.05999755859375,331.2588806152344,54.14432144165039,165.57598876953125,7117.1484375,672.7752075195312,58.044219970703125,124.1722412109375,249.24647521972656,96.26534271240234,489.2645263671875,244.379150390625,555.5960693359375,269.4100036621094,658.9199829101562,369.6300048828125,32.619998931884766,205.7501678466797,37.70500183105469,5.710000038146973,9.529999732971191,113.8907241821289,37.7469482421875,240.19667053222656,68.29761505126953,19.15999984741211,192.91000366210938,136.27166748046875,183.1068572998047,93.37000274658203,45.310001373291016,114.13700103759766,7.328419208526611,188.63999938964844,49.79887008666992
2022-06-02,25.202735900878906,520.5,193.96653747558594,158.9109649658203,18.0,361.9403991699219,195.3000030517578,342.263916015625,56.02336502075195,,,688.2717895507812,58.05387496948242,127.80289459228516,258.9178771972656,96.97418975830078,488.97650146484375,247.37197875976562,569.4605102539062,270.04998779296875,630.7000122070312,386.3399963378906,36.029998779296875,209.95562744140625,37.81999969482422,5.920000076293945,9.494000434875488,116.74645233154297,,249.40960693359375,71.30461883544922,19.101999282836914,205.08999633789062,139.33908081054688,195.8203887939453,92.37999725341797,46.810001373291016,117.74600219726562,7.174742698669434,198.86000061035156,50.39838409423828
2022-06-03,25.197818756103516,521.0,193.2940216064453,159.03933715820312,17.5,356.6969299316406,195.60000610351562,335.1700134277344,54.99933624267578,,,672.2202758789062,56.50937271118164,125.86917877197266,263.2305908203125,94.0009765625,482.3708190917969,242.26129150390625,557.4739990234375,269.44000244140625,630.3499755859375,372.6300048828125,34.529998779296875,206.38645935058594,37.900001525878906,5.699999809265137,9.685999870300293,114.38823699951172,,248.83749389648438,71.4832534790039,19.11400032043457,198.97999572753906,138.8740234375,187.10482788085938,92.62999725341797,45.9900016784668,114.56400299072266,,190.77999877929688,50.142852783203125
2022-06-06,25.502710342407227,526.0999755859375,194.59947204589844,157.68637084960938,16.850000381469727,359.0096435546875,198.8800048828125,337.8739013671875,56.182437896728516,169.0887908935547,7300.45703125,686.0126342773438,56.23908233642578,126.15528869628906,263.852294921875,94.01081085205078,486.91033935546875,240.60081481933594,552.2598876953125,268.0,609.030029296875,372.2200012207031,34.61000061035156,203.63250732421875,38.66999816894531,5.71999979019165,9.649999618530273,114.42803955078125,38.635986328125,253.947021484375,73.63677978515625,19.20800018310547,197.13999938964844,139.87339782714844,187.76449584960938,91.77999877929688,46.70000076293945,117.010498046875,7.405256748199463,194.25,49.17970275878906
2022-06-07,25.276500701904297,525.0,193.49180603027344,154.04220581054688,17.170000076293945,362.87744140625,196.82000732421875,343.6806945800781,56.61988830566406,166.76007080078125,7099.21630859375,685.2100830078125,56.98237609863281,127.94100952148438,262.6581726074219,94.97563171386719,493.7841796875,244.0908203125,560.0311279296875,271.8599853515625,613.97998046875,376.7900085449219,34.81999969482422,206.31686401367188,38.255001068115234,6.269999980926514,9.640000343322754,115.0947036743164,38.31315231323242,257.2415466308594,72.55506134033203,19.11400032043457,198.61000061035156,143.88079833984375,189.1637725830078,96.44999694824219,47.83000183105469,117.22949981689453,7.472490310668945,195.64999389648438,50.2706184387207
2022-06-08,25.2224063873291,523.0,190.32711791992188,154.75326538085938,16.670000076293945,361.1927490234375,192.3000030517578,337.92376708984375,54.53205871582031,166.32591247558594,7071.3212890625,662.5299072265625,55.235164642333984,123.09685516357422,260.9903259277344,94.55229949951172,490.2380065917969,236.0071563720703,551.4407958984375,274.5400085449219,607.760009765625,371.9700012207031,35.439998626708984,204.53724670410156,36.98500061035156,6.380000114440918,9.600000381469727,111.90067291259766,37.56317901611328,248.9459991455078,69.93509674072266,18.579999923706055,202.8300018310547,142.96058654785156,186.42459106445312,94.68000030517578,51.45000076293945,117.23799896240234,7.472490310668945,196.63999938964844,49.464717864990234
2022-06-09,24.937185287475586,515.0,192.13693237304688,152.62998962402344,15.630000114440918,347.90460205078125,188.5399932861328,335.6688537597656,52.86179733276367,163.7209014892578,7083.2763671875,652.3837890625,51.77934646606445,120.5317153930664,256.7862548828125,91.75628662109375,486.16534423828125,228.48028564453125,539.2145385742188,259.70001220703125,575.47998046875,359.70001220703125,33.279998779296875,200.0931396484375,35.779998779296875,6.690000057220459,9.550000190734863,106.70662689208984,37.33470916748047,250.16909790039062,67.51361846923828,18.474000930786133,192.77000427246094,141.00140380859375,180.42637634277344,91.9000015258789,49.189998626708984,114.91799926757812,7.414861679077148,184.0,49.484371185302734
2022-06-10,24.98636245727539,510.3999938964844,184.27464294433594,147.8105926513672,14.859999656677246,333.6993408203125,183.89999389648438,332.0072021484375,50.754085540771484,157.68202209472656,7025.494140625,643.2185668945312,51.10362243652344,115.66783142089844,247.71681213378906,91.30341339111328,481.3973693847656,223.2900390625,526.2890625,254.8800048828125,571.8099975585938,345.8900146484375,31.739999771118164,195.5794677734375,35.154998779296875,6.630000114440918,9.531999588012695,101.373291015625,35.040096282958984,244.82286071777344,64.19896697998047,18.100000381469727,182.94000244140625,135.58892822265625,169.6895751953125,90.16000366210938,49.45000076293945,111.42749786376953,7.443675994873047,175.57000732421875,48.3148307800293
2022-06-13,24.932268142700195,495.6000061035156,179.2605438232422,143.01097106933594,14.029999732971191,318.7364501953125,183.25999450683594,321.6307067871094,46.48895263671875,154.01132202148438,6840.193359375,610.6301879882812,47.319602966308594,106.9759750366211,236.880859375,88.77322387695312,466.56695556640625,215.2362060546875,511.3358459472656,245.38999938964844,549.2999877929688,336.20001220703125,28.6299991607666,184.69296264648438,34.39500045776367,6.360000133514404,9.26200008392334,95.8409423828125,33.78351593017578,239.38783264160156,60.05069351196289,17.760000228881836,169.69000244140625,131.45289611816406,156.42352294921875,85.5,46.720001220703125,106.87650299072266,7.20355749130249,164.25999450683594,46.43766784667969
2022-06-14,24.784740447998047,491.29998779296875,175.9771728515625,140.92718505859375,13.979999542236328,321.12890625,182.3000030517578,316.71185302734375,46.82698440551758,1.5468230247497559,6712.67431640625,612.8397216796875,47.43544006347656,109.17607116699219,231.41355895996094,87.10940551757812,458.66998291015625,212.64108276367188,507.1780700683594,249.0800018310547,548.3499755859375,328.989990234375,29.270000457763672,178.24058532714844,34.66999816894531,6.28000020980835,9.079999923706055,96.13945770263672,33.77358627319336,235.9650421142578,60.06061935424805,17.802000045776367,167.5399932861328,129.14739990234375,158.31295776367188,88.23999786376953,47.849998474121094,107.19400024414062,7.2707905769348145,163.72999572753906,46.53594970703125
2022-06-15,24.98636245727539,504.0,177.03536987304688,145.60830688476562,14.850000381469727,324.36871337890625,186.36000061035156,320.6130065917969,48.40776443481445,158.62928771972656,7061.35888671875,635.3712158203125,48.95098114013672,114.36309051513672,238.23287963867188,87.9659194946289,461.2327575683594,217.71202087402344,514.484130859375,253.50999450683594,561.1900024414062,333.94000244140625,30.959999084472656,181.20262145996094,35.57500076293945,6.360000133514404,9.119999885559082,96.93547058105469,33.98218536376953,236.03408813476562,59.33616256713867,18.17799949645996,180.11000061035156,129.63223266601562,165.2209014892578,88.0199966430664,48.689998626708984,110.3905029296875,7.001857757568359,169.35000610351562,47.08631896972656
2022-06-16,24.966690063476562,489.1499938964844,169.71701049804688,141.11483764648438,13.649999618530273,307.8108215332031,184.10000610351562,315.3150329589844,44.79881286621094,151.60365295410156,7226.73486328125,612.7603759765625,46.46047592163086,111.08393859863281,232.48480224609375,86.04613494873047,454.66339111328125,216.89669799804688,504.61944580078125,250.9600067138672,556.75,327.3699951171875,29.09000015258789,171.09979248046875,34.58000183105469,6.03000020980835,8.534000396728516,89.14441680908203,33.71895217895508,231.90110778808594,53.62980651855469,17.74799919128418,173.35000610351562,124.78377532958984,155.96365356445312,87.25,46.189998626708984,106.63600158691406,6.84818172454834,160.8699951171875,45.10104751586914
2022-06-17,24.602787017822266,481.8500061035156,170.56752014160156,137.56942749023438,14.220000267028809,309.7148132324219,183.3000030517578,319.2062072753906,44.918113708496094,153.8534393310547,7103.201171875,627.0086059570312,47.34856033325195,109.66297149658203,234.46038818359375,86.85343170166016,450.64599609375,224.93063354492188,500.6315612792969,263.0899963378906,580.9500122070312,328.04998779296875,30.670000076293945,172.6356658935547,35.275001525878906,6.010000228881836,8.784000396728516,89.38322448730469,33.76365280151367,232.75927734375,53.758819580078125,18.06999969482422,175.50999450683594,124.19996643066406,158.75282287597656,86.05000305175781,46.72999954223633,107.8655014038086,6.905810356140137,163.74000549316406,46.77182388305664
2022-06-20,24.740482330322266,484.3999938964844,,,,,186.39999389648438,,,157.99777221679688,7051.396484375,,,,,,,,,,,,,,34.9900016784668,,8.75,,32.69084167480469,,,18.530000686645508,,,,87.27999877929688,,,7.049881458282471,,
2022-06-21,24.671632766723633,494.29998779296875,170.478515625,142.90234375,14.039999961853027,316.4037780761719,185.10000610351562,319.2959899902344,46.10121536254883,158.29379272460938,7139.06591796875,634.31103515625,46.595619201660156,111.65033721923828,245.06309509277344,87.3358383178711,478.8175964355469,228.23170471191406,513.2647705078125,270.1700134277344,587.6699829101562,332.0299987792969,31.510000228881836,173.40359497070312,35.35499954223633,6.010000228881836,8.765999794006348,94.69666290283203,32.57660675048828,237.73069763183594,54.25502395629883,18.25,170.91000366210938,124.81344604492188,165.6107940673828,87.5,48.18000030517578,112.01499938964844,7.136323928833008,157.0500030517578,48.383628845214844
2022-06-22,24.061851501464844,487.8999938964844,171.68505859375,139.0606689453125,13.970000267028809,315.15771484375,183.82000732421875,324.4343566894531,45.554405212402344,159.20159912109375,7310.41943359375,651.9181518554688,45.54343032836914,114.73075866699219,250.18572998046875,87.86746978759766,488.1483154296875,231.93051147460938,518.9417114257812,272.30999755859375,586.8400268554688,333.1099853515625,32.77000045776367,176.1162872314453,35.5,6.090000152587891,8.824000358581543,93.47278594970703,32.05013656616211,237.7208251953125,53.06413650512695,18.59000015258789,178.88999938964844,124.89260864257812,163.55140686035156,86.72000122070312,47.38999938964844,112.03399658203125,6.95383358001709,155.85000610351562,47.774288177490234
2022-06-23,23.806135177612305,490.0,174.3849334716797,144.9861297607422,14.119999885559082,315.76580810546875,180.24000549316406,332.9849548339844,46.12110137939453,152.03782653808594,7435.94580078125,671.2096557617188,46.161224365234375,117.49320220947266,256.44012451171875,87.9666748046875,498.2466125488281,238.25425720214844,540.3102416992188,283.5,607.3900146484375,355.6199951171875,35.88999938964844,176.96401977539062,34.915000915527344,6.039999961853027,8.739999771118164,92.8160629272461,32.1395378112793,238.7664031982422,51.3571891784668,18.601999282836914,181.7100067138672,125.5555648803711,162.20179748535156,87.94999694824219,48.0,112.68450164794922,7.030672073364258,158.75,48.196895599365234
2022-06-24,24.504436492919922,502.5,180.8231201171875,148.55128479003906,14.279999732971191,329.462646484375,182.0,340.8870544433594,48.2884635925293,156.8334197998047,7571.4345703125,682.8519287109375,47.7733039855957,121.81572723388672,259.7559509277344,89.50438690185547,494.0896911621094,241.17750549316406,544.5180053710938,292.54998779296875,612.489990234375,361.4800109863281,37.16999816894531,181.8408966064453,36.14500045776367,6.309999942779541,8.668000221252441,96.87577056884766,32.81004333496094,248.6500701904297,52.17096710205078,18.851999282836914,190.85000610351562,130.44361877441406,171.20912170410156,89.98999786376953,49.18000030517578,118.53800201416016,7.136323928833008,170.16000366210938,49.38609313964844
2022-06-27,24.5683650970459,496.6499938964844,182.1879119873047,147.75135803222656,14.079999923706055,327.79791259765625,181.16000366210938,339.6997375488281,48.18904495239258,156.53738403320312,7635.19384765625,679.2849731445312,46.90451431274414,119.45075988769531,257.4527282714844,89.75240325927734,504.0783386230469,239.9346160888672,543.3486938476562,287.32000732421875,602.4000244140625,359.0299987792969,37.459999084472656,179.337646484375,36.57500076293945,6.289999961853027,8.552000045776367,97.12452697753906,32.88951110839844,242.83033752441406,52.458763122558594,18.760000228881836,189.13999938964844,130.8592071533203,168.639892578125,91.0999984741211,47.220001220703125,116.62249755859375,7.472490310668945,169.49000549316406,49.37626647949219
2022-06-28,24.774904251098633,503.6000061035156,172.79269409179688,142.72459411621094,13.65999984741211,317.2909851074219,182.47999572753906,331.94732666015625,48.27852249145508,157.8990936279297,7718.87841796875,662.9658813476562,46.72111129760742,118.20865631103516,251.09906005859375,88.49246978759766,506.8496398925781,234.61512756347656,535.48291015625,276.1700134277344,594.4199829101562,349.2099914550781,35.08000183105469,175.34837341308594,35.994998931884766,6.300000190734863,8.545999526977539,94.54740905761719,32.581573486328125,239.2102813720703,50.860984802246094,18.922000885009766,179.60000610351562,127.96001434326172,159.7725372314453,90.58000183105469,45.650001525878906,112.57150268554688,7.530118942260742,160.67999267578125,48.098609924316406
2022-06-29,24.553611755371094,500.6000061035156,174.15748596191406,140.13711547851562,13.170000076293945,321.5774841308594,183.60000610351562,333.99267578125,47.075531005859375,154.6822967529297,7671.05859375,643.5455932617188,45.80882263183594,117.56275939941406,251.32740783691406,89.70279693603516,514.096923828125,238.63209533691406,535.6327514648438,280.3500061035156,597.6199951171875,358.2200012207031,34.349998474121094,175.19876098632812,36.165000915527344,5.980000019073486,8.359999656677246,91.48273468017578,32.4921760559082,239.8218536376953,51.51597595214844,18.988000869750977,178.36000061035156,125.93156433105469,155.3738250732422,88.5,46.400001525878906,112.25650024414062,7.347628593444824,163.94000244140625,46.575260162353516
2022-06-30,24.450342178344727,490.1000061035156,172.74325561523438,139.47544860839844,13.420000076293945,314.48980712890625,181.4600067138672,336.2974548339844,46.02167892456055,151.09054565429688,7603.314453125,650.9966430664062,44.83726501464844,116.90692901611328,253.7398223876953,89.03811645507812,512.0233764648438,233.0242462158203,542.9888916015625,281.7900085449219,591.1300048828125,350.7300109863281,33.209999084472656,167.6091766357422,35.88999938964844,5.940000057220459,8.065999984741211,90.52750396728516,32.780242919921875,238.79904174804688,52.01218032836914,18.902000427246094,174.8699951171875,124.66503143310547,151.5449676513672,86.33000183105469,45.38999938964844,109.37249755859375,7.040276527404785,161.25,45.415550231933594
2022-07-01,24.740482330322266,487.25,175.40357971191406,140.61117553710938,14.25,317.24114990234375,182.60000610351562,342.5532531738281,46.459129333496094,151.1694793701172,7529.59228515625,666.8599243164062,46.06142044067383,119.27189636230469,256.52947998046875,90.65518188476562,515.7816162109375,239.56674194335938,547.9761962890625,287.32000732421875,595.4000244140625,358.44000244140625,34.83000183105469,174.59039306640625,36.154998779296875,6.190000057220459,8.206000328063965,85.84092712402344,32.819976806640625,241.0531768798828,54.16571044921875,19.152000427246094,179.9499969482422,126.030517578125,145.18685913085938,85.30999755859375,45.279998779296875,109.08100128173828,,160.02999877929688,42.00520706176758
2022-07-04,24.897844314575195,490.3999938964844,,,,,183.24000549316406,,,153.458740234375,7679.02880859375,,,,,,,,,,,,,,35.68000030517578,,8.206000328063965,,32.780242919921875,,,19.299999237060547,,,,85.63999938964844,,,6.992253303527832,,
2022-07-05,24.715892791748047,479.6499938964844,177.8957977294922,143.89981079101562,14.4399995803833,318.2579650878906,177.5800018310547,343.5410461425781,47.37379837036133,145.52529907226562,7402.07373046875,661.043701171875,46.32374572753906,120.66305541992188,254.0872802734375,89.7722396850586,503.6596374511719,238.62216186523438,544.7778930664062,288.9800109863281,596.5599975585938,366.8699951171875,38.810001373291016,172.11705017089844,35.83000183105469,5.789999961853027,7.992000102996826,85.57227325439453,31.831602096557617,238.2926025390625,53.967227935791016,18.860000610351562,185.8800048828125,125.34777069091797,149.59555053710938,85.54000091552734,43.970001220703125,113.88700103759766,6.92501974105835,168.19000244140625,42.3983268737793
2022-07-06,25.39944076538086,489.45001220703125,177.08482360839844,143.01097106933594,14.270000457763672,319.16510009765625,176.83999633789062,348.2303771972656,47.06559371948242,144.91351318359375,7639.17919921875,656.4561767578125,45.225887298583984,120.69286346435547,256.3607177734375,88.90914916992188,513.6781616210938,242.489990234375,555.7420043945312,291.1600036621094,594.9000244140625,375.2200012207031,38.810001373291016,165.54473876953125,35.349998474121094,5.71999979019165,7.892000198364258,86.12947845458984,32.7305793762207,235.56182861328125,54.126014709472656,18.98200035095215,184.05999755859375,126.65389251708984,151.2550506591797,86.61000061035156,43.88999938964844,115.2135009765625,6.896205425262451,169.77000427246094,41.474491119384766
2022-07-07,25.384687423706055,505.20001220703125,179.567138671875,148.09701538085938,14.520000457763672,323.5480041503906,178.89999389648438,351.0340270996094,48.40776443481445,149.0183868408203,7553.50244140625,654.6825561523438,45.64365768432617,121.79585266113281,255.31829833984375,88.79009246826172,512.7710571289062,242.9970703125,553.4632568359375,294.1700134277344,607.4500122070312,382.5199890136719,42.220001220703125,174.1914825439453,36.46500015258789,5.989999771118164,8.086000442504883,90.29864501953125,33.38618087768555,234.17161560058594,56.21999740600586,19.239999771118164,189.27000427246094,128.22715759277344,158.53289794921875,87.61000061035156,45.31999969482422,119.30599975585938,6.867391586303711,172.19000244140625,42.20176315307617
2022-07-08,25.955129623413086,501.0,179.62648010253906,146.15147399902344,13.989999771118164,322.53961181640625,180.1199951171875,351.6825866699219,47.274375915527344,149.94593811035156,7583.3896484375,644.5562744140625,44.72067642211914,120.8121109008789,253.1640167236328,88.77025604248047,517.0077514648438,242.5496368408203,553.4132690429688,294.2900085449219,621.5700073242188,378.45001220703125,41.810001373291016,172.1370086669922,36.42499923706055,5.940000057220459,8.184000015258789,90.73645782470703,34.185821533203125,230.58685302734375,56.239845275878906,19.22800064086914,186.97999572753906,126.47578430175781,158.3329620361328,87.44999694824219,44.63999938964844,120.16850280761719,6.867391586303711,170.8800048828125,42.18210983276367
2022-07-11,25.832189559936523,496.1499938964844,178.1232452392578,144.57135009765625,13.65999984741211,323.6678161621094,178.6999969482422,350.81451416015625,46.996002197265625,148.99864196777344,7633.20166015625,641.3756713867188,43.56452560424805,121.0108413696289,256.1224365234375,88.24445343017578,515.3330078125,241.2471160888672,557.73095703125,294.07000732421875,614.4600219726562,369.6600036621094,38.93000030517578,168.93560791015625,35.80500030517578,5.809999942779541,8.121999740600586,88.17924499511719,33.95238494873047,232.45370483398438,56.47801971435547,19.173999786376953,177.33999633789062,126.5054702758789,151.47499084472656,86.55999755859375,42.90999984741211,116.52249908447266,6.819367408752441,162.8800048828125,41.74967575073242
2022-07-12,25.935461044311523,504.8999938964844,179.00341796875,142.7640838623047,13.949999809265137,322.3399353027344,179.3000030517578,345.26708984375,46.39947509765625,150.12353515625,7700.94580078125,622.4904174804688,45.070438385009766,120.1463394165039,253.6405487060547,87.98652648925781,512.8109130859375,238.54261779785156,530.6454467773438,290.010009765625,610.0900268554688,362.4599914550781,39.81999969482422,169.6536865234375,36.095001220703125,5.960000038146973,8.071999549865723,88.2886962890625,34.31991958618164,230.3087921142578,56.944454193115234,19.25,174.4499969482422,125.54566955566406,150.77520751953125,85.25,43.040000915527344,114.84950256347656,6.780948638916016,163.27000427246094,42.30987548828125
2022-07-13,25.502710342407227,500.0,180.35830688476562,143.63314819335938,14.180000305175781,322.84912109375,176.67999267578125,341.2462158203125,45.902374267578125,147.24224853515625,7645.15625,620.1520385742188,43.80741500854492,119.9972915649414,254.0674285888672,87.21271514892578,499.6721496582031,238.92044067382812,522.8696899414062,288.7300109863281,602.02001953125,363.3299865722656,40.099998474121094,168.85581970214844,36.02000045776367,5.96999979019165,8.055999755859375,88.63695526123047,33.748748779296875,226.39634704589844,57.18263244628906,19.24799919128418,176.55999755859375,124.39787292480469,151.59495544433594,83.41999816894531,42.47999954223633,112.18699645996094,6.771344184875488,163.49000549316406,42.3983268737793
2022-07-14,25.202735900878906,496.75,180.64512634277344,144.47259521484375,13.630000114440918,324.5064697265625,170.82000732421875,344.3891296386719,45.56434631347656,143.6110076904297,7597.3369140625,606.3200073242188,43.525665283203125,117.38389587402344,254.65316772460938,86.81587982177734,500.8584289550781,238.99998474121094,525.3483276367188,286.1499938964844,598.8599853515625,366.05999755859375,39.18000030517578,167.04071044921875,35.69499969482422,5.829999923706055,7.946000099182129,91.21407318115234,33.555049896240234,220.4283447265625,56.52764129638672,18.857999801635742,174.77999877929688,123.72502136230469,153.67433166503906,82.95999908447266,41.61000061035156,111.44000244140625,6.905810356140137,158.0500030517578,41.96589279174805
2022-07-15,25.51254653930664,496.8999938964844,182.9593048095703,144.84786987304688,13.960000038146973,332.0343322753906,172.52000427246094,348.659423828125,47.96037673950195,148.30792236328125,7521.62255859375,614.068359375,44.57494354248047,120.24571228027344,255.3381805419922,88.41311645507812,528.0929565429688,243.1163787841797,538.5812377929688,292.8399963378906,607.5399780273438,370.1400146484375,40.58000183105469,171.149658203125,36.244998931884766,6.03000020980835,8.02400016784668,94.0001449584961,33.887821197509766,223.62583923339844,57.371192932128906,19.031999588012695,189.11000061035156,127.63349151611328,157.5731658935547,88.30000305175781,41.40999984741211,112.76699829101562,6.809762954711914,164.6999969482422,42.712825775146484
2022-07-18,25.635486602783203,510.79998779296875,183.74058532714844,147.50445556640625,13.880000114440918,330.4768371582031,173.0,344.5786437988281,48.427650451660156,152.17596435546875,7621.24658203125,609.3320922851562,45.119014739990234,118.44713592529297,247.44570922851562,87.20278930664062,517.7454223632812,239.50709533691406,520.48095703125,286.05999755859375,586.7000122070312,360.6000061035156,39.5,171.2294464111328,36.70000076293945,6.070000171661377,8.050000190734863,92.67676544189453,34.22058868408203,221.997314453125,57.19255828857422,18.93400001525879,190.9199981689453,125.54566955566406,160.962158203125,88.12999725341797,42.25,109.91000366210938,6.896205425262451,167.22999572753906,42.16245651245117
2022-07-19,25.738754272460938,528.2999877929688,187.75872802734375,151.45477294921875,14.25,339.83172607421875,176.36000061035156,356.33203125,50.49559783935547,156.12295532226562,7659.10400390625,631.5367431640625,47.431312561035156,124.31980895996094,255.2984619140625,89.61351776123047,531.7814331054688,244.53823852539062,536.582275390625,289.6000061035156,595.72998046875,377.1000061035156,41.150001525878906,177.7020263671875,37.345001220703125,6.21999979019165,8.399999618530273,97.74144744873047,35.04505920410156,228.39230346679688,59.39570617675781,19.107999801635742,201.6300048828125,130.90867614746094,169.86952209472656,86.93000030517578,43.150001525878906,114.62000274658203,6.867391586303711,175.77999877929688,43.61838150024414
2022-07-20,25.689579010009766,526.7999877929688,189.99655151367188,154.55575561523438,14.4399995803833,340.72027587890625,174.9199981689453,357.7887268066406,51.31084442138672,155.55064392089844,7766.69775390625,631.5367431640625,47.4604606628418,123.7832260131836,247.9321746826172,88.5222396850586,517.8450927734375,243.8820037841797,538.3613891601562,285.5,594.5900268554688,383.80999755859375,43.20000076293945,178.33033752441406,38.04499816894531,6.25,8.399999618530273,101.7215576171875,34.56825637817383,230.0109100341797,60.72553253173828,18.826000213623047,216.44000244140625,132.4423828125,178.01710510253906,88.44999694824219,42.75,114.69999694824219,6.963438987731934,183.08999633789062,43.747135162353516
2022-07-21,25.945293426513672,530.2000122070312,192.5128631591797,156.68893432617188,14.510000228881836,346.3612060546875,175.0,360.8018798828125,52.145973205566406,156.8531494140625,7864.32958984375,644.2293090820312,46.673500061035156,124.88621520996094,253.5511932373047,89.5440673828125,520.8258056640625,247.6702880859375,574.6918334960938,283.1099853515625,592.4400024414062,398.3500061035156,43.65999984741211,180.82363891601562,38.505001068115234,6.289999961853027,8.137999534606934,103.32353973388672,34.68745803833008,232.95021057128906,61.122501373291016,18.700000762939453,223.8800048828125,135.8956756591797,180.44638061523438,85.73999786376953,43.15999984741211,115.04000091552734,7.030672073364258,183.1699981689453,44.2225456237793
2022-07-22,26.019058227539062,531.2999877929688,194.52194213867188,155.7803497314453,14.649999618530273,343.32611083984375,174.02000427246094,361.12115478515625,51.032466888427734,155.74798583984375,7822.4873046875,647.7864379882812,46.964969635009766,126.0985107421875,257.7207946777344,90.00041961669922,519.779052734375,244.9359588623047,561.2390747070312,280.2900085449219,586.1099853515625,393.510009765625,41.18000030517578,201.48805236816406,37.654998779296875,6.210000038146973,8.435999870300293,101.16433715820312,35.040096282958984,232.92042541503906,61.11257553100586,18.152000427246094,220.44000244140625,135.21292114257812,173.1385498046875,93.91999816894531,41.810001373291016,108.36000061035156,7.069090843200684,169.27000427246094,42.92508316040039
2022-07-25,26.255104064941406,533.0,193.7461700439453,155.533447265625,14.65999984741211,343.6555480957031,174.63999938964844,353.22906494140625,51.8377685546875,158.58981323242188,7782.6376953125,643.5257568359375,47.47989273071289,126.70465850830078,255.47714233398438,90.03018188476562,527.8138427734375,245.48281860351562,567.1359252929688,283.67999267578125,587.280029296875,375.55999755859375,42.08000183105469,198.09718322753906,37.810001373291016,6.199999809265137,8.460000038146973,100.49766540527344,35.02519226074219,233.56588745117188,60.844627380371094,18.15999984741211,218.50999450683594,135.658203125,170.18943786621094,89.25,41.58000183105469,108.20999908447266,7.213162422180176,166.64999389648438,43.430198669433594
2022-07-26,25.989551544189453,524.9000244140625,187.5797119140625,149.92401123046875,14.430000305175781,340.73028564453125,173.52000427246094,355.3143310546875,50.803794860839844,154.80072021484375,7800.5703125,635.817138671875,46.32374572753906,126.78414154052734,257.10528564453125,91.17105865478516,529.92724609375,245.5126495361328,572.9628295898438,288.2200012207031,582.5599975585938,377.0,40.189998626708984,203.39292907714844,37.029998779296875,6.039999961853027,8.390000343322754,98.4180679321289,34.7470588684082,232.9899444580078,59.881988525390625,18.115999221801758,213.91000366210938,137.67674255371094,165.2808837890625,88.05999755859375,41.099998474121094,105.44000244140625,7.184348106384277,159.14999389648438,43.01422119140625
2022-07-27,25.935461044311523,528.0,188.89256286621094,152.6793670654297,15.149999618530273,342.7170715332031,174.97999572753906,360.1034851074219,52.32493209838867,155.57037353515625,7838.42724609375,646.2307739257812,47.1107063293457,126.58541107177734,256.41033935546875,92.4805908203125,532.937744140625,248.04812622070312,581.6181030273438,286.989990234375,587.9099731445312,385.9599914550781,43.2400016784668,204.1110076904297,37.029998779296875,6.150000095367432,8.461999893188477,102.9454345703125,35.4920654296875,236.22714233398438,61.09272766113281,18.47599983215332,226.75,140.1801300048828,177.84715270996094,88.12999725341797,41.09000015258789,113.5999984741211,7.289999961853027,169.5800018310547,43.865989685058594
2022-07-28,26.186256408691406,556.0999755859375,189.76780700683594,157.43946838378906,15.59000015258789,351.8822937011719,174.1199951171875,373.7425537109375,55.1186408996582,148.34739685058594,7878.27685546875,704.7889404296875,48.2655143737793,131.5637664794922,266.9534606933594,92.72860717773438,539.7962646484375,250.94154357910156,597.3197631835938,280.82000732421875,582.3699951171875,398.55999755859375,35.599998474121094,209.21726989746094,37.79499816894531,6.179999828338623,8.567999839782715,104.6369857788086,36.545005798339844,242.5228271484375,62.43247985839844,18.461999893188477,226.02000427246094,144.72186279296875,179.7865753173828,87.37000274658203,40.65999984741211,114.58999633789062,7.347628593444824,160.72000122070312,44.073978424072266
2022-07-29,26.441972732543945,556.9000244140625,190.4938507080078,161.35028076171875,15.0,353.22015380859375,177.74000549316406,376.0772399902344,55.13852310180664,155.0967254638672,7967.9384765625,697.288330078125,48.54908752441406,131.72276306152344,268.8694763183594,91.78614044189453,540.6436157226562,260.69561767578125,598.0892944335938,280.4100036621094,581.6900024414062,399.17999267578125,36.849998474121094,211.8501739501953,38.11000061035156,6.170000076293945,8.79800033569336,105.4529037475586,37.175777435302734,246.49485778808594,63.14701461791992,18.450000762939453,224.89999389648438,146.8294677734375,181.5760498046875,89.87000274658203,38.65999984741211,116.63999938964844,7.289999961853027,159.10000610351562,44.62862014770508
2022-08-01,26.564912796020508,552.9000244140625,193.04000854492188,163.4933319091797,15.399999618530273,349.9753723144531,178.47999572753906,375.2291564941406,55.2081184387207,157.68202209472656,7957.97607421875,688.0636596679688,49.028221130371094,130.15274047851562,266.67547607421875,92.34170532226562,533.7053833007812,256.4698486328125,589.2340698242188,273.8299865722656,576.6799926757812,398.1300048828125,36.810001373291016,210.34423828125,39.255001068115234,6.260000228881836,8.829999923706055,105.87081146240234,36.917510986328125,245.52171325683594,64.44707489013672,18.666000366210938,226.2100067138672,145.94882202148438,184.355224609375,89.95999908447266,37.31999969482422,115.4800033569336,7.150000095367432,159.92999267578125,44.98516845703125
2022-08-02,26.663265228271484,543.5,186.93321228027344,161.44903564453125,16.0,348.4478454589844,176.60000610351562,368.94342041015625,51.937191009521484,157.8990936279297,7973.916015625,682.3961791992188,48.2655143737793,128.5529022216797,264.6999206542969,92.47066497802734,533.78515625,251.05091857910156,585.7258911132812,273.8599853515625,574.9600219726562,398.92999267578125,36.91999816894531,210.90272521972656,38.88999938964844,6.349999904632568,8.913999557495117,104.46781921386719,36.361236572265625,242.41358947753906,61.7675666809082,18.81999969482422,221.4199981689453,144.85049438476562,185.2049560546875,89.16000366210938,37.81999969482422,115.9000015258789,7.03000020980835,160.19000244140625,43.836273193359375
2022-08-03,26.373126983642578,553.4000244140625,194.36280822753906,165.83387756347656,16.709999084472656,353.5596008300781,180.16000366210938,367.32708740234375,52.98110580444336,161.15536499023438,8089.47998046875,689.7777709960938,47.356136322021484,129.89437866210938,266.88397216796875,93.0262222290039,538.9589233398438,251.33924865722656,587.6648559570312,275.0299987792969,608.77001953125,406.8699951171875,38.5,215.88931274414062,39.470001220703125,6.460000038146973,8.850000381469727,108.46783447265625,37.0466423034668,243.99249267578125,61.43014907836914,18.649999618530273,226.72999572753906,147.13619995117188,188.87387084960938,93.0,39.220001220703125,118.77999877929688,6.900000095367432,168.8000030517578,44.02445602416992
2022-08-04,26.141998291015625,556.4000244140625,196.09339904785156,164.4907684326172,17.479999542236328,355.4964599609375,180.60000610351562,377.0450439453125,52.931392669677734,160.3264923095703,8113.3896484375,690.6101684570312,46.368534088134766,129.9241943359375,269.3063049316406,92.47066497802734,532.0804443359375,250.95147705078125,589.683837890625,274.8500061035156,614.9600219726562,405.0199890136719,37.459999084472656,212.14938354492188,39.76499938964844,6.519999980926514,8.79800033569336,110.50762939453125,37.7469482421875,255.928466796875,61.320980072021484,18.68600082397461,229.91000366210938,147.14610290527344,192.09291076660156,91.47000122070312,39.70000076293945,118.87000274658203,6.96999979019165,170.57000732421875,43.776851654052734
2022-08-05,25.984636306762695,543.5999755859375,198.0030059814453,164.0661163330078,14.59000015258789,356.93414306640625,177.13999938964844,375.7978820800781,52.116146087646484,161.8263397216797,8246.88671875,691.115478515625,45.752498626708984,130.56015014648438,270.21966552734375,92.54011535644531,533.3863525390625,253.21847534179688,589.9436645507812,288.0299987792969,613.6099853515625,407.7799987792969,37.47999954223633,212.2391357421875,42.04499816894531,6.619999885559082,8.87600040435791,109.07479858398438,37.44397735595703,260.8041687011719,60.914093017578125,18.827999114990234,226.77999877929688,147.0867156982422,189.83358764648438,91.31999969482422,38.5,118.22000122070312,7.150000095367432,167.11000061035156,44.97526550292969
2022-08-08,25.935461044311523,550.7999877929688,200.74807739257812,164.89569091796875,14.020000457763672,351.5927734375,177.9600067138672,377.2645568847656,52.50388717651367,163.79983520507812,8274.78125,690.6299438476562,46.77922058105469,130.39122009277344,271.0238037109375,92.83773803710938,534.9215087890625,254.3519744873047,583.6370849609375,293.95001220703125,630.6300048828125,407.0,38.790000915527344,210.7730712890625,40.744998931884766,6.349999904632568,9.020000457763672,107.293701171875,37.71714782714844,259.9402160644531,62.154605865478516,18.77400016784668,233.49000549316406,146.37428283691406,177.87713623046875,91.9000015258789,37.810001373291016,118.13999938964844,7.119999885559082,170.25,45.01488494873047
2022-08-09,25.78301429748535,545.9000244140625,194.1439971923828,163.06866455078125,13.100000381469727,345.9818115234375,178.1999969482422,376.23687744140625,51.45003128051758,163.6616973876953,8300.68359375,691.353271484375,46.2805290222168,132.06060791015625,274.1807556152344,92.36154174804688,535.5794677734375,251.4088592529297,580.5587158203125,298.8299865722656,622.1500244140625,388.6000061035156,35.40999984741211,209.50650024414062,39.9900016784668,6.199999809265137,9.14799976348877,99.16433715820312,37.424110412597656,256.9512634277344,57.103240966796875,19.04800033569336,229.94000244140625,144.87030029296875,170.8092498779297,90.54000091552734,37.75,117.5,7.050000190734863,168.52999877929688,44.658329010009766
2022-08-10,27.73530387878418,554.0,200.3402862548828,167.5621337890625,13.100000381469727,352.810791015625,178.9600067138672,392.3104553222656,55.17829513549805,167.50999450683594,8248.87890625,702.9559326171875,47.8841667175293,133.5610809326172,275.77911376953125,93.42304992675781,536.0380249023438,257.6331481933594,592.0325317382812,295.7699890136719,641.489990234375,400.2900085449219,37.790000915527344,216.13864135742188,40.5099983215332,6.329999923706055,9.02400016784668,104.52752685546875,37.9853515625,263.77325439453125,57.033775329589844,18.940000534057617,244.11000061035156,147.76947021484375,180.91624450683594,91.62000274658203,38.25,120.6500015258789,6.900000095367432,178.33999633789062,46.7778434753418
2022-08-11,27.454999923706055,559.7000122070312,201.0862274169922,167.49301147460938,13.680000305175781,350.0152893066406,179.36000061035156,385.2963562011719,56.33156967163086,168.97999572753906,8270.7958984375,682.9906616210938,49.888710021972656,133.3822021484375,271.9669189453125,93.29408264160156,531.1932373046875,257.2652893066406,592.222412109375,292.1600036621094,623.9000244140625,396.67999267578125,37.9900016784668,215.93919372558594,40.56999969482422,6.570000171661377,9.218000411987305,105.00513458251953,37.67741394042969,262.958984375,59.0384407043457,18.868000030517578,242.6999969482422,148.68475341796875,179.36669921875,91.55000305175781,39.029998779296875,119.81999969482422,7.130000114440918,177.49000549316406,47.1442985534668
2022-08-12,27.104999542236328,561.0,205.35302734375,170.33721923828125,13.680000305175781,353.6993408203125,182.0800018310547,391.0333557128906,56.94468307495117,171.60000610351562,8153.23974609375,698.100830078125,49.644248962402344,136.37319946289062,275.7096252441406,94.06790161132812,541.9993286132812,257.9414367675781,602.8867797851562,294.5199890136719,628.7100219726562,396.42999267578125,40.31999969482422,218.30282592773438,40.15999984741211,6.630000114440918,9.399999618530273,109.83101654052734,37.99528121948242,268.9865417480469,60.58659744262695,18.784000396728516,249.3000030517578,151.65945434570312,187.034423828125,91.58000183105469,38.439998626708984,122.6500015258789,7.110000133514404,180.5,47.758365631103516
2022-08-15,27.604999542236328,561.2999877929688,206.91453552246094,171.2359161376953,13.119999885559082,359.3702087402344,179.4600067138672,390.2052001953125,57.34345626831055,171.55999755859375,8408.27734375,708.2369995117188,49.06733322143555,137.50599670410156,279.48211669921875,94.44487762451172,542.9364013671875,258.6672668457031,604.166015625,305.5299987792969,643.2899780273438,390.8500061035156,40.93000030517578,216.1186981201172,40.349998474121094,6.300000190734863,9.36400032043457,109.23400115966797,38.432350158691406,272.1939392089844,59.27661895751953,18.81599998474121,249.11000061035156,151.63954162597656,190.2634735107422,91.91999816894531,38.310001373291016,122.87999725341797,7.0,180.88999938964844,47.83759689331055
2022-08-16,27.764999389648438,564.0999755859375,212.96163940429688,179.06680297851562,13.6899995803833,358.67132568359375,180.6199951171875,387.89044189453125,57.024436950683594,170.5,8340.533203125,708.5853271484375,49.722476959228516,136.2440185546875,276.4343566894531,94.55400848388672,544.4117431640625,257.6729431152344,601.7872924804688,303.0,648.7000122070312,382.239990234375,39.45000076293945,212.29896545410156,40.8849983215332,6.159999847412109,9.46399974822998,107.95040893554688,38.829689025878906,271.6279602050781,60.73545837402344,19.097999572753906,245.69000244140625,152.31607055664062,188.73390197753906,91.1500015258789,38.79999923706055,122.51000213623047,6.920000076293945,179.47000122070312,48.12482452392578
2022-08-17,28.104999542236328,563.5,214.2048797607422,174.24703979492188,13.260000228881836,354.75762939453125,178.66000366210938,386.8528137207031,56.36646270751953,168.67999267578125,8402.2998046875,703.4703369140625,47.972171783447266,136.52224731445312,275.4515075683594,94.15718841552734,543.2952880859375,252.55796813964844,595.7205810546875,299.2300109863281,636.3400268554688,374.010009765625,35.95000076293945,208.42938232421875,40.130001068115234,5.989999771118164,9.244000434875488,105.47279357910156,38.223751068115234,266.1266784667969,58.84307861328125,18.93199920654297,241.14999389648438,151.21176147460938,183.2955322265625,90.23999786376953,40.0099983215332,120.31999969482422,6.889999866485596,174.85000610351562,47.372100830078125
2022-08-18,28.104999542236328,562.7000122070312,215.29893493652344,171.9713134765625,13.1899995803833,356.78436279296875,179.17999267578125,386.50360107421875,55.65864562988281,168.5,8532.0,698.016845703125,48.06995391845703,135.76705932617188,273.4957580566406,94.48456573486328,543.5145874023438,249.6864013671875,594.691162109375,294.2900085449219,624.8300170898438,374.75,35.060001373291016,214.46315002441406,40.06999969482422,5.900000095367432,9.13599967956543,107.73150634765625,38.6061897277832,265.7294921875,60.47650146484375,18.799999237060547,245.1699981689453,152.56478881835938,187.67422485351562,89.83000183105469,39.59000015258789,120.86000061035156,6.989999771118164,174.66000366210938,48.47146987915039
2022-08-19,28.299999237060547,558.0999755859375,210.21658325195312,165.99876403808594,13.729999542236328,353.7093505859375,176.0,379.06048583984375,53.92398452758789,165.27999877929688,8560.0,693.4093017578125,47.53215026855469,133.233154296875,272.423583984375,94.24646759033203,546.6049194335938,248.57965087890625,588.2345581054688,299.0400085449219,618.3599853515625,373.739990234375,32.900001525878906,214.45318603515625,39.69499969482422,5.75,9.15999984741211,104.10960388183594,38.144287109375,261.85675048828125,57.93672561645508,18.833999633789062,241.16000366210938,150.06764221191406,178.43698120117188,90.45999908447266,39.58000183105469,118.12000274658203,7.190000057220459,167.9600067138672,47.213626861572266
2022-08-22,28.315000534057617,540.5,208.85398864746094,160.950439453125,12.710000038146973,344.9534912109375,174.0,375.5983581542969,52.757572174072266,163.0800018310547,8582.0,672.0733642578125,44.84312057495117,130.1129913330078,267.79730224609375,92.35161590576172,542.8666381835938,242.77671813964844,575.80126953125,293.8399963378906,612.0999755859375,358.3999938964844,32.709999084472656,211.8202667236328,38.165000915527344,5.519999980926514,8.894000053405762,100.30860900878906,37.543312072753906,259.08624267578125,56.93077850341797,18.986000061035156,226.5399932861328,145.9985809326172,170.28939819335938,88.0,39.06999969482422,115.06999969482422,7.010000228881836,163.0500030517578,46.39157485961914
2022-08-23,28.104999542236328,538.7000122070312,206.34762573242188,160.9603729248047,12.789999961853027,340.3409118652344,173.5,371.9565734863281,52.667850494384766,163.60000610351562,8334.0,664.5401000976562,45.39070129394531,127.6486587524414,263.31005859375,89.50438690185547,534.1240234375,238.1503143310547,572.6629028320312,286.25,602.530029296875,356.9100036621094,32.7599983215332,209.68600463867188,37.69499969482422,5.559999942779541,8.913999557495117,101.42304229736328,37.64264678955078,259.4933776855469,57.36901092529297,18.75200080871582,224.5500030517578,145.5608367919922,171.7589569091797,87.0999984741211,39.790000915527344,114.7699966430664,6.909999847412109,161.11000061035156,46.49061584472656
2022-08-24,27.975000381469727,543.5999755859375,207.2825469970703,162.11314392089844,13.520000457763672,339.1628112792969,172.74000549316406,374.8600158691406,52.9968376159668,162.6199951171875,8400.0,668.212158203125,44.97024154663086,130.29185485839844,262.56549072265625,88.57183837890625,534.781982421875,232.11802673339844,572.8428955078125,291.0299987792969,602.7899780273438,360.54998779296875,33.65999984741211,209.8555450439453,37.435001373291016,5.849999904632568,8.75,101.23350524902344,36.72380828857422,260.8835754394531,56.771419525146484,18.75200080871582,229.61000061035156,144.77488708496094,172.16883850097656,86.26000213623047,40.11000061035156,114.69999694824219,6.630000114440918,163.25999450683594,46.173683166503906
2022-08-25,27.950000762939453,543.5,209.81874084472656,166.45590209960938,13.5600004196167,344.1148376464844,174.0800018310547,379.6199951171875,54.252967834472656,164.16000366210938,8410.0,686.1845703125,45.351593017578125,131.9413604736328,266.2982482910156,91.4091567993164,539.8760375976562,236.36553955078125,585.1561889648438,291.2200012207031,603.7999877929688,371.2099914550781,35.0099983215332,212.98712158203125,37.904998779296875,5.659999847412109,8.684000015258789,104.74495697021484,38.104549407958984,264.7265319824219,58.30524444580078,18.92799949645996,233.97999572753906,147.29193115234375,179.07679748535156,86.54000091552734,42.29999923706055,117.69999694824219,6.78000020980835,168.77999877929688,47.441429138183594
2022-08-26,27.520000457763672,528.9000244140625,199.90267944335938,159.61878967285156,13.15999984741211,331.42529296875,170.5,364.05999755859375,51.471534729003906,162.10000610351562,8268.0,667.4857177734375,43.9141845703125,127.53935241699219,259.2992858886719,88.72064971923828,527.5945434570312,228.4886932373047,563.4078979492188,281.67999267578125,596.1799926757812,349.8999938964844,32.099998474121094,204.4301300048828,36.900001525878906,5.570000171661377,8.460000038146973,98.56002044677734,37.62774658203125,260.39703369140625,55.685791015625,18.549999237060547,223.27999877929688,140.3576202392578,162.55169677734375,86.23999786376953,41.2599983215332,111.30000305175781,6.880000114440918,161.77999877929688,41.03337097167969
2022-08-29,27.485000610351562,517.0999755859375,199.9822540283203,157.70082092285156,13.199999809265137,328.8194885253906,170.66000366210938,361.0,50.99300765991211,,,656.131103515625,43.562171936035156,126.48604583740234,257.8399353027344,88.20478057861328,528.1129150390625,228.9971923828125,556.3916625976562,281.6000061035156,592.77001953125,349.04998779296875,31.100000381469727,203.53256225585938,36.470001220703125,5.5,8.607999801635742,96.30550384521484,37.62774658203125,258.8777160644531,55.47663116455078,18.781999588012695,224.57000732421875,139.98951721191406,157.9630584716797,83.22000122070312,40.75,110.33999633789062,6.559999942779541,159.1699981689453,40.201412200927734
2022-08-30,27.334999084472656,515.5,196.153076171875,159.7777862548828,13.289999961853027,327.281982421875,170.33999633789062,355.55999755859375,50.54438781738281,164.6999969482422,8176.0,652.7078247070312,43.41544723510742,124.85639953613281,251.56565856933594,86.55794525146484,521.20458984375,227.34205627441406,553.992919921875,281.3599853515625,588.3900146484375,348.8399963378906,31.110000610351562,201.2387237548828,36.869998931884766,5.550000190734863,8.61400032043457,94.2904052734375,36.912540435791016,254.06161499023438,54.58024215698242,18.8439998626709,220.64999389648438,138.52703857421875,154.63404846191406,86.5,40.0,109.91000366210938,6.46999979019165,157.16000366210938,39.31002426147461
2022-08-31,27.399999618530273,503.0,193.08973693847656,159.3405303955078,13.239999771118164,323.8475036621094,168.8800048828125,352.17999267578125,50.40481948852539,164.5,8102.0,654.1806030273438,43.49422073364258,123.72360229492188,252.21096801757812,87.22262573242188,517.70556640625,224.61009216308594,545.0277709960938,281.760009765625,581.0599975585938,347.6199951171875,31.059999465942383,197.33920288085938,36.654998779296875,5.53000020980835,8.538000106811523,93.84149932861328,36.54996871948242,250.68536376953125,54.01252746582031,18.802000045776367,223.55999755859375,135.9403533935547,150.89515686035156,85.80000305175781,41.29999923706055,109.1500015258789,6.5,162.92999267578125,37.923431396484375
2022-09-01,27.350000381469727,492.20001220703125,194.70095825195312,163.81248474121094,13.1899995803833,324.7261047363281,168.27999877929688,351.9700012207031,49.976139068603516,161.39999389648438,7928.0,650.1303100585938,42.893558502197266,123.51493072509766,255.77499389648438,87.82778930664062,522.3609619140625,226.42474365234375,550.454833984375,290.20001220703125,600.6300048828125,349.92999267578125,30.799999237060547,198.91497802734375,35.849998474121094,5.429999828338623,8.597999572753906,91.58699035644531,35.5218620300293,248.25250244140625,53.24561309814453,18.5939998626709,230.0399932861328,138.0594482421875,139.32859802246094,84.5999984741211,41.18000030517578,110.55000305175781,6.440000057220459,165.36000061035156,37.28955841064453
2022-09-02,27.5,496.1000061035156,194.4523162841797,163.57398986816406,13.0600004196167,322.0404357910156,168.94000244140625,347.6300048828125,49.098838806152344,168.63999938964844,8006.0,628.0977172851562,43.68132019042969,121.12014770507812,249.0341339111328,86.50833892822266,514.73486328125,225.07870483398438,543.2586669921875,281.0400085449219,580.6199951171875,343.8299865722656,30.18000030517578,199.49342346191406,35.459999084472656,5.409999847412109,8.692000389099121,91.01837158203125,36.624473571777344,244.80674743652344,53.06633377075195,18.722000122070312,226.11000061035156,136.5969696044922,136.42945861816406,84.5999984741211,41.41999816894531,108.68000030517578,6.239999771118164,160.32000732421875,37.428218841552734
2022-09-05,27.139999389648438,494.25,,,,,168.86000061035156,,,166.5,7956.0,,,,,,,,,,,,,,35.61000061035156,,8.942000389099121,,35.42253112792969,,,18.899999618530273,,,,86.0,,,6.210000038146973,,
2022-09-06,27.299999237060547,499.5,191.91612243652344,162.5603485107422,12.630000114440918,323.5579833984375,168.60000610351562,356.7900085449219,48.37107849121094,167.8800048828125,7968.0,628.7744750976562,44.27213668823242,123.0180892944336,252.3400115966797,85.51626586914062,516.0607299804688,225.43765258789062,544.8578491210938,279.17999267578125,573.969970703125,341.7300109863281,29.030000686645508,200.17160034179688,35.625,5.309999942779541,8.892000198364258,90.07068634033203,35.591400146484375,244.4492645263672,52.88705825805664,18.889999389648438,218.38999938964844,137.75103759765625,134.61000061035156,85.5999984741211,39.27000045776367,107.4800033569336,6.190000057220459,158.5399932861328,36.93300247192383
2022-09-07,27.40999984741211,511.70001220703125,200.21099853515625,169.7253875732422,12.680000305175781,328.0906677246094,168.13999938964844,363.5299987792969,49.27828598022461,164.10000610351562,7944.0,644.0599365234375,45.148521423339844,125.83020782470703,257.62152099609375,86.41905212402344,520.0482177734375,231.2605438232422,551.42431640625,284.44000244140625,596.4400024414062,354.67999267578125,30.600000381469727,211.59088134765625,35.994998931884766,5.199999809265137,8.994000434875488,91.71668243408203,35.79999923706055,252.00607299804688,53.155975341796875,18.95800018310547,228.9600067138672,140.54664611816406,137.13999938964844,85.5999984741211,39.86000061035156,110.4800033569336,6.079999923706055,160.38999938964844,37.616397857666016
2022-09-08,27.530000686645508,515.4000244140625,203.2743377685547,170.82847595214844,12.539999961853027,329.538330078125,167.83999633789062,367.05999755859375,49.91632080078125,166.25999450683594,8004.0,647.7420043945312,47.177005767822266,127.10213470458984,259.77581787109375,87.19286346435547,525.8599853515625,237.57200622558594,566.25634765625,288.989990234375,708.8499755859375,364.95001220703125,32.40999984741211,215.63002014160156,35.30500030517578,5.059999942779541,8.862000465393066,93.56218719482422,36.029998779296875,252.05572509765625,53.41493225097656,18.770000457763672,227.44000244140625,142.50656127929688,139.89999389648438,86.19999694824219,38.560001373291016,109.41999816894531,6.0,162.05999755859375,38.13142013549805
2022-09-09,27.899999618530273,522.2000122070312,204.53746032714844,172.56756591796875,13.029999732971191,335.30902099609375,168.0,369.4200134277344,51.3419303894043,168.83999633789062,8004.0,654.6981201171875,47.55119323730469,128.81126403808594,259.6963806152344,89.01827239990234,524.3400268554688,237.62185668945312,569.0949096679688,292.1099853515625,724.3200073242188,374.1300048828125,33.459999084472656,219.11065673828125,36.35499954223633,5.070000171661377,9.052000045776367,96.27558135986328,36.630001068115234,255.1737823486328,55.36707305908203,19.57200050354004,233.57000732421875,144.9639129638672,143.8699951171875,86.19999694824219,38.83000183105469,111.77999877929688,6.099999904632568,169.14999389648438,39.4090690612793
2022-09-12,28.434999465942383,530.0999755859375,205.2834014892578,172.76632690429688,13.3100004196167,337.8749084472656,176.8000030517578,371.5,52.518310546875,173.9600067138672,8098.0,662.2412719726562,48.417724609375,129.37765502929688,263.1710510253906,91.32978820800781,531.25,240.56321716308594,578.879638671875,293.4800109863281,710.739990234375,376.5899963378906,34.20000076293945,221.76351928710938,37.75,4.960000038146973,9.15999984741211,96.06608581542969,37.5,261.65814208984375,55.87502670288086,19.408000946044922,236.52999877929688,146.8541717529297,145.0500030517578,87.5999984741211,39.4900016784668,111.87000274658203,,168.9600067138672,39.9141845703125
2022-09-13,28.684999465942383,523.0999755859375,192.58250427246094,165.20376586914062,12.949999809265137,324.9158020019531,173.0,356.510009765625,49.846534729003906,171.94000244140625,8004.0,633.1829833984375,45.54240417480469,124.29000091552734,252.78677368164062,89.60359191894531,513.9600219726562,227.7608184814453,559.52001953125,280.6700134277344,701.3900146484375,350.42999267578125,31.309999465942383,211.47119140625,36.665000915527344,4.78000020980835,9.149999618530273,90.17044067382812,36.599998474121094,254.28997802734375,52.7575798034668,19.222000122070312,218.1300048828125,141.78028869628906,131.30999755859375,85.5999984741211,38.29999923706055,105.30999755859375,6.340000152587891,153.1300048828125,37.93333435058594
2022-09-14,27.899999618530273,519.0999755859375,191.3491973876953,164.34912109375,12.710000038146973,325.32513427734375,172.66000366210938,351.1600036621094,49.986106872558594,169.89999389648438,7900.0,623.6394653320312,45.493167877197266,121.08000183105469,249.9971160888672,89.90121459960938,509.7699890136719,222.30685424804688,558.1300048828125,284.8599853515625,697.6199951171875,350.4700012207031,31.670000076293945,208.1999969482422,36.224998474121094,4.699999809265137,8.960000038146973,90.41983032226562,35.404998779296875,253.3962860107422,52.936859130859375,19.09000015258789,224.1199951171875,142.36727905273438,131.27999877929688,85.5999984741211,38.27000045776367,105.87000274658203,6.150000095367432,151.47000122070312,37.76496124267578
2022-09-15,27.649999618530273,504.20001220703125,190.00650024414062,163.98141479492188,13.170000076293945,316.4494323730469,173.39999389648438,347.05999755859375,49.487640380859375,172.24000549316406,7802.0,613.3297729492188,45.09928894042969,116.22000122070312,243.28604125976562,89.90121459960938,522.9099731445312,223.46343994140625,551.97998046875,287.6700134277344,705.8499755859375,349.8399963378906,31.889999389648438,208.97000122070312,35.915000915527344,4.710000038146973,8.739999771118164,88.70401000976562,35.6150016784668,246.73318481445312,52.89701843261719,19.1299991607666,235.3800048828125,140.38746643066406,129.2899932861328,84.44999694824219,37.790000915527344,103.9000015258789,6.139999866485596,149.5500030517578,37.28955841064453
2022-09-16,27.645000457763672,494.1499938964844,190.7723388671875,163.06715393066406,12.739999771118164,314.6224060058594,174.5399932861328,346.07000732421875,48.37107849121094,171.13999938964844,7786.0,621.7188720703125,46.182456970214844,113.66999816894531,244.1100311279297,89.53414916992188,521.02001953125,223.33383178710938,541.280029296875,289.7099914550781,710.2999877929688,342.55999755859375,30.489999771118164,209.6699981689453,33.599998474121094,4.769999980926514,8.600000381469727,88.65413665771484,35.189998626708984,245.63095092773438,52.309383392333984,18.802000045776367,240.1300048828125,137.56201171875,131.97999572753906,82.11000061035156,37.0099983215332,103.62999725341797,6.070000171661377,146.2899932861328,37.596588134765625
2022-09-19,27.584999084472656,493.1499938964844,194.04454040527344,163.7329864501953,13.15999984741211,313.524169921875,175.3000030517578,344.69000244140625,49.35803985595703,,,622.9230346679688,46.349857330322266,112.80000305175781,245.7083740234375,88.96866607666016,523.5499877929688,222.89512634277344,539.6699829101562,285.1400146484375,715.3400268554688,339.6700134277344,30.1299991607666,208.38999938964844,33.70500183105469,4.880000114440918,8.579999923706055,89.50206756591797,35.529998779296875,247.6368408203125,54.400962829589844,19.027999877929688,243.6300048828125,139.50201416015625,133.82000732421875,82.05000305175781,37.040000915527344,103.8499984741211,6.119999885559082,148.02000427246094,37.45792770385742
2022-09-20,27.204999923706055,495.3999938964844,189.37991333007812,159.032470703125,13.210000038146973,312.765380859375,171.3800048828125,339.3500061035156,47.53365707397461,170.9199981689453,7548.0,613.5089111328125,45.12882995605469,110.93000030517578,236.17787170410156,87.75834655761719,522.7999877929688,219.56491088867188,532.1599731445312,286.94000244140625,704.219970703125,338.0,29.450000762939453,201.75999450683594,33.099998474121094,4.769999980926514,8.199999809265137,87.90596008300781,34.22999954223633,243.17820739746094,52.22970199584961,18.718000411987305,242.85000610351562,138.4673309326172,131.75999450683594,81.83000183105469,37.22999954223633,101.83000183105469,6.159999847412109,146.08999633789062,36.59626007080078
2022-09-21,27.125,501.5,187.34100341796875,158.0386962890625,12.220000267028809,304.009521484375,172.27999877929688,334.8800048828125,45.97844314575195,167.8000030517578,7728.0,617.1909790039062,43.435142517089844,108.55000305175781,232.45501708984375,85.05000305175781,512.0800170898438,212.7748565673828,525.6900024414062,280.3999938964844,684.6300048828125,333.4800109863281,28.84000015258789,198.83999633789062,32.61000061035156,4.760000228881836,8.407999992370605,86.87845611572266,34.93000030517578,239.77220153808594,52.49862289428711,18.673999786376953,236.8699951171875,137.12425231933594,132.61000061035156,82.91999816894531,35.91999816894531,100.01000213623047,6.090000152587891,142.1199951171875,36.42788314819336
2022-09-22,27.30500030517578,495.5,187.102294921875,152.0065460205078,12.010000228881836,297.87939453125,173.44000244140625,322.3699951171875,44.9715461730957,166.25999450683594,7468.0,606.3040161132812,42.20426940917969,108.54000091552734,231.09494018554688,83.55999755859375,517.4600219726562,212.40594482421875,520.2899780273438,286.3399963378906,688.260009765625,326.0799865722656,27.959999084472656,194.05999755859375,31.559999465942383,4.800000190734863,8.406000137329102,84.83343505859375,33.97999954223633,236.85275268554688,50.715797424316406,18.61199951171875,237.0500030517578,134.43807983398438,125.61000061035156,81.38999938964844,35.70000076293945,100.56999969482422,5.900000095367432,142.82000732421875,35.93267059326172
2022-09-23,26.78499984741211,477.20001220703125,187.1122589111328,151.65872192382812,11.789999961853027,293.1070861816406,168.9600067138672,317.8599853515625,43.755287170410156,161.86000061035156,7468.0,590.2522583007812,41.02262496948242,108.5999984741211,227.15367126464844,82.66000366210938,513.6099853515625,211.0399627685547,520.7899780273438,283.45001220703125,697.3300170898438,334.20001220703125,26.969999313354492,191.5,30.174999237060547,4.820000171661377,8.206000328063965,84.08525848388672,32.95500183105469,235.4128875732422,49.48077392578125,18.31800079345703,226.41000366210938,133.45315551757812,125.16000366210938,79.23999786376953,34.869998931884766,99.16999816894531,5.869999885559082,140.41000366210938,35.17995071411133
2022-09-26,26.635000228881836,473.04998779296875,185.013671875,147.7830352783203,11.40999984741211,289.6427001953125,166.63999938964844,315.42999267578125,43.52599334716797,157.5970001220703,7489.15185546875,578.768310546875,38.669193267822266,104.16000366210938,219.7675323486328,81.33000183105469,508.3599853515625,209.8135528564453,514.3099975585938,276.7799987792969,686.0999755859375,331.2200012207031,26.420000076293945,187.24000549316406,30.075000762939453,4.769999980926514,8.041999816894531,82.73854064941406,32.93000030517578,229.88180541992188,48.20590591430664,17.847999572753906,224.07000732421875,132.8462677001953,122.27999877929688,82.51000213623047,36.0,98.80999755859375,5.860000133514404,136.3699951171875,34.3677978515625
2022-09-27,26.959999084472656,458.3999938964844,186.6547393798828,147.54452514648438,11.319999694824219,286.0185546875,163.3000030517578,313.2699890136719,43.795166015625,155.83999633789062,7622.0,564.9357299804688,38.846435546875,102.27999877929688,219.00311279296875,80.88999938964844,508.3699951171875,206.03465270996094,508.6600036621094,284.739990234375,695.010009765625,329.7300109863281,26.6299991607666,184.30999755859375,30.25,4.579999923706055,7.860000133514404,83.94560241699219,32.834999084472656,229.14697265625,49.02261734008789,17.81599998474121,224.36000061035156,130.62770080566406,124.12999725341797,82.25,35.279998779296875,98.08999633789062,5.860000133514404,134.39999389648438,34.38760757446289
2022-09-28,26.875,462.70001220703125,193.47763061523438,154.8983917236328,11.789999961853027,289.71258544921875,162.44000244140625,314.7699890136719,44.88182067871094,151.0800018310547,7696.0,573.7029418945312,41.10140609741211,103.93000030517578,219.45977783203125,82.58999633789062,513.9400024414062,211.39889526367188,517.8300170898438,292.4100036621094,705.4199829101562,334.0299987792969,28.200000762939453,189.94000244140625,31.09000015258789,4.610000133514404,7.992000102996826,85.79110717773438,33.189998626708984,233.3275604248047,51.462791442871094,17.941999435424805,245.1999969482422,133.22433471679688,127.36000061035156,81.7699966430664,35.790000915527344,100.73999786376953,5.760000228881836,141.61000061035156,34.952152252197266
2022-09-29,26.010000228881836,455.04998779296875,189.4296417236328,150.8438262939453,11.65999984741211,286.3080749511719,159.0399932861328,310.42999267578125,43.16709899902344,144.66000366210938,7598.0,558.666259765625,38.840423583984375,101.19000244140625,212.17291259765625,82.2699966430664,508.8299865722656,207.3906707763672,516.6099853515625,292.79998779296875,691.8200073242188,331.80999755859375,26.229999542236328,187.67999267578125,30.5,4.510000228881836,7.806000232696533,84.2149429321289,32.21500015258789,230.13998413085938,50.74568176269531,17.582000732421875,239.7100067138672,133.4630889892578,122.19999694824219,83.33999633789062,34.27000045776367,98.08999633789062,5.349999904632568,136.41000366210938,33.86267852783203
2022-09-30,26.135000228881836,458.54998779296875,186.79397583007812,147.46502685546875,11.5,283.8819885253906,160.77999877929688,305.3500061035156,42.868019104003906,144.3000030517578,7628.0,566.0801391601562,39.842437744140625,101.5999984741211,213.14581298828125,80.75,505.0400085449219,204.21002197265625,507.19000244140625,289.5400085449219,688.8699951171875,325.79998779296875,25.350000381469727,183.7899932861328,30.80500030517578,4.460000038146973,7.860000133514404,81.73099517822266,33.06999969482422,232.72999572753906,50.984718322753906,17.474000930786133,235.44000244140625,132.67713928222656,121.38999938964844,82.41999816894531,33.81999969482422,96.1500015258789,5.460000038146973,135.67999267578125,33.842872619628906
2022-10-03,25.9950008392334,454.79998779296875,192.8709259033203,150.8438262939453,11.949999809265137,290.0121154785156,162.47999572753906,314.7900085449219,43.835044860839844,145.0800018310547,7640.0,576.0913696289062,39.94164276123047,104.36000061035156,215.59793090820312,82.69999694824219,515.510009765625,211.17955017089844,522.9299926757812,297.42999267578125,735.1300048828125,336.67999267578125,25.8700008392334,193.25999450683594,31.559999465942383,4.650000095367432,8.105999946594238,86.04049682617188,33.275001525878906,238.3300018310547,52.22970199584961,17.81999969482422,239.0399932861328,137.08445739746094,125.12000274658203,83.33000183105469,33.79999923706055,99.30000305175781,5.369999885559082,138.61000061035156,35.536502838134766
2022-10-04,26.31999969482422,480.5,196.35198974609375,155.9816131591797,12.359999656677246,300.78472900390625,167.97999572753906,323.54998779296875,47.244544982910156,150.74000549316406,7718.0,584.97802734375,41.13215637207031,105.98999786376953,218.48687744140625,84.5,523.1699829101562,215.377197265625,539.9299926757812,300.6400146484375,739.5399780273438,348.5899963378906,28.0,203.89999389648438,32.685001373291016,4.760000228881836,8.253999710083008,89.19282531738281,35.095001220703125,247.9600067138672,54.898956298828125,18.173999786376953,240.74000549316406,142.7453155517578,131.6699981689453,89.37999725341797,35.310001373291016,102.41000366210938,,140.27999877929688,37.101375579833984
2022-10-05,25.920000076293945,464.6000061035156,197.95327758789062,155.43504333496094,12.220000267028809,303.71002197265625,167.39999389648438,321.6499938964844,47.14485549926758,147.6199951171875,7790.0,575.6036376953125,39.34638977050781,105.44000244140625,212.58987426757812,85.05000305175781,527.0700073242188,214.40008544921875,546.27001953125,302.0199890136719,745.6799926757812,350.1199951171875,27.030000686645508,202.5399932861328,32.349998474121094,4.78000020980835,8.116000175476074,89.00328826904297,34.58000183105469,242.8000030517578,54.72964096069336,18.1299991607666,236.72999572753906,143.76010131835938,132.08999633789062,86.22000122070312,35.209999084472656,102.22000122070312,5.71999979019165,138.97999572753906,37.4975471496582
2022-10-06,25.575000762939453,456.0,198.89813232421875,154.77914428710938,12.489999771118164,299.2300109863281,164.6999969482422,316.1700134277344,46.89562225341797,144.8000030517578,7682.0,554.7254638671875,39.147972106933594,101.91999816894531,201.60000610351562,84.41999816894531,519.1300048828125,209.65402221679688,540.5900268554688,298.6300048828125,731.8599853515625,346.0199890136719,26.809999465942383,201.52999877929688,31.96500015258789,4.769999980926514,7.829999923706055,87.90596008300781,33.91999816894531,238.58999633789062,54.898956298828125,17.695999145507812,240.02000427246094,141.72059631347656,131.3000030517578,87.27999877929688,35.150001525878906,102.23999786376953,5.679999828338623,139.07000732421875,37.121185302734375
2022-10-07,25.59000015258789,449.5,196.14312744140625,151.39039611816406,11.979999542236328,294.9700012207031,164.5399932861328,304.5299987792969,44.76219177246094,143.47999572753906,7546.0,539.2310180664062,38.10627365112305,100.36000061035156,194.6300048828125,82.41999816894531,504.8500061035156,205.00767517089844,523.6099853515625,295.2300109863281,722.3699951171875,333.239990234375,25.1299991607666,200.4600067138672,30.90999984741211,4.789999961853027,7.748000144958496,82.39936065673828,33.095001220703125,231.75,53.66393280029297,17.56599998474121,224.75,136.12937927246094,120.76000213623047,86.0199966430664,33.7599983215332,99.56999969482422,5.510000228881836,133.4499969482422,34.26875305175781
2022-10-10,26.385000228881836,443.54998779296875,193.84561157226562,152.1456756591797,12.020000457763672,291.7799987792969,165.02000427246094,298.7200012207031,44.85191345214844,143.24000549316406,7540.0,525.3685913085938,37.749122619628906,98.9000015258789,189.5800018310547,81.83999633789062,498.8599853515625,205.10739135742188,510.8399963378906,294.5400085449219,730.9199829101562,324.7200012207031,24.920000076293945,199.08999633789062,32.375,4.75,7.803999900817871,78.99765014648438,33.5099983215332,232.44000244140625,54.3710823059082,17.697999954223633,229.97999572753906,135.6816864013672,116.69999694824219,85.02999877929688,33.15999984741211,98.70999908447266,5.449999809265137,133.7899932861328,34.149906158447266
2022-10-11,27.014999389648438,445.25,195.36734008789062,153.5369415283203,11.600000381469727,286.04998779296875,163.8000030517578,294.7200012207031,44.004520416259766,140.16000366210938,7434.0,521.7562255859375,37.620147705078125,100.62999725341797,189.27000427246094,81.88999938964844,499.80999755859375,203.70152282714844,500.80999755859375,295.1600036621094,737.4099731445312,325.7099914550781,24.709999084472656,202.69000244140625,32.45500183105469,4.699999809265137,7.599999904632568,76.11466979980469,33.290000915527344,231.2100067138672,55.16787338256836,17.690000534057617,214.2899932861328,135.72146606445312,115.86000061035156,84.27999877929688,32.04999923706055,98.05000305175781,5.429999828338623,128.5399932861328,33.54574203491211
2022-10-12,26.889999389648438,445.45001220703125,192.82119750976562,153.19906616210938,11.65999984741211,283.3800048828125,164.0800018310547,291.1700134277344,44.2437858581543,135.67999267578125,7356.0,509.3765563964844,37.44157409667969,100.43000030517578,183.7899932861328,80.30999755859375,499.9599914550781,204.22996520996094,500.6700134277344,290.1300048828125,728.0599975585938,328.1199951171875,25.030000686645508,200.49000549316406,32.619998931884766,4.480000019073486,7.4120001792907715,75.82537078857422,32.69499969482422,229.32000732421875,54.142005920410156,17.719999313354492,220.8699951171875,134.75643920898438,115.0,84.5199966430664,32.16999816894531,98.30000305175781,5.510000228881836,127.5,33.44670104980469
2022-10-13,27.329999923706055,443.20001220703125,192.1150360107422,153.1593017578125,12.5,293.9599914550781,168.17999267578125,292.2799987792969,45.380287170410156,142.5399932861328,7300.0,519.9749145507812,38.036827087402344,102.5199966430664,189.85000610351562,83.5,509.9100036621094,208.67689514160156,510.5400085449219,296.5400085449219,752.5599975585938,335.2200012207031,24.56999969482422,206.0,33.224998474121094,4.699999809265137,7.691999912261963,79.22708892822266,33.2599983215332,237.99000549316406,53.644012451171875,17.642000198364258,232.50999450683594,137.39288330078125,119.5999984741211,85.4000015258789,31.469999313354492,99.70999908447266,5.380000114440918,130.2899932861328,34.655025482177734
2022-10-14,27.469999313354492,448.0,187.93775939941406,144.7818603515625,12.430000305175781,288.69000244140625,167.44000244140625,286.6199951171875,44.18396759033203,142.82000732421875,7292.0,502.93798828125,38.30469512939453,99.52999877929688,185.77999877929688,81.61000061035156,513.1300048828125,208.0487518310547,503.04998779296875,293.2099914550781,736.0599975585938,324.6400146484375,23.15999984741211,201.47000122070312,33.099998474121094,4.409999847412109,7.874000072479248,74.63825988769531,33.095001220703125,232.52999877929688,52.89701843261719,17.788000106811523,230.0,133.62228393554688,112.2699966430664,87.98999786376953,31.010000228881836,97.18000030517578,5.53000020980835,126.76000213623047,33.932010650634766
2022-10-17,27.40999984741211,462.8999938964844,193.04000854492188,148.31967163085938,12.319999694824219,295.0400085449219,170.97999572753906,297.3900146484375,45.04132843017578,145.39999389648438,7324.0,524.3634643554688,39.37615203857422,105.2300033569336,192.49000549316406,82.76000213623047,521.8800048828125,211.8076934814453,517.22998046875,297.0199890136719,735.9600219726562,339.489990234375,24.6299991607666,206.30999755859375,33.76499938964844,4.610000133514404,8.065999984741211,74.22926330566406,33.720001220703125,237.36000061035156,54.888999938964844,18.020000457763672,245.10000610351562,137.5122528076172,118.87999725341797,87.62000274658203,31.93000030517578,100.77999877929688,5.610000133514404,134.0399932861328,34.1400032043457
2022-10-18,27.645000457763672,465.5,193.1999969482422,156.2499237060547,12.880000114440918,300.3800048828125,171.10000610351562,300.80999755859375,46.297462463378906,147.5,7474.0,537.5890502929688,38.92971420288086,105.8499984741211,197.22000122070312,84.0999984741211,522.2100219726562,212.36605834960938,524.4000244140625,300.1700134277344,722.7100219726562,342.1600036621094,25.450000762939453,210.02000427246094,34.599998474121094,4.769999980926514,8.107999801635742,75.04727172851562,34.27000045776367,242.3699951171875,56.0244255065918,18.04199981689453,240.86000061035156,139.91986083984375,119.66999816894531,89.63999938964844,31.90999984741211,101.38999938964844,5.670000076293945,132.8000030517578,34.560001373291016
2022-10-19,27.665000915527344,459.0,183.94000244140625,154.42138671875,12.609999656677246,297.760009765625,172.47999572753906,296.8699951171875,45.629520416259766,144.3000030517578,7460.0,522.9703369140625,36.94552993774414,102.01000213623047,190.99000549316406,83.66000366210938,520.3200073242188,208.20828247070312,505.6099853515625,292.0199890136719,709.3699951171875,335.489990234375,24.25,209.19000244140625,34.3849983215332,4.78000020980835,8.026000022888184,77.07233428955078,34.369998931884766,241.4499969482422,53.74361038208008,18.299999237060547,272.3800048828125,138.28826904296875,120.51000213623047,88.45999908447266,30.15999984741211,100.29000091552734,5.670000076293945,133.22999572753906,34.4900016784668
2022-10-20,27.325000762939453,469.6000061035156,178.3000030517578,153.43756103515625,12.920000076293945,296.2799987792969,172.22000122070312,292.0299987792969,44.772159576416016,145.33999633789062,7416.0,523.6470336914062,37.411808013916016,102.45999908447266,188.0,82.44999694824219,520.8800048828125,210.5414276123047,486.8599853515625,290.1600036621094,705.8900146484375,331.20001220703125,23.920000076293945,208.61000061035156,34.54499816894531,4.769999980926514,8.005999565124512,78.46894073486328,34.73500061035156,238.32000732421875,52.638057708740234,18.082000732421875,268.1600036621094,134.56741333007812,121.94000244140625,91.20999908447266,29.729999542236328,100.52999877929688,5.710000038146973,131.52999877929688,34.86000061035156
2022-10-21,27.415000915527344,454.1000061035156,182.3699951171875,158.1977081298828,13.489999771118164,302.3699951171875,174.0,295.94000244140625,46.19776916503906,145.0399932861328,7350.0,532.0062255859375,37.00505065917969,103.08000183105469,187.55999755859375,83.26000213623047,533.72998046875,211.08981323242188,496.739990234375,300.0,713.9099731445312,337.6499938964844,24.030000686645508,196.66000366210938,34.31999969482422,4.880000114440918,7.995999813079834,82.21980285644531,34.04999923706055,241.2899932861328,55.51647186279297,18.077999114990234,289.57000732421875,138.6165771484375,124.66000366210938,89.3499984741211,29.920000076293945,101.4800033569336,5.769999980926514,130.00999450683594,36.849998474121094
2022-10-24,27.934999465942383,456.3999938964844,187.61000061035156,160.8113250732422,13.180000305175781,305.6000061035156,177.0,300.3900146484375,46.118011474609375,148.94000244140625,7366.0,528.5828857421875,37.580467224121094,103.37000274658203,185.39999389648438,83.87999725341797,541.5999755859375,214.08102416992188,505.010009765625,310.5,737.1500244140625,344.94000244140625,24.6299991607666,210.36000061035156,34.834999084472656,4.659999847412109,8.17199993133545,84.73368072509766,34.630001068115234,243.9199981689453,55.94474411010742,18.253999710083008,282.45001220703125,140.84510803222656,125.98999786376953,90.44000244140625,25.68000030517578,102.97000122070312,5.579999923706055,129.72000122070312,37.279998779296875
2022-10-25,28.139999389648438,472.3999938964844,193.85000610351562,164.76651000976562,13.569999694824219,311.4100036621094,177.6199951171875,312.0299987792969,47.124916076660156,150.22000122070312,7440.0,552.1978149414062,39.37615203857422,108.33000183105469,195.52999877929688,84.5,540.219970703125,227.54147338867188,514.6199951171875,309.2099914550781,747.3300170898438,352.3500061035156,26.75,214.39999389648438,35.404998779296875,4.739999771118164,8.295999526977539,87.31739044189453,35.42499923706055,251.55999755859375,57.49848937988281,18.527999877929688,291.0199890136719,145.3021697998047,132.61000061035156,96.80000305175781,25.81999969482422,104.93000030517578,5.869999885559082,137.50999450683594,37.7400016784668
2022-10-26,28.079999923706055,477.20001220703125,193.5500030517578,165.73045349121094,13.0,319.510009765625,177.75999450683594,311.5299987792969,48.09193801879883,149.82000732421875,7546.0,552.4465942382812,39.35630798339844,109.87000274658203,196.9199981689453,85.37000274658203,543.1699829101562,229.2763671875,503.0,311.17999267578125,733.97998046875,358.29998779296875,26.739999771118164,217.47999572753906,36.10499954223633,4.739999771118164,8.272000312805176,87.9259033203125,35.279998779296875,252.02000427246094,57.74748992919922,18.56399917602539,298.6199951171875,144.77488708496094,128.9600067138672,96.45999908447266,27.860000610351562,94.81999969482422,5.949999809265137,129.82000732421875,37.790000915527344
2022-10-27,28.104999542236328,471.1000061035156,193.66000366210938,165.85963439941406,12.489999771118164,319.3699951171875,180.1999969482422,319.30999755859375,48.5804328918457,150.25999450683594,7578.0,552.2376098632812,39.01900100708008,111.01000213623047,198.67999267578125,85.56999969482422,541.7999877929688,215.66636657714844,498.32000732421875,287.8900146484375,724.8800048828125,356.1400146484375,28.469999313354492,217.77000427246094,36.39500045776367,4.769999980926514,8.371999740600586,86.32979583740234,35.334999084472656,249.05999755859375,57.81720733642578,18.652000427246094,296.94000244140625,145.9388885498047,131.75999450683594,95.88999938964844,26.959999084472656,92.5999984741211,6.159999847412109,97.94000244140625,37.7599983215332
2022-10-28,28.094999313354492,463.75,198.72999572753906,166.4757843017578,12.949999809265137,329.4700012207031,182.33999633789062,326.92999267578125,49.22843933105469,146.44000244140625,7586.0,565.2939453125,39.369998931884766,112.9800033569336,204.7100067138672,86.81999969482422,551.239990234375,223.63294982910156,503.8399963378906,313.8900146484375,750.760009765625,364.2799987792969,29.549999237060547,223.66000366210938,35.79499816894531,4.78000020980835,8.338000297546387,89.50206756591797,36.290000915527344,254.44000244140625,59.06219482421875,19.29800033569336,295.7200012207031,149.510498046875,138.33999633789062,95.55000305175781,25.829999923706055,96.58000183105469,6.059999942779541,99.19999694824219,39.15999984741211
2022-10-31,28.25,463.70001220703125,194.9499969482422,163.22616577148438,13.0,328.17999267578125,182.74000549316406,321.25,48.480743408203125,147.75999450683594,7566.0,563.6917724609375,39.68000030517578,110.75,207.19000244140625,87.33999633789062,555.1500244140625,221.21006774902344,513.969970703125,312.0,748.75,359.67999267578125,29.639999389648438,217.47000122070312,36.09000015258789,4.599999904632568,8.51200008392334,88.07554626464844,36.47999954223633,250.39999389648438,56.42282485961914,19.167999267578125,291.8800048828125,149.3015899658203,134.97000122070312,96.08999633789062,26.280000686645508,94.66000366210938,6.28000020980835,93.16000366210938,38.400001525878906
2022-11-01,28.2450008392334,476.45001220703125,193.5500030517578,163.5640411376953,13.350000381469727,333.19000244140625,185.0399932861328,316.1300048828125,49.31816482543945,150.33999633789062,7620.0,551.8196411132812,39.400001525878906,108.55000305175781,207.8800048828125,87.73999786376953,547.3099975585938,221.90802001953125,517.6900024414062,314.20001220703125,759.9099731445312,394.92999267578125,28.8799991607666,221.1300048828125,36.04499816894531,5.150000095367432,8.567999839782715,89.5718994140625,36.459999084472656,252.1199951171875,56.23358154296875,19.327999114990234,286.75,150.86354064941406,135.42999267578125,95.76000213623047,28.420000076293945,90.5,6.309999942779541,95.19999694824219,39.150001525878906
2022-11-02,28.114999771118164,473.04998779296875,185.7100067138672,159.20140075683594,12.680000305175781,319.82000732421875,183.75999450683594,310.739990234375,49.68702697753906,150.10000610351562,7660.0,546.5851440429688,38.16999816894531,106.73999786376953,205.19000244140625,85.77999877929688,543.4299926757812,223.92210388183594,490.9800109863281,310.010009765625,740.47998046875,372.6400146484375,28.040000915527344,213.82000732421875,35.18000030517578,5.139999866485596,8.52400016784668,87.54682922363281,35.77000045776367,245.1699981689453,52.369144439697266,19.511999130249023,273.0,149.8388214111328,132.19000244140625,96.5,28.350000381469727,87.06999969482422,6.0,90.54000091552734,37.66999816894531
2022-11-03,28.170000076293945,470.1499938964844,179.82000732421875,158.8039093017578,11.970000267028809,309.1700134277344,185.5,309.29998779296875,48.331199645996094,149.52000427246094,7612.0,582.510009765625,37.41999816894531,108.01000213623047,201.3300018310547,84.0199966430664,543.6099853515625,222.92503356933594,486.94000244140625,311.29998779296875,738.6799926757812,369.19000244140625,27.719999313354492,212.75,34.53499984741211,4.460000038146973,8.53600025177002,86.09037780761719,36.03499984741211,264.0199890136719,51.54247283935547,19.49799919128418,269.05999755859375,153.79843139648438,134.2100067138672,95.19999694824219,28.729999542236328,83.48999786376953,5.960000038146973,88.91000366210938,37.349998474121094
2022-11-04,28.184999465942383,503.3999938964844,182.14999389648438,158.6349639892578,10.430000305175781,318.3699951171875,187.4600067138672,316.3999938964844,51.172454833984375,153.52000427246094,7700.0,608.1251831054688,38.66999816894531,107.62000274658203,203.9199981689453,84.6500015258789,538.1699829101562,227.32211303710938,495.54998779296875,308.82000732421875,740.2100219726562,371.7900085449219,27.280000686645508,211.91000366210938,35.505001068115234,4.5,8.697999954223633,91.47725677490234,36.904998779296875,276.05999755859375,53.05637741088867,19.577999114990234,260.7900085449219,157.87744140625,141.55999755859375,95.63999938964844,30.889999389648438,86.69999694824219,6.050000190734863,90.79000091552734,39.0
2022-11-07,28.479999542236328,505.0,186.55999755859375,158.8734588623047,10.270000457763672,325.1300048828125,188.1199951171875,319.25,52.37874221801758,152.60000610351562,7750.0,603.5773315429688,37.959999084472656,108.93000030517578,202.02000427246094,85.54000091552734,545.02001953125,233.08518981933594,492.1000061035156,303.2300109863281,750.9299926757812,385.20001220703125,27.15999984741211,214.24000549316406,35.84000015258789,4.590000152587891,8.605999946594238,94.80915069580078,36.974998474121094,277.6300048828125,54.63999938964844,19.648000717163086,258.6000061035156,157.58892822265625,143.00999450683594,95.30000305175781,31.0,88.6500015258789,6.340000152587891,96.72000122070312,39.869998931884766
2022-11-08,28.709999084472656,515.5999755859375,188.36000061035156,160.612548828125,10.0600004196167,325.75,187.89999389648438,319.94000244140625,52.49837112426758,154.17999267578125,7786.0,593.3571166992188,38.060001373291016,109.75,203.02000427246094,80.19000244140625,553.0499877929688,234.89984130859375,492.1700134277344,306.5,751.9500122070312,382.8999938964844,27.25,211.6699981689453,36.06999969482422,4.429999828338623,8.71399974822998,97.2232666015625,36.51499938964844,283.0,53.95000076293945,19.601999282836914,263.4599914550781,157.3800048828125,146.02000427246094,96.37000274658203,31.299999237060547,88.91000366210938,6.389999866485596,96.47000122070312,40.41999816894531
2022-11-09,29.155000686645508,512.2000122070312,186.6300048828125,152.03636169433594,9.84000015258789,315.6400146484375,188.89999389648438,314.1000061035156,50.345001220703125,154.39999389648438,7888.0,595.0488891601562,37.09000015258789,108.79000091552734,201.0399932861328,79.29000091552734,540.6599731445312,229.86463928222656,484.7099914550781,309.3399963378906,742.9500122070312,379.8800048828125,26.760000228881836,209.00999450683594,35.619998931884766,4.110000133514404,8.673999786376953,94.15074920654297,36.185001373291016,280.1300048828125,52.52000045776367,19.733999252319336,254.66000366210938,156.3000030517578,137.75999450683594,96.2699966430664,29.329999923706055,87.4000015258789,6.369999885559082,101.47000122070312,39.33000183105469
2022-11-10,28.434999465942383,532.0,204.32000732421875,163.35536193847656,10.800000190734863,337.2699890136719,198.1199951171875,346.2099914550781,56.380001068115234,157.0,8072.0,644.8560791015625,40.56999969482422,118.33999633789062,220.89999389648438,81.83999633789062,544.1699829101562,242.35794067382812,520.5800170898438,311.0299987792969,741.0800170898438,416.05999755859375,30.979999542236328,222.5,38.130001068115234,4.300000190734863,8.836000442504883,104.53546142578125,37.845001220703125,289.5899963378906,58.29999923706055,19.496000289916992,274.9700012207031,162.1300048828125,157.5,102.27999877929688,31.520000457763672,94.16999816894531,6.389999866485596,111.87000274658203,41.720001220703125
2022-11-11,27.34000015258789,543.5999755859375,209.02000427246094,172.23963928222656,11.84000015258789,339.2900085449219,200.85000610351562,356.20001220703125,57.08000183105469,158.22000122070312,8220.0,657.3948974609375,41.47999954223633,116.12999725341797,223.25999450683594,83.55000305175781,522.0800170898438,248.24066162109375,538.6799926757812,303.260009765625,734.4500122070312,441.2699890136719,33.310001373291016,224.0800018310547,39.53499984741211,4.260000228881836,8.805999755859375,110.26152038574219,38.38999938964844,288.4599914550781,59.97999954223633,18.917999267578125,290.1300048828125,161.60000610351562,163.27000427246094,104.37999725341797,33.400001525878906,96.7300033569336,6.639999866485596,113.0199966430664,42.68000030517578
2022-11-14,27.704999923706055,541.7999877929688,204.66000366210938,172.17999267578125,11.489999771118164,339.3699951171875,202.64999389648438,347.6700134277344,53.619998931884766,157.6199951171875,8022.0,635.8400268554688,40.59000015258789,112.5,215.3800048828125,82.9000015258789,513.75,244.4119110107422,534.77001953125,306.0299987792969,742.010009765625,428.0299987792969,32.29999923706055,222.6199951171875,39.4900016784668,4.190000057220459,8.925999641418457,107.34861755371094,38.1150016784668,294.8900146484375,58.900001525878906,18.979999542236328,299.2699890136719,161.64999389648438,162.9499969482422,103.95999908447266,33.400001525878906,96.02999877929688,6.650000095367432,114.22000122070312,42.25
2022-11-15,27.604999542236328,547.2000122070312,208.83999633789062,178.97999572753906,11.329999923706055,343.510009765625,198.63999938964844,354.6600036621094,54.16999816894531,157.22000122070312,7986.0,657.22998046875,41.0,112.75,219.5800018310547,83.4000015258789,503.010009765625,245.05999755859375,546.0900268554688,305.2799987792969,728.72998046875,434.3800048828125,32.66999816894531,229.0500030517578,38.54999923706055,4.28000020980835,8.907999992370605,110.19168853759766,38.6349983215332,294.5400085449219,63.52000045776367,18.892000198364258,310.20001220703125,162.38999938964844,166.66000366210938,104.5999984741211,37.0,98.72000122070312,6.769999980926514,117.08000183105469,42.349998474121094
2022-11-16,27.764999389648438,538.0,215.1300048828125,155.47000122070312,10.90999984741211,342.760009765625,201.5,353.6700134277344,53.13999938964844,154.39999389648438,7996.0,647.8900146484375,39.66999816894531,113.6500015258789,219.14999389648438,81.77999877929688,511.5199890136719,243.8000030517578,536.010009765625,305.44000244140625,735.6699829101562,426.0799865722656,31.06999969482422,231.0,38.3650016784668,4.139999866485596,8.925999641418457,103.96685028076172,37.7599983215332,295.1199951171875,62.18000030517578,19.059999465942383,306.0199890136719,161.74000549316406,159.10000610351562,104.76000213623047,38.91999816894531,98.98999786376953,6.699999809265137,113.2300033569336,41.18000030517578
2022-11-17,27.459999084472656,540.4000244140625,208.39999389648438,162.00999450683594,10.960000038146973,341.2699890136719,202.35000610351562,346.7699890136719,51.939998626708984,156.66000366210938,8036.0,639.9400024414062,39.93000030517578,112.30999755859375,216.33999633789062,79.94000244140625,515.3099975585938,232.97000122070312,529.8900146484375,309.8999938964844,739.0800170898438,410.44000244140625,29.959999084472656,227.3000030517578,38.38999938964844,4.119999885559082,8.911999702453613,104.1962890625,37.220001220703125,293.29998779296875,61.31999969482422,18.95199966430664,295.2799987792969,162.6300048828125,156.77000427246094,105.77999877929688,39.119998931884766,98.5,6.650000095367432,111.44999694824219,41.7599983215332
2022-11-18,27.594999313354492,551.0999755859375,209.92999267578125,162.8800048828125,10.770000457763672,343.69000244140625,203.85000610351562,345.8699951171875,51.84000015258789,158.22000122070312,8122.0,647.4099731445312,39.939998626708984,114.55999755859375,215.92999267578125,81.30000305175781,530.0,230.17999267578125,535.239990234375,314.6300048828125,736.72998046875,413.8900146484375,28.790000915527344,230.0800018310547,38.72999954223633,4.119999885559082,9.09000015258789,104.4456787109375,38.02000045776367,296.4800109863281,61.65999984741211,19.29800033569336,287.9800109863281,165.00999450683594,154.08999633789062,103.62000274658203,36.20000076293945,97.80000305175781,6.53000020980835,112.05000305175781,42.040000915527344
2022-11-21,27.864999771118164,549.5999755859375,210.27000427246094,158.02000427246094,10.5600004196167,338.25,203.9499969482422,347.4200134277344,51.33000183105469,157.94000244140625,8166.0,654.8900146484375,40.029998779296875,114.94999694824219,219.91000366210938,82.29000091552734,517.1900024414062,235.8800048828125,536.280029296875,316.20001220703125,738.97998046875,412.8900146484375,27.899999618530273,228.99000549316406,38.084999084472656,3.8399999141693115,9.086000442504883,104.88461303710938,38.43000030517578,296.4100036621094,62.41999816894531,19.549999237060547,285.04998779296875,164.5500030517578,153.1699981689453,104.66000366210938,36.0,95.83000183105469,6.409999847412109,109.86000061035156,41.06999969482422
2022-11-22,27.8700008392334,542.9000244140625,214.47000122070312,157.86000061035156,10.800000190734863,344.9599914550781,204.64999389648438,352.25,51.849998474121094,157.9199981689453,8164.0,656.0700073242188,41.09000015258789,115.77999877929688,218.1300048828125,77.93000030517578,523.0900268554688,236.75,544.75,321.4800109863281,749.22998046875,412.1300048828125,27.81999969482422,234.74000549316406,38.23500061035156,3.940000057220459,9.081999778747559,106.77999877929688,38.10499954223633,309.1600036621094,64.93000030517578,19.604000091552734,286.69000244140625,166.47999572753906,160.3800048828125,103.76000213623047,35.7599983215332,97.33000183105469,6.429999828338623,111.44000244140625,43.849998474121094
2022-11-23,27.954999923706055,546.0999755859375,211.02000427246094,163.41000366210938,11.34000015258789,348.6400146484375,204.5500030517578,358.2699890136719,52.08000183105469,158.27999877929688,8232.0,671.77001953125,40.779998779296875,115.52999877929688,218.25,79.0199966430664,529.7100219726562,238.2899932861328,547.2899780273438,316.1600036621094,735.3599853515625,416.5299987792969,28.56999969482422,237.27999877929688,37.869998931884766,3.9200000762939453,8.98799991607666,107.66999816894531,38.38999938964844,308.1499938964844,63.41999816894531,19.583999633789062,291.5,165.36000061035156,165.19000244140625,104.08000183105469,36.290000915527344,98.81999969482422,6.400000095367432,112.23999786376953,44.61000061035156
2022-11-24,28.045000076293945,548.0,,,,,206.25,,,160.13400268554688,8170.0,,,,,,,,,,,,,,38.5,,9.071999549865723,,38.810001373291016,,,19.81399917602539,,,,104.55999755859375,,,6.519999980926514,,
