Date,AD.AS,KER.PA,LOW,TGT,WBD,MA,ALV.F,SPGI,KKR,BARC.L,LSEG.L,EQIX,SLG,PLD,AMT,MDT,UNH,LH,TMO,VRTX,REGN,IDXX,TDOC,HCA,DPW.F,MG,EOAN.F,AMAT,CRG.IR,APD,LPX,DTE.F,NFLX,ETN,NVDA,SAPA.F,TCEHY,GOOG,0992.HK,META,DELL
2020-11-24,21.804964065551758,583.8937377929688,149.98291015625,171.81521606445312,27.200000762939453,338.7340087890625,181.70068359375,328.6405334472656,37.399322509765625,142.4349365234375,7446.09326171875,669.39794921875,55.10188674926758,94.52336120605469,218.31393432617188,108.73161315917969,326.9932861328125,197.0528106689453,437.73822021484375,216.5,506.1000061035156,446.8299865722656,186.4199981689453,152.26239013671875,37.093116760253906,5.409999847412109,8.183747291564941,81.60779571533203,32.78002166748047,271.158203125,34.10798263549805,13.836050987243652,482.8800048828125,118.2481689453125,129.3383331298828,95.44581604003906,75.23162841796875,88.44400024414062,5.156897068023682,276.9200134277344,34.78969192504883
2020-11-25,21.851673126220703,583.50732421875,149.90545654296875,173.70858764648438,27.299999237060547,337.6754455566406,180.44683837890625,332.40667724609375,38.065250396728516,135.98648071289062,7553.638671875,670.5194091796875,53.85926055908203,94.71469116210938,223.04283142089844,108.01665496826172,324.24896240234375,194.7725830078125,446.5914001464844,218.10000610351562,508.30999755859375,446.4800109863281,190.58999633789062,150.848388671875,37.650630950927734,6.0,8.28908634185791,79.82708740234375,33.48466491699219,265.52532958984375,34.068992614746094,14.06859016418457,485.0,117.23118591308594,132.1032257080078,97.39369201660156,74.19928741455078,88.57150268554688,5.125941753387451,275.5899963378906,34.30491638183594
2020-11-26,22.0291805267334,582.25146484375,,,,,180.17425537109375,,,133.80540466308594,7672.91650390625,,,,,,,,,,,,,,37.650630950927734,,8.327226638793945,,32.59211349487305,,,14.03603458404541,,,,98.36763000488281,,,5.289825439453125,,
2020-11-27,22.244054794311523,585.6326904296875,149.7022247314453,173.66029357910156,27.479999542236328,335.449462890625,179.82899475097656,335.87786865234375,37.9085578918457,132.28811645507812,7743.310546875,677.2677612304688,54.00643539428711,96.23570251464844,224.08624267578125,109.23685455322266,328.8714904785156,198.28216552734375,451.5208435058594,226.7100067138672,514.0499877929688,454.2300109863281,196.4499969482422,150.28866577148438,37.64133834838867,5.789999961853027,8.323594093322754,81.32249450683594,32.084774017333984,265.2484436035156,32.97754669189453,14.091843605041504,491.3599853515625,116.95296478271484,132.3677520751953,95.93279266357422,75.39044952392578,89.65950012207031,5.271615982055664,277.80999755859375,34.53740692138672
2020-11-30,22.412214279174805,584.473388671875,150.81527709960938,173.42845153808594,26.90999984741211,332.91680908203125,179.68360900878906,345.917724609375,37.144710540771484,127.60350036621094,7925.1611328125,674.6282348632812,51.64281463623047,95.70956420898438,221.3197479248047,108.38843536376953,327.3144836425781,198.12353515625,463.0528564453125,227.75,516.030029296875,460.9800109863281,198.77000427246094,147.40171813964844,37.85505676269531,5.21999979019165,8.27273941040039,81.14540100097656,30.835203170776367,267.4538879394531,33.35760498046875,14.138351440429688,490.70001220703125,116.19503021240234,133.76766967773438,99.34156799316406,72.46218872070312,88.03700256347656,5.0348944664001465,276.9700012207031,34.14662551879883
2020-12-01,22.187997817993164,587.2750854492188,148.47299194335938,172.96478271484375,27.68000030517578,335.2615051269531,181.46446228027344,328.7486877441406,38.11421585083008,135.8347625732422,7811.7490234375,688.927490234375,52.24932861328125,95.85305786132812,225.75189208984375,106.90130615234375,332.0342712402344,199.72962951660156,469.14752197265625,230.3000030517578,514.0700073242188,467.8599853515625,195.19000244140625,149.1692657470703,38.03160095214844,5.239999771118164,8.205541610717773,82.90644073486328,31.464689254760742,270.356201171875,33.484291076660156,14.133700370788574,504.5799865722656,115.80166625976562,133.6528778076172,99.34156799316406,74.0503921508789,89.90499877929688,5.080417156219482,286.54998779296875,34.88367462158203
2020-12-02,21.973125457763672,584.5700073242188,146.93406677246094,170.41448974609375,28.3700008392334,336.5871887207031,180.68307495117188,327.72607421875,38.40800857543945,139.34347534179688,8558.7041015625,667.6964111328125,53.471275329589844,93.28932189941406,219.1180419921875,108.29309844970703,338.23333740234375,197.13214111328125,476.9052429199219,226.6999969482422,505.1300048828125,462.5899963378906,195.02999877929688,149.8468017578125,37.70638656616211,5.349999904632568,8.274557113647461,83.90992736816406,31.586824417114258,261.4773864746094,33.338111877441406,14.11044692993164,503.3800048828125,114.09390258789062,135.1950225830078,97.39369201660156,73.95112609863281,91.39749908447266,5.0439982414245605,287.5199890136719,34.88367462158203
2020-12-03,21.870361328125,584.473388671875,147.08892822265625,168.9751434326172,28.239999771118164,331.5614013671875,180.06521606445312,321.1671447753906,38.40800857543945,140.87973022460938,8478.5341796875,669.6589965820312,55.46920394897461,92.88753509521484,216.55258178710938,107.21588897705078,339.3232727050781,194.95101928710938,475.22222900390625,226.8699951171875,498.8399963378906,460.07000732421875,197.2100067138672,149.9940948486328,37.6599235534668,5.25,8.183747291564941,84.70682525634766,31.87807846069336,255.1476287841797,35.3066291809082,13.998828887939453,497.5199890136719,111.99278259277344,133.7522735595703,99.34156799316406,75.88676452636719,91.3385009765625,5.153254985809326,281.8500061035156,35.07659149169922
2020-12-04,21.403244018554688,581.4785766601562,145.18222045898438,169.0814208984375,28.479999542236328,340.6730651855469,179.95619201660156,333.7932434082031,38.75075149536133,140.93663024902344,8441.3818359375,684.8185424804688,56.994407653808594,94.37987518310547,218.89785766601562,108.53142547607422,341.7259216308594,197.14205932617188,472.6529541015625,228.32000732421875,492.45001220703125,457.1499938964844,203.66000366210938,154.8351287841797,36.963035583496094,5.869999885559082,8.203725814819336,87.40247344970703,32.413604736328125,261.3627624511719,35.81338119506836,14.115097999572754,498.30999755859375,113.99797058105469,135.37225341796875,97.39369201660156,75.17207336425781,91.39949798583984,5.1987786293029785,279.70001220703125,35.665245056152344
2020-12-07,21.664831161499023,569.4027709960938,147.10830688476562,167.03346252441406,28.799999237060547,337.31927490234375,178.70233154296875,330.6367492675781,39.04454803466797,138.69863891601562,8521.552734375,674.3963623046875,55.68326187133789,93.29888153076172,214.68588256835938,107.34935760498047,339.74322509765625,195.63510131835938,470.93011474609375,227.05999755859375,495.4100036621094,459.3599853515625,197.3000030517578,152.5668182373047,36.52631759643555,6.150000095367432,8.152872085571289,87.6976318359375,31.84989356994629,256.9902038574219,36.12522506713867,14.119749069213867,515.780029296875,112.6355972290039,135.85650634765625,99.34156799316406,75.27133178710938,90.9739990234375,5.22609281539917,285.5799865722656,34.814422607421875
2020-12-08,21.683513641357422,565.055419921875,146.3824005126953,166.8498992919922,28.09000015258789,337.151123046875,177.3576202392578,328.1390075683594,38.91724395751953,138.79345703125,8527.4189453125,672.2017822265625,55.032169342041016,92.70579528808594,214.05410766601562,105.98616027832031,339.74322509765625,200.3641357421875,472.0155944824219,229.8300018310547,497.1400146484375,460.69000244140625,198.25999450683594,156.31790161132812,36.91657638549805,6.53000020980835,8.223703384399414,88.29777526855469,32.10356140136719,256.083251953125,36.612483978271484,14.073241233825684,512.6599731445312,113.07691955566406,133.29299926757812,100.31550598144531,75.27133178710938,90.92749786376953,5.22609281539917,283.3999938964844,35.55147171020508
2020-12-09,22.04786491394043,554.8150024414062,154.9868621826172,168.15402221679688,28.5,333.2532043457031,179.22930908203125,321.82598876953125,38.33945083618164,138.3572235107422,8464.845703125,655.8820190429688,55.335426330566406,92.24661254882812,210.06231689453125,107.6734848022461,336.373779296875,200.63180541992188,459.4677429199219,224.3800048828125,488.6400146484375,449.8800048828125,192.27999877929688,157.04454040527344,36.56348419189453,6.679999828338623,8.34538745880127,86.39899444580078,31.333154678344727,258.3172302246094,37.5675048828125,14.00813102722168,493.6000061035156,113.10569763183594,129.1069793701172,99.34156799316406,74.04046630859375,89.20649719238281,5.207883358001709,277.9200134277344,35.38328552246094
2020-12-10,21.935758590698242,553.8489379882812,155.07394409179688,166.54075622558594,28.790000915527344,327.9800720214844,178.48426818847656,320.400146484375,38.20234298706055,134.43124389648438,8484.400390625,664.1869506835938,55.255130767822266,92.96407318115234,210.03358459472656,107.41607666015625,331.7248229980469,205.8069610595703,466.7972412109375,224.0399932861328,478.9800109863281,454.2699890136719,199.00999450683594,158.8709716796875,36.386940002441406,6.809999942779541,8.301799774169922,86.4678726196289,30.94794464111328,256.646484375,37.918331146240234,13.956971168518066,501.0899963378906,110.4769058227539,129.5213165283203,98.36763000488281,75.28125762939453,88.7665023803711,5.2989301681518555,277.1199951171875,35.694923400878906
2020-12-11,21.664831161499023,554.0421142578125,152.7510528564453,165.87425231933594,28.93000030517578,323.92388916015625,172.56024169921875,319.4070739746094,38.799720764160156,129.02593994140625,8335.791015625,665.9948120117188,54.45240020751953,93.14583587646484,210.4260711669922,107.13009643554688,329.2050476074219,202.40643310546875,469.43634033203125,224.1699981689453,479.7699890136719,456.2300109863281,199.5800018310547,154.7271270751953,36.191810607910156,6.889999866485596,8.082039833068848,86.87123107910156,30.47818374633789,255.25259399414062,38.746665954589844,13.650020599365234,503.2200012207031,110.90863800048828,129.9307098388672,97.39369201660156,74.58641815185547,89.0885009765625,5.3626627922058105,273.54998779296875,35.43769836425781
2020-12-14,21.8890438079834,544.9610595703125,154.94810485839844,165.17872619628906,28.649999618530273,327.614013671875,175.013427734375,318.2859802246094,38.40800857543945,135.000244140625,8515.6865234375,667.1260986328125,53.80689239501953,92.66753387451172,207.45855712890625,106.73925018310547,328.2869567871094,202.35687255859375,465.41119384765625,228.1300048828125,500.3800048828125,458.1700134277344,194.6300048828125,157.957763671875,36.62852478027344,7.150000095367432,8.083857536315918,87.0679931640625,30.750646591186523,253.38137817382812,38.425079345703125,13.798845291137695,522.4199829101562,109.22007751464844,132.88111877441406,96.41975402832031,72.62100982666016,88.00299835205078,5.83610725402832,274.19000244140625,35.82848358154297
2020-12-15,21.879703521728516,550.37109375,158.0840606689453,165.58441162109375,28.719999313354492,330.0873718261719,176.32180786132812,318.44329833984375,38.809513092041016,137.2192840576172,8644.7421875,672.5498046875,56.11225128173828,95.23125457763672,207.9658966064453,109.52284240722656,331.7443542480469,204.00262451171875,469.24700927734375,228.80999755859375,491.7900085449219,464.9599914550781,196.11000061035156,158.04612731933594,36.730735778808594,7.25,8.109283447265625,87.03848266601562,30.929157257080078,257.7825927734375,37.39209747314453,13.877908706665039,519.780029296875,111.81049346923828,133.39781188964844,96.90673065185547,72.581298828125,88.38849639892578,6.136561393737793,275.54998779296875,36.47649383544922
2020-12-16,22.0291805267334,537.4257202148438,157.95822143554688,165.85491943359375,28.790000915527344,328.55389404296875,180.44683837890625,315.5228576660156,39.377506256103516,136.7451171875,8625.1875,667.2806396484375,55.263877868652344,95.51823425292969,210.23460388183594,109.59910583496094,331.4220275878906,200.23524475097656,456.10552978515625,232.11000061035156,486.57000732421875,467.5799865722656,187.07000732421875,158.64512634277344,37.76213073730469,7.369999885559082,8.19827651977539,87.11719512939453,31.45528793334961,256.72283935546875,36.96330642700195,13.96627426147461,524.8300170898438,110.68797302246094,132.21966552734375,100.31550598144531,73.51437377929688,88.1500015258789,6.27313232421875,275.6700134277344,36.54079818725586
2020-12-17,21.75825309753418,552.6896362304688,158.28733825683594,165.4202117919922,28.739999771118164,333.30267333984375,182.4003143310547,315.7096862792969,39.583160400390625,138.01583862304688,8681.8935546875,689.0821533203125,55.485191345214844,96.77873992919922,213.19259643554688,109.95182037353516,333.6977233886719,200.94906616210938,463.2292175292969,236.9199981689453,496.2099914550781,477.79998779296875,196.80999755859375,161.77760314941406,38.46831512451172,7.320000171661377,8.254578590393066,86.08418273925781,31.896865844726562,256.4364318847656,37.840370178222656,14.0267333984375,532.9000244140625,110.61122131347656,133.2056427001953,100.31550598144531,74.72537994384766,87.3949966430664,6.182085037231445,274.4800109863281,36.95631790161133
2020-12-18,21.879703521728516,539.0680541992188,157.95822143554688,164.6280975341797,27.799999237060547,336.6960144042969,182.21859741210938,317.12567138671875,39.211029052734375,137.5037841796875,8722.95703125,686.1719970703125,53.58557891845703,94.36358642578125,212.0534210205078,111.25782012939453,330.4844665527344,203.3482666015625,464.96282958984375,236.72000122070312,498.8900146484375,485.5199890136719,196.33999633789062,161.37498474121094,38.29176712036133,7.539999961853027,8.22188663482666,84.69699096679688,32.64848709106445,257.34344482421875,37.216678619384766,14.054637908935547,534.4500122070312,111.3691635131836,132.51417541503906,99.34156799316406,74.75515747070312,86.55049896240234,6.382389068603516,276.3999938964844,36.07086944580078
2020-12-21,21.506011962890625,527.1853637695312,159.0519561767578,165.92254638671875,27.3700008392334,330.7996520996094,177.17588806152344,314.2543029785156,38.87807083129883,133.95712280273438,8633.0087890625,681.01904296875,51.41856002807617,93.5745849609375,210.38775634765625,109.64830017089844,328.2380676269531,203.159912109375,461.17681884765625,234.5500030517578,496.739990234375,489.67999267578125,199.75,160.1475372314453,37.52054977416992,7.389999866485596,8.01484203338623,85.01180267333984,31.708959579467773,252.51255798339844,37.236167907714844,13.756988525390625,528.9099731445312,112.23263549804688,133.11575317382812,100.31550598144531,73.34562683105469,86.96849822998047,6.373283863067627,272.7900085449219,36.14012145996094
2020-12-22,21.46864128112793,538.00537109375,159.32298278808594,166.49249267578125,27.209999084472656,328.6924133300781,176.9941864013672,313.6151123046875,38.67241287231445,138.43310546875,8732.7333984375,689.7589111328125,51.593753814697266,93.95947265625,211.06744384765625,109.82074737548828,327.1930847167969,201.64305114746094,463.4883117675781,234.89999389648438,490.05999755859375,499.1499938964844,206.0399932861328,160.3242950439453,37.05595397949219,7.829999923706055,7.998496055603027,84.2542724609375,32.39481735229492,252.05435180664062,36.612483978271484,13.626766204833984,527.3300170898438,111.87764739990234,132.5766143798828,99.34156799316406,72.75004577636719,86.17500305175781,6.373283863067627,267.0899963378906,35.97687911987305
2020-12-23,21.63680076599121,535.3004150390625,157.2129669189453,168.96551513671875,28.260000228881836,325.71453857421875,181.70068359375,308.4035339355469,38.829097747802734,143.97119140625,8701.4482421875,679.742919921875,52.29458999633789,92.55464935302734,208.1094512939453,109.15970611572266,329.71282958984375,202.30728149414062,456.653564453125,235.83999633789062,492.19000244140625,493.67999267578125,209.4199981689453,162.86756896972656,37.21391296386719,7.820000171661377,8.16195297241211,82.67032623291016,32.44179153442383,254.19288635253906,37.294639587402344,13.770940780639648,514.47998046875,112.2710189819336,129.89076232910156,98.36763000488281,73.10739135742188,86.61900329589844,6.373283863067627,268.1099853515625,36.30830383300781
2020-12-24,21.917070388793945,533.9479370117188,157.5420684814453,169.23597717285156,28.56999969482422,332.4122009277344,,311.3043212890625,39.015167236328125,146.6074676513672,8679.9375,682.5077514648438,52.32225036621094,93.56495666503906,210.47752380371094,109.24592590332031,332.8382568359375,202.11892700195312,456.4044189453125,234.4600067138672,488.92999267578125,497.1400146484375,207.9499969482422,161.53778076171875,,7.650000095367432,,83.94928741455078,32.79880905151367,256.19781494140625,37.77214813232422,,513.969970703125,113.27840423583984,129.73599243164062,,69.23612976074219,86.94249725341797,6.227608680725098,267.3999938964844,36.10549545288086
2020-12-28,22.04786491394043,552.0134887695312,156.8354949951172,170.39517211914062,29.450000762939453,340.79180908203125,183.80862426757812,312.7399597167969,38.662620544433594,,,686.3170776367188,53.78844451904297,94.50791931152344,212.80709838867188,110.2997817993164,337.8778381347656,200.78053283691406,459.03472900390625,232.47000122070312,482.9599914550781,494.70001220703125,197.8300018310547,161.30174255371094,38.1152229309082,7.599999904632568,8.294534683227539,83.49674224853516,,256.4364318847656,36.49554443359375,14.00347900390625,519.1199951171875,112.9426040649414,128.79994201660156,105.18518829345703,66.7843246459961,88.80449676513672,6.5826921463012695,277.0,36.03623962402344
2020-12-29,22.04786491394043,557.9064331054688,155.3836669921875,169.091064453125,29.690000534057617,342.95843505859375,183.17262268066406,316.13250732421875,38.61365509033203,141.56248474121094,8898.9404296875,685.253662109375,53.20750427246094,94.02680969238281,212.2391357421875,110.72132110595703,339.2451477050781,200.46327209472656,461.1568298339844,233.49000549316406,484.2200012207031,494.07000732421875,198.97999572753906,161.13455200195312,37.67850875854492,7.53000020980835,8.256394386291504,82.90644073486328,32.60151290893555,256.5605773925781,35.71592330932617,14.0267333984375,530.8699951171875,112.40533447265625,129.23179626464844,105.18518829345703,69.34532165527344,87.93599700927734,6.55537748336792,276.7799987792969,35.368446350097656
2020-12-30,21.832990646362305,568.0501708984375,155.4030303955078,167.97048950195312,29.809999465942383,351.7535095214844,183.85406494140625,318.2368469238281,38.86827087402344,141.18319702148438,8895.0302734375,677.1517333984375,53.521034240722656,95.08524322509766,212.10435485839844,110.78837585449219,336.9402160644531,199.77919006347656,460.03106689453125,232.67999267578125,478.29998779296875,496.9599914550781,203.57000732421875,159.67889404296875,37.771427154541016,7.599999904632568,8.243680953979492,85.57260131835938,32.72365188598633,258.8232421875,36.583248138427734,13.989526748657227,524.5900268554688,114.45848846435547,131.25363159179688,106.15912628173828,71.19161224365234,86.97599792480469,6.509854316711426,271.8699951171875,35.86310577392578
2020-12-31,21.590089797973633,574.233154296875,155.35464477539062,170.53045654296875,30.09000015258789,353.12860107421875,,323.2518615722656,39.651710510253906,139.09690856933594,8807.0390625,690.474365234375,54.94112777709961,95.89349365234375,216.0703887939453,112.2254409790039,342.4974670410156,201.80166625976562,464.0661315917969,236.33999633789062,483.1099853515625,499.8699951171875,199.9600067138672,161.75418090820312,,7.760000228881836,,84.90360260009766,31.962635040283203,262.1429138183594,36.22267532348633,,540.72998046875,115.26438903808594,130.34756469726562,,71.36035919189453,87.59400177001953,6.655529022216797,273.1600036621094,36.25389099121094
2021-01-04,22.225370407104492,560.9978637695312,155.22882080078125,171.593017578125,30.6299991607666,347.7368469238281,181.06468200683594,327.6965026855469,38.829097747802734,136.1002960205078,9055.37109375,669.5720825195312,52.82020568847656,92.41030883789062,211.39202880859375,111.15243530273438,341.3450012207031,203.12025451660156,470.0838928222656,229.42999267578125,482.8599853515625,491.7699890136719,200.6300048828125,160.9476776123047,37.715675354003906,7.130000114440918,8.256394386291504,85.46437072753906,33.0149040222168,257.32647705078125,35.988792419433594,14.063939094543457,522.8599853515625,113.93080139160156,130.931640625,101.28944396972656,72.31328582763672,86.41200256347656,6.937774658203125,268.94000244140625,35.85816192626953
2021-01-05,22.122604370117188,552.1099853515625,155.75144958496094,174.23992919921875,31.520000457763672,343.7103271484375,178.4115753173828,322.97650146484375,38.45697021484375,135.7968292236328,8834.4130859375,668.5858154296875,52.082496643066406,92.55464935302734,212.46055603027344,112.04341888427734,336.7546081542969,206.9867401123047,475.9621887207031,228.5800018310547,483.45001220703125,497.260009765625,200.97000122070312,162.2951202392578,37.436920166015625,7.460000038146973,8.118364334106445,88.15019226074219,32.498165130615234,270.9411926269531,36.86585235595703,13.947669982910156,520.7999877929688,115.13966369628906,133.8396453857422,100.31550598144531,76.09521484375,87.0459976196289,6.9468793869018555,270.9700012207031,36.337982177734375
2021-01-06,22.197341918945312,555.6844482421875,157.83241271972656,182.4993438720703,34.25,343.83892822265625,187.5792999267578,323.3797302246094,38.535308837890625,147.0247039794922,8930.2275390625,646.75537109375,54.58149719238281,90.3608169555664,206.85804748535156,113.873291015625,350.8869934082031,215.28485107421875,483.42462158203125,226.64999389648438,470.0899963378906,483.6000061035156,204.14999389648438,167.75379943847656,37.38116455078125,7.949999809265137,8.230968475341797,89.36029815673828,35.05366897583008,278.2138977050781,38.89284133911133,14.091843605041504,500.489990234375,121.31831359863281,125.94938659667969,101.28944396972656,73.07762145996094,86.7645034790039,6.810308933258057,263.30999755859375,36.63972854614258
2021-01-07,22.159969329833984,557.8098754882812,158.4518585205078,184.60523986816406,34.400001525878906,346.5630187988281,186.57984924316406,323.586181640625,39.33832931518555,148.0488739013672,8816.8154296875,656.4330444335938,54.86735153198242,91.71752166748047,209.37051391601562,113.7199935913086,356.5126037597656,216.41506958007812,498.4889831542969,232.89999389648438,481.20001220703125,495.19000244140625,228.77999877929688,170.74380493164062,38.2731819152832,8.100000381469727,8.301799774169922,93.02993774414062,36.39719009399414,273.7236022949219,39.34111022949219,14.296477317810059,508.8900146484375,123.85118103027344,133.23309326171875,101.28944396972656,72.31328582763672,89.36250305175781,6.883146286010742,268.739990234375,37.76261901855469
2021-01-08,22.094573974609375,566.4078369140625,159.7488250732422,187.020263671875,34.630001068115234,350.5154113769531,186.35269165039062,321.4031677246094,39.651710510253906,145.01431274414062,9000.62109375,669.475341796875,55.54973602294922,92.94914245605469,213.8948516845703,114.68763732910156,354.910888671875,211.7157745361328,510.41497802734375,237.0,498.7300109863281,513.2000122070312,227.77999877929688,169.44552612304688,38.46831512451172,8.050000190734863,8.31269645690918,94.01374816894531,35.607994079589844,274.1553955078125,37.4505615234375,14.133700370788574,510.3999938964844,121.73086547851562,132.56161499023438,102.26337432861328,76.37315368652344,90.3604965209961,7.201810359954834,267.57000732421875,38.19792175292969
2021-01-11,21.945098876953125,563.3164672851562,160.97804260253906,188.64317321777344,35.130001068115234,344.9186706542969,184.5355224609375,313.88067626953125,39.73984909057617,143.38323974609375,8998.6650390625,659.7395629882812,55.08867645263672,91.08246612548828,206.88694763183594,113.52838134765625,352.3324890136719,215.1361541748047,511.4610595703125,234.63999938964844,502.9200134277344,506.54998779296875,220.86000061035156,168.5504608154297,38.10593032836914,8.489999771118164,8.227335929870605,96.37493133544922,35.2603645324707,271.65118408203125,37.5772590637207,14.143001556396484,499.1000061035156,121.80760192871094,136.00376892089844,102.26337432861328,75.1919174194336,88.33599853515625,6.728366374969482,256.8399963378906,37.41140365600586
2021-01-12,22.27208137512207,555.9743041992188,163.56227111816406,192.33335876464844,35.29999923706055,339.6884460449219,183.8994903564453,310.5963439941406,39.583160400390625,146.26608276367188,8775.751953125,654.0741577148438,55.89093017578125,91.13058471679688,206.8773193359375,112.36914825439453,349.03131103515625,218.30865478515625,496.9347229003906,229.3800048828125,505.75,496.7300109863281,230.08999633789062,169.4061737060547,38.69131851196289,9.25,8.063879013061523,98.39175415039062,34.98790740966797,271.58404541015625,36.68069076538086,14.059288024902344,494.25,123.1316146850586,134.63839721679688,102.26337432861328,75.65846252441406,87.32749938964844,7.3292765617370605,251.08999633789062,37.96542739868164
2021-01-13,22.683141708374023,551.4337768554688,164.37530517578125,190.13087463378906,36.689998626708984,343.0662841796875,182.94546508789062,306.8497619628906,40.34701156616211,144.48326110839844,8938.048828125,667.2130737304688,57.28337478637695,91.80412292480469,208.36940002441406,113.7391586303711,346.7557373046875,218.16986083984375,499.8639221191406,227.10000610351562,511.8999938964844,497.5799865722656,231.7899932861328,167.66529846191406,39.47183609008789,8.6899995803833,8.1201810836792,96.46346282958984,34.405399322509766,278.8855285644531,37.0510139465332,14.115097999572754,507.7900085449219,120.32051086425781,135.10768127441406,101.28944396972656,77.8521728515625,87.72000122070312,8.039443016052246,251.63999938964844,35.234886169433594
2021-01-14,22.879331588745117,550.2744140625,164.9173126220703,191.2803955078125,37.25,323.84906005859375,183.7177734375,301.07763671875,40.13156509399414,144.9574432373047,9115.98828125,666.7778930664062,57.246482849121094,91.89073181152344,206.954345703125,112.82901000976562,342.3509521484375,218.30865478515625,495.0815734863281,226.1199951171875,517.9099731445312,488.8999938964844,225.5399932861328,165.50149536132812,40.57756805419922,8.710000038146973,8.109283447265625,104.08805847167969,34.536930084228516,274.6446533203125,37.43107604980469,14.161605834960938,500.8599853515625,119.56259155273438,131.7978057861328,102.26337432861328,80.20471954345703,87.00900268554688,8.030336380004883,245.63999938964844,36.23411178588867
2021-01-15,23.224994659423828,542.7390747070312,165.83677673339844,188.1794891357422,36.7599983215332,320.2137145996094,183.4451904296875,300.8514404296875,39.87694549560547,141.10731506347656,8930.2275390625,684.2674560546875,57.32025146484375,93.98833465576172,211.6711883544922,111.90929412841797,343.10296630859375,221.7885284423828,501.2886962890625,225.5500030517578,517.9299926757812,489.4599914550781,225.25,165.99327087402344,39.648380279541016,8.289999961853027,8.034818649291992,101.47109985351562,34.480560302734375,275.2779235839844,36.9925422668457,14.01278018951416,497.9800109863281,118.17143249511719,128.39556884765625,100.31550598144531,81.64403533935547,86.80950164794922,8.012128829956055,251.36000061035156,36.73371505737305
2021-01-18,22.374845504760742,546.3135986328125,,,,,182.94546508789062,,,143.49703979492188,9006.4873046875,,,,,,,,,,,,,,40.04793167114258,,7.960355758666992,,34.32084274291992,,,13.947669982910156,,,,102.26337432861328,,,8.358107566833496,,
2021-01-19,22.3094482421875,531.6611328125,165.85623168945312,181.76516723632812,36.150001525878906,322.86846923828125,182.71832275390625,307.9217224121094,40.121768951416016,139.26760864257812,8932.1826171875,692.5432739257812,56.35200881958008,94.30586242675781,208.77369689941406,113.34635925292969,343.9721984863281,223.8010711669922,505.5130615234375,231.91000366210938,533.8900146484375,484.92999267578125,232.72000122070312,163.3671875,39.97359848022461,8.630000114440918,7.9694366455078125,107.45272827148438,34.56511688232422,274.07861328125,37.22642517089844,14.054637908935547,501.7699890136719,120.40686798095703,130.05052185058594,100.31550598144531,85.26714324951172,89.54299926757812,8.476468086242676,261.1000061035156,37.030513763427734
2021-01-20,21.991811752319336,540.2003784179688,167.4394073486328,181.90042114257812,36.439998626708984,331.75390625,182.08230590820312,316.5749816894531,40.601627349853516,138.75552368164062,8926.31640625,703.584228515625,57.246482849121094,96.54779815673828,214.4531707763672,114.28524780273438,342.6537170410156,227.9352569580078,513.9419555664062,236.6999969482422,542.27001953125,495.0400085449219,246.74000549316406,165.18675231933594,40.12226486206055,8.3100004196167,7.951274871826172,106.09506225585938,34.687255859375,274.9421081542969,37.85011672973633,14.091843605041504,586.3400268554688,120.86738586425781,133.4502410888672,103.23731231689453,87.42115783691406,94.34500122070312,8.239745140075684,267.4800109863281,38.11383056640625
2021-01-21,22.159969329833984,533.8929443359375,167.390869140625,184.76947021484375,36.880001068115234,331.288330078125,180.7012481689453,312.42535400390625,40.28825378417969,137.31411743164062,8967.3798828125,696.0045166015625,56.428001403808594,96.63441467285156,213.8948516845703,112.96315002441406,346.7166748046875,226.48779296875,510.4747314453125,238.63999938964844,535.47998046875,496.44000244140625,245.5,164.64581298828125,40.233768463134766,8.220000267028809,7.967620372772217,106.22295379638672,34.508750915527344,271.15228271484375,38.51278305053711,14.06859016418457,579.8400268554688,120.0518798828125,138.4599609375,101.28944396972656,87.7884292602539,94.5625,8.394525527954102,272.8699951171875,38.03962326049805
2021-01-22,22.08523178100586,527.8766479492188,167.4491424560547,185.38772583007812,37.4900016784668,325.8896789550781,178.72048950195312,309.8883361816406,39.36771011352539,135.6640625,8916.5400390625,697.2227172851562,56.275787353515625,97.3945541381836,215.55056762695312,111.68893432617188,339.4404296875,226.9339141845703,512.7064819335938,237.58999633789062,537.780029296875,492.8599853515625,263.0,164.22291564941406,39.70413589477539,8.489999771118164,7.900421142578125,104.60948181152344,33.935638427734375,272.10211181640625,39.00978469848633,14.0267333984375,565.1699829101562,119.38029479980469,136.912353515625,100.31550598144531,89.68435668945312,95.05249786376953,8.44005012512207,274.5,37.56475067138672
2021-01-25,22.51498031616211,517.2028198242188,169.10031127929688,183.68753051757812,39.0,326.0877685546875,175.0316162109375,309.6817932128906,38.731170654296875,130.03114318847656,8830.501953125,699.1563110351562,56.61604309082031,98.81859588623047,219.00637817382812,111.99552154541016,339.6944580078125,223.503662109375,516.9208984375,241.30999755859375,548.2000122070312,489.2099914550781,287.0899963378906,165.65884399414062,39.41608428955078,8.319999694824219,7.971252918243408,106.37052917480469,32.958534240722656,267.707763671875,39.57500076293945,13.882558822631836,556.780029296875,116.87620544433594,136.32078552246094,101.28944396972656,95.29273223876953,94.97000122070312,8.877074241638184,278.010009765625,37.43613815307617
2021-01-26,22.458927154541016,529.5263671875,168.7117919921875,181.32080078125,40.720001220703125,324.61187744140625,176.0128936767578,313.6938781738281,38.33945083618164,132.23121643066406,8846.1455078125,710.8353271484375,58.58592224121094,102.04199981689453,223.6077117919922,111.85181427001953,335.10406494140625,220.06346130371094,505.96142578125,237.63999938964844,544.0999755859375,478.1000061035156,286.2300109863281,161.42962646484375,39.87138748168945,7.380000114440918,8.060246467590332,103.82243347167969,33.22159957885742,266.7195739746094,39.56525421142578,13.956971168518066,561.9299926757812,115.84004211425781,134.14414978027344,105.18518829345703,91.67955017089844,95.86199951171875,9.013643264770508,282.04998779296875,37.614219665527344
2021-01-27,22.860645294189453,525.5478515625,162.8938446044922,172.22097778320312,43.869998931884766,312.51690673828125,173.4688262939453,301.1955871582031,36.78236770629883,127.37590789794922,8476.578125,707.4127807617188,59.54399490356445,99.3766860961914,220.49844360351562,106.82207489013672,325.2201843261719,212.96495056152344,480.7046813964844,225.25,515.5599975585938,465.17999267578125,273.94000244140625,154.43658447265625,38.747074127197266,6.929999828338623,7.9912309646606445,96.98490142822266,32.37602233886719,259.0343322753906,37.275146484375,14.07789134979248,523.280029296875,110.19866943359375,128.97720336914062,108.10700225830078,87.56012725830078,91.53949737548828,8.913492202758789,272.1400146484375,36.535850524902344
2021-01-28,22.524322509765625,539.4240112304688,167.390869140625,177.34083557128906,41.02000045776367,321.22406005859375,175.2133331298828,313.6545104980469,38.1338005065918,129.51907348632812,8427.6943359375,713.7261352539062,60.671077728271484,99.49214935302734,219.77647399902344,109.95487976074219,330.25982666015625,217.90216064453125,494.6531982421875,230.0399932861328,506.2699890136719,482.2699890136719,262.8399963378906,161.1050262451172,39.035118103027344,7.260000228881836,8.092937469482422,99.51329803466797,32.902156829833984,264.6759338378906,38.11323165893555,13.947669982910156,538.5999755859375,113.48946380615234,130.3076171875,107.13306427001953,89.14833068847656,93.15550231933594,8.594827651977539,265.0,36.56553268432617
2021-01-29,22.03852081298828,525.5478515625,162.0585174560547,175.01272583007812,41.41999816894531,313.3093566894531,170.216064453125,311.7173156738281,38.143592834472656,126.63621520996094,8492.2216796875,715.3986206054688,60.69804763793945,99.2997055053711,218.8619842529297,106.6592025756836,325.79644775390625,226.94384765625,507.8245544433594,229.0800018310547,503.8399963378906,478.67999267578125,263.8299865722656,159.8067626953125,37.85505676269531,6.909999847412109,7.951274871826172,95.11563873291016,32.300865173339844,255.94488525390625,37.04126739501953,13.710480690002441,532.3900146484375,112.92340850830078,129.69607543945312,102.26337432861328,88.65201568603516,91.78700256347656,8.312583923339844,258.3299865722656,36.056026458740234
2021-02-01,22.206684112548828,526.9063720703125,158.678466796875,177.33116149902344,42.119998931884766,318.5296936035156,171.81520080566406,316.4766845703125,39.60274887084961,127.86901092529297,8896.9853515625,731.602294921875,59.28582763671875,101.90729522705078,226.76512145996094,106.5155029296875,326.2066650390625,232.3966064453125,513.5733032226562,231.77000427246094,508.0799865722656,492.4200134277344,264.1000061035156,164.18353271484375,38.28247833251953,7.079999923706055,8.05298137664795,99.57232666015625,32.71425247192383,258.046142578125,39.11698532104492,13.836050987243652,539.0399780273438,116.60757446289062,132.16473388671875,103.23731231689453,93.21813201904297,95.06749725341797,8.81334114074707,262.010009765625,36.58037185668945
2021-02-02,21.991811752319336,532.922607421875,161.87399291992188,179.2825164794922,40.08000183105469,331.218994140625,175.64947509765625,324.5989685058594,41.43403244018555,132.9329376220703,9190.29296875,743.05908203125,57.67573928833008,102.84062194824219,227.32342529296875,109.16928100585938,330.8164978027344,231.38536071777344,516.6220092773438,217.3300018310547,499.9800109863281,506.6499938964844,266.8599853515625,163.12132263183594,38.72848892211914,7.349999904632568,8.051165580749512,101.913818359375,33.5880126953125,262.8433532714844,39.08774185180664,13.929067611694336,548.1599731445312,115.5522232055664,135.35728454589844,106.15912628173828,93.90304565429688,96.37550354003906,8.840655326843262,267.0799865722656,38.173187255859375
2021-02-03,22.04786491394043,527.1004638671875,165.00149536132812,178.81883239746094,40.810001373291016,329.6835632324219,176.06741333007812,318.8465576171875,41.228370666503906,134.46922302246094,9043.6396484375,729.8330688476562,57.27096939086914,102.03237915039062,223.62696838378906,107.9046630859375,330.005859375,226.03176879882812,498.3794250488281,211.0,491.17999267578125,485.3599853515625,271.4100036621094,170.2716827392578,38.42185592651367,7.420000076293945,8.058429718017578,98.25401306152344,33.71015167236328,265.3858947753906,40.02328109741211,14.166255950927734,539.4500122070312,114.68875122070312,135.09518432617188,103.23731231689453,93.30746459960938,103.50350189208984,9.2503662109375,266.6499938964844,38.4600944519043
2021-02-04,21.917070388793945,526.0330200195312,168.06105041503906,182.18055725097656,41.11000061035156,337.61810302734375,177.83009338378906,322.97650146484375,42.951934814453125,138.2434539794922,9188.337890625,722.1179809570312,56.75825881958008,102.38839721679688,223.52108764648438,112.09132385253906,321.6358337402344,221.85792541503906,487.1608581542969,213.7100067138672,498.8399963378906,494.0,276.8399963378906,176.3500213623047,38.3568115234375,7.75,8.04753303527832,101.56948852539062,33.73833465576172,246.29273986816406,40.30588912963867,14.203462600708008,552.1599731445312,115.64815521240234,136.43064880371094,105.18518829345703,94.68722534179688,103.11849975585938,8.959015846252441,266.489990234375,39.23176956176758
2021-02-05,21.814308166503906,532.728515625,170.00360107421875,182.44137573242188,42.66999816894531,335.5577087402344,178.1571807861328,318.62030029296875,43.725582122802734,139.6090087890625,9239.177734375,729.2529296875,57.342933654785156,102.66743469238281,224.2815704345703,113.43257904052734,316.9380798339844,224.6041259765625,490.74761962890625,215.25999450683594,498.9800109863281,502.6400146484375,285.0299987792969,173.8813018798828,39.24883270263672,7.610000133514404,8.02937126159668,99.0804214477539,33.36252212524414,242.8866729736328,40.66645812988281,14.045336723327637,550.7899780273438,116.99134826660156,135.6992645263672,106.15912628173828,94.69715118408203,104.9000015258789,8.977225303649902,268.1000061035156,39.380165100097656
2021-02-08,21.767593383789062,530.787841796875,174.0247039794922,187.35836791992188,43.25,333.8539123535156,177.6483612060547,320.0166931152344,44.33274459838867,139.85556030273438,9422.9833984375,722.601318359375,57.981571197509766,103.03306579589844,224.0890350341797,113.11643981933594,316.7720031738281,224.0290985107422,493.9358215332031,214.3699951171875,494.8999938964844,495.760009765625,294.5400085449219,175.99594116210938,39.26741409301758,8.119999885559082,7.99304723739624,104.47175598144531,33.5880126953125,243.35679626464844,41.07575607299805,14.045336723327637,547.9199829101562,115.34115600585938,144.16358947753906,106.15912628173828,94.39936065673828,104.64550018310547,8.877074241638184,266.5799865722656,39.54340744018555
2021-02-09,21.702198028564453,539.0358276367188,172.67462158203125,187.6868133544922,43.5,330.2977294921875,177.81192016601562,326.8509216308594,45.586246490478516,140.06417846679688,9440.5810546875,725.5597534179688,58.15248107910156,103.36021423339844,223.0012664794922,112.93440246582031,321.9385986328125,224.83213806152344,487.49957275390625,213.82000732421875,490.67999267578125,505.04998779296875,288.5,172.53384399414062,39.40679168701172,8.3100004196167,7.91858434677124,103.67485046386719,33.916847229003906,244.12435913085938,40.66645812988281,13.915114402770996,559.0700073242188,114.96697235107422,142.41134643554688,105.18518829345703,97.06954193115234,104.17549896240234,9.268576622009277,269.45001220703125,39.370269775390625
2021-02-10,21.655488967895508,534.6692504882812,172.15013122558594,185.8997039794922,45.06999969482422,331.06048583984375,178.5933074951172,327.4507141113281,47.554630279541016,140.0452117919922,9364.322265625,726.0722045898438,59.02498245239258,103.4564437866211,223.0012664794922,112.51287841796875,325.62066650390625,227.23135375976562,483.09588623046875,212.52999877929688,491.2200012207031,516.5399780273438,290.42999267578125,171.9142303466797,38.91432571411133,7.980000019073486,7.956723213195801,104.16675567626953,33.82289505004883,243.29922485351562,41.07575607299805,13.845353126525879,563.5900268554688,116.81865692138672,147.41357421875,104.21125030517578,97.02983856201172,104.76899719238281,9.159319877624512,271.8699951171875,39.36532211303711
2021-02-11,21.61811637878418,531.6611328125,170.68348693847656,183.93870544433594,45.54999923706055,339.63885498046875,178.48426818847656,333.7342224121094,47.21187210083008,138.41415405273438,9434.7158203125,693.8775024414062,58.143470764160156,103.68737030029297,219.30479431152344,113.7391586303711,325.29840087890625,235.17257690429688,492.23211669921875,210.5,490.5400085449219,528.469970703125,283.69000244140625,172.66172790527344,39.425376892089844,8.0600004196167,7.913134574890137,111.17156982421875,34.24567794799805,247.24258422851562,41.28040313720703,13.850004196166992,557.5900268554688,118.51681518554688,152.27101135253906,107.13306427001953,97.96292114257812,104.79450225830078,9.104691505432129,270.3900146484375,39.32575225830078
2021-02-12,21.96378517150879,531.6611328125,172.0724334716797,184.9240264892578,47.79999923706055,337.7865295410156,178.06631469726562,333.7932434082031,47.21187210083008,138.3572235107422,9581.369140625,686.2494506835938,58.45830535888672,103.60077667236328,218.69833374023438,114.71636199951172,320.5810241699219,236.21353149414062,505.96142578125,213.97999572753906,485.6199951171875,544.0800170898438,293.6600036621094,170.6552734375,39.9085578918457,7.920000076293945,7.9585394859313965,114.81169128417969,34.555721282958984,249.98663330078125,42.41083526611328,13.770940780639648,556.52001953125,118.94855499267578,149.38050842285156,105.18518829345703,98.36988830566406,105.20549774169922,,270.5,39.597816467285156
2021-02-15,22.187997817993164,549.224609375,,,,,180.5922088623047,,,146.0005645751953,9655.6728515625,,,,,,,,,,,,,,39.72271728515625,,8.033003807067871,,35.250972747802734,,,13.91976547241211,,,,106.15912628173828,,,,,
2021-02-16,22.262739181518555,548.54541015625,169.0614471435547,184.76890563964844,47.349998474121094,337.9945068359375,180.44683837890625,332.69189453125,46.95725631713867,147.51783752441406,9688.9150390625,665.2503662109375,56.29950714111328,102.55197143554688,216.57093811035156,114.65888977050781,317.0455017089844,234.3397674560547,498.2398986816406,210.27000427246094,480.7099914550781,538.1599731445312,291.2099914550781,171.13722229003906,40.00147247314453,7.909999847412109,7.9095025062561035,116.43499755859375,34.884559631347656,250.1593475341797,42.72268295288086,13.822098731994629,557.280029296875,119.92716979980469,153.06480407714844,104.21125030517578,95.3919906616211,106.09500122070312,9.37783145904541,273.9700012207031,39.29607391357422
2021-02-17,21.524694442749023,509.34283447265625,172.04331970214844,187.6869659423828,49.36000061035156,334.15106201171875,179.26565551757812,333.2818603515625,46.5655403137207,146.3798828125,9591.1455078125,671.3798828125,55.3370475769043,101.83031463623047,217.85122680664062,113.2026596069336,319.23321533203125,240.86325073242188,496.6258544921875,214.85000610351562,481.67999267578125,540.3499755859375,287.8599853515625,173.53707885742188,39.3789176940918,7.849999904632568,7.967620372772217,113.83770751953125,34.24567794799805,249.46853637695312,44.184452056884766,13.733735084533691,551.3400268554688,119.9559326171875,148.82884216308594,101.28944396972656,96.59307861328125,106.41549682617188,9.70560073852539,273.57000732421875,39.20703125
2021-02-18,20.982839584350586,517.0087280273438,172.0724334716797,185.5638885498047,49.709999084472656,335.2704162597656,177.83009338378906,332.8197326660156,46.11506271362305,139.87452697753906,9632.208984375,662.8043823242188,54.02377700805664,101.7822036743164,219.72833251953125,110.54887390136719,320.7471008300781,240.734375,487.0014343261719,209.8300018310547,477.0299987792969,551.7899780273438,283.1000061035156,171.73716735839844,39.25812530517578,7.599999904632568,7.945826053619385,111.59461975097656,33.67256546020508,252.0015106201172,43.78490447998047,13.724432945251465,548.219970703125,120.10945892333984,148.06002807617188,102.26337432861328,95.0346450805664,105.86000061035156,9.723810195922852,269.3900146484375,39.419742584228516
2021-02-19,20.908100128173828,512.3508911132812,172.44149780273438,183.05299377441406,50.790000915527344,330.03033447265625,178.53878784179688,333.586669921875,45.93337631225586,145.69708251953125,9505.109375,657.6416015625,55.9127197265625,101.32035064697266,217.9089813232422,108.57528686523438,317.0064392089844,244.2637939453125,477.0979919433594,207.02000427246094,470.3699951171875,544.1300048828125,292.510009765625,174.45176696777344,39.425376892089844,7.710000038146973,7.9167680740356445,117.52703094482422,33.97321701049805,253.18165588378906,46.249454498291016,13.780241966247559,540.219970703125,122.61353302001953,149.03355407714844,103.23731231689453,94.79641723632812,105.05699920654297,9.760229110717773,261.55999755859375,39.953975677490234
2021-02-22,20.739940643310547,506.81988525390625,167.45884704589844,183.21780395507812,55.290000915527344,337.44970703125,178.35707092285156,327.7358703613281,44.53877258300781,146.2850341796875,9422.9833984375,645.1891479492188,59.9964485168457,100.76227569580078,216.6575927734375,110.89376831054688,319.9950256347656,241.7654266357422,461.5753173828125,214.9600067138672,460.5799865722656,536.9099731445312,268.760009765625,171.9437713623047,39.955013275146484,8.329999923706055,7.791450500488281,113.36548614501953,34.208099365234375,254.716796875,46.29835891723633,13.780241966247559,533.780029296875,125.53976440429688,143.3348846435547,101.28944396972656,89.62480163574219,103.24400329589844,9.14111042022705,260.3299865722656,39.953975677490234
2021-02-23,20.674543380737305,507.4020690917969,163.74853515625,180.66810607910156,52.95000076293945,347.1177062988281,180.33779907226562,320.50146484375,44.312889099121094,150.95068359375,9299.7939453125,639.7030639648438,61.570560455322266,100.59870147705078,214.82859802246094,113.04935455322266,321.8214416503906,245.0271759033203,457.12176513671875,216.44000244140625,468.0299987792969,525.219970703125,256.0,172.18963623046875,38.49618911743164,7.730000019073486,7.853200435638428,114.2607650756836,34.16112518310547,252.6539306640625,44.224998474121094,13.696528434753418,546.1500244140625,125.54935455322266,141.20069885253906,100.31550598144531,90.06156158447266,103.54299926757812,9.268576622009277,265.8599853515625,39.85009765625
2021-02-24,20.665203094482422,510.7012939453125,157.6488800048828,181.36611938476562,51.86000061035156,363.8584899902344,182.62745666503906,327.0163879394531,44.62716293334961,156.071533203125,9366.27734375,620.4581298828125,64.09815979003906,99.33820343017578,216.37843322753906,113.75831604003906,324.4583740234375,242.39993286132812,454.9797058105469,217.0399932861328,458.6000061035156,532.8800048828125,254.52999877929688,172.54368591308594,38.92361831665039,8.039999961853027,7.793266773223877,121.05213165283203,34.86576461791992,252.58676147460938,46.728668212890625,13.789544105529785,553.4099731445312,127.29549407958984,144.76515197753906,101.28944396972656,88.5428237915039,104.75849914550781,9.14111042022705,264.30999755859375,40.40906524658203
2021-02-25,20.81467628479004,511.6716613769531,153.96771240234375,179.42721557617188,51.31999969482422,351.22857666015625,182.94546508789062,325.794189453125,44.1557502746582,155.0792694091797,9493.376953125,619.8464965820312,60.93917465209961,97.55811309814453,216.34954833984375,112.93440246582031,321.19635009765625,234.49839782714844,449.80877685546875,212.97999572753906,453.19000244140625,518.280029296875,219.5500030517578,172.15028381347656,38.431148529052734,7.880000114440918,7.729699611663818,112.29924011230469,34.72483444213867,249.82354736328125,46.151649475097656,13.891860961914062,546.7000122070312,124.87774658203125,132.86862182617188,99.34156799316406,86.13072967529297,101.56800079345703,9.341412544250488,254.69000244140625,39.414794921875
2021-02-26,20.40361785888672,509.34283447265625,155.1623992919922,177.83729553222656,53.029998779296875,350.5154113769531,181.991455078125,324.621337890625,44.74502182006836,152.2742156982422,9403.4296875,629.5272216796875,62.39353942871094,95.3258056640625,208.05172729492188,112.06257629394531,324.4681396484375,237.849365234375,448.42388916015625,212.5500030517578,450.57000732421875,520.1699829101562,221.08999633789062,169.1996307373047,38.3568115234375,7.960000038146973,7.71335506439209,116.4982681274414,33.634986877441406,245.25650024414062,46.56241226196289,13.98487663269043,538.8499755859375,124.90653991699219,136.93234252929688,98.36763000488281,86.55755615234375,101.84300231933594,8.931702613830566,257.6199951171875,40.10237503051758
2021-03-01,20.431644439697266,530.98193359375,157.28952026367188,180.40635681152344,58.18000030517578,359.4801025390625,184.26292419433594,332.6737976074219,45.471778869628906,153.93434143066406,9497.2880859375,629.449462890625,64.54349517822266,95.67218780517578,205.77993774414062,112.91524505615234,326.8414611816406,239.42572021484375,457.8690185546875,210.3800048828125,463.04998779296875,538.1699829101562,223.38999938964844,172.57321166992188,39.39750289916992,8.619999885559082,7.7460455894470215,120.50015258789062,34.4429817199707,250.60069274902344,47.94138717651367,14.00347900390625,550.6400146484375,128.7921600341797,138.20286560058594,99.34156799316406,90.62735748291016,104.07550048828125,9.35962200164795,264.9100036621094,41.101593017578125
2021-03-02,20.338220596313477,541.3648071289062,158.36764526367188,168.19119262695312,59.2400016784668,359.4008483886719,187.71559143066406,328.1497802734375,45.61909866333008,154.77395629882812,9497.2880859375,621.477783203125,63.6943473815918,95.34503936767578,201.0053253173828,112.92481231689453,326.83172607421875,241.5572509765625,460.4096374511719,212.05999755859375,454.8599853515625,529.469970703125,217.9199981689453,175.24844360351562,39.36033630371094,8.720000267028809,7.718802452087402,115.81815338134766,34.90334701538086,255.21568298339844,46.513511657714844,13.947669982910156,547.8200073242188,128.53311157226562,133.85459899902344,100.31550598144531,89.24760437011719,103.79199981689453,9.37783145904541,259.0,40.91362380981445
2021-03-03,20.2915096282959,537.5803833007812,153.7443084716797,168.30751037597656,61.45000076293945,356.8550720214844,189.03305053710938,321.8320617675781,46.16908264160156,162.52122497558594,9348.6796875,593.6008911132812,65.63653564453125,92.47766876220703,195.32586669921875,113.00145721435547,325.10302734375,237.8592987060547,449.3006591796875,208.44000244140625,446.7300109863281,498.0199890136719,203.19000244140625,172.69122314453125,39.51829528808594,9.039999961853027,7.569875717163086,113.78763580322266,35.852264404296875,251.70407104492188,46.17121124267578,13.887210845947266,520.7000122070312,130.0298309326172,127.84893035888672,101.28944396972656,89.67442321777344,101.33550262451172,9.487089157104492,255.41000366210938,41.3538703918457
2021-03-04,20.73059844970703,530.399658203125,149.35414123535156,164.63328552246094,62.599998474121094,346.2064208984375,189.75991821289062,322.8275146484375,45.85480499267578,159.01016235351562,9276.3291015625,586.0562744140625,64.51639556884766,92.02544403076172,193.67013549804688,110.43390655517578,326.0210876464844,232.8824005126953,439.83563232421875,207.7899932861328,449.3800048828125,485.8500061035156,195.97999572753906,173.43870544433594,38.79353332519531,9.050000190734863,7.618912696838379,106.69068145751953,36.82937240600586,246.03366088867188,45.154090881347656,13.873257637023926,511.2900085449219,128.99365234375,123.51068115234375,99.34156799316406,86.25977325439453,102.45449829101562,9.068272590637207,257.6400146484375,40.95814514160156
2021-03-05,21.010866165161133,523.02490234375,154.0260009765625,167.3380584716797,64.25,357.47918701171875,189.1239013671875,329.7070617675781,46.06105041503906,163.70431518554688,7942.75927734375,592.8433227539062,65.52812957763672,93.69004821777344,192.5246124267578,113.2984619140625,339.0009765625,235.7574920654297,445.2257080078125,211.97999572753906,461.57000732421875,499.70001220703125,189.69000244140625,180.68746948242188,38.15239334106445,9.720000267028809,7.669765472412109,111.82610321044922,35.918033599853516,253.1240692138672,47.3643684387207,13.980224609375,516.3900146484375,131.81434631347656,124.42176055908203,100.31550598144531,86.60719299316406,105.427001953125,9.086482048034668,264.2799987792969,42.21953582763672
2021-03-08,21.02021026611328,537.0951538085938,158.2413787841797,171.46795654296875,67.25,367.8306884765625,194.484619140625,337.7891540527344,46.237831115722656,169.7532958984375,7436.31591796875,577.6571655273438,68.44590759277344,92.32371520996094,191.23472595214844,111.7751693725586,341.9993591308594,238.5037078857422,438.2315368652344,213.5800018310547,463.19000244140625,482.6000061035156,176.64999389648438,186.0969696044922,40.22447967529297,9.880000114440918,7.771472454071045,104.16732025146484,37.355506896972656,256.0600280761719,48.60642623901367,14.212763786315918,493.3299865722656,133.78114318847656,115.75273132324219,101.28944396972656,81.59439849853516,101.20850372314453,8.895283699035645,255.30999755859375,42.1008186340332
2021-03-09,21.113636016845703,545.9254150390625,161.22320556640625,173.7073974609375,63.0099983215332,372.9717712402344,194.0303192138672,337.19775390625,46.228004455566406,167.71153259277344,7674.87255859375,604.6409301757812,67.73226165771484,94.6041488647461,195.12368774414062,112.13922119140625,343.7671813964844,237.16529846191406,446.46112060546875,214.0399932861328,470.6300048828125,493.57000732421875,193.0399932861328,181.29727172851562,41.674007415771484,9.8100004196167,7.965804576873779,112.58509826660156,37.38369369506836,256.66448974609375,48.84114074707031,14.329033851623535,506.44000244140625,130.72061157226562,125.05149841308594,103.23731231689453,85.23736572265625,102.63500213623047,8.776922225952148,265.739990234375,42.783451080322266
2021-03-10,21.543378829956055,560.2868041992188,163.62228393554688,173.125732421875,65.81999969482422,378.10296630859375,193.89402770996094,339.3956604003906,46.915489196777344,166.0132293701172,7473.46826171875,620.1668701171875,67.23542785644531,94.02680969238281,196.77940368652344,113.68167114257812,341.44268798828125,230.62197875976562,439.46697998046875,214.2899932861328,467.95001220703125,488.7799987792969,184.4499969482422,182.32015991210938,40.791282653808594,10.0,8.043900489807129,111.06713104248047,37.39308166503906,260.60784912109375,49.38882064819336,15.026650428771973,504.5400085449219,133.59886169433594,124.53211975097656,103.23731231689453,83.96678924560547,102.75150299072266,9.077377319335938,264.8999938964844,43.372100830078125
2021-03-11,21.496667861938477,569.7963256835938,165.84649658203125,173.84315490722656,66.97000122070312,380.7576904296875,194.3029022216797,340.17425537109375,47.34761047363281,166.26129150390625,7551.68310546875,635.5957641601562,68.1478042602539,95.79727172851562,205.90505981445312,113.14517974853516,344.8609619140625,235.25186157226562,458.8254699707031,215.14999389648438,469.9599914550781,502.94000244140625,198.77000427246094,182.18246459960938,41.320919036865234,10.350000381469727,8.054798126220703,115.51258087158203,38.05075454711914,261.63446044921875,50.6993408203125,15.068507194519043,523.0599975585938,133.5605010986328,129.77828979492188,102.26337432861328,88.62223815917969,105.7385025024414,9.414250373840332,273.8800048828125,43.83708190917969
2021-03-12,21.449954986572266,578.7236938476562,166.62355041503906,174.51205444335938,71.0999984741211,379.10345458984375,194.25747680664062,340.63751220703125,47.563682556152344,172.31028747558594,7434.35986328125,648.61669921875,70.24356842041016,97.46189880371094,207.15647888183594,113.82538604736328,348.9481506347656,236.65968322753906,448.8323669433594,214.3300018310547,471.4599914550781,497.75,197.9499969482422,186.3133544921875,41.7855110168457,10.739999771118164,8.016657829284668,112.65409088134766,37.96619415283203,262.18133544921875,51.2763557434082,15.338251113891602,518.02001953125,135.0571746826172,128.40496826171875,100.31550598144531,81.96167755126953,103.09600067138672,8.931702613830566,268.3999938964844,43.93601608276367
2021-03-15,21.543378829956055,585.3221435546875,169.19744873046875,175.5687713623047,73.66999816894531,378.16241455078125,193.93946838378906,346.43292236328125,48.46721649169922,172.0049591064453,7391.341796875,650.1217041015625,69.0782470703125,98.89559173583984,210.32351684570312,114.151123046875,346.8506774902344,237.86920166015625,451.41436767578125,219.64999389648438,483.94000244140625,512.760009765625,201.24000549316406,188.66403198242188,41.813385009765625,10.720000267028809,8.0384521484375,113.23564147949219,37.59978485107422,261.89349365234375,53.2910270690918,15.496377944946289,520.25,134.61343383789062,131.75341796875,99.34156799316406,82.01131439208984,103.32450103759766,8.303479194641113,273.75,44.173458099365234
2021-03-16,21.608774185180664,584.8369140625,170.2949981689453,174.70596313476562,75.80999755859375,378.77655029296875,192.44027709960938,343.5943603515625,48.05473709106445,174.61920166015625,7344.41259765625,651.85009765625,66.85604858398438,100.290771484375,214.51092529296875,113.9499282836914,347.55633544921875,236.67950439453125,445.044189453125,218.99000549316406,482.1700134277344,506.9200134277344,198.75999450683594,182.92543029785156,42.27798080444336,10.399999618530273,8.040267944335938,116.80382537841797,37.02667236328125,263.38067626953125,52.7922477722168,15.366156578063965,524.030029296875,131.98965454101562,132.75221252441406,99.34156799316406,81.04845428466797,104.6259994506836,8.267059326171875,279.2799987792969,44.06462860107422
2021-03-17,21.35653305053711,586.3894653320312,169.4305419921875,172.95123291015625,74.06999969482422,375.1114196777344,191.84970092773438,345.151611328125,48.103843688964844,172.9972381591797,7105.8564453125,637.4017944335938,68.1929702758789,98.24127960205078,214.82859802246094,113.58586883544922,345.18438720703125,236.709228515625,441.2359924316406,217.0800018310547,496.010009765625,504.8999938964844,190.10000610351562,182.9057159423828,42.147891998291016,11.779999732971191,7.978517532348633,118.18379974365234,36.82937240600586,259.6963806152344,53.799583435058594,15.542884826660156,524.4400024414062,133.1182861328125,133.25161743164062,99.34156799316406,80.50250244140625,104.55400085449219,8.112278938293457,284.010009765625,45.152889251708984
2021-03-18,21.365875244140625,588.4273071289062,169.8481903076172,174.12428283691406,75.94999694824219,363.54144287109375,195.7566375732422,343.446533203125,46.95477294921875,175.3634033203125,7193.84814453125,628.0609741210938,67.8497085571289,98.86090850830078,214.19326782226562,113.84455108642578,354.8583679199219,237.86920166015625,444.3663024902344,213.36000061035156,474.67999267578125,484.4700012207031,185.42999267578125,185.4003143310547,42.62178039550781,10.899999618530273,7.896789073944092,112.64424133300781,37.40678405761719,258.1228332519531,52.723785400390625,15.575441360473633,504.7900085449219,132.1150665283203,127.07156372070312,101.28944396972656,80.40324401855469,101.81099700927734,8.449152946472168,278.6199951171875,43.584808349609375
2021-03-19,21.95444107055664,576.006591796875,174.33551025390625,181.82174682617188,77.2699966430664,353.1503601074219,196.16551208496094,342.3722229003906,47.337791442871094,174.21847534179688,7056.9716796875,634.1101684570312,66.81087493896484,97.18595886230469,213.56756591796875,111.7272720336914,358.3182373046875,238.1566925048828,443.62860107421875,216.11000061035156,473.70001220703125,484.8800048828125,190.97999572753906,185.9623565673828,41.89701461791992,11.399999618530273,8.016657829284668,113.21593475341797,36.82937240600586,264.23455810546875,52.704227447509766,15.310345649719238,512.1799926757812,128.54595947265625,128.3025665283203,101.28944396972656,82.03115844726562,102.16000366210938,8.44005012512207,290.1099853515625,43.34736633300781
2021-03-22,21.580747604370117,559.510498046875,176.66661071777344,182.2967987060547,74.6500015258789,355.0225524902344,193.07630920410156,340.56854248046875,47.88777542114258,172.65377807617188,7088.2578125,647.3447265625,65.23002624511719,100.35191345214844,217.38917541503906,111.93803405761719,359.57281494140625,241.01197814941406,453.2486572265625,218.82000732421875,483.2200012207031,491.3699951171875,197.27999877929688,185.5482177734375,42.12930679321289,11.0600004196167,8.018473625183105,117.62195587158203,36.05949401855469,267.5159606933594,53.349708557128906,15.310345649719238,523.1099853515625,130.08934020996094,131.70347595214844,99.34156799316406,82.16020202636719,101.92949676513672,8.603933334350586,293.5400085449219,43.2088623046875
2021-03-23,21.748912811279297,558.7341918945312,175.21939086914062,183.14993286132812,71.68000030517578,351.9219665527344,192.84915161132812,341.8399353027344,47.013702392578125,172.7682647705078,7098.03466796875,656.1612548828125,64.20021057128906,101.85259246826172,221.25894165039062,110.20396423339844,361.1802673339844,236.7290802001953,450.6069030761719,213.58999633789062,469.760009765625,487.6600036621094,193.74000549316406,181.0914306640625,41.850555419921875,10.34000015258789,8.225519180297852,114.71417236328125,35.93437957763672,263.5533752441406,50.4646110534668,15.589393615722656,535.0900268554688,128.22763061523438,130.54986572265625,100.31550598144531,80.33375549316406,102.64800262451172,8.831550598144531,290.6300048828125,42.41740036010742
2021-03-24,21.61811637878418,554.2705688476562,175.4913330078125,182.5294647216797,61.939998626708984,356.2607421875,193.2580108642578,346.72857666015625,47.121726989746094,175.76412963867188,6922.05029296875,643.1209716796875,63.251712799072266,100.51651000976562,218.51544189453125,111.09495544433594,363.2385559082031,248.26910400390625,443.9874572753906,211.5399932861328,460.32000732421875,472.9700012207031,181.99000549316406,182.0084228515625,41.53463363647461,10.470000267028809,8.332674026489258,119.36660766601562,36.49254608154297,266.73876953125,49.31058883666992,15.52893352508545,520.8099975585938,129.69386291503906,126.27751922607422,99.34156799316406,76.24411010742188,102.25299835205078,8.849760055541992,282.1400146484375,42.71419906616211
2021-03-25,21.86101722717285,549.0305786132812,179.8524169921875,186.81446838378906,57.75,354.98291015625,193.07630920410156,346.24560546875,47.06280517578125,173.68418884277344,6904.4521484375,648.7332153320312,63.9111442565918,101.10710144042969,218.72723388671875,112.25038146972656,363.7187805175781,246.34576416015625,440.91705322265625,212.36000061035156,463.4800109863281,472.1099853515625,176.16000366210938,184.72984313964844,41.9434700012207,10.800000190734863,8.645059585571289,118.0063705444336,36.79087829589844,266.02880859375,52.52819061279297,15.58009147644043,502.8599853515625,131.01539611816406,125.20132446289062,98.36763000488281,76.84961700439453,102.21800231933594,8.80423641204834,278.739990234375,42.5361213684082
2021-03-26,22.010496139526367,548.1572875976562,186.10748291015625,194.8125,41.900001525878906,362.6895751953125,193.348876953125,354.3769836425781,47.602962493896484,174.56198120117188,6949.42529296875,663.793212890625,65.32037353515625,103.38231658935547,229.89366149902344,114.1568374633789,369.0018005371094,250.67822265625,458.6318664550781,214.63999938964844,476.9100036621094,480.2200012207031,176.88999938964844,188.39781188964844,42.315147399902344,10.989999771118164,8.701360702514648,126.79869842529297,37.32017517089844,275.57537841796875,54.81669616699219,15.71961498260498,508.04998779296875,133.78387451171875,128.23765563964844,99.34156799316406,80.38339233398438,101.77749633789062,9.14111042022705,283.0199890136719,44.020111083984375
2021-03-29,22.244054794311523,557.0845947265625,183.20333862304688,192.15618896484375,41.22999954223633,359.49005126953125,195.2569122314453,356.5354309082031,47.671714782714844,172.10040283203125,6820.37060546875,667.8810424804688,64.4712142944336,103.37263488769531,232.7911376953125,114.73456573486328,371.530517578125,249.4191436767578,457.1465148925781,216.7100067138672,481.5199890136719,479.17999267578125,171.3000030517578,184.5720672607422,42.50098419189453,10.75,8.884797096252441,123.91062927246094,37.695491790771484,272.4571228027344,52.694454193115234,15.994009971618652,513.9500122070312,133.6488037109375,129.32632446289062,102.26337432861328,78.11026763916016,102.79750061035156,9.14111042022705,290.82000732421875,43.63426971435547
2021-03-30,22.374845504760742,572.9015502929688,184.56312561035156,193.5522003173828,43.439998626708984,354.82440185546875,198.1644287109375,347.7043151855469,48.31008529663086,180.45828247070312,6759.75390625,655.2582397460938,65.48999786376953,103.36296081542969,228.2860565185547,114.41683959960938,366.1397399902344,251.3623046875,450.06854248046875,212.99000549316406,470.6700134277344,475.95001220703125,174.74000549316406,185.9031982421875,43.11425018310547,11.210000038146973,8.817597389221191,124.94560241699219,38.09968185424805,271.15228271484375,53.2910270690918,15.919598579406738,513.3900146484375,134.71954345703125,128.562255859375,100.31550598144531,78.24922943115234,102.7770004272461,10.270092010498047,288.0,43.822242736816406
2021-03-31,22.187997817993164,571.1548461914062,184.71852111816406,192.0204620361328,43.459999084472656,352.6946105957031,198.52786254882812,347.79302978515625,47.97616195678711,177.38609313964844,6785.17333984375,659.870361328125,63.49418640136719,102.62715148925781,230.1246795654297,113.7428207397461,364.6793518066406,252.83950805664062,454.9632873535156,214.88999938964844,473.1400146484375,489.30999755859375,181.75,185.7059783935547,43.60671615600586,11.40999984741211,8.981054306030273,131.6876983642578,38.46538162231445,271.3741149902344,54.23967742919922,15.984708786010742,521.6599731445312,133.3883514404297,133.32150268554688,100.31550598144531,79.21208190917969,103.43150329589844,10.069788932800293,294.5299987792969,43.60459518432617
2021-04-01,22.2206974029541,581.634765625,185.82582092285156,194.58950805664062,43.310001373291016,359.8763427734375,196.9378204345703,357.432373046875,49.449337005615234,175.55422973632812,7072.61474609375,658.3265380859375,65.71680450439453,105.04759216308594,231.08729553222656,113.80060577392578,359.7786865234375,250.52952575683594,454.8835754394531,213.0399932861328,474.92999267578125,486.3599853515625,182.7899932861328,183.546630859375,43.18858337402344,11.699999809265137,9.034632682800293,139.49432373046875,37.830223083496094,274.8080139160156,55.57953643798828,16.039587020874023,539.4199829101562,134.55557250976562,137.95091247558594,102.75035095214844,83.2223129272461,106.88749694824219,9.833066940307617,298.6600036621094,44.06462860107422
2021-04-05,,,188.16659545898438,199.07810974121094,41.63999938964844,364.84906005859375,,361.8873596191406,50.244850158691406,,,670.2113647460938,65.39020538330078,104.92173767089844,235.6020050048828,115.78408813476562,362.8268737792969,250.49977111816406,463.9453430175781,215.32000732421875,484.55999755859375,491.30999755859375,181.25,185.3707275390625,,11.819999694824219,,141.00244140625,,279.2547607421875,58.317928314208984,,540.6699829101562,137.3240509033203,139.706298828125,,82.74585723876953,111.27749633789062,,308.9100036621094,44.20313262939453
2021-04-06,22.46359634399414,578.3355712890625,188.6230926513672,199.15567016601562,43.380001068115234,366.0872802734375,198.6187286376953,360.5863037109375,50.26448440551758,177.06170654296875,7205.58056640625,668.7257690429688,66.37903594970703,105.84150695800781,234.47573852539062,116.65066528320312,357.13232421875,249.70663452148438,467.284912109375,215.3000030517578,478.67999267578125,492.8999938964844,181.86000061035156,183.7733917236328,43.69034194946289,11.819999694824219,8.930200576782227,137.5426788330078,38.263282775878906,277.8175048828125,58.982967376708984,16.00682258605957,544.530029296875,136.1278839111328,138.44781494140625,107.62002563476562,84.02635192871094,111.23750305175781,,306.260009765625,44.26249694824219
2021-04-07,22.58037757873535,575.4244384765625,188.1083221435547,198.20559692382812,43.38999938964844,367.5830078125,200.0724639892578,356.00323486328125,50.136810302734375,178.75999450683594,7115.6337890625,664.5894165039062,65.64424133300781,106.1416244506836,235.56349182128906,116.14997863769531,358.3770446777344,250.13294982910156,464.9322814941406,212.72000122070312,481.7900085449219,489.2699890136719,178.0,184.15794372558594,43.406944274902344,11.489999771118164,8.919303894042969,137.1483917236328,38.754085540771484,272.4833679199219,58.748252868652344,16.010677337646484,546.989990234375,135.41409301757812,141.264404296875,104.21125030517578,77.69335174560547,112.48400115966797,9.432458877563477,313.0899963378906,45.26666259765625
2021-04-08,22.547677993774414,587.0687866210938,188.6328125,197.24583435058594,41.880001068115234,374.6244812011719,199.52731323242188,360.3497619628906,50.68679428100586,179.35154724121094,7225.13525390625,667.7353515625,64.80052947998047,104.98951721191406,232.09803771972656,116.16923522949219,357.6419677734375,249.85536193847656,470.0463562011719,210.27999877929688,476.3599853515625,499.6600036621094,182.30999755859375,185.41015625,43.783260345458984,11.079999923706055,9.080036163330078,137.35537719726562,38.77333450317383,273.0813903808594,60.2641487121582,15.995257377624512,554.5800170898438,134.95106506347656,142.99734497070312,107.62002563476562,79.83744049072266,113.27200317382812,9.341412544250488,313.0199890136719,45.79595184326172
2021-04-09,22.258068084716797,593.7642822265625,192.80931091308594,199.0878143310547,42.0,376.9451904296875,199.4818878173828,363.7895202636719,50.41180419921875,177.17620849609375,7311.17138671875,667.5120239257812,65.49906921386719,106.02545928955078,231.4049530029297,117.4690933227539,368.8253173828125,252.56190490722656,477.3934631347656,213.35000610351562,475.1700134277344,502.8800048828125,181.25999450683594,188.21047973632812,44.82859802246094,11.199999809265137,9.018285751342773,136.9217071533203,39.312252044677734,274.287109375,60.24457550048828,15.819867134094238,555.3099975585938,135.48159790039062,143.8263397216797,110.05487060546875,78.83488464355469,114.29399871826172,9.086482048034668,312.4599914550781,46.43901824951172
2021-04-12,22.075889587402344,598.1309814453125,194.88787841796875,198.8357391357422,40.380001068115234,376.7071533203125,199.2093048095703,365.7706604003906,51.07963943481445,179.4469451904297,7332.68115234375,671.3668212890625,65.29949188232422,106.3449478149414,233.67884826660156,117.26689910888672,368.80572509765625,253.46409606933594,474.5024719238281,213.60000610351562,472.79998779296875,506.42999267578125,182.00999450683594,188.97955322265625,45.12593460083008,11.470000267028809,9.122716903686523,133.06765747070312,39.013919830322266,272.85955810546875,61.54532241821289,15.659894943237305,552.780029296875,136.29185485839844,151.9065704345703,107.13306427001953,78.6661376953125,112.739501953125,9.05916690826416,311.5400085449219,46.22631072998047
2021-04-13,21.67417335510254,608.22265625,193.9845733642578,198.68063354492188,40.380001068115234,375.01123046875,198.70957946777344,367.6038818359375,51.099281311035156,178.2447967529297,7451.958984375,685.2908325195312,64.7370376586914,107.25504302978516,235.13995361328125,119.03856658935547,367.06109619140625,251.86790466308594,483.3449401855469,215.94000244140625,477.0400085449219,516.9400024414062,189.25,185.942626953125,45.74849319458008,11.229999542236328,9.069140434265137,133.16624450683594,38.8406982421875,275.01055908203125,61.99519348144531,15.434393882751465,553.72998046875,134.85459899902344,156.6059112548828,110.05487060546875,79.35105895996094,113.3635025024414,9.159319877624512,309.760009765625,45.77122116088867
2021-04-14,21.646142959594727,614.1419067382812,195.73289489746094,199.4271240234375,38.380001068115234,375.19970703125,197.6192626953125,366.67742919921875,52.15996170043945,178.96990966796875,7581.01416015625,674.1632080078125,63.06779479980469,106.17068481445312,233.85302734375,119.29853820800781,368.1686706542969,250.94590759277344,476.5561218261719,217.1300048828125,481.1600036621094,514.1599731445312,188.11000061035156,188.27947998046875,44.89363479614258,11.40999984741211,8.891153335571289,132.21995544433594,38.677093505859375,272.85955810546875,63.00252914428711,15.509560585021973,540.02001953125,135.279052734375,152.58575439453125,111.51577758789062,78.76539611816406,112.74199676513672,9.268576622009277,302.82000732421875,45.85531234741211
2021-04-15,21.37521743774414,611.3278198242188,198.69528198242188,199.4755859375,37.81999969482422,383.30230712890625,196.39266967773438,369.6737060546875,51.973365783691406,176.1648406982422,7723.75732421875,697.9911499023438,64.08385467529297,108.7847671508789,239.1555633544922,121.17610931396484,382.26300048828125,257.181884765625,492.8453674316406,221.10000610351562,494.6400146484375,528.4600219726562,192.3800048828125,190.78395080566406,44.875057220458984,11.470000267028809,8.908407211303711,132.48609924316406,38.63860321044922,276.97833251953125,63.9316291809082,15.430537223815918,549.219970703125,135.81922912597656,161.17787170410156,111.02880859375,79.39076232910156,114.83300018310547,9.450669288635254,307.82000732421875,48.93212127685547
2021-04-16,21.479812622070312,616.1796264648438,202.2696075439453,202.18040466308594,37.34000015258789,382.9849548339844,198.80044555664062,372.6305236816406,52.35639190673828,180.49644470214844,7528.21875,687.5919189453125,64.59187316894531,108.97840118408203,240.56826782226562,121.23388671875,383.2431335449219,259.94793701171875,491.3898620605469,219.38999938964844,502.6000061035156,535.0,190.10000610351562,194.1758575439453,45.228145599365234,11.270000457763672,8.948362350463867,131.81582641601562,38.93693161010742,277.2966003417969,65.24214935302734,15.532689094543457,546.5399780273438,136.15684509277344,158.93309020996094,113.46365356445312,80.40324401855469,114.88800048828125,9.851276397705078,306.17999267578125,50.16877746582031
2021-04-19,21.921960830688477,621.2255249023438,198.15138244628906,202.27732849121094,36.369998931884766,379.00799560546875,199.66360473632812,371.02398681640625,52.35639190673828,179.0653076171875,7557.54931640625,696.4765014648438,64.91845703125,108.67826843261719,240.4908447265625,121.4457015991211,382.0963439941406,258.2724304199219,486.12628173828125,219.17999267578125,499.69000244140625,528.5800170898438,184.08999633789062,192.16436767578125,44.79607391357422,10.989999771118164,9.124533653259277,129.0164794921875,38.859947204589844,274.32574462890625,66.00497436523438,15.567380905151367,554.4400024414062,135.7999267578125,153.43223571777344,111.51577758789062,79.02348327636719,115.12000274658203,9.81485652923584,302.239990234375,51.15810775756836
2021-04-20,21.631948471069336,607.5433959960938,197.52792358398438,200.93946838378906,35.470001220703125,373.5235900878906,196.6197967529297,373.60626220703125,51.65908432006836,173.4552001953125,7524.30810546875,705.1473388671875,63.63025665283203,111.09872436523438,244.48712158203125,123.51586151123047,388.6534729003906,257.766845703125,480.8626708984375,220.16000366210938,504.4200134277344,532.27001953125,180.91000366210938,190.2416534423828,44.624176025390625,10.479999542236328,9.0972900390625,126.74940490722656,37.84947204589844,274.4608154296875,63.501319885253906,15.469085693359375,549.5700073242188,133.56199645996094,151.52951049804688,111.51577758789062,78.02091979980469,114.68150329589844,9.796648025512695,302.6499938964844,50.19845962524414
2021-04-21,21.950483322143555,632.869873046875,198.63844299316406,200.4547576904297,38.47999954223633,379.94024658203125,197.39210510253906,377.2530517578125,52.150142669677734,172.44386291503906,7494.9775390625,705.0599365234375,64.79147338867188,111.05999755859375,244.01295471191406,125.4127197265625,390.8881530761719,259.1151123046875,478.918701171875,219.75999450683594,506.4800109863281,541.0800170898438,182.8300018310547,194.7674560546875,45.051605224609375,10.800000190734863,9.04825210571289,133.11695861816406,38.195919036865234,278.40594482421875,62.10277557373047,15.465230941772461,508.8999938964844,136.50411987304688,153.4197540283203,114.924560546875,79.20215606689453,114.66449737548828,9.869484901428223,301.4700012207031,50.1638298034668
2021-04-22,21.750804901123047,626.2714233398438,196.09591674804688,199.29139709472656,38.209999084472656,380.1981201171875,195.57493591308594,377.7951354980469,52.75905227661133,173.9513397216797,7536.04052734375,697.1366577148438,63.095035552978516,111.03094482421875,243.39370727539062,125.0275650024414,388.6632995605469,262.5751647949219,482.7069396972656,215.97999572753906,490.42999267578125,546.260009765625,181.4199981689453,198.69178771972656,45.06553649902344,10.510000228881836,9.184467315673828,129.8641815185547,38.01306915283203,274.6537170410156,62.748260498046875,15.509560585021973,508.7799987792969,136.3979949951172,148.3234100341797,115.4115219116211,80.29405212402344,113.39600372314453,9.81485652923584,296.5199890136719,49.708744049072266
2021-04-23,21.57965087890625,629.570556640625,195.73548889160156,199.7179412841797,38.400001525878906,383.86761474609375,197.98269653320312,382.5556335449219,54.1143684387207,173.62693786621094,7553.638671875,697.272705078125,64.63723754882812,111.21490478515625,245.812744140625,126.3274154663086,392.3583984375,261.6828918457031,486.5749206542969,217.89999389648438,488.6400146484375,559.0999755859375,182.4499969482422,199.6679229736328,45.321067810058594,11.050000190734863,9.18265151977539,132.92965698242188,37.96495056152344,280.0167236328125,66.11255645751953,15.486432075500488,505.54998779296875,137.91246032714844,152.46839904785156,116.38546752929688,81.19734954833984,115.76499938964844,10.160834312438965,301.1300048828125,50.1638298034668
2021-04-26,21.54161834716797,627.2417602539062,194.04046630859375,197.41065979003906,38.849998474121094,384.2742004394531,198.0735626220703,378.40618896484375,54.575958251953125,177.5387420654297,7436.31591796875,696.1656494140625,65.78030395507812,111.55376434326172,244.7967529296875,125.28752136230469,387.99676513671875,262.37689208984375,492.5064392089844,216.97000122070312,501.1700134277344,558.4199829101562,190.05999755859375,197.7550811767578,45.098060607910156,10.890000343322754,9.146327018737793,135.33473205566406,38.04193878173828,279.9009704589844,66.58199310302734,15.4806489944458,510.29998779296875,138.29830932617188,154.5933074951172,113.95062255859375,79.7083969116211,116.33699798583984,9.760229110717773,303.0400085449219,49.65433120727539
2021-04-27,21.489320755004883,629.279541015625,193.90408325195312,198.11834716796875,39.0099983215332,385.8610534667969,196.756103515625,378.61322021484375,55.62681579589844,177.93948364257812,7311.17138671875,693.1654052734375,67.14106750488281,111.1955337524414,244.3129425048828,125.14309692382812,386.663818359375,261.8910827636719,488.69830322265625,215.52999877929688,491.80999755859375,557.5399780273438,189.9499969482422,196.1774444580078,45.51154708862305,10.760000228881836,9.149959564208984,134.82217407226562,37.887962341308594,279.5248107910156,68.99766540527344,15.428610801696777,505.54998779296875,139.4751434326172,153.6320037841797,115.89849853515625,79.87714385986328,115.35600280761719,9.450669288635254,303.57000732421875,49.81756591796875
2021-04-28,21.27537727355957,631.7054443359375,190.99139404296875,198.21530151367188,37.4900016784668,392.38671875,199.07301330566406,374.6115417480469,55.6955680847168,180.28656005859375,7385.47607421875,686.85400390625,67.5130386352539,111.43756866455078,243.79043579101562,126.3274154663086,386.7520446777344,260.45355224609375,484.2919921875,213.47999572753906,487.7699890136719,557.8099975585938,186.30999755859375,195.71401977539062,45.43256759643555,10.920000076293945,9.11545181274414,133.74777221679688,38.34989547729492,279.3318786621094,67.46220397949219,15.420902252197266,506.5199890136719,139.41725158691406,152.583251953125,113.95062255859375,80.66133117675781,118.99549865722656,9.487089157104492,307.1000061035156,49.1794548034668
2021-04-29,21.265869140625,637.139404296875,193.3098602294922,201.0460968017578,37.95000076293945,385.7420349121094,197.71014404296875,387.04998779296875,55.79378128051758,180.0575714111328,7351.7099609375,685.5917358398438,68.32646179199219,112.57035064697266,242.30030822753906,126.61628723144531,393.57373046875,264.7066955566406,462.94842529296875,211.86000061035156,485.0,552.6300048828125,170.86000061035156,199.11578369140625,45.25137710571289,10.869999885559082,9.126349449157715,133.45205688476562,38.272911071777344,281.94586181640625,66.75804138183594,15.378499031066895,509.0,139.88995361328125,153.06268310546875,115.89849853515625,80.50250244140625,121.49449920654297,9.614555358886719,329.510009765625,49.46635818481445
2021-04-30,21.289640426635742,646.7459716796875,191.1764678955078,200.9297637939453,37.65999984741211,378.9087829589844,197.4375457763672,384.77325439453125,55.567893981933594,167.4443817138672,7284.76904296875,699.8457641601562,67.4155502319336,112.82207489013672,246.5190887451172,126.05783081054688,390.87835693359375,263.5863952636719,468.7703552246094,218.1999969482422,481.29998779296875,548.989990234375,172.35000610351562,198.2480926513672,45.604469299316406,11.130000114440918,9.137247085571289,130.81045532226562,37.75323486328125,278.2611999511719,64.43040466308594,15.444028854370117,513.469970703125,137.87388610839844,149.91397094726562,115.4115219116211,79.0731201171875,120.50599670410156,9.723810195922852,325.0799865722656,48.6402702331543
2021-05-03,21.379972457885742,655.28515625,194.05020141601562,204.82699584960938,36.119998931884766,376.2707824707031,200.11790466308594,388.2327880859375,55.26343536376953,,,690.4175415039062,66.45001983642578,112.31863403320312,244.24522399902344,126.3274154663086,397.83740234375,265.0338439941406,465.9291687011719,217.9499969482422,488.6199951171875,549.8800048828125,163.2100067138672,201.6498565673828,46.124813079833984,12.069999694824219,9.200813293457031,130.94842529296875,,279.9106140136719,65.60400390625,15.523052215576172,509.1099853515625,139.25328063964844,148.18856811523438,115.4115219116211,79.5396499633789,119.75849914550781,9.760229110717773,322.5799865722656,48.368202209472656
2021-05-04,21.294395446777344,659.0028686523438,195.12176513671875,205.14691162109375,36.52000045776367,372.8095397949219,198.89129638671875,391.4162902832031,54.634883880615234,163.05551147460938,7050.47509765625,689.4271240234375,67.77993774414062,111.92166900634766,240.81985473632812,123.72769165039062,403.1693115234375,271.23016357421875,463.8356628417969,214.85000610351562,485.17999267578125,526.8800048828125,158.3699951171875,203.45423889160156,45.32571029663086,11.869999885559082,9.209894180297852,126.87754821777344,37.887962341308594,279.9878234863281,70.5135498046875,15.505705833435059,503.17999267578125,139.5523223876953,143.33941650390625,109.0809326171875,78.12017822265625,117.7125015258789,9.742018699645996,318.3599853515625,47.74492645263672
2021-05-05,21.631948471069336,671.1341552734375,194.82952880859375,205.9224853515625,36.65999984741211,366.09539794921875,200.9356231689453,386.4192199707031,57.07052230834961,168.64654541015625,7119.384765625,672.8912353515625,65.04722595214844,109.41409301757812,240.54891967773438,122.28340148925781,404.3062438964844,273.83758544921875,466.3179626464844,213.8699951171875,482.4200134277344,529.9199829101562,156.99000549316406,204.93325805664062,47.07258224487305,11.739999771118164,9.487771034240723,128.42507934570312,40.380470275878906,282.2256164550781,68.22502899169922,15.789030075073242,496.0799865722656,140.33367919921875,144.41062927246094,112.00274658203125,78.12017822265625,117.83699798583984,9.468878746032715,315.0199890136719,48.67489242553711
2021-05-06,21.717525482177734,675.3410034179688,200.615966796875,206.49444580078125,36.25,372.38311767578125,202.7403106689453,383.965087890625,56.64821243286133,168.97096252441406,6989.4404296875,678.7948608398438,66.19495391845703,111.0696792602539,236.1172637939453,122.572265625,406.7272033691406,275.6914978027344,468.68060302734375,213.16000366210938,498.67999267578125,533.1799926757812,151.89999389648438,206.40243530273438,47.843807220458984,11.399999618530273,9.505932807922363,129.84445190429688,40.13987731933594,283.2480773925781,67.71648406982422,15.950928688049316,499.54998779296875,141.2597198486328,145.0548553466797,111.51577758789062,77.7826919555664,119.06749725341797,9.432458877563477,320.0199890136719,49.35258102416992
2021-05-07,21.921960830688477,680.0369873046875,203.01235961914062,208.15225219726562,37.560001373291016,372.30377197265625,204.26004028320312,385.0886535644531,57.669612884521484,173.20713806152344,7058.3505859375,692.7479248046875,66.42268371582031,112.32831573486328,239.47488403320312,121.99453735351562,409.3539733886719,275.7510070800781,466.9958801269531,215.00999450683594,496.75,544.260009765625,151.0399932861328,207.57577514648438,48.52128982543945,10.850000381469727,9.596741676330566,131.0469970703125,40.3612174987793,280.25787353515625,71.12969207763672,15.922017097473145,503.8399963378906,142.301513671875,147.94384765625,114.43758392333984,77.60401916503906,119.93450164794922,9.669181823730469,319.0799865722656,49.990699768066406
2021-05-10,22.107376098632812,689.1354370117188,205.84713745117188,207.49302673339844,37.2599983215332,363.3184814453125,204.30752563476562,384.7436828613281,56.06877136230469,176.9472198486328,6965.81396484375,699.1077880859375,66.01277923583984,112.5025863647461,240.56826782226562,122.18712615966797,412.5296325683594,274.7000732421875,462.0312805175781,212.89999389648438,502.3399963378906,525.260009765625,141.0500030517578,208.9266357421875,49.14152145385742,10.09000015258789,9.663941383361816,122.90523529052734,40.707664489746094,283.1322937011719,71.93164825439453,15.993330955505371,486.69000244140625,142.20504760742188,142.48544311523438,110.5418472290039,74.34818267822266,117.08300018310547,9.286784172058105,305.9700012207031,49.308067321777344
2021-05-11,21.722278594970703,678.5694580078125,200.0314483642578,202.84930419921875,36.779998779296875,364.5780029296875,200.08079528808594,374.20745849609375,55.26343536376953,171.7378387451172,6969.75146484375,697.2046508789062,66.0947494506836,111.20521545410156,239.3103790283203,120.56951141357422,403.52215576171875,273.728515625,462.5596618652344,213.0,501.19000244140625,528.1900024414062,145.7899932861328,203.8683624267578,47.89151382446289,10.109999656677246,9.64577865600586,121.78154754638672,39.649078369140625,290.0868835449219,68.64556884765625,15.785173416137695,495.0799865722656,140.603759765625,142.88995361328125,108.59396362304688,75.93639373779297,115.43800354003906,9.2503662109375,306.5299987792969,48.38798904418945
2021-05-12,22.38312339782715,678.4716186523438,190.4848175048828,196.7611083984375,35.7599983215332,353.6786804199219,202.07542419433594,364.3710632324219,53.13225173950195,173.1308135986328,6863.43359375,684.892578125,64.29119873046875,108.7944564819336,234.12396240234375,118.54750061035156,397.31787109375,269.57452392578125,453.3682556152344,212.67999267578125,507.1400146484375,512.3099975585938,140.0800018310547,201.2554473876953,47.27605056762695,9.510000228881836,9.544073104858398,113.23564147949219,39.81267547607422,282.7754211425781,62.73847198486328,16.012603759765625,484.9800109863281,138.60699462890625,137.4190673828125,108.59396362304688,75.27133178710938,111.9540023803711,8.895283699035645,302.54998779296875,46.54290008544922
2021-05-13,22.31180763244629,680.9174194335938,195.16073608398438,202.23855590820312,35.22999954223633,357.0506286621094,203.5001678466797,374.237060546875,54.134002685546875,170.02044677734375,6973.689453125,694.67041015625,64.52800750732422,109.88848876953125,236.09791564941406,119.57777404785156,400.44451904296875,274.1944885253906,455.50164794921875,214.35000610351562,517.1699829101562,518.0700073242188,132.7100067138672,204.56846618652344,47.96785354614258,10.229999542236328,9.653043746948242,118.20349884033203,39.466224670410156,289.160888671875,64.34237670898438,16.001039505004883,486.6600036621094,141.39016723632812,136.4876708984375,107.36119079589844,73.335693359375,113.09850311279297,8.130489349365234,305.260009765625,47.685569763183594
2021-05-14,22.307056427001953,691.5812377929688,193.7677001953125,204.71066284179688,35.650001525878906,360.9085388183594,205.87474060058594,373.704833984375,55.281185150146484,172.40570068359375,7078.0390625,701.0691528320312,65.83060455322266,111.00190734863281,238.7685089111328,120.6176528930664,401.6598815917969,272.14227294921875,457.6449279785156,217.08999633789062,516.6199951171875,530.0700073242188,139.67999267578125,208.5420684814453,48.6739616394043,10.579999923706055,9.660308837890625,123.0432357788086,40.30348205566406,290.38592529296875,64.55806732177734,16.189922332763672,493.3699951171875,143.67881774902344,142.25820922851562,111.3375244140625,76.0058822631836,115.80799865722656,8.276164054870605,315.94000244140625,48.68973922729492
2021-05-17,22.791988372802734,691.5812377929688,189.11129760742188,203.60548400878906,33.849998474121094,360.3035583496094,205.6847686767578,369.555419921875,54.591888427734375,170.99362182617188,7066.2255859375,694.2821044921875,66.78704833984375,110.5565414428711,237.9266815185547,120.86799621582031,400.5131530761719,265.0338439941406,451.5140380859375,216.35000610351562,523.72998046875,523.6199951171875,137.36000061035156,206.57005310058594,48.7312126159668,10.40999984741211,9.618535995483398,121.80126190185547,40.380470275878906,290.9646911621094,63.34239959716797,16.604307174682617,488.94000244140625,142.9708709716797,141.48416137695312,111.8345718383789,77.50475311279297,116.07050323486328,8.467362403869629,315.4599914550781,48.66994857788086
2021-05-18,22.853796005249023,694.5162963867188,187.7669677734375,200.7751922607422,33.310001373291016,360.075439453125,206.064697265625,364.794921875,54.148780822753906,171.9858856201172,7137.1044921875,697.3724975585938,67.74349975585938,111.32140350341797,238.37179565429688,121.17610931396484,402.2283630371094,264.7364196777344,453.1987609863281,214.64999389648438,516.219970703125,524.8599853515625,139.38999938964844,202.57669067382812,49.43732833862305,10.350000381469727,9.625802040100098,120.06645965576172,40.53444290161133,289.0162658691406,63.33259582519531,16.430843353271484,486.2799987792969,139.9646453857422,139.98846435546875,111.8345718383789,78.46761322021484,115.17150115966797,8.667665481567383,309.9599914550781,48.55122756958008
2021-05-19,22.72067642211914,689.5267333984375,185.78944396972656,213.0105743408203,33.11000061035156,358.0027160644531,203.69012451171875,365.33697509765625,53.96168899536133,169.9059600830078,7198.13916015625,697.4016723632812,67.69795989990234,111.67962646484375,238.0718231201172,121.00279998779297,401.3658447265625,264.7463684082031,455.53155517578125,214.0500030517578,510.2699890136719,528.1400146484375,136.91000366210938,200.82159423828125,48.912513732910156,10.460000038146973,9.505932807922363,123.01365661621094,39.4854736328125,287.70440673828125,64.04827117919922,16.07427978515625,487.70001220703125,138.44212341308594,140.4878692626953,110.34344482421875,78.1598892211914,115.43550109863281,,313.5899963378906,47.88343811035156
2021-05-20,22.782482147216797,697.842529296875,188.40989685058594,215.7144012451172,31.850000381469727,364.66729736328125,203.83261108398438,369.14141845703125,54.542659759521484,170.6692352294922,7387.1494140625,709.8413696289062,69.09161376953125,113.62566375732422,242.69703674316406,121.99453735351562,400.52294921875,267.2942199707031,463.8456726074219,216.61000061035156,513.2100219726562,539.239990234375,141.2899932861328,203.32606506347656,49.26557159423828,10.279999732971191,9.637140274047852,128.4447784423828,39.7260627746582,286.5372619628906,64.70513153076172,16.355676651000977,501.6700134277344,139.2858123779297,145.94876098632812,112.33161163330078,76.63124084472656,117.80449676513672,8.758713722229004,318.6099853515625,48.778770446777344
2021-05-21,22.91084861755371,704.2017211914062,187.4941864013672,218.9240264892578,31.469999313354492,364.5680847167969,205.3998260498047,372.0687255859375,54.394954681396484,170.8028106689453,7391.0869140625,707.01416015625,69.60172271728516,113.7902603149414,241.85520935058594,122.56262969970703,403.45355224609375,266.699462890625,460.90484619140625,213.42999267578125,506.7200012207031,539.3400268554688,140.52000427246094,203.49368286132812,49.857173919677734,10.1899995803833,9.692286491394043,126.81840515136719,40.20724105834961,287.6272277832031,63.871803283691406,16.515649795532227,497.8900146484375,139.09185791015625,149.73666381835938,116.30795288085938,74.2485122680664,117.25499725341797,8.81334114074707,316.2300109863281,48.70952224731445
2021-05-24,22.830026626586914,706.060546875,185.73098754882812,219.2352752685547,31.280000686645508,369.3087158203125,,373.59637451171875,54.473731994628906,171.43251037597656,7422.5888671875,705.1422729492188,71.5692367553711,114.39053344726562,244.5935516357422,123.34255981445312,402.7870788574219,268.94000244140625,461.0244140625,211.22000122070312,500.4700012207031,549.7100219726562,142.3300018310547,203.23733520507812,,10.329999923706055,,132.65367126464844,40.476707458496094,288.9583740234375,63.724754333496094,,502.8999938964844,139.29550170898438,155.9317169189453,,75.38314056396484,120.33350372314453,8.49467658996582,324.6300048828125,49.53561019897461
2021-05-25,22.682641983032227,708.7998657226562,188.0299835205078,219.12826538085938,30.65999984741211,364.1912536621094,204.78244018554688,373.9025573730469,54.729759216308594,171.39434814453125,7454.0908203125,716.8021240234375,70.10270690917969,114.41957092285156,245.16444396972656,123.63140869140625,404.8453369140625,272.09271240234375,462.5795593261719,208.75999450683594,498.0299987792969,555.1900024414062,144.4600067138672,207.2701416015625,51.04039001464844,9.989999771118164,9.553472518920898,135.53184509277344,40.3612174987793,290.38592529296875,63.4698486328125,16.598526000976562,501.3399963378906,138.49061584472656,156.28878784179688,116.30795288085938,77.88131713867188,120.45349884033203,8.549304962158203,327.7900085449219,49.223968505859375
2021-05-26,22.568540573120117,719.85498046875,188.59498596191406,220.88870239257812,31.81999969482422,359.65887451171875,202.45535278320312,373.9815979003906,54.680519104003906,171.0317840576172,7422.5888671875,716.9288330078125,70.86786651611328,113.77090454101562,246.2191619873047,121.58052062988281,405.00213623046875,272.78668212890625,458.2630615234375,206.8000030517578,497.1600036621094,557.3300170898438,148.32000732421875,208.86746215820312,51.90871810913086,10.039999961853027,9.572487831115723,135.1763916015625,40.592185974121094,286.865234375,65.4796371459961,16.523357391357422,502.3599853515625,138.6554718017578,156.8106689453125,113.82273864746094,78.35906219482422,121.67649841308594,8.81334114074707,327.6600036621094,49.29817199707031
2021-05-27,22.82051658630371,720.6376342773438,188.76060485839844,221.14154052734375,32.52000045776367,359.0143127441406,205.0198974609375,375.8284606933594,54.84791946411133,175.26800537109375,7239.4853515625,716.6364135742188,71.74848175048828,113.14158630371094,245.88046264648438,120.50211334228516,404.5022888183594,273.05438232421875,471.0133056640625,207.30999755859375,495.3399963378906,554.0399780273438,149.0,210.7014617919922,53.05376052856445,10.069999694824219,9.421313285827637,136.08480834960938,41.50642776489258,287.7140808105469,66.71491241455078,16.507938385009766,503.8599853515625,140.21676635742188,154.69322204589844,111.8345718383789,78.0505142211914,120.12550354003906,8.904387474060059,332.75,49.31795883178711
2021-05-28,22.663625717163086,732.5732421875,189.7931671142578,220.70391845703125,32.11000061035156,357.60601806640625,206.20718383789062,374.7716369628906,54.83807373046875,174.69554138183594,7456.05908203125,718.2254028320312,72.4434814453125,114.09040069580078,247.186767578125,121.88862609863281,403.7377624511719,272.1224670410156,468.0425720214844,208.6300048828125,502.42999267578125,558.1099853515625,150.5800018310547,211.78607177734375,52.93925476074219,10.40999984741211,9.505932807922363,136.3909149169922,41.33320236206055,289.0451354980469,65.89138793945312,16.440481185913086,502.80999755859375,140.85682678222656,162.24908447265625,112.82865905761719,78.01070404052734,120.5780029296875,8.512886047363281,328.7300109863281,48.793609619140625
2021-05-31,22.463945388793945,732.0841064453125,,,,,204.59246826171875,,,,,,,,,,,,,,,,,,53.416358947753906,,9.355709075927734,,40.96750259399414,,,16.430843353271484,,,,112.82865905761719,,,8.467362403869629,,
2021-06-01,22.520998001098633,725.920654296875,186.8902130126953,221.0443115234375,32.0,356.822509765625,206.11219787597656,368.8360900878906,54.877464294433594,177.06170654296875,7365.49169921875,720.8577270507812,75.30575561523438,116.01707458496094,250.196044921875,120.15548706054688,398.6410827636719,261.47467041015625,445.6224060058594,209.6699981689453,503.2300109863281,550.5900268554688,152.36000061035156,212.8509521484375,53.40681838989258,10.489999771118164,9.452689170837402,136.46990966796875,41.50642776489258,291.82318115234375,67.5384292602539,16.55805015563965,499.0799865722656,141.86537170410156,162.44882202148438,112.82865905761719,80.8273696899414,121.4905014038086,8.603933334350586,329.1300048828125,50.87614822387695
2021-06-02,22.520998001098633,730.6165771484375,185.83815002441406,222.12391662597656,32.150001525878906,363.8243103027344,205.16236877441406,375.1271667480469,54.15862274169922,177.88223266601562,7381.24267578125,739.0980224609375,75.05885314941406,117.86630249023438,254.41485595703125,119.20225524902344,397.7883605957031,261.2565612792969,447.8155822753906,210.3800048828125,505.3599853515625,547.5599975585938,152.74000549316406,207.6842498779297,53.29230880737305,10.239999771118164,9.434624671936035,137.2598419189453,41.67002487182617,294.8326416015625,64.1855239868164,16.63321876525879,499.239990234375,141.5550537109375,167.58013916015625,112.33161163330078,80.8074722290039,121.06400299072266,8.458257675170898,329.1499938964844,49.85714340209961
2021-06-03,22.863304138183594,725.1380004882812,185.38031005859375,222.90199279785156,31.6299991607666,358.8358154296875,207.20448303222656,376.6283874511719,54.739601135253906,177.7868194580078,7322.17724609375,757.5332641601562,73.61398315429688,117.99217224121094,254.8212432861328,118.49935150146484,399.8564453125,262.90228271484375,443.9476013183594,211.14999389648438,505.6600036621094,550.2999877929688,146.58999633789062,210.2774658203125,53.6549072265625,10.729999542236328,9.489768981933594,134.6629638671875,41.78550338745117,293.3375549316406,63.66592788696289,16.650564193725586,489.42999267578125,141.9914093017578,169.49282836914062,111.3375244140625,77.98085021972656,120.23049926757812,8.376315116882324,326.0400085449219,50.287498474121094
2021-06-04,22.91084861755371,719.7571411132812,185.00038146972656,225.00283813476562,31.549999237060547,363.0011291503906,207.29946899414062,379.8183898925781,54.55250930786133,175.5160675048828,7459.99658203125,765.6736450195312,72.65381622314453,118.49562072753906,256.6887512207031,119.2503890991211,397.5825500488281,264.0622863769531,447.3669738769531,209.92999267578125,511.8900146484375,558.3599853515625,146.57000732421875,210.7803497314453,54.1129264831543,10.670000076293945,9.54776668548584,138.08926391601562,41.42943572998047,293.96453857421875,63.93061828613281,16.675621032714844,494.739990234375,144.01821899414062,175.5705108642578,111.8345718383789,79.17520141601562,122.58799743652344,8.330792427062988,330.3500061035156,51.212520599365234
2021-06-07,23.158071517944336,717.1156005859375,185.3315887451172,224.5651397705078,31.239999771118164,361.0771484375,207.29946899414062,376.5098571777344,53.301937103271484,178.39744567871094,7420.61962890625,775.1009521484375,74.3364028930664,118.7763900756836,259.9302062988281,119.35630798339844,392.299560546875,261.79193115234375,443.0703430175781,209.16000366210938,514.989990234375,560.3499755859375,151.9499969482422,208.9069061279297,54.66636657714844,11.1899995803833,9.52114486694336,137.22036743164062,41.910614013671875,291.1189880371094,60.96007537841797,16.810537338256836,494.6600036621094,142.40841674804688,175.97750854492188,113.82273864746094,77.63249969482422,123.30449676513672,8.330792427062988,336.5799865722656,50.87120056152344
2021-06-08,23.357751846313477,725.920654296875,186.45184326171875,228.6598358154297,30.040000915527344,362.2474060058594,207.6793975830078,379.6307678222656,54.45404052734375,176.66099548339844,7428.4951171875,796.15869140625,74.38212585449219,119.7252197265625,257.4047546386719,117.27653503417969,393.7599792480469,258.1733093261719,439.6310729980469,211.1300048828125,506.4200134277344,561.3099975585938,152.92999267578125,206.90528869628906,54.294227600097656,11.59000015258789,9.568684577941895,134.14950561523438,41.97797775268555,289.0066223144531,62.2443733215332,16.74114990234375,492.3900146484375,142.67025756835938,174.35948181152344,114.31978607177734,77.22442626953125,124.14250183105469,8.257954597473145,333.67999267578125,51.40049362182617
2021-06-09,23.31971549987793,728.4642333984375,185.67254638671875,225.58639526367188,30.559999465942383,360.3333740234375,206.4921112060547,379.8480224609375,54.43434143066406,172.21487426757812,7379.27392578125,789.6755981445312,75.97329711914062,119.67679595947266,258.3627014160156,118.53787231445312,393.1327209472656,256.9637756347656,446.81866455078125,213.55999755859375,521.8499755859375,566.6599731445312,150.42999267578125,205.39669799804688,53.98888397216797,11.510000228881836,9.591503143310547,132.95472717285156,41.10223388671875,286.8170166015625,62.26397705078125,16.78740882873535,485.80999755859375,141.9817352294922,173.4128875732422,113.32569885253906,76.96565246582031,124.56999969482422,8.303479194641113,330.25,51.425228118896484
2021-06-10,23.457590103149414,723.1812744140625,183.89956665039062,225.31405639648438,30.139999389648438,361.2953186035156,207.53692626953125,381.9417724609375,55.163028717041016,170.84097290039062,7450.15283203125,802.329833984375,77.88450622558594,122.2618408203125,262.0493469238281,120.10733795166016,393.51495361328125,258.76812744140625,463.46685791015625,216.77000427246094,532.0399780273438,580.530029296875,154.2899932861328,207.16168212890625,53.740787506103516,11.09000015258789,9.519244194030762,135.43313598632812,41.41019058227539,288.022705078125,58.7346076965332,17.055313110351562,487.2699890136719,142.3793487548828,174.07974243164062,113.82273864746094,78.0306167602539,126.08000183105469,8.421838760375977,332.4599914550781,51.34113311767578
2021-06-11,23.486116409301758,726.8011474609375,185.8771209716797,226.5590057373047,30.790000915527344,362.48541259765625,206.82455444335938,387.6304931640625,55.635684967041016,172.1194610595703,7603.7236328125,795.55419921875,75.58007049560547,120.7417984008789,259.6593322753906,119.18299102783203,389.9864807128906,256.3292541503906,463.70611572265625,193.02000427246094,525.5499877929688,584.469970703125,154.82000732421875,208.72943115234375,54.408729553222656,11.300000190734863,9.536357879638672,135.09742736816406,41.708518981933594,289.8072204589844,57.46010971069336,17.15938949584961,488.7699890136719,142.19508361816406,178.0783233642578,115.3138656616211,76.83626556396484,125.69650268554688,8.312583923339844,331.260009765625,51.435115814208984
2021-06-14,23.576448440551758,727.8772583007812,184.7568359375,226.68544006347656,30.81999969482422,363.49700927734375,206.9195556640625,391.4624328613281,54.44419479370117,171.16537475585938,7649.0068359375,803.3046264648438,76.1927719116211,122.14566802978516,262.1654357910156,119.53926086425781,391.2312927246094,257.5982666015625,468.8728942871094,194.8000030517578,528.75,592.3599853515625,157.47999572753906,204.9530029296875,54.18926239013672,10.859999656677246,9.699892044067383,137.27960205078125,41.14072799682617,288.5243225097656,57.31305694580078,17.142044067382812,499.8900146484375,141.58413696289062,180.0114288330078,117.30204010009766,76.79645538330078,126.35199737548828,,336.7699890136719,50.821739196777344
2021-06-15,23.5954647064209,732.964599609375,183.0228729248047,226.19912719726562,30.06999969482422,365.0838317871094,207.48944091796875,391.11676025390625,54.83807373046875,170.99362182617188,7717.91748046875,788.6910400390625,74.21753692626953,119.82009887695312,261.71063232421875,120.5213623046875,392.3290100097656,258.1931457519531,468.8828430175781,188.97000122070312,527.489990234375,592.260009765625,152.42999267578125,207.10748291015625,54.380104064941406,11.100000381469727,9.707498550415039,136.8944854736328,41.00600051879883,290.4148864746094,57.61697769165039,17.203720092773438,491.8999938964844,143.37818908691406,177.71116638183594,118.29612731933594,76.30876159667969,126.03299713134766,8.1851167678833,336.75,50.8810920715332
2021-06-16,23.39103126525879,733.5515747070312,181.38629150390625,224.92498779296875,30.459999084472656,360.81927490234375,208.72421264648438,387.89715576171875,56.15757369995117,168.99002075195312,7790.76513671875,789.6365966796875,73.76029968261719,118.14647674560547,257.89825439453125,120.3769302368164,389.35919189453125,256.8646240234375,467.22711181640625,187.49000549316406,523.5800170898438,593.52001953125,151.72999572753906,204.34022521972656,54.48506546020508,10.90999984741211,9.705597877502441,135.25540161132812,40.986751556396484,289.4117126464844,56.96992111206055,17.201793670654297,492.4100036621094,141.94293212890625,177.92845153808594,119.7872543334961,76.21919250488281,125.69650268554688,8.130489349365234,331.0799865722656,50.82667922973633
2021-06-17,23.609725952148438,742.2587890625,182.00973510742188,224.8861083984375,29.40999984741211,364.26068115234375,211.09877014160156,395.2055358886719,56.265892028808594,170.6120147705078,7859.6748046875,794.9888305664062,72.51663970947266,119.30438995361328,262.0303039550781,120.55988311767578,389.4571838378906,257.94525146484375,484.84210205078125,188.36000061035156,536.010009765625,604.2000122070312,155.8000030517578,204.78500366210938,54.25605773925781,10.380000114440918,9.580094337463379,135.59112548828125,40.7750358581543,288.4953918457031,55.6366081237793,17.059167861938477,498.3399963378906,138.30636596679688,186.3901824951172,115.8109130859375,77.93108367919922,126.37100219726562,8.36721134185791,336.510009765625,49.29322814941406
2021-06-18,23.305452346801758,733.7472534179688,182.04872131347656,224.2150115966797,29.079999923706055,364.3896179199219,206.96702575683594,385.87249755859375,55.52735900878906,163.97146606445312,7841.955078125,802.1152954101562,70.48651885986328,116.34635162353516,258.55938720703125,118.65342712402344,383.033447265625,257.9551696777344,481.2413330078125,187.85000610351562,537.9199829101562,601.0499877929688,156.30999755859375,199.00344848632812,53.78849792480469,10.069999694824219,9.519244194030762,129.5778045654297,39.966651916503906,282.3317565917969,54.66603088378906,16.976289749145508,500.7699890136719,135.04798889160156,186.20538330078125,116.30795288085938,77.01541900634766,125.56749725341797,8.166909217834473,329.6600036621094,48.75898742675781
2021-06-21,23.576448440551758,742.7478637695312,183.99700927734375,227.36624145507812,29.690000534057617,370.0128173828125,206.96702575683594,394.57342529296875,57.01426696777344,165.00189208984375,7997.49462890625,801.8519897460938,73.1658935546875,119.28492736816406,260.30938720703125,120.87763214111328,391.5918884277344,263.051025390625,482.32855224609375,187.6999969482422,534.27001953125,606.6300048828125,155.38999938964844,205.65467834472656,54.532779693603516,10.520000457763672,9.496424674987793,131.3748779296875,40.9482536315918,286.0549621582031,56.411109924316406,17.1574649810791,497.0,138.71363830566406,184.0924530029297,116.80499267578125,75.63196563720703,126.45500183105469,7.948395252227783,332.2900085449219,49.46635818481445
2021-06-22,23.657268524169922,745.389404296875,186.76358032226562,230.7120361328125,29.489999771118164,374.9219970703125,205.0198974609375,398.85968017578125,57.66416931152344,164.6202392578125,8091.99951171875,801.9202880859375,72.69953155517578,118.6913833618164,259.21075439453125,122.02342987060547,392.2018127441406,265.0239562988281,490.9565124511719,188.8699951171875,534.02001953125,611.6400146484375,157.6300048828125,207.3842010498047,54.82857894897461,10.449999809265137,9.472655296325684,131.7599639892578,41.40056610107422,287.4536437988281,56.8914909362793,17.25190544128418,508.82000732421875,138.51002502441406,188.68292236328125,115.3138656616211,73.81059265136719,126.99949645996094,8.194222450256348,339.0299987792969,49.34763717651367
2021-06-23,23.433818817138672,723.376953125,186.19857788085938,230.8092803955078,29.510000228881836,372.04595947265625,203.64263916015625,395.8671569824219,58.45193099975586,164.8683319091797,7971.89990234375,783.3875122070312,73.4036636352539,117.85456085205078,256.8871154785156,120.82948303222656,389.12274169921875,261.583740234375,492.76190185546875,187.52000427246094,529.7999877929688,615.8800048828125,160.5,203.73739624023438,54.561405181884766,10.5,9.359512329101562,133.7940216064453,40.81352996826172,280.5279235839844,57.038551330566406,17.095787048339844,512.739990234375,140.04220581054688,190.38626098632812,115.3138656616211,74.56700897216797,126.46150207519531,8.194222450256348,340.5899963378906,49.08051681518555
2021-06-24,23.438573837280273,734.6278076171875,186.79281616210938,233.2699737548828,30.31999969482422,371.6591491699219,204.0225830078125,406.0890808105469,59.21015167236328,166.39486694335938,8054.591796875,759.756103515625,74.21753692626953,118.0005111694336,256.8190612792969,121.05205535888672,392.37884521484375,262.71392822265625,494.0984802246094,191.94000244140625,544.4500122070312,614.9299926757812,163.27000427246094,202.03750610351562,55.563316345214844,10.460000038146973,9.451738357543945,136.51925659179688,41.27545928955078,279.65985107421875,57.96010971069336,17.246122360229492,518.0599975585938,141.24472045898438,191.8673095703125,116.30795288085938,75.14427947998047,127.28199768066406,8.248849868774414,343.17999267578125,49.011268615722656
2021-06-25,23.462345123291016,742.7478637695312,187.67929077148438,233.96054077148438,30.860000610351562,376.47900390625,204.1650390625,407.25445556640625,59.83051300048828,166.81468200683594,8153.03466796875,763.7337646484375,75.44290924072266,118.7108383178711,259.1427307128906,120.897216796875,398.35992431640625,264.9446105957031,491.6148376464844,194.33999633789062,550.5499877929688,620.6400146484375,165.10000610351562,205.190185546875,55.286598205566406,10.260000228881836,9.373773574829102,134.47535705566406,42.19932174682617,278.3190612792969,56.93070983886719,17.19601058959961,527.0700073242188,142.25326538085938,190.1240234375,115.3138656616211,77.41353607177734,126.99500274658203,8.267059326171875,341.3699951171875,49.219024658203125
2021-06-28,23.467098236083984,731.4971313476562,188.21507263183594,234.65109252929688,30.56999969482422,364.6474304199219,203.167724609375,405.7137451171875,59.594181060791016,163.64706420898438,8021.12109375,778.47412109375,74.7662124633789,118.34107971191406,264.2470397949219,119.74563598632812,394.9267578125,267.74041748046875,503.8136901855469,197.82000732421875,542.7000122070312,631.9000244140625,170.4199981689453,204.4983673095703,55.181636810302734,9.729999542236328,9.432722091674805,139.2149200439453,41.092613220214844,278.81097412109375,56.75423812866211,17.290451049804688,533.030029296875,142.0690155029297,199.65472412109375,119.29020690917969,76.73674011230469,126.81950378417969,8.212431907653809,355.6400146484375,49.342689514160156
2021-06-29,23.6049747467041,738.0519409179688,189.17947387695312,235.2249298095703,30.34000015258789,364.96478271484375,202.1229248046875,405.4964904785156,59.456329345703125,165.24993896484375,8040.8095703125,782.1884765625,73.90617370605469,118.1756591796875,265.2192687988281,120.51981353759766,391.6213684082031,273.62939453125,506.9457092285156,196.77999877929688,545.97998046875,637.0800170898438,171.36000061035156,203.47055053710938,55.63965606689453,9.739999771118164,9.431771278381348,140.13320922851562,41.525672912597656,278.07794189453125,56.66600799560547,17.369474411010742,533.5,142.059326171875,200.0718231201172,117.79907989501953,76.23908996582031,126.01850128173828,8.276164054870605,351.8900146484375,50.55461502075195
2021-06-30,23.837932586669922,721.0289916992188,188.95541381835938,235.1179656982422,30.68000030517578,362.0788269042969,200.41323852539062,405.36810302734375,58.33376693725586,163.2654266357422,7845.89306640625,782.4515991210938,73.42889404296875,116.30742645263672,262.6428527832031,120.12305450439453,393.9233093261719,273.4806823730469,503.185302734375,201.6300048828125,558.5399780273438,631.5499877929688,166.2899932861328,204.3204803466797,54.84766387939453,9.829999923706055,9.311022758483887,140.60714721679688,40.90013885498047,278.9408874511719,59.10715103149414,17.190227508544922,528.2100219726562,143.69818115234375,199.82952880859375,119.7872543334961,74.94522094726562,125.31600189208984,8.130489349365234,347.7099914550781,49.30311584472656
2021-07-01,23.966297149658203,723.1812744140625,190.75758361816406,236.800537109375,31.200000762939453,367.6524353027344,201.50552368164062,407.096435546875,58.83596420288086,167.25357055664062,7755.3251953125,777.6162109375,75.00762176513672,116.74528503417969,262.8275451660156,122.05847930908203,398.3009033203125,275.602294921875,508.232421875,202.2100067138672,574.6199951171875,638.9500122070312,164.63999938964844,209.3509063720703,55.267513275146484,10.0,9.335742950439453,136.2131805419922,41.25621032714844,280.02685546875,59.31303024291992,17.226848602294922,533.5399780273438,145.6280059814453,201.92250061035156,115.8109130859375,74.40776824951172,126.36849975585938,,354.3900146484375,48.8183479309082
2021-07-02,24.018592834472656,718.4853515625,190.65045166015625,239.82534790039062,31.139999389648438,371.93682861328125,202.31288146972656,409.496337890625,58.87535095214844,164.44851684570312,7773.044921875,780.404296875,74.18153381347656,117.76698303222656,265.2969970703125,122.73588562011719,402.6981506347656,275.5626220703125,512.0128173828125,200.5399932861328,583.6400146484375,648.2000122070312,164.25999450683594,212.33555603027344,55.62057113647461,9.8100004196167,9.369970321655273,136.42054748535156,41.14072799682617,281.93701171875,59.214996337890625,17.2943058013916,533.97998046875,146.82080078125,204.66981506347656,116.80499267578125,73.8404541015625,128.718994140625,8.039443016052246,354.70001220703125,49.15471649169922
2021-07-05,24.108924865722656,721.8116455078125,,,,,203.35769653320312,,,169.54339599609375,7753.3564453125,,,,,,,,,,,,,,55.76369857788086,,9.411805152893066,,41.20809555053711,,,17.29816246032715,,,,116.30795288085938,,,7.911975860595703,,
2021-07-06,23.956787109375,712.1261596679688,189.71524047851562,238.7262725830078,30.34000015258789,373.0177917480469,201.5530242919922,410.52349853515625,59.013206481933594,163.64706420898438,7845.89306640625,798.5471801757812,73.06173706054688,119.23627471923828,268.0776672363281,122.87138366699219,403.58349609375,276.17730712890625,515.7431640625,200.0500030517578,582.25,658.989990234375,163.52999877929688,212.32569885253906,55.63965606689453,9.449999809265137,9.450786590576172,135.0579071044922,40.370845794677734,278.01007080078125,55.30327224731445,17.17673683166504,541.6400146484375,145.17222595214844,206.78274536132812,120.28429412841797,71.29251098632812,129.77099609375,8.003023147583008,352.7799987792969,48.660057067871094
2021-07-07,24.360902786254883,721.8116455078125,190.81602478027344,240.76878356933594,29.559999465942383,370.83599853515625,200.98313903808594,413.9703063964844,58.46177673339844,164.58209228515625,7934.4912109375,807.0286865234375,71.8226318359375,119.96605682373047,270.449951171875,123.61651611328125,404.96075439453125,278.8541259765625,521.3887939453125,198.99000549316406,585.9000244140625,665.3099975585938,158.25999450683594,214.39122009277344,56.193092346191406,9.550000190734863,9.658058166503906,133.1719512939453,41.015625,281.9564514160156,57.11698532104492,17.27117919921875,535.9600219726562,147.57720947265625,203.51844787597656,122.2724609375,69.59056854248047,130.07749938964844,8.030336380004883,350.489990234375,49.214080810546875
2021-07-08,24.089906692504883,697.4512329101562,187.815673828125,241.77053833007812,28.780000686645508,367.56927490234375,197.99118041992188,411.8962097167969,57.14227294921875,159.94517517089844,7741.5439453125,807.3992309570312,70.76708984375,119.79090881347656,270.2069396972656,123.32620239257812,403.278564453125,274.74969482421875,517.289306640625,197.74000549316406,574.9199829101562,659.9400024414062,157.94000244140625,211.54493713378906,55.181636810302734,9.529999732971191,9.627633094787598,130.86141967773438,39.937782287597656,278.6305847167969,56.862083435058594,17.199865341186523,530.760009765625,146.0159149169922,198.83302307128906,120.28429412841797,67.39097595214844,129.177001953125,8.094071388244629,345.6499938964844,48.97169494628906
2021-07-09,24.094663619995117,715.3546752929688,190.28025817871094,241.77053833007812,29.299999237060547,370.2998352050781,201.173095703125,409.54571533203125,58.19590759277344,165.40260314941406,7749.4189453125,799.7268676757812,72.31827545166016,122.00943756103516,270.7221984863281,124.03263092041016,405.4034118652344,278.6161804199219,515.9427490234375,198.16000366210938,580.4000244140625,667.030029296875,158.60000610351562,216.22947692871094,55.75415802001953,9.84000015258789,9.591503143310547,133.20156860351562,40.80390548706055,282.8097229003906,58.715003967285156,17.321290969848633,535.97998046875,148.9154815673828,200.3065948486328,124.26063537597656,70.43656158447266,129.57449340820312,8.130489349365234,350.4200134277344,49.590023040771484
2021-07-12,24.2230281829834,719.2680053710938,190.5140838623047,245.33030700683594,29.649999618530273,372.9012451171875,202.07542419433594,406.6520080566406,59.53510665893555,164.7919921875,7818.32861328125,808.7250366210938,73.76848602294922,123.9749755859375,272.21942138671875,124.06166076660156,409.2694396972656,279.0523986816406,513.3792724609375,198.33999633789062,574.030029296875,659.5399780273438,155.99000549316406,217.7613067626953,55.935455322265625,9.899999618530273,9.6865816116333,135.07766723632812,40.61143112182617,282.2085266113281,58.49931716918945,17.63352394104004,537.3099975585938,150.3798065185547,204.924560546875,124.75767517089844,68.0677719116211,130.56399536132812,8.048547744750977,353.1600036621094,48.04667282104492
2021-07-13,24.261062622070312,727.4859008789062,189.25741577148438,244.8537139892578,29.100000381469727,380.9935302734375,202.1229248046875,403.8866882324219,58.50115966796875,162.19683837890625,7678.5400390625,802.3785400390625,70.96902465820312,122.2235107421875,270.7999572753906,123.2874984741211,411.728759765625,277.3074951171875,512.9901733398438,198.3300018310547,577.010009765625,662.5800170898438,154.2100067138672,216.66429138183594,55.88774490356445,9.65999984741211,9.663762092590332,134.57408142089844,40.553688049316406,280.08502197265625,56.20522689819336,17.73181915283203,540.6799926757812,149.38095092773438,202.30213928222656,124.26063537597656,70.62566375732422,130.9945068359375,7.939291477203369,352.0899963378906,46.37965774536133
2021-07-14,24.289588928222656,734.334228515625,187.7572021484375,246.68222045898438,28.739999771118164,388.03338623046875,201.50552368164062,405.4964904785156,58.00881576538086,162.86471557617188,7540.72021484375,810.9576416015625,71.4004135131836,122.82679748535156,273.5611572265625,123.61651611328125,407.9905700683594,274.8587341308594,509.4792175292969,197.88999938964844,581.0599975585938,659.8499755859375,148.85000610351562,216.18994140625,55.94499969482422,9.539999961853027,9.654254913330078,133.942138671875,40.428585052490234,279.3869323730469,55.85228729248047,17.63545036315918,547.9500122070312,148.76031494140625,198.2211151123047,124.26063537597656,71.49156951904297,132.08250427246094,7.556893825531006,347.6300048828125,46.20157241821289
2021-07-15,24.080400466918945,723.7682495117188,190.68939208984375,246.0013885498047,28.459999084472656,387.4674072265625,199.5583953857422,406.42486572265625,57.920188903808594,161.3572235107422,7450.15283203125,813.102294921875,70.96902465820312,123.50792694091797,273.4736328125,121.31334686279297,413.2141418457031,274.57122802734375,513.1697387695312,200.08999633789062,589.3200073242188,657.4199829101562,146.2100067138672,217.71189880371094,55.6873664855957,9.800000190734863,9.774053573608398,131.52296447753906,39.99552536010742,279.3481140136719,54.23466110229492,17.5583553314209,542.9500122070312,149.21609497070312,189.47718811035156,124.26063537597656,72.28779602050781,131.26649475097656,7.666150093078613,344.4599914550781,46.32029724121094
2021-07-16,24.34663963317871,715.941650390625,191.06932067871094,244.27015686035156,28.18000030517578,384.3794250488281,198.37110900878906,409.28900146484375,57.349063873291016,157.8270721435547,7481.654296875,810.596923828125,69.54631805419922,123.84848022460938,274.6208801269531,121.73914337158203,412.869873046875,274.0755310058594,518.4662475585938,202.27999877929688,583.239990234375,667.760009765625,146.77999877929688,216.63465881347656,55.51560592651367,9.720000267028809,9.86532974243164,126.56617736816406,40.101383209228516,276.86590576171875,51.695472717285156,17.683635711669922,530.3099975585938,148.1202850341797,181.4325408935547,122.7695083618164,71.13326263427734,131.8455047607422,7.356590270996094,341.1600036621094,45.652496337890625
2021-07-19,23.904489517211914,696.375,187.91307067871094,244.24098205566406,27.81999969482422,362.8628234863281,190.9624786376953,404.08416748046875,56.492374420166016,152.007080078125,7481.654296875,813.3558349609375,66.93960571289062,123.36196899414062,273.094482421875,118.78759002685547,402.40301513671875,272.4595031738281,520.2916259765625,199.24000549316406,585.22998046875,669.4000244140625,151.3699951171875,215.08303833007812,54.55186080932617,9.15999984741211,9.65995979309082,127.00064849853516,38.34027099609375,273.5303955078125,50.303340911865234,16.982072830200195,532.280029296875,144.67764282226562,187.61399841308594,123.26654815673828,69.64033508300781,129.25399780273438,7.2655439376831055,336.95001220703125,45.94435119628906
2021-07-20,23.913999557495117,703.6146850585938,189.8792724609375,247.73265075683594,28.1299991607666,371.7395324707031,194.0019073486328,411.22467041015625,57.66416931152344,154.23965454101562,7383.2119140625,811.7473754882812,70.8221664428711,124.53933715820312,275.1459045410156,121.45850372314453,406.2494201660156,274.4026794433594,521.2492065429688,196.5500030517578,587.239990234375,669.3900146484375,154.8300018310547,245.987060546875,55.15300750732422,9.949999809265137,9.694188117980957,130.3084716796875,39.05241775512695,277.2634582519531,51.411163330078125,16.908832550048828,531.0499877929688,149.429443359375,185.93812561035156,119.7872543334961,69.5208969116211,131.10150146484375,7.201810359954834,341.6600036621094,47.17606735229492
2021-07-21,24.299097061157227,711.1478881835938,190.87704467773438,249.03590393066406,28.790000915527344,377.3694152832031,197.6112518310547,411.8962097167969,58.47162628173828,159.52536010742188,7442.27734375,799.1807861328125,71.69412231445312,123.47872924804688,272.4819641113281,122.94879913330078,407.89227294921875,275.1065673828125,512.950439453125,196.27000427246094,583.719970703125,670.510009765625,153.32000732421875,246.33299255371094,55.582401275634766,10.5,9.842510223388672,136.26255798339844,39.572086334228516,278.01007080078125,53.19546127319336,17.25383186340332,513.6300048828125,150.92286682128906,193.9103546142578,118.29612731933594,69.56070709228516,132.60049438476562,7.174496650695801,346.2300109863281,47.591583251953125
2021-07-22,24.36565589904785,712.0283203125,192.48129272460938,249.96961975097656,28.479999542236328,379.4545593261719,198.6085662841797,413.4172058105469,59.78127670288086,157.73165893554688,7432.43310546875,800.2142333984375,68.90383911132812,123.74144744873047,273.7847900390625,123.00685119628906,409.00384521484375,278.6855773925781,523.1642456054688,196.02000427246094,586.8800048828125,683.030029296875,152.8699951171875,243.90174865722656,55.849578857421875,10.109999656677246,9.747431755065918,135.45286560058594,39.466224670410156,279.69720458984375,52.469974517822266,17.055313110351562,511.7699890136719,151.33016967773438,195.74855041503906,115.3138656616211,69.31188201904297,133.32850646972656,7.365694999694824,351.19000244140625,47.45802307128906
2021-07-23,24.57959747314453,731.3992919921875,196.46258544921875,253.87950134277344,28.469999313354492,390.4759521484375,199.46340942382812,413.3183898925781,60.48041534423828,159.44903564453125,7505.28076171875,812.5564575195312,68.01351165771484,124.4420394897461,277.3431701660156,124.39069366455078,410.9024658203125,281.3326416015625,530.904541015625,200.5,586.3499755859375,693.739990234375,151.58999633789062,245.55223083496094,56.57477569580078,10.079999923706055,9.880541801452637,136.6871337890625,39.88966751098633,281.4715881347656,52.69546890258789,17.26346778869629,515.4099731445312,151.98959350585938,195.38890075683594,119.29020690917969,66.57484436035156,137.8159942626953,7.174496650695801,369.7900085449219,47.759765625
2021-07-26,24.593862533569336,731.1057739257812,193.43014526367188,253.71414184570312,29.34000015258789,390.0191955566406,200.31825256347656,408.28155517578125,60.88414764404297,161.6625518798828,7308.39501953125,808.6861572265625,68.9313735961914,124.52961730957031,276.7112121582031,123.93587493896484,406.8101806640625,278.6855773925781,527.7725830078125,198.92999267578125,577.780029296875,685.6699829101562,149.75,242.88381958007812,56.29805374145508,10.329999923706055,9.831100463867188,136.73651123046875,40.11100769042969,280.3371887207031,52.99938201904297,17.240339279174805,516.489990234375,151.31076049804688,192.75146484375,115.8109130859375,59.89645767211914,139.64450073242188,6.855212688446045,372.4599914550781,47.71524429321289
2021-07-27,24.489267349243164,715.3546752929688,189.29234313964844,251.2826385498047,28.829999923706055,387.507080078125,198.8935089111328,407.67913818359375,61.376495361328125,161.60528564453125,7223.734375,820.6968994140625,69.93183135986328,125.70698547363281,278.9182434082031,126.01646423339844,408.3447265625,280.6981506347656,528.9295654296875,202.85000610351562,581.010009765625,686.9500122070312,151.00999450683594,244.79122924804688,55.78278350830078,10.239999771118164,9.869132041931152,133.20156860351562,39.928165435791016,280.1238098144531,53.22487258911133,17.17673683166504,518.9099731445312,151.41744995117188,191.89231872558594,117.30204010009766,58.62248992919922,136.79649353027344,6.57349157333374,367.80999755859375,47.53717041015625
2021-07-28,24.484514236450195,741.3782348632812,188.19676208496094,250.36843872070312,29.389999389648438,380.7254638671875,199.93832397460938,406.49395751953125,61.49465560913086,164.83013916015625,7200.1083984375,815.3154296875,70.02361297607422,124.18904113769531,277.0709533691406,126.30677032470703,402.5112609863281,280.75762939453125,526.9246826171875,202.24000549316406,586.4099731445312,695.5800170898438,151.80999755859375,243.0518341064453,56.10721206665039,10.600000381469727,9.928080558776855,135.48251342773438,40.072509765625,279.0863037109375,53.75428009033203,17.20564842224121,519.2999877929688,150.75802612304688,194.8394317626953,118.29612731933594,61.43915557861328,136.38150024414062,6.8833842277526855,373.2799987792969,47.43328857421875
2021-07-29,24.75550651550293,743.6283569335938,189.39996337890625,254.49224853515625,30.18000030517578,386.0574645996094,201.173095703125,418.3256530761719,62.833858489990234,168.13133239746094,7204.0458984375,766.6388549804688,69.70386505126953,124.4420394897461,275.1459045410156,126.46160888671875,405.3738708496094,292.12908935546875,532.41064453125,200.3800048828125,583.1300048828125,704.1599731445312,156.02999877929688,244.998779296875,55.75415802001953,10.470000267028809,9.9204740524292,135.7688446044922,40.707664489746094,280.8704528808594,55.077796936035156,17.088077545166016,514.25,152.93995666503906,196.42788696289062,118.29612731933594,61.67802429199219,136.54049682617188,6.892776012420654,358.32000732421875,47.87848663330078
2021-07-30,24.907642364501953,739.8129272460938,188.49021911621094,253.89894104003906,29.010000228881836,383.207763671875,199.8908233642578,423.4118957519531,62.78461837768555,166.49029541015625,7373.3671875,799.8145751953125,68.61644744873047,124.5879898071289,274.9514465332031,127.0712661743164,405.5115661621094,293.6062927246094,538.634765625,201.5800018310547,574.6099853515625,678.530029296875,148.4499969482422,245.29525756835938,54.79995346069336,10.5,9.8463134765625,138.1682586669922,40.659549713134766,282.18914794921875,54.35231018066406,16.864501953125,517.5700073242188,153.26966857910156,194.79946899414062,118.79316711425781,60.911651611328125,135.2209930419922,6.798868179321289,356.29998779296875,47.79439163208008
2021-08-02,24.88862419128418,757.7163696289062,186.79794311523438,250.1933135986328,29.09000015258789,372.6033935546875,183.9812469482422,428.8734130859375,62.56798553466797,167.82601928710938,7383.2119140625,798.4300537109375,67.51982879638672,124.99667358398438,275.74871826171875,127.02288055419922,408.8070983886719,295.05377197265625,532.3209228515625,198.32000732421875,577.1300048828125,678.719970703125,150.05999755859375,248.06251525878906,54.761783599853516,10.319999694824219,9.912867546081543,140.22206115722656,40.75578308105469,279.9590148925781,52.9405632019043,16.77777099609375,515.1500244140625,151.75686645507812,197.3070068359375,119.29020690917969,61.03108596801758,135.989501953125,7.118152141571045,351.95001220703125,47.63115310668945
2021-08-03,25.25470542907715,760.1621704101562,189.72274780273438,255.0174560546875,27.8700008392334,364.99761962890625,183.01242065429688,430.651123046875,63.80870819091797,168.26490783691406,7300.51953125,799.7171020507812,66.40480041503906,126.1740493774414,276.4584045410156,127.21644592285156,415.0340576171875,297.5025329589844,535.6224975585938,200.0500030517578,586.510009765625,695.6699829101562,151.41000366210938,250.54310607910156,55.238887786865234,10.579999923706055,9.933785438537598,140.37017822265625,40.97713088989258,281.8207092285156,54.23466110229492,16.94738006591797,510.82000732421875,157.88571166992188,197.95639038085938,119.7872543334961,56.5622444152832,136.27999877929688,7.024245262145996,351.239990234375,48.68973922729492
2021-08-04,25.107324600219727,762.8037109375,185.76100158691406,253.3931884765625,28.34000015258789,365.40472412109375,180.78982543945312,434.05841064453125,65.0198974609375,170.63107299804688,7343.83447265625,807.5454711914062,65.2436752319336,125.42478942871094,276.9639892578125,124.2358627319336,414.6799011230469,297.5025329589844,537.5076293945312,199.58999633789062,580.9500122070312,698.47998046875,149.72999572753906,245.35458374023438,54.8953742980957,10.390000343322754,9.899557113647461,140.96261596679688,41.179222106933594,278.9311828613281,54.2542724609375,16.95894432067871,517.3499755859375,156.9353485107422,202.54190063476562,120.78133392333984,58.861358642578125,136.02850341796875,6.996073246002197,358.9200134277344,48.1752815246582
2021-08-05,25.02650260925293,761.8253784179688,186.52403259277344,254.23934936523438,29.200000762939453,369.3069152832031,186.7167510986328,436.25091552734375,66.21137237548828,171.47068786621094,7351.7099609375,809.7681884765625,66.71812438964844,126.93302154541016,274.91259765625,123.88748168945312,404.4984130859375,296.3426208496094,540.9688720703125,202.99000549316406,602.469970703125,705.760009765625,153.02999877929688,246.14520263671875,55.13392639160156,10.130000114440918,9.93949031829834,140.4788055419922,41.121482849121094,279.9493103027344,54.303287506103516,16.91268539428711,524.8900146484375,157.02261352539062,206.16835021972656,123.26654815673828,57.12955856323242,136.94000244140625,6.808259010314941,362.9700012207031,48.64521789550781
2021-08-06,25.16437530517578,765.54296875,186.01536560058594,252.96524047851562,29.040000915527344,371.8785400390625,188.4264373779297,436.1126403808594,66.54618072509766,174.27574157714844,7721.85498046875,799.5610961914062,66.47852325439453,126.21297454833984,274.2903137207031,124.48746490478516,408.3644104003906,295.68829345703125,536.8294067382812,200.6699981689453,610.8599853515625,685.2000122070312,149.25999450683594,247.1927947998047,55.14346694946289,10.329999923706055,9.933785438537598,140.85398864746094,41.50642776489258,281.98553466796875,55.8228759765625,16.972434997558594,520.5499877929688,157.96328735351562,203.4609832763672,123.26654815673828,57.43809509277344,137.03599548339844,6.892776012420654,363.510009765625,48.74414825439453
2021-08-09,25.449630737304688,767.2061767578125,183.89266967773438,255.22171020507812,29.229999542236328,368.0558166503906,190.34507751464844,430.71038818359375,65.8175048828125,175.91677856445312,7684.4462890625,794.5305786132812,66.9300765991211,126.5048828125,272.2874755859375,122.82298278808594,404.1835632324219,298.5633544921875,539.7817993164062,200.39999389648438,613.9400024414062,686.4099731445312,150.47999572753906,245.73013305664062,54.9049186706543,10.220000267028809,10.021257400512695,140.21218872070312,41.573787689208984,267.373291015625,55.04592514038086,17.186372756958008,519.969970703125,158.35118103027344,202.75167846679688,122.2724609375,60.264713287353516,138.0019989013672,6.87399435043335,361.6099853515625,48.724361419677734
2021-08-10,25.525699615478516,772.7826538085938,185.5947265625,256.83624267578125,29.440000534057617,365.2359313964844,191.29490661621094,429.1104431152344,64.79342651367188,176.87088012695312,7727.76171875,777.9378051757812,66.58912658691406,125.86267852783203,267.6595764160156,121.25528717041016,405.0787353515625,299.0590515136719,538.993896484375,196.4600067138672,614.97998046875,671.530029296875,146.7899932861328,237.84352111816406,54.389644622802734,10.640000343322754,10.009847640991211,136.32177734375,42.20894241333008,269.42889404296875,56.865379333496094,17.246122360229492,515.8400268554688,162.28839111328125,199.16519165039062,123.26654815673828,61.5984001159668,138.09649658203125,7.00546407699585,361.1300048828125,48.68478775024414
2021-08-11,26.376712799072266,771.1194458007812,190.2803497314453,255.8052520751953,29.450000762939453,361.6614074707031,191.86480712890625,428.23150634765625,64.80326080322266,177.93948364257812,7971.89990234375,786.624267578125,67.57514190673828,125.42478942871094,269.5263366699219,121.97138977050781,401.1045227050781,297.413330078125,535.8917846679688,195.25,608.4500122070312,665.3200073242188,144.44000244140625,238.33767700195312,54.77132797241211,10.489999771118164,10.095418930053711,133.12258911132812,43.306034088134766,270.26275634765625,57.976722717285156,17.23648452758789,512.4000244140625,161.8616943359375,196.79751586914062,122.2724609375,62.02637481689453,137.6894989013672,7.531343460083008,359.9599914550781,49.649383544921875
2021-08-12,26.91394805908203,774.9348754882812,187.8152618408203,254.70620727539062,28.899999618530273,359.4173889160156,191.43739318847656,431.3424987792969,65.08882904052734,177.7080078125,7849.83056640625,791.3426513671875,66.85635375976562,126.56327819824219,272.27777099609375,123.40361022949219,399.3534851074219,297.9387512207031,540.6296997070312,194.80999755859375,608.0,675.6699829101562,145.3000030517578,239.70150756835938,55.66828155517578,10.0,10.200004577636719,127.59310913085938,43.57548904418945,269.17681884765625,59.432289123535156,17.770368576049805,510.7200012207031,162.85537719726562,198.85549926757812,123.26654815673828,60.74245071411133,138.38949584960938,7.634641170501709,362.6499938964844,49.718631744384766
2021-08-13,26.84636116027832,771.8043212890625,186.35772705078125,254.37551879882812,28.420000076293945,360.1819763183594,191.8173065185547,436.2706604003906,65.17271423339844,178.51815795898438,7806.515625,793.6531982421875,67.41849517822266,128.42176818847656,275.06817626953125,124.19713592529297,403.0031433105469,299.4457092285156,543.2530517578125,194.36000061035156,624.7899780273438,672.0999755859375,144.0,240.1363525390625,55.42972946166992,9.710000038146973,10.239937782287598,128.2645263671875,43.26753616333008,271.2420654296875,57.96688461303711,17.88022804260254,515.9199829101562,163.29376220703125,201.6827392578125,123.26654815673828,59.94622039794922,138.406005859375,7.437436103820801,363.17999267578125,49.481201171875
2021-08-16,26.909120559692383,735.7039184570312,189.26300048828125,255.94143676757812,28.34000015258789,360.9862365722656,191.29490661621094,440.5865783691406,64.5411148071289,176.4156494140625,7867.55029296875,802.2810668945312,66.95773315429688,130.08566284179688,275.3403625488281,125.40679168701172,410.42041015625,303.6889953613281,553.0479736328125,190.97000122070312,628.5999755859375,675.47998046875,139.1699981689453,243.42739868164062,55.16255187988281,9.9399995803833,10.40917682647705,130.03201293945312,42.767112731933594,272.9971008300781,56.87521743774414,17.89757537841797,517.9199829101562,164.16078186035156,199.3050537109375,123.26654815673828,57.248992919921875,138.91600036621094,7.7191572189331055,366.55999755859375,49.29322814941406
2021-08-17,27.4160213470459,728.2686157226562,178.28753662109375,248.52426147460938,28.610000610351562,360.6585388183594,188.88235473632812,438.6804504394531,62.6858024597168,175.7405548095703,7950.2421875,809.85302734375,67.18809509277344,130.46514892578125,278.5779113769531,126.53903198242188,414.9160461425781,302.8363342285156,554.8932495117188,198.44000244140625,647.4400024414062,678.1199951171875,138.94000244140625,242.16238403320312,55.64919662475586,9.579999923706055,10.43960189819336,127.17839813232422,42.48802947998047,272.86138916015625,55.095096588134766,17.95924949645996,518.9099731445312,162.5923309326172,194.38986206054688,124.26063537597656,54.890159606933594,137.30050659179688,7.672203540802002,358.45001220703125,48.38798904418945
2021-08-18,27.44015884399414,702.440673828125,195.37677001953125,241.62432861328125,28.450000762939453,358.39471435546875,189.30027770996094,424.676025390625,62.36013412475586,175.9141387939453,7962.0556640625,796.6068115234375,65.88875579833984,128.92774963378906,275.51531982421875,125.15520477294922,410.5285949707031,297.8594970703125,543.2728881835938,194.77000427246094,635.5700073242188,676.9400024414062,138.22999572753906,239.63233947753906,56.97554016113281,9.350000381469727,10.639266014099121,125.76640319824219,42.53614807128906,263.88262939453125,56.45231628417969,18.26184844970703,521.8699951171875,162.14422607421875,190.2139434814453,124.75767517089844,56.93050003051758,136.57000732421875,7.822454929351807,355.45001220703125,47.962581634521484
2021-08-19,27.763607025146484,635.914306640625,198.1744384765625,239.50653076171875,27.739999771118164,354.7804260253906,188.90135192871094,428.5672912597656,61.38313674926758,172.53860473632812,7895.89404296875,815.8697509765625,64.9764404296875,129.56021118164062,281.11553955078125,124.7680892944336,420.9266357421875,300.16943359375,550.474609375,195.0399932861328,655.6300048828125,681.7100219726562,135.60000610351562,243.6151580810547,56.92782974243164,9.380000114440918,10.690608978271484,127.57334899902344,41.90099334716797,263.1457824707031,56.09825897216797,17.924556732177734,543.7100219726562,162.6313018798828,197.7865447998047,123.26654815673828,53.48680114746094,136.9134979248047,7.362310409545898,355.1199951171875,47.596527099609375
2021-08-20,28.0146427154541,638.360107421875,203.6719512939453,247.3043212890625,28.06999969482422,352.4768371582031,189.18629455566406,432.1029357910156,62.47855758666992,172.9436798095703,7935.3935546875,817.5035400390625,64.94879913330078,130.6305694580078,282.74884033203125,125.70677947998047,422.71697998046875,303.62945556640625,553.5866088867188,195.85000610351562,663.27001953125,682.1400146484375,140.17999267578125,246.42193603515625,56.71790313720703,9.6899995803833,10.722935676574707,125.59851837158203,42.131954193115234,259.31573486328125,57.47513961791992,18.159696578979492,546.8800048828125,163.1378936767578,207.9565887451172,123.76358795166016,55.79587173461914,138.43699645996094,7.493780612945557,359.3699951171875,48.724361419677734
2021-08-23,28.053264617919922,657.2418823242188,201.56881713867188,246.4552459716797,28.440000534057617,358.4542236328125,189.75619506835938,433.5843505859375,63.573970794677734,174.17816162109375,7990.6923828125,817.44482421875,65.88875579833984,129.79376220703125,280.50299072265625,124.33263397216797,418.4377746582031,301.10137939453125,551.2027587890625,198.39999389648438,667.2899780273438,671.1099853515625,144.5500030517578,246.72830200195312,57.309513092041016,9.949999809265137,10.812309265136719,129.83453369140625,42.21856689453125,262.2730712890625,58.37995910644531,18.17704200744629,553.3300170898438,164.48228454589844,219.36546325683594,123.76358795166016,56.87078094482422,141.09950256347656,7.597078323364258,363.3500061035156,49.52571487426758
2021-08-24,27.903608322143555,654.7960815429688,198.95700073242188,244.62046813964844,28.700000762939453,359.2188415527344,190.8674774169922,432.18194580078125,63.60358428955078,175.3547821044922,8036.1162109375,802.447265625,66.25736999511719,127.22493743896484,276.7015380859375,128.2906036376953,416.5195007324219,299.5151062011719,549.0880737304688,199.72999572753906,669.9500122070312,672.5399780273438,145.0800018310547,246.56028747558594,56.88011932373047,9.819999694824219,10.601234436035156,129.78512573242188,42.16082763671875,262.3021545410156,59.39295196533203,17.924556732177734,553.4099731445312,165.01808166503906,217.71705627441406,125.75176239013672,62.2652473449707,142.39849853515625,7.559515476226807,365.510009765625,49.8324089050293
2021-08-25,27.700849533081055,660.3724975585938,201.68618774414062,245.10845947265625,28.739999771118164,356.55780029296875,191.0574493408203,433.19110107421875,63.672664642333984,178.5567169189453,7953.16796875,790.0130615234375,65.56623077392578,127.0108642578125,275.04864501953125,130.20669555664062,412.9092102050781,301.64666748046875,546.6842041015625,201.3300018310547,669.1799926757812,676.4199829101562,144.66000366210938,249.13973999023438,56.58431625366211,9.680000305175781,10.591728210449219,131.3876953125,42.29555892944336,260.99322509765625,61.4877815246582,17.895647048950195,547.5800170898438,165.81692504882812,221.91294860839844,123.26654815673828,60.603111267089844,142.9499969482422,7.5501251220703125,368.3900146484375,50.48536682128906
2021-08-26,27.705677032470703,657.8289184570312,201.16775512695312,242.9711456298828,27.889999389648438,350.3619689941406,189.3382568359375,432.5084228515625,63.386478424072266,177.97804260253906,7878.119140625,807.0942993164062,64.57097625732422,127.09843444824219,275.3209228515625,129.06478881835938,410.0662536621094,299.03924560546875,551.3622436523438,198.25,665.77001953125,673.3599853515625,141.5500030517578,248.10203552246094,56.431644439697266,9.489999771118164,10.563203811645508,131.0612335205078,43.94118881225586,260.2659606933594,61.77299118041992,17.803133010864258,550.1199951171875,164.98886108398438,220.46435546875,123.76358795166016,59.677494049072266,142.1230010986328,7.390482425689697,364.3800048828125,50.233089447021484
2021-08-27,27.729814529418945,654.1112060546875,201.41229248046875,243.18585205078125,28.280000686645508,353.2116394042969,189.2622833251953,433.6362609863281,63.35687255859375,179.19326782226562,7923.54345703125,806.9181518554688,65.34506225585938,127.76982116699219,277.5765380859375,129.49057006835938,411.9451904296875,297.9387512207031,547.1131591796875,199.9199981689453,663.2899780273438,668.27001953125,142.8300018310547,248.90255737304688,56.517520904541016,10.0,10.544188499450684,135.07745361328125,43.5369987487793,260.34356689453125,63.74980545043945,17.799278259277344,558.9199829101562,165.64157104492188,226.13880920410156,125.25472259521484,58.68220520019531,144.55050659179688,7.540733337402344,372.6300048828125,47.9576301574707
2021-08-30,27.807056427001953,657.0462036132812,200.52215576171875,243.36151123046875,27.850000381469727,350.55059814453125,188.99632263183594,439.34490966796875,63.46542739868164,,,821.80810546875,64.58895874023438,130.12457275390625,283.5849609375,129.51962280273438,411.4926452636719,300.575927734375,557.107666015625,199.49000549316406,677.0800170898438,686.969970703125,144.3000030517578,250.5233612060547,56.8896598815918,10.279999732971191,10.55940055847168,134.58285522460938,43.48887634277344,261.9919128417969,64.26122283935547,17.73181915283203,566.1799926757812,165.81692504882812,226.65830993652344,125.25472259521484,58.03527069091797,145.46949768066406,7.775501251220703,380.6600036621094,48.55122756958008
2021-08-31,27.584985733032227,659.3942260742188,199.4461212158203,241.0387725830078,28.84000015258789,343.7789306640625,188.6923828125,439.0975646972656,63.4456901550293,178.3252410888672,7856.39501953125,825.15380859375,64.85733032226562,131.02951049804688,284.0614013671875,129.17123413085938,409.4956970214844,300.77423095703125,553.5367431640625,200.2899932861328,673.4000244140625,673.760009765625,144.4199981689453,250.0193328857422,56.965999603271484,10.609999656677246,10.608841896057129,133.6727752685547,43.34452438354492,261.3228454589844,62.39259338378906,17.379112243652344,569.1900024414062,164.01466369628906,223.67071533203125,124.75767517089844,61.369483947753906,145.46200561523438,8.094785690307617,379.3800048828125,48.20991134643555
2021-09-01,27.449813842773438,673.2864990234375,198.99612426757812,240.44342041015625,28.43000030517578,347.0952453613281,189.7751922607422,443.8464660644531,63.672664642333984,177.43797302246094,7961.06787109375,849.9931030273438,66.17150115966797,134.0751190185547,289.6907043457031,129.83895874023438,410.5581359863281,302.3505554199219,560.2894287109375,197.13999938964844,680.9600219726562,676.9000244140625,145.67999267578125,249.7030792236328,56.317138671875,10.5600004196167,10.68870735168457,132.02078247070312,43.00769805908203,261.15802001953125,61.88117218017578,17.44271469116211,582.0700073242188,162.44622802734375,224.2302703857422,126.745849609375,64.25582122802734,145.8419952392578,8.00087833404541,382.04998779296875,47.858699798583984
2021-09-02,27.435331344604492,680.526123046875,201.65684509277344,239.89691162109375,28.940000534057617,338.86395263671875,188.04649353027344,444.6181945800781,63.60358428955078,178.88462829589844,7982.7919921875,855.4619140625,65.90311431884766,134.73680114746094,292.5394287109375,130.38087463378906,416.8146057128906,305.6916198730469,564.0299072265625,199.22000122070312,675.75,685.4400024414062,145.44000244140625,250.31581115722656,56.66065216064453,10.180000305175781,10.587924003601074,133.00009155273438,42.97882843017578,261.7979431152344,62.34341812133789,17.30008888244629,588.5499877929688,163.79061889648438,223.78060913085938,123.76358795166016,63.07142639160156,144.218994140625,7.841236591339111,375.2799987792969,48.01699447631836
2021-09-03,27.31946563720703,668.49267578125,201.49053955078125,238.4329833984375,28.309999465942383,337.8213806152344,186.83071899414062,447.2696533203125,63.593719482421875,178.13235473632812,7966.99267578125,863.6796264648438,64.96839904785156,135.24278259277344,293.6282958984375,130.28411865234375,415.9784240722656,304.01611328125,566.6632080078125,198.0500030517578,679.5700073242188,688.3300170898438,144.55999755859375,249.98968505859375,56.517520904541016,9.770000457763672,10.570810317993164,134.36524963378906,42.99807357788086,260.1302185058594,63.16954803466797,17.186372756958008,590.530029296875,162.0857696533203,228.24700927734375,123.26654815673828,62.812652587890625,144.77499389648438,7.794283390045166,376.260009765625,48.05162048339844
2021-09-06,27.382226943969727,679.2542724609375,,,,,188.38844299316406,,,179.0003662109375,8099.31494140625,,,,,,,,,,,,,,56.784698486328125,,10.574612617492676,,42.776737213134766,,,17.221067428588867,,,,128.23696899414062,,,7.80367374420166,,
2021-09-07,27.261537551879883,685.4177856445312,200.67861938476562,236.88124084472656,27.959999084472656,342.2696533203125,187.40061950683594,441.9667053222656,61.94565200805664,178.78817749023438,8097.33984375,862.6328735351562,65.23676300048828,133.93890380859375,290.9157409667969,130.2260284423828,414.3847961425781,300.8535461425781,567.7205200195312,192.1999969482422,668.8099975585938,681.6699829101562,142.97999572753906,249.1792755126953,56.81332778930664,9.510000228881836,10.468125343322754,135.01809692382812,42.44953155517578,258.9860534667969,62.235233306884766,17.29816246032715,606.7100219726562,159.47494506835938,226.4384765625,125.75176239013672,66.77389526367188,145.5189971923828,7.841236591339111,382.17999267578125,47.492652893066406
2021-09-08,27.50774383544922,684.439453125,199.64175415039062,240.18971252441406,26.979999542236328,348.55487060546875,186.8117218017578,445.8153381347656,62.2417106628418,175.93344116210938,8095.365234375,863.1708984375,65.514404296875,134.80490112304688,295.1936340332031,130.80667114257812,408.63006591796875,304.4325256347656,571.1218872070312,191.3699951171875,669.1900024414062,687.7000122070312,139.86000061035156,251.45236206054688,55.64919662475586,9.430000305175781,10.506156921386719,132.11968994140625,42.03572082519531,259.5969543457031,62.39259338378906,17.382965087890625,606.0499877929688,159.14370727539062,223.21107482910156,124.26063537597656,64.80323028564453,144.8834991455078,7.690984725952148,377.57000732421875,46.93862533569336
2021-09-09,27.29532814025879,680.9174194335938,198.58529663085938,239.53582763671875,26.790000915527344,348.9222106933594,184.09523010253906,446.5870056152344,62.08380889892578,175.27761840820312,7990.6923828125,836.0228271484375,64.32981872558594,131.087890625,288.5823669433594,129.12283325195312,407.80364990234375,300.5561218261719,567.33154296875,188.08999633789062,646.1099853515625,676.5700073242188,142.4199981689453,255.23753356933594,55.15300750732422,9.479999542236328,10.61264419555664,133.54415893554688,42.20986557006836,259.0054626464844,61.51728439331055,17.076513290405273,597.5399780273438,157.3609619140625,221.59237670898438,122.7695083618164,62.961944580078125,144.9134979248047,7.6534223556518555,378.0,47.67567443847656
2021-09-10,26.923603057861328,681.3087768554688,199.8765106201172,238.657470703125,26.149999618530273,344.9306640625,183.86727905273438,445.44921875,61.9357795715332,173.85025024414062,8024.2666015625,825.6919555664062,62.2197265625,130.0272979736328,285.7239685058594,126.9067611694336,398.7315368652344,298.3650817871094,570.5034790039062,188.57000732421875,650.489990234375,681.6099853515625,142.07000732421875,253.69581604003906,55.60148620605469,9.15999984741211,10.451010704040527,135.36431884765625,41.590694427490234,259.8587341308594,61.930355072021484,16.75657081604004,598.719970703125,156.25035095214844,224.59996032714844,121.77542114257812,62.07613754272461,141.92100524902344,7.73793888092041,378.69000244140625,47.111759185791016
2021-09-13,27.01532745361328,662.3291625976562,201.55902099609375,237.25209045410156,27.059999465942383,345.3576965332031,185.17803955078125,444.6380310058594,62.488426208496094,177.59228515625,7990.6923828125,821.3285522460938,62.987857818603516,129.2001953125,286.4336853027344,125.84225463867188,409.2054443359375,294.905029296875,557.7061157226562,190.72000122070312,639.52001953125,655.0499877929688,139.2899932861328,254.67422485351562,55.43927001953125,9.890000343322754,10.525172233581543,137.93629455566406,42.432376861572266,261.3131408691406,60.887855529785156,16.864501953125,589.2899780273438,154.18508911132812,221.3425750732422,121.27838134765625,61.140567779541016,143.46499633789062,7.428045272827148,376.510009765625,48.91728210449219
2021-09-14,27.179466247558594,644.034423828125,199.72000122070312,236.41278076171875,26.260000228881836,343.3519287109375,183.92425537109375,446.7848815917969,62.55751037597656,174.50607299804688,8004.51708984375,816.7796020507812,63.10818862915039,128.9763946533203,288.1739807128906,126.36486053466797,407.2508850097656,294.2507019042969,561.2288208007812,188.41000366210938,645.1500244140625,661.3900146484375,133.72000122070312,251.68955993652344,56.498435974121094,9.430000305175781,10.610742568969727,138.6287384033203,42.32595443725586,260.6925964355469,59.353607177734375,16.856794357299805,577.760009765625,152.2659149169922,222.24185180664062,120.28429412841797,59.657588958740234,143.406005859375,7.700375556945801,376.5299987792969,48.20001983642578
2021-09-15,27.343605041503906,617.7174072265625,201.1286163330078,238.26708984375,26.809999465942383,342.30938720703125,183.202392578125,447.3388977050781,63.77135467529297,173.46446228027344,7937.3681640625,825.1441040039062,63.52465057373047,129.69644165039062,289.01019287109375,127.4002914428711,412.1670227050781,297.1258239746094,561.7876586914062,188.86000061035156,652.0,661.6500244140625,133.9600067138672,253.92733764648438,57.20454788208008,9.489999771118164,10.498550415039062,139.70697021484375,42.277584075927734,261.3131408691406,59.80601501464844,16.770061492919922,582.8699951171875,156.40623474121094,223.23106384277344,121.27838134765625,57.94569396972656,145.20599365234375,7.512561798095703,373.9200134277344,49.68401336669922
2021-09-16,27.31946563720703,609.0101928710938,203.9360809326172,241.0094757080078,26.989999771118164,343.85833740234375,183.39236450195312,449.2187194824219,65.76483154296875,176.20347595214844,8038.09130859375,834.7412719726562,63.6264533996582,129.61822509765625,288.8935241699219,126.6938705444336,411.4957275390625,294.2804260253906,559.2728881835938,187.10000610351562,653.1799926757812,663.4500122070312,136.02000427246094,259.0663146972656,58.111045837402344,9.520000457763672,10.48523998260498,142.5361328125,42.432376861572266,258.32672119140625,60.00271224975586,16.862573623657227,586.5,155.1787567138672,222.24185180664062,120.78133392333984,58.005409240722656,144.37350463867188,7.512561798095703,373.05999755859375,50.15888977050781
2021-09-17,27.33395004272461,623.3917236328125,204.4740753173828,240.7362060546875,26.8799991607666,340.6114807128906,181.4547119140625,441.669921875,65.60693359375,176.2227783203125,7909.71875,853.6520385742188,63.26551055908203,127.20343017578125,285.5975341796875,125.51323699951172,414.7731628417969,293.38818359375,595.55712890625,188.3000030517578,651.8800048828125,661.7100219726562,143.16000366210938,256.19476318359375,56.488895416259766,9.15999984741211,10.344523429870605,139.28163146972656,41.203712463378906,253.87615966796875,60.0322151184082,16.754642486572266,589.3499755859375,153.46417236328125,218.8245849609375,121.27838134765625,58.62248992919922,141.4635009765625,7.925751209259033,364.7200012207031,49.72853088378906
2021-09-20,27.208433151245117,615.0758666992188,200.79603576660156,236.31521606445312,26.010000228881836,337.28521728515625,174.97689819335938,440.13641357421875,61.629852294921875,168.7001190185547,7741.84716796875,831.7868041992188,62.941593170166016,126.17686462402344,283.1086120605469,124.57455444335938,407.4088134765625,291.3855285644531,588.9708862304688,185.6699981689453,640.8900146484375,659.780029296875,135.52000427246094,252.52130126953125,54.58048629760742,9.300000190734863,10.211413383483887,134.06845092773438,40.3717041015625,250.33702087402344,58.36028289794922,16.267017364501953,575.4299926757812,152.46075439453125,210.9608917236328,117.30204010009766,56.41294860839844,139.01699829101562,7.625250816345215,355.70001220703125,49.89671325683594
2021-09-21,27.536710739135742,613.31494140625,201.7742462158203,235.50514221191406,25.149999618530273,334.9915771484375,178.81419372558594,440.4628601074219,62.70553970336914,168.79656982421875,7874.16943359375,829.8008422851562,62.84904098510742,125.97156524658203,283.7696838378906,123.71328735351562,407.0534362792969,291.6334228515625,595.7965698242188,185.8000030517578,646.9500122070312,666.8699951171875,138.60000610351562,253.32330322265625,55.78278350830078,9.109999656677246,10.38255500793457,133.7222137451172,40.40073013305664,249.571044921875,57.858707427978516,16.6274356842041,573.1400146484375,150.60006713867188,212.28982543945312,119.29020690917969,57.826255798339844,139.64649963378906,7.531343460083008,357.4800109863281,49.13987350463867
2021-09-22,27.705677032470703,628.8703002929688,204.33714294433594,235.9541015625,25.440000534057617,340.97882080078125,182.4235382080078,440.898193359375,62.764747619628906,174.77610778808594,7864.29443359375,841.4622192382812,64.93138122558594,127.10564422607422,285.403076171875,124.74874877929688,403.4600830078125,288.95660400390625,605.3666381835938,184.27000427246094,647.0599975585938,671.469970703125,138.6699981689453,255.70962524414062,54.8953742980957,9.050000190734863,10.451010704040527,136.61073303222656,41.28110885620117,250.1043243408203,58.979881286621094,16.806682586669922,590.6500244140625,152.39256286621094,219.2342529296875,121.77542114257812,58.60258483886719,140.93850708007812,,343.2099914550781,49.105255126953125
2021-09-23,27.792573928833008,639.1427612304688,203.44696044921875,236.8324432373047,25.530000686645508,351.56341552734375,183.0504150390625,446.86407470703125,62.8140983581543,177.41868591308594,7842.56982421875,829.6149291992188,66.83785247802734,125.96177673339844,280.0071105957031,127.04379272460938,402.7987060546875,294.1912536621094,606.9633178710938,185.08999633789062,646.510009765625,682.5800170898438,138.8000030517578,253.01637268066406,55.296142578125,9.1899995803833,10.447208404541016,139.5882568359375,41.590694427490234,252.4993133544922,60.671485900878906,17.030258178710938,593.260009765625,153.92205810546875,224.63992309570312,120.78133392333984,59.518245697021484,141.82650756835938,7.6815948486328125,345.9599914550781,50.797000885009766
2021-09-24,27.85050392150879,620.0653076171875,203.33934020996094,235.63204956054688,25.299999237060547,355.62445068359375,183.67730712890625,448.259033203125,61.215370178222656,177.20651245117188,7728.02197265625,816.5740356445312,67.79109954833984,125.04278564453125,274.3486633300781,126.44083404541016,401.8608703613281,293.82440185546875,608.5101318359375,183.61000061035156,638.9000244140625,679.6400146484375,134.89999389648438,253.80848693847656,54.532779693603516,9.760000228881836,10.390161514282227,140.38954162597656,41.24241256713867,251.6751251220703,60.54363250732422,16.83366584777832,592.3900146484375,151.9833984375,220.63314819335938,119.29020690917969,57.99545669555664,142.63299560546875,7.7285475730896,352.9599914550781,51.38565444946289
2021-09-27,27.652572631835938,608.8145141601562,206.0392303466797,232.84083557128906,26.139999389648438,354.2442626953125,186.33680725097656,440.59149169921875,60.72193145751953,181.10284423828125,7459.427734375,790.0130615234375,69.15154266357422,123.37097930908203,267.73583984375,125.205810546875,400.0740661621094,288.2328796386719,593.4315185546875,183.41000366210938,619.0700073242188,650.02001953125,134.74000549316406,253.0361785888672,53.578575134277344,10.050000190734863,10.369244575500488,141.20069885253906,40.84575653076172,253.9537353515625,62.707305908203125,16.94930648803711,592.6400146484375,151.14561462402344,216.426513671875,119.29020690917969,60.05570602416992,141.50100708007812,8.066614151000977,353.5799865722656,51.8753662109375
2021-09-28,27.58016014099121,599.422607421875,200.9525146484375,227.82449340820312,25.600000381469727,348.6938171386719,184.05723571777344,421.57598876953125,59.23176574707031,179.69476318359375,7259.95654296875,781.6093139648438,67.88363647460938,122.77461242675781,262.5101013183594,122.53150177001953,393.50933837890625,280.57916259765625,575.2494506835938,181.60000610351562,605.0,626.8499755859375,130.25,249.3230743408203,52.309478759765625,9.880000114440918,10.310295104980469,131.45692443847656,39.781558990478516,254.341552734375,62.05820846557617,16.70067596435547,583.8499755859375,150.01553344726562,206.82420349121094,115.8109130859375,58.72201919555664,136.1840057373047,8.019659996032715,340.6499938964844,52.083126068115234
2021-09-29,28.067747116088867,603.2380981445312,202.58615112304688,230.176513671875,25.420000076293945,350.6896057128906,185.6529541015625,422.0805969238281,60.04099655151367,181.10284423828125,7313.2802734375,784.1920776367188,66.89205169677734,123.61540222167969,263.7408142089844,123.09554290771484,395.2763977050781,284.4456787109375,578.3929443359375,182.22000122070312,606.7000122070312,629.5499877929688,125.91999816894531,249.7290496826172,53.044219970703125,10.210000038146973,10.205709457397461,126.88674926757812,39.50100326538086,252.31507873535156,62.687644958496094,16.883777618408203,599.0599975585938,149.5089569091797,205.0056610107422,116.30795288085938,58.02531433105469,134.52099609375,8.057222366333008,339.6099853515625,52.127647399902344
2021-09-30,27.74429702758789,602.651123046875,198.43856811523438,223.26681518554688,25.3799991607666,345.2186279296875,186.12786865234375,420.3689880371094,60.080474853515625,182.85813903808594,7356.72998046875,772.9905395507812,65.8326416015625,122.62796020507812,259.2476501464844,121.89939880371094,385.7303771972656,279.02264404296875,570.14013671875,181.38999938964844,605.1799926757812,621.9000244140625,126.80999755859375,240.33238220214844,51.822837829589844,10.15999984741211,10.05928897857666,127.34178161621094,39.23979187011719,249.76968383789062,60.35676956176758,16.727659225463867,610.3400268554688,145.4563446044922,206.9940643310547,117.30204010009766,59.4883918762207,133.2655029296875,7.860017776489258,339.3900146484375,51.46479797363281
2021-10-01,27.63808822631836,613.7062377929688,199.26026916503906,222.9252471923828,25.739999771118164,357.630126953125,185.15904235839844,423.8020324707031,60.86996841430664,181.1992950439453,7354.7548828125,772.1980590820312,67.73773956298828,123.60562896728516,260.41973876953125,123.80545043945312,387.398681640625,277.0794982910156,571.5272216796875,180.35000610351562,570.7899780273438,623.97998046875,126.70999908447266,245.3524932861328,51.90871810913086,10.319999694824219,10.239937782287598,127.73748016357422,38.881832122802734,251.0570068359375,61.527122497558594,16.72958755493164,613.1500244140625,146.76174926757812,207.25384521484375,113.82273864746094,58.54286575317383,136.46249389648438,,343.010009765625,52.32551193237305
2021-10-04,27.826366424560547,605.9774169921875,200.05259704589844,220.4561004638672,25.610000610351562,341.7633056640625,184.91207885742188,411.4251403808594,59.478485107421875,180.62062072753906,7319.20556640625,768.5685424804688,67.66339874267578,123.99668884277344,259.0718078613281,121.60765838623047,382.0482177734375,272.6776123046875,567.8150024414062,177.39999389648438,555.4199829101562,614.1900024414062,122.4000015258789,241.97607421875,51.049930572509766,9.770000457763672,10.335016250610352,123.84983825683594,38.6883430480957,249.6526641845703,60.13056564331055,16.725732803344727,603.3499755859375,144.53085327148438,197.16195678710938,113.32569885253906,57.557533264160156,133.76499938964844,8.63005542755127,326.2300109863281,52.05839538574219
2021-10-05,28.420162200927734,607.3470458984375,199.8178253173828,222.08592224121094,26.149999618530273,340.7802734375,186.8497314453125,420.6064453125,61.06733703613281,187.6803436279297,7374.50439453125,743.58251953125,67.03145599365234,123.60562896728516,258.4075927734375,122.33702087402344,388.3858642578125,273.728515625,570.6890258789062,177.00999450683594,550.9000244140625,614.7999877929688,124.31999969482422,240.7185516357422,51.86100387573242,9.850000381469727,10.48523998260498,126.68890380859375,38.388431549072266,250.6571502685547,60.7599983215332,16.677547454833984,634.8099975585938,147.35601806640625,204.34619140625,112.82865905761719,58.22437286376953,136.177001953125,9.052637100219727,332.9599914550781,52.39971160888672
2021-10-06,27.947057723999023,603.2380981445312,199.5537109375,221.37350463867188,25.8799991607666,346.22149658203125,186.3178253173828,423.2084655761719,61.04759979248047,185.0763397216797,7352.77978515625,745.7837524414062,67.97006225585938,124.93524169921875,261.7384033203125,122.61902618408203,389.19537353515625,273.0444641113281,574.4012451171875,180.91000366210938,546.5700073242188,617.1699829101562,126.30999755859375,237.1737518310547,50.467864990234375,9.6899995803833,10.494747161865234,125.1556167602539,38.31103515625,254.29483032226562,59.80601501464844,16.089698791503906,639.0999755859375,147.78465270996094,206.83419799804688,113.32569885253906,57.836212158203125,137.35400390625,8.686399459838867,333.6400146484375,52.18700408935547
2021-10-07,28.217405319213867,622.8046875,203.3686981201172,224.29156494140625,26.459999084472656,351.8485107421875,189.20529174804688,428.19482421875,62.54764175415039,186.85092163085938,7506.8271484375,749.86328125,68.10018157958984,126.48973083496094,259.93133544921875,123.33865356445312,399.5113830566406,276.90106201171875,582.2947998046875,180.02000427246094,552.02001953125,623.010009765625,130.8000030517578,239.89671325683594,51.631996154785156,9.609999656677246,10.504255294799805,126.50094604492188,39.462303161621094,256.8304443359375,61.0550537109375,16.336402893066406,631.8499755859375,149.94735717773438,210.58119201660156,117.30204010009766,62.34486770629883,139.1855010986328,8.686399459838867,329.2200012207031,52.9537353515625
2021-10-08,28.101539611816406,613.4127197265625,201.6666259765625,223.39369201660156,25.889999389648438,352.8924255371094,188.99632263183594,425.1475830078125,64.64967346191406,188.22042846679688,7554.2255859375,734.670166015625,68.81573486328125,125.65870666503906,255.99493408203125,121.82160186767578,403.2231750488281,275.94927978515625,582.7039184570312,178.94000244140625,550.02001953125,617.02001953125,131.5500030517578,238.05502319335938,50.725502014160156,9.729999542236328,10.317901611328125,124.85884857177734,39.35588073730469,258.85894775390625,60.42561340332031,16.176429748535156,632.6599731445312,149.59664916992188,208.1431427001953,115.8109130859375,62.89227294921875,140.05599975585938,8.273209571838379,330.04998779296875,51.96935272216797
2021-10-11,27.879470825195312,620.65234375,204.29800415039062,223.218017578125,25.170000076293945,345.1278991699219,188.8253631591797,423.9306945800781,64.57071685791016,190.65081787109375,7528.55126953125,733.7407836914062,69.7264633178711,126.05955505371094,255.52610778808594,120.13922882080078,399.79766845703125,271.8646545410156,577.4548950195312,179.5800018310547,546.260009765625,612.77001953125,129.61000061035156,235.18353271484375,49.532745361328125,9.859999656677246,9.87293529510498,126.12503814697266,38.794761657714844,262.0773010253906,62.8253288269043,16.080062866210938,627.0399780273438,148.62245178222656,206.78424072265625,114.81682586669922,61.9865608215332,138.84750366210938,7.165105819702148,325.45001220703125,52.038604736328125
2021-10-12,27.31464195251465,621.0436401367188,205.227294921875,224.70147705078125,24.579999923706055,343.3284606933594,188.36944580078125,426.0874938964844,64.43254852294922,190.43865966796875,7656.923828125,742.9564819335938,70.5814437866211,129.33470153808594,258.4075927734375,119.5460205078125,398.0700988769531,271.6267395019531,574.7105712890625,180.2100067138672,544.4400024414062,615.9099731445312,131.67999267578125,236.71829223632812,50.07664108276367,9.609999656677246,9.96420955657959,125.39303588867188,38.465824127197266,265.6563720703125,64.67428588867188,15.85070514678955,624.9400024414062,147.7067108154297,206.54443359375,114.81682586669922,60.99127197265625,136.71299743652344,7.0711989402771,323.7699890136719,51.321346282958984
2021-10-13,26.706361770629883,630.3377685546875,207.49671936035156,231.0548553466797,25.5,340.3558654785156,185.69093322753906,425.8500061035156,64.90624237060547,186.06007385253906,7830.72021484375,746.8892211914062,69.75434875488281,130.9087371826172,258.0461730957031,119.19593048095703,398.3760986328125,271.1211242675781,572.3655395507812,181.33999633789062,547.1199951171875,623.1199951171875,136.02000427246094,236.6588592529297,50.54420471191406,9.600000381469727,9.93949031829834,126.82740020751953,38.349735260009766,271.52740478515625,65.62828063964844,15.83143138885498,629.760009765625,149.4310302734375,209.22227478027344,119.29020690917969,63.2008171081543,137.89999389648438,,324.5400085449219,51.28671646118164
2021-10-14,26.923603057861328,647.7520751953125,211.7323455810547,236.2664031982422,25.260000228881836,342.5728454589844,187.6665802001953,437.07928466796875,65.93258666992188,187.48745727539062,7735.92236328125,752.954833984375,69.38262176513672,132.69786071777344,261.6505126953125,121.36454772949219,414.9705810546875,273.3418884277344,576.1476440429688,181.89999389648438,555.6199951171875,629.719970703125,136.8800048828125,240.12445068359375,50.33427810668945,9.729999542236328,9.912867546081543,130.64576721191406,38.794761657714844,280.8409729003906,65.2545394897461,15.985620498657227,633.7999877929688,155.45155334472656,217.2858123779297,122.2724609375,62.5638313293457,141.41200256347656,,328.5299987792969,52.43434143066406
2021-10-15,26.98636245727539,654.306884765625,214.38330078125,239.79933166503906,24.829999923706055,353.9263610839844,188.65438842773438,439.196533203125,65.34046936035156,190.7858428955078,7808.99560546875,764.4400634765625,69.59636688232422,133.91993713378906,263.07659912109375,124.23333740234375,422.5817565917969,269.2672119140625,581.1771240234375,181.77000427246094,553.239990234375,635.1500244140625,135.39999389648438,244.45144653320312,50.55374526977539,9.649999618530273,10.095418930053711,130.17092895507812,39.34620666503906,285.453857421875,65.3332290649414,16.024168014526367,628.2899780273438,157.2830047607422,218.4448699951172,123.26654815673828,63.688507080078125,141.6750030517578,7.221450328826904,324.760009765625,53.280216217041016
2021-10-18,26.84636116027832,638.6536254882812,216.90707397460938,247.54832458496094,24.670000076293945,356.3521423339844,188.4264373779297,443.0945739746094,66.24838256835938,192.36752319335938,7822.8203125,751.1155395507812,68.96443176269531,136.66717529296875,261.7774963378906,117.39685821533203,419.1759948730469,271.93408203125,586.805419921875,180.8000030517578,543.47998046875,638.2899780273438,136.2100067138672,244.164306640625,50.65870666503906,9.5600004196167,10.057387351989746,131.84271240234375,39.20109176635742,285.29779052734375,65.29388427734375,15.964420318603516,637.969970703125,157.107666015625,222.0419921875,122.7695083618164,63.768131256103516,142.9604949951172,7.2590131759643555,335.3399963378906,53.74519729614258
2021-10-19,26.653257369995117,636.3056640625,218.84109497070312,246.12342834472656,24.899999618530273,359.9908142089844,189.41424560546875,446.2901611328125,67.61027526855469,192.42538452148438,7961.06787109375,762.7574462890625,67.77491760253906,136.0121307373047,266.563720703125,118.83611297607422,418.9390563964844,273.678955078125,590.8668823242188,185.41000366210938,552.1099853515625,640.989990234375,139.75999450683594,246.23374938964844,51.546119689941406,9.40999984741211,10.146760940551758,133.1484832763672,39.74286651611328,287.19952392578125,63.05152893066406,15.806376457214355,639.0,157.31222534179688,222.72146606445312,123.26654815673828,65.26106262207031,143.82200622558594,7.540733337402344,339.989990234375,54.81367111206055
2021-10-20,26.81256866455078,632.5879516601562,220.90274047851562,245.7720947265625,25.329999923706055,354.69183349609375,189.45225524902344,435.87225341796875,69.65309143066406,191.3837890625,7854.419921875,776.6200561523438,69.18745422363281,140.216064453125,269.63079833984375,118.43740844726562,429.5117492675781,276.24676513671875,604.3387451171875,185.49000549316406,562.7100219726562,642.2000122070312,140.47999572753906,248.39231872558594,50.53466033935547,9.489999771118164,10.257051467895508,132.53517150878906,40.00407409667969,286.42913818359375,64.15304565429688,15.958637237548828,625.1400146484375,158.98782348632812,220.8529510498047,122.2724609375,64.99234008789062,142.4149932861328,7.5501251220703125,340.7799987792969,55.219295501708984
2021-10-21,27.020156860351562,629.6529541015625,223.26876831054688,248.0948486328125,25.0,354.1351013183594,189.20529174804688,440.7003173828125,72.15973663330078,189.89854431152344,7982.7919921875,792.5859985351562,67.8399658203125,141.70213317871094,272.5611572265625,118.3012466430664,436.60955810546875,277.4066467285156,607.1428833007812,187.08999633789062,569.3699951171875,645.239990234375,140.52999877929688,257.4423828125,50.735042572021484,9.479999542236328,10.308394432067871,131.90206909179688,39.32686233520508,286.6143798828125,63.828495025634766,15.991403579711914,653.1599731445312,157.9357147216797,226.73825073242188,120.28429412841797,64.72360229492188,142.78050231933594,7.531343460083008,341.8800048828125,55.887088775634766
2021-10-22,27.09256935119629,632.0987548828125,224.59413146972656,249.77346801757812,25.100000381469727,356.580810546875,188.8253631591797,445.6965637207031,72.57421112060547,191.7888641357422,7504.8515625,803.21044921875,67.44965362548828,140.78311157226562,277.8455505371094,119.70160675048828,443.4013671875,279.7265625,610.685546875,183.52000427246094,572.3599853515625,651.8499755859375,137.7899932861328,250.6201934814453,51.24077224731445,9.600000381469727,10.390161514282227,134.46414184570312,39.462303161621094,284.020263671875,63.31707000732422,15.844922065734863,664.780029296875,158.1890106201172,227.07797241210938,119.7872543334961,64.28567504882812,138.625,7.662813186645508,324.6099853515625,56.65876388549805
2021-10-25,27.377397537231445,626.1309814453125,227.5884552001953,254.08712768554688,25.290000915527344,358.7580261230469,188.16049194335938,442.60980224609375,73.87688446044922,193.4669952392578,7354.7548828125,804.9322509765625,67.8585433959961,141.85855102539062,277.97247314453125,120.15867614746094,443.7271423339844,278.6558532714844,606.4843139648438,184.99000549316406,576.2000122070312,652.52001953125,141.97999572753906,239.4313507080078,50.89725875854492,9.529999732971191,10.304591178894043,134.2959747314453,40.04277420043945,286.6436767578125,64.9693374633789,15.7543363571167,671.6599731445312,158.31565856933594,231.47447204589844,121.77542114257812,64.73355865478516,138.7729949951172,7.7191572189331055,328.69000244140625,55.5457763671875
2021-10-26,27.348432540893555,634.740234375,226.85215759277344,252.50611877441406,24.639999389648438,355.2386779785156,191.62734985351562,459.6762390136719,75.54468536376953,195.58876037597656,7297.48095703125,813.805419921875,67.90502166748047,142.96328735351562,280.2777099609375,120.63519287109375,448.8111267089844,281.12445068359375,607.0731201171875,184.07000732421875,592.1500244140625,651.9600219726562,141.3000030517578,239.02537536621094,52.05184555053711,9.380000114440918,10.390161514282227,130.57650756835938,40.245933532714844,287.0922546386719,62.15655517578125,15.783246994018555,668.52001953125,157.1758575439453,246.97203063964844,124.75767517089844,62.48420715332031,139.6719970703125,7.822454929351807,315.80999755859375,54.51687240600586
2021-10-27,27.35808753967285,633.9576416015625,227.53936767578125,250.36880493164062,23.600000381469727,333.76446533203125,191.15243530273438,457.6777648925781,75.33743286132812,192.36752319335938,7200.7080078125,806.927978515625,65.3122329711914,140.64625549316406,278.79302978515625,119.12785339355469,447.6659851074219,278.080810546875,611.0148315429688,180.94000244140625,589.5999755859375,640.5,138.6300048828125,242.95631408691406,51.50794982910156,9.210000038146973,10.544188499450684,130.73480224609375,40.04277420043945,287.5506286621094,59.451961517333984,15.675314903259277,662.9199829101562,155.98733520507812,244.3141632080078,125.25472259521484,62.533973693847656,146.42750549316406,7.822454929351807,312.2200012207031,53.61658477783203
2021-10-28,27.11670684814453,636.7947998046875,227.529541015625,252.00839233398438,24.309999465942383,331.0901184082031,190.91497802734375,464.5142517089844,78.20922088623047,192.1939239501953,7060.4853515625,828.9202880859375,65.63236236572266,143.3934783935547,279.36932373046875,117.93170928955078,449.6008605957031,282.7801208496094,618.7786254882812,182.0,625.1900024414062,653.02001953125,149.17999267578125,248.2041778564453,51.69879150390625,9.420000076293945,10.58602237701416,134.5531768798828,40.01374816894531,293.9775085449219,60.523963928222656,15.494140625,674.0499877929688,160.70242309570312,249.21023559570312,124.75767517089844,62.42449188232422,146.12899780273438,7.860017776489258,316.9200134277344,54.45256423950195
2021-10-29,27.160154342651367,634.1533203125,229.55197143554688,253.3747100830078,23.440000534057617,333.5656433105469,191.0574493408203,469.11474609375,78.62371063232422,195.05831909179688,7011.11181640625,818.9122314453125,65.3990249633789,141.7216796875,275.4231262207031,116.56053161621094,454.5663757324219,284.55474853515625,631.7515869140625,184.92999267578125,639.9400024414062,666.1400146484375,149.58999633789062,247.99624633789062,51.374359130859375,9.819999694824219,10.460518836975098,135.1763458251953,40.129844665527344,292.3878479003906,57.957054138183594,15.600146293640137,690.3099975585938,160.507568359375,255.4652099609375,123.26654815673828,60.50358581542969,148.27049255371094,7.9445343017578125,323.57000732421875,54.40804672241211
2021-11-01,27.517398834228516,637.67529296875,227.51976013183594,251.71560668945312,24.420000076293945,332.10418701171875,192.7671356201172,458.2515563964844,76.63023376464844,193.70809936523438,7060.4853515625,812.4456787109375,67.89104461669922,141.49679565429688,275.55010986328125,116.92033386230469,448.2879333496094,286.29962158203125,633.77734375,185.39999389648438,639.1500244140625,666.47998046875,151.52999877929688,248.5210418701172,52.18543243408203,10.6899995803833,10.589825630187988,138.00552368164062,40.52649688720703,290.61285400390625,59.23558807373047,15.70615291595459,681.1699829101562,160.09841918945312,258.0631408691406,124.26063537597656,61.638214111328125,143.7740020751953,7.953925132751465,329.9800109863281,55.15993881225586
2021-11-02,27.50291633605957,628.6746215820312,228.77635192871094,253.99932861328125,24.549999237060547,326.566650390625,192.43470764160156,456.2728576660156,79.69939422607422,191.40309143066406,7076.28515625,818.7557373046875,66.3323745727539,143.74542236328125,276.0873718261719,117.96089172363281,446.24444580078125,283.78143310546875,634.8751220703125,181.39999389648438,638.77001953125,627.3499755859375,147.4199981689453,245.99612426757812,52.68162155151367,11.079999923706055,10.64497184753418,139.6872100830078,41.116641998291016,290.70062255859375,63.16954803466797,15.790956497192383,677.719970703125,167.2002716064453,263.7985534667969,125.25472259521484,58.03527069091797,145.86300659179688,7.991487979888916,328.0799865722656,53.29779052734375
2021-11-03,28.038782119750977,632.9793090820312,230.023193359375,254.1457061767578,25.600000381469727,327.5110778808594,192.86212158203125,450.20806884765625,82.30472564697266,192.42538452148438,6961.73779296875,819.7047119140625,69.35638427734375,144.35157775878906,274.0849609375,117.84419250488281,451.46661376953125,285.02069091796875,641.0322265625,189.07000732421875,652.0999755859375,625.6599731445312,154.2899932861328,247.54078674316406,53.4259033203125,9.5600004196167,10.629758834838867,141.21060180664062,41.706787109375,294.650390625,66.09051513671875,16.13981056213379,688.2899780273438,165.11549377441406,265.7669677734375,125.25472259521484,60.324432373046875,146.7899932861328,7.982097148895264,331.6199951171875,53.87361145019531
2021-11-04,27.942230224609375,634.9359130859375,233.43966674804688,254.1749725341797,25.459999084472656,333.4761657714844,191.1049346923828,457.8261413574219,80.01519775390625,184.69058227539062,6991.36181640625,786.1585693359375,68.05904388427734,144.566650390625,272.4732360839844,117.36768341064453,450.9039611816406,281.798583984375,638.4276123046875,194.2100067138672,647.6300048828125,639.9600219726562,150.0,244.97625732421875,55.000335693359375,9.380000114440918,10.677297592163086,148.51100158691406,41.4359016418457,293.7531433105469,65.88397216796875,16.00682258605957,668.4000244140625,167.54124450683594,297.7712707519531,126.745849609375,59.91636276245117,148.68299865722656,7.794283390045166,335.8500061035156,53.258750915527344
2021-11-05,27.613950729370117,645.5997314453125,231.24053955078125,248.15341186523438,26.520000457763672,346.7583312988281,193.3370361328125,455.392333984375,79.22570037841797,185.53927612304688,7028.88623046875,764.9585571289062,70.66305541992188,143.4130401611328,271.37921142578125,119.59464263916016,449.96612548828125,272.4793395996094,615.5154418945312,192.85000610351562,611.5399780273438,637.4000244140625,146.24000549316406,245.82778930664062,53.35910415649414,9.449999809265137,10.5327787399292,151.63693237304688,41.532649993896484,301.65264892578125,64.78936767578125,16.240034103393555,645.719970703125,166.8787841796875,297.28167724609375,127.24288940429688,58.31394958496094,149.24099731445312,7.568906307220459,341.1300048828125,55.005741119384766
2021-11-08,27.198776245117188,649.806640625,230.50424194335938,247.23602294921875,26.280000686645508,347.63323974609375,193.28953552246094,456.7477111816406,77.89341735839844,185.59715270996094,7009.13623046875,769.8305053710938,72.14706420898438,144.76220703125,272.28765869140625,119.63353729248047,456.68878173828125,278.1997985839844,623.16943359375,192.22999572753906,622.780029296875,634.2100219726562,146.24000549316406,245.194091796875,53.130096435546875,9.270000457763672,10.530877113342285,151.3105010986328,42.40335464477539,304.8612060546875,63.74406051635742,16.020315170288086,651.4500122070312,169.236328125,307.7933044433594,127.24288940429688,59.518245697021484,149.35150146484375,7.568906307220459,338.6199951171875,54.1956787109375
2021-11-09,27.54636573791504,667.123046875,229.6403045654297,249.02200317382812,26.649999618530273,342.6424255371094,193.28953552246094,457.0643615722656,78.6039810180664,183.243896484375,6957.787109375,780.4842529296875,71.54039764404297,145.13369750976562,273.4207458496094,118.92363739013672,458.3966369628906,274.1746520996094,617.2918090820312,191.08999633789062,616.3099975585938,629.260009765625,143.05999755859375,243.71875,53.578575134277344,9.140000343322754,10.487140655517578,154.60455322265625,42.35498046875,306.07049560546875,64.22726440429688,15.95478343963623,655.989990234375,170.1520538330078,306.324462890625,125.75176239013672,59.56801223754883,149.24850463867188,7.493780612945557,335.3699951171875,54.73246383666992
2021-11-10,28.637407302856445,650.3935546875,228.3051300048828,247.93870544433594,27.360000610351562,355.85504150390625,194.6667938232422,449.3769836425781,75.07098388671875,185.90576171875,7019.01123046875,764.4595947265625,71.71772003173828,145.4465789794922,269.4745178222656,119.04032897949219,454.003662109375,281.40203857421875,625.5545043945312,187.91000366210938,622.2000122070312,622.4299926757812,137.0399932861328,242.85731506347656,53.06330108642578,9.039999961853027,10.631660461425781,148.77809143066406,42.6258659362793,306.4898681640625,63.27071762084961,16.12053871154785,646.9099731445312,168.1658172607422,294.3540344238281,125.75176239013672,61.54863739013672,146.62600708007812,7.634641170501709,327.6400146484375,55.259490966796875
2021-11-11,28.1643009185791,644.3279418945312,228.07933044433594,249.8515625,28.229999542236328,352.2760009765625,195.2841796875,446.71563720703125,77.07432556152344,189.60923767089844,6904.46337890625,757.8658447265625,72.01640319824219,145.58343505859375,266.1534729003906,116.28823852539062,451.52587890625,284.41595458984375,630.1649169921875,185.8699951171875,626.6400146484375,615.0499877929688,135.55999755859375,241.58990478515625,53.96979904174805,9.050000190734863,10.511861801147461,152.24034118652344,42.596839904785156,302.8326721191406,64.77951049804688,16.19955825805664,657.5800170898438,166.25784301757812,303.6566162109375,124.75767517089844,62.165714263916016,146.7480010986328,7.747329235076904,327.739990234375,54.839820861816406
2021-11-12,28.75809669494629,663.1118774414062,232.00631713867188,253.7650909423828,27.90999984741211,361.3826904296875,194.57180786132812,448.5360412597656,77.89000701904297,188.35545349121094,6851.1396484375,758.5702514648438,71.00838470458984,145.48565673828125,265.78228759765625,116.02566528320312,453.1053161621094,294.6770324707031,633.9270629882812,187.2899932861328,631.2000122070312,628.1799926757812,136.4199981689453,242.85731506347656,53.46406555175781,9.149999618530273,10.492846488952637,155.1288604736328,43.0418701171875,302.3255920410156,66.50525665283203,16.49059295654297,682.6099853515625,168.09732055664062,303.6566162109375,123.26654815673828,62.40458679199219,149.64549255371094,7.6534223556518555,340.8900146484375,54.654388427734375
2021-11-15,29.771894454956055,666.731689453125,230.63186645507812,257.9714050292969,28.020000457763672,359.255126953125,195.09420776367188,454.39306640625,76.89141082763672,189.0305633544922,7076.28515625,780.533203125,72.333740234375,146.84461975097656,254.45162963867188,114.34329223632812,445.02032470703125,282.8594055175781,631.0430297851562,186.86000061035156,647.72998046875,618.9600219726562,134.92999267578125,240.17396545410156,53.740787506103516,9.149999618530273,10.523270606994629,154.5847930908203,42.800010681152344,296.279052734375,65.88397979736328,16.126317977905273,679.3300170898438,169.01705932617188,300.0094909667969,122.2724609375,62.19557571411133,149.38800048828125,7.5876874923706055,347.55999755859375,55.33757019042969
2021-11-16,28.811199188232422,695.7880859375,240.3118896484375,260.8700866699219,27.729999542236328,367.4073791503906,196.37648010253906,465.3650207519531,77.25723266601562,188.81837463378906,7005.1865234375,780.660888671875,70.49504089355469,146.1309356689453,253.0255126953125,114.74199676513672,443.85546875,285.89312744140625,640.14404296875,188.3300018310547,642.75,633.219970703125,135.99000549316406,239.3422088623047,53.67399215698242,9.229999542236328,10.54989242553711,156.15765380859375,42.97414779663086,294.0360107421875,66.00231170654297,16.164867401123047,687.4000244140625,170.05421447753906,301.7880859375,126.2488021850586,64.31554412841797,149.0760040283203,7.747329235076904,342.9599914550781,55.33757019042969
2021-11-17,28.68568229675293,705.4735107421875,241.24453735351562,248.54095458984375,27.59000015258789,357.0779113769531,194.9042510986328,460.546875,77.61316680908203,188.7412109375,6582.54541015625,783.5081787109375,69.58038330078125,147.02059936523438,251.55056762695312,114.58641052246094,443.194091796875,287.241455078125,635.9727783203125,188.25,641.8300170898438,627.989990234375,134.85000610351562,241.46115112304688,53.502235412597656,9.0,10.523270606994629,154.2979278564453,42.93545150756836,292.0757751464844,66.0121841430664,16.218833923339844,691.6900024414062,169.36929321289062,292.3756408691406,123.76358795166016,63.9273796081543,149.06199645996094,7.521953105926514,340.7699890136719,54.654388427734375
2021-11-18,29.03809928894043,703.1255493164062,242.86444091796875,246.8272247314453,26.850000381469727,346.1916809082031,194.9042510986328,458.99359130859375,77.52418518066406,188.39402770996094,6596.36962890625,778.44189453125,69.67371368408203,147.21612548828125,252.94737243652344,114.43081665039062,443.7073974609375,285.02069091796875,636.3021240234375,185.41000366210938,648.510009765625,634.0,124.0,240.85716247558594,53.43544006347656,8.979999542236328,10.54228687286377,157.02816772460938,42.384002685546875,288.9062194824219,67.5209732055664,16.155229568481445,682.02001953125,169.58456420898438,316.4963073730469,122.7695083618164,62.10599899291992,150.70899963378906,7.493780612945557,338.69000244140625,54.55678939819336
2021-11-19,29.0284423828125,701.3645629882812,244.96536254882812,245.50518798828125,25.260000228881836,337.7411804199219,193.0045928955078,456.4014587402344,77.42530822753906,184.16978454589844,6620.0693359375,774.2101440429688,68.32038879394531,146.86416625976562,254.9204864501953,113.99319458007812,434.3587951660156,280.88653564453125,634.7254028320312,182.8800048828125,652.6799926757812,647.27001953125,116.98999786376953,236.70838928222656,54.380104064941406,8.869999885559082,10.489042282104492,148.41209411621094,42.20018768310547,290.36907958984375,69.03962707519531,15.881543159484863,678.7999877929688,168.5865478515625,329.5858154296875,123.76358795166016,62.90222930908203,149.95249938964844,7.446826934814453,345.29998779296875,53.69793701171875
2021-11-22,29.709136962890625,692.3638916015625,247.7436981201172,239.50221252441406,25.709999084472656,319.428466796875,192.81463623046875,453.2552795410156,77.4154281616211,187.81536865234375,6600.31982421875,763.0957641601562,68.95504760742188,147.52896118164062,251.6482696533203,113.67227935791016,431.9303894042969,281.32275390625,632.6397094726562,181.5,643.6400146484375,634.6799926757812,109.08000183105469,238.0648956298828,54.86674880981445,8.850000381469727,10.534680366516113,145.95883178710938,42.10344314575195,290.154541015625,71.19927978515625,16.24581527709961,659.2000122070312,168.6061248779297,319.30401611328125,120.78133392333984,61.2998161315918,147.07850646972656,7.381092071533203,341.010009765625,53.8052978515625
2021-11-23,29.79603385925293,689.03759765625,247.31175231933594,244.0166778564453,25.600000381469727,327.0836181640625,192.86212158203125,453.46307373046875,75.813720703125,186.88949584960938,6649.693359375,765.2066650390625,69.39371490478516,149.17144775390625,255.91680908203125,110.25890350341797,441.39739990234375,283.45428466796875,631.4422607421875,186.85000610351562,649.3200073242188,619.97998046875,103.2300033569336,239.292724609375,53.35910415649414,8.850000381469727,10.129647254943848,147.3140411376953,43.53527069091797,291.597900390625,69.73979187011719,16.313274383544922,654.0599975585938,168.85073852539062,317.2057189941406,117.79907989501953,59.976078033447266,146.7570037841797,7.296575546264648,337.25,53.35634231567383
2021-11-24,29.4774112701416,695.0054321289062,248.0186004638672,243.60537719726562,25.170000076293945,338.01953125,193.52699279785156,459.36956787109375,75.84339141845703,186.48443603515625,6724.7421875,783.1056518554688,70.20572662353516,151.05833435058594,259.31597900390625,111.28973388671875,444.3885803222656,281.29302978515625,631.6817626953125,186.24000549316406,648.1799926757812,622.4500122070312,106.0,237.49063110351562,53.49269485473633,8.579999923706055,10.266559600830078,147.64100646972656,44.16411209106445,290.4665832519531,70.44981384277344,16.284364700317383,658.2899780273438,167.26565551757812,326.478271484375,115.8109130859375,59.70735549926758,146.71749877929688,7.493780612945557,341.05999755859375,55.923152923583984
2021-11-25,29.530513763427734,703.0276489257812,,,,,192.81463623046875,,,188.54833984375,6738.56689453125,,,,,,,,,,,,,,52.95833969116211,,10.527073860168457,,44.04801940917969,,,16.297855377197266,,,,116.30795288085938,,,7.40926456451416,,
2021-11-26,29.279478073120117,651.078369140625,243.1687774658203,241.46078491210938,24.719999313354492,322.2817687988281,182.55650329589844,450.4503479003906,73.51004791259766,175.20046997070312,6764.2412109375,779.4237670898438,66.00569915771484,146.53175354003906,256.7665710449219,107.99304962158203,434.2699890136719,286.81512451171875,637.4097290039062,183.58999633789062,643.3499755859375,607.52001953125,109.61000061035156,228.72767639160156,51.527034759521484,8.149999618530273,10.268461227416992,141.97357177734375,42.277584075927734,286.37060546875,68.14224243164062,15.557744026184082,665.6400146484375,163.89976501464844,314.7776794433594,116.80499267578125,59.03055953979492,142.80599975585938,7.295421600341797,333.1199951171875,54.83006286621094
2021-11-29,29.211891174316406,668.9818115234375,244.04251098632812,243.99708557128906,24.59000015258789,321.1285095214844,184.09523010253906,460.75701904296875,75.4478988647461,176.7628631591797,6783.99072265625,805.1087036132812,66.03663635253906,149.85581970214844,260.7420959472656,107.2442398071289,446.2049865722656,289.41265869140625,647.4188842773438,190.11000061035156,654.4000244140625,631.2999877929688,106.41000366210938,227.65829467773438,51.44115447998047,8.0600004196167,10.540385246276855,149.83071899414062,41.98735046386719,284.13726806640625,66.70246887207031,15.557744026184082,663.8400268554688,163.77259826660156,333.49267578125,115.3138656616211,58.39356994628906,146.11399841308594,7.266960620880127,338.0299987792969,56.18666076660156
2021-11-30,28.627750396728516,666.6338500976562,240.12535095214844,238.78733825683594,23.270000457763672,313.08563232421875,183.1833953857422,451.6395568847656,73.6089096069336,177.66943359375,6420.59814453125,797.4503173828125,65.08052062988281,147.38232421875,256.38568115234375,103.7627944946289,438.5246887207031,282.87921142578125,631.5120849609375,186.94000244140625,636.530029296875,608.0700073242188,101.25,223.37088012695312,49.94305419921875,7.96999979019165,10.367342948913574,145.83775329589844,41.522972106933594,280.3240966796875,64.4442138671875,15.07011890411377,641.9000244140625,158.56724548339844,326.4982604980469,113.32569885253906,58.17461013793945,142.45199584960938,7.561054229736328,324.4599914550781,55.113094329833984
2021-12-01,28.738784790039062,689.8202514648438,240.86166381835938,235.40882873535156,22.260000228881836,304.4959716796875,186.18484497070312,445.0294189453125,73.16400909423828,182.93527221679688,6667.46826171875,788.8592529296875,63.35580062866211,148.31109619140625,252.93765258789062,102.566650390625,438.6431884765625,282.99822998046875,624.8460693359375,205.0,630.5900268554688,599.4500122070312,93.44000244140625,223.3907012939453,50.45832443237305,7.809999942779541,10.2988862991333,150.27659606933594,42.0840950012207,277.8859558105469,65.74592590332031,15.147214889526367,617.77001953125,157.9899444580078,314.13665771484375,114.31978607177734,58.950931549072266,141.6179962158203,7.6938700675964355,310.6000061035156,54.361595153808594
2021-12-02,28.801544189453125,678.4716186523438,245.81947326660156,240.41294860839844,23.25,318.33489990234375,189.3382568359375,456.83251953125,74.62728118896484,180.58206176757812,6499.5966796875,784.1071166992188,66.76777648925781,150.9703369140625,260.0583190917969,104.32682037353516,440.3016357421875,288.7682189941406,626.2730102539062,204.4499969482422,634.0,599.010009765625,96.5999984741211,229.77725219726562,49.761756896972656,7.989999771118164,10.344523429870605,145.14419555664062,42.01637268066406,280.3143310546875,69.51297760009766,15.143359184265137,616.469970703125,163.0387420654297,321.0419921875,113.32569885253906,59.428672790527344,143.77650451660156,7.542080402374268,310.3900146484375,55.776756286621094
2021-12-03,28.608440399169922,669.177490234375,244.15052795410156,242.44004821777344,23.989999771118164,320.2337341308594,188.4644317626953,451.728759765625,72.78829956054688,180.02267456054688,6442.32275390625,779.6103515625,65.56795501708984,151.20497131347656,260.7616271972656,103.92810821533203,445.0060119628906,287.8263854980469,634.78515625,203.80999755859375,635.1599731445312,586.5399780273438,92.43000030517578,227.7672119140625,49.532745361328125,8.0,10.25515079498291,144.490234375,41.42622756958008,281.4748840332031,69.64118194580078,14.902438163757324,602.1300048828125,162.85284423828125,306.7217102050781,111.8345718383789,56.49256896972656,142.52049255371094,7.807713031768799,306.8399963378906,57.07479476928711
2021-12-06,28.88844108581543,680.232666015625,246.59506225585938,237.93536376953125,24.399999618530273,331.38836669921875,193.38453674316406,452.432373046875,73.55948638916016,180.408447265625,6507.49658203125,782.0059204101562,68.6424789428711,153.05276489257812,263.3110046386719,107.2053451538086,455.69244384765625,286.7755126953125,620.9540405273438,205.05999755859375,625.0,592.2100219726562,94.77999877929688,231.47042846679688,49.82855224609375,8.180000305175781,10.50235366821289,146.0260009765625,42.97414779663086,285.63916015625,70.51883697509766,15.413191795349121,612.6900024414062,166.16978454589844,300.1661376953125,113.32569885253906,58.17461013793945,143.79649353027344,7.855147838592529,317.8699951171875,57.33830642700195
2021-12-07,29.366376876831055,719.2680053710938,252.22047424316406,240.54025268554688,24.219999313354492,337.5323791503906,195.61660766601562,466.23736572265625,76.82220458984375,180.08055114746094,6627.96875,798.0982666015625,70.3297119140625,155.74131774902344,270.3829040527344,109.1794662475586,460.26806640625,293.566650390625,627.400634765625,205.22000122070312,635.0900268554688,611.4299926757812,98.41000366210938,236.2529296875,52.32856369018555,8.149999618530273,10.555598258972168,155.44862365722656,44.12541580200195,288.6038818359375,73.2405776977539,15.515342712402344,625.5800170898438,166.9134063720703,324.0499572753906,117.30204010009766,59.448577880859375,148.0364990234375,8.006937026977539,322.80999755859375,57.49446487426758
2021-12-08,28.902925491333008,701.9515380859375,252.05357360839844,234.6352081298828,24.030000686645508,340.3459167480469,194.9042510986328,468.7545166015625,76.11034393310547,179.28968811035156,6673.39306640625,799.6693115234375,71.47327423095703,155.87818908691406,269.4452209472656,109.32533264160156,464.3583984375,294.2804260253906,636.8211059570312,206.61000061035156,654.0399780273438,618.5499877929688,102.05000305175781,238.14410400390625,51.99459457397461,8.170000076293945,10.56890869140625,155.84494018554688,43.46754837036133,288.350341796875,73.3786392211914,15.523052215576172,628.0800170898438,166.25784301757812,318.04400634765625,119.7872543334961,60.05570602416992,148.7205047607422,8.025912284851074,330.55999755859375,56.99671936035156
2021-12-09,29.009132385253906,693.3422241210938,253.43783569335938,232.63748168945312,23.579999923706055,342.5132141113281,192.9096221923828,463.46246337890625,74.90412139892578,176.3385009765625,6558.84521484375,784.2935791015625,69.63607025146484,154.04019165039062,264.7664489746094,109.70459747314453,468.7756042480469,279.548095703125,635.7432861328125,208.41000366210938,665.719970703125,607.5800170898438,94.9800033569336,239.06497192382812,51.11672592163086,7.949999809265137,10.738147735595703,151.24758911132812,43.099918365478516,285.9219665527344,73.62518310546875,15.399700164794922,611.0,164.95651245117188,304.6930847167969,115.8109130859375,59.2296142578125,148.1060028076172,8.11129379272461,329.82000732421875,56.26474380493164
2021-12-10,29.293962478637695,685.3199462890625,256.6089172363281,233.24461364746094,23.290000915527344,347.88177490234375,192.7671356201172,469.4185791015625,74.48885345458984,176.01058959960938,6657.59375,783.4002075195312,70.54531860351562,155.52622985839844,266.2413635253906,109.33506774902344,473.638427734375,285.9129943847656,641.1719360351562,208.05999755859375,669.52001953125,607.9000244140625,94.01000213623047,241.1542205810547,51.078556060791016,7.869999885559082,10.778080940246582,151.32684326171875,42.896751403808594,288.0382385253906,76.31733703613281,15.320677757263184,611.6599731445312,166.7862091064453,301.77508544921875,117.79907989501953,59.159942626953125,148.6750030517578,8.082833290100098,329.75,56.2159423828125
2021-12-13,29.40982437133789,679.05859375,252.54443359375,229.31771850585938,22.75,343.298583984375,191.7698211669922,474.5619812011719,71.57218933105469,171.8056182861328,6602.294921875,801.3482055664062,68.5112533569336,158.1077117919922,269.6112365722656,109.75321960449219,473.5493469238281,289.92816162109375,644.6646728515625,208.14999389648438,660.1500244140625,605.3400268554688,92.54000091552734,242.17611694335938,51.01176071166992,7.599999904632568,10.852241516113281,145.7485809326172,42.68391036987305,290.1935729980469,74.39436340332031,15.417046546936035,604.5599975585938,166.04257202148438,281.41888427734375,120.78133392333984,58.702110290527344,146.70449829101562,7.874122142791748,334.489990234375,54.38111877441406
2021-12-14,29.197410583496094,675.0474853515625,247.85171508789062,230.4047088623047,22.510000228881836,338.5663146972656,191.7223358154297,466.1184387207031,72.21485137939453,173.67665100097656,6685.2431640625,791.1959838867188,69.18331146240234,155.8010711669922,267.0618896484375,108.61542510986328,474.85662841796875,292.12908935546875,631.0475463867188,209.24000549316406,670.969970703125,596.3499755859375,92.16999816894531,243.17813110351562,50.77321243286133,7.539999961853027,10.79899787902832,146.37278747558594,43.25470733642578,290.81768798828125,72.68834686279297,15.58280086517334,597.989990234375,161.2873077392578,283.1777038574219,120.28429412841797,58.49310302734375,144.9705047607422,7.940529823303223,333.739990234375,53.31730651855469
2021-12-15,28.946372985839844,679.3521728515625,252.83900451660156,231.74632263183594,22.56999969482422,344.3325500488281,192.95709228515625,474.6709899902344,73.10469055175781,170.20465087890625,6655.61865234375,802.2515869140625,69.70926666259766,159.56039428710938,267.9800720214844,102.0512466430664,489.6333923339844,304.5217590332031,654.6378173828125,211.1300048828125,657.9299926757812,611.5599975585938,92.94000244140625,251.82940673828125,51.18351745605469,7.659999847412109,10.932107925415039,152.24830627441406,43.206336975097656,297.5273742675781,74.70993041992188,15.544252395629883,605.0399780273438,165.61204528808594,304.38330078125,118.79316711425781,57.36842346191406,147.36849975585938,7.968990325927734,341.6600036621094,54.69342803955078
2021-12-16,28.9222354888916,680.8196411132812,248.6174774169922,220.12229919433594,23.40999984741211,350.8642883300781,194.9042510986328,472.5502014160156,70.28688049316406,175.6634063720703,6645.74365234375,807.9559936523438,68.54046630859375,160.23765563964844,272.9811706542969,99.39639282226562,488.1279602050781,307.46624755859375,660.1386108398438,212.61000061035156,631.739990234375,607.5599975585938,87.43000030517578,251.9782257080078,51.3934440612793,7.579999923706055,11.139378547668457,145.35223388671875,43.35145568847656,295.6451416015625,74.57186889648438,15.53461742401123,591.0599975585938,165.1619873046875,283.6773376464844,120.78133392333984,56.522430419921875,144.8385009765625,8.130268096923828,334.8999938964844,53.66865921020508
2021-12-17,28.975339889526367,674.851806640625,243.5614776611328,218.68275451660156,23.280000686645508,347.2752990722656,193.90692138671875,463.44268798828125,70.77134704589844,174.4096221923828,6722.767578125,807.32763671875,69.51447296142578,158.2058563232422,272.3852844238281,97.8598861694336,482.4430847167969,305.2752380371094,649.9757080078125,214.5399932861328,619.280029296875,616.8800048828125,97.7699966430664,251.7897186279297,51.20260238647461,7.630000114440918,11.179311752319336,144.80728149414062,43.30308151245117,290.9444885253906,73.68434143066406,15.544252395629883,586.72998046875,161.5123748779297,277.82135009765625,120.78133392333984,55.97502136230469,142.80299377441406,8.282057762145996,333.7900085449219,53.336830139160156
2021-12-20,29.284305572509766,667.123046875,241.13653564453125,214.64813232421875,22.889999389648438,335.0569152832031,191.34239196777344,456.20819091796875,69.78263854980469,172.24928283691406,6661.54345703125,807.4159545898438,67.66385650634766,158.4119873046875,271.9945983886719,96.7901611328125,479.0856628417969,306.7524108886719,648.2286376953125,215.41000366210938,603.1400146484375,604.1099853515625,95.51000213623047,243.68411254882812,51.059471130371094,7.190000057220459,11.219244956970215,143.6777801513672,42.30660629272461,287.7066955566406,70.97246551513672,15.24551010131836,593.739990234375,160.52413940429688,277.0019226074219,118.79316711425781,54.561710357666016,142.40150451660156,8.11129379272461,325.45001220703125,52.31205749511719
2021-12-21,29.211891174316406,668.5905151367188,242.4717254638672,215.50990295410156,23.530000686645508,348.6969909667969,193.8594512939453,466.26708984375,71.34479522705078,177.7080078125,6718.81689453125,789.9686889648438,69.23199462890625,157.82305908203125,271.3988037109375,99.48150634765625,482.5322265625,299.99102783203125,644.2553100585938,218.60000610351562,606.8099975585938,624.0599975585938,96.70999908447266,245.0830078125,51.76558303833008,7.269999980926514,11.422712326049805,150.02886962890625,43.216007232666016,288.4283752441406,72.45167541503906,15.397772789001465,604.9199829101562,163.63558959960938,290.5527038574219,118.79316711425781,57.66701126098633,144.2205047607422,8.604612350463867,334.20001220703125,54.11760330200195
2021-12-22,28.869131088256836,672.9929809570312,245.14207458496094,213.22816467285156,23.6299991607666,355.39776611328125,194.3343505859375,469.0122375488281,73.16400909423828,179.23182678222656,6837.31494140625,803.8616943359375,69.43653869628906,159.26593017578125,274.7198486328125,99.17811584472656,489.38580322265625,301.6070251464844,650.6046142578125,222.77000427246094,617.47998046875,640.030029296875,94.37999725341797,250.0832977294922,51.899173736572266,7.25,11.455039024353027,150.92062377929688,43.612667083740234,289.8034362792969,75.23258972167969,15.374645233154297,614.239990234375,163.14637756347656,293.80047607421875,119.29020690917969,56.691627502441406,146.94900512695312,8.633073806762695,330.45001220703125,54.039527893066406
2021-12-23,28.941545486450195,673.7756958007812,245.52496337890625,216.43038940429688,24.420000076293945,358.4796447753906,195.80657958984375,469.4879150390625,74.88435363769531,180.73635864257812,6932.11328125,803.8912353515625,69.91380310058594,158.76535034179688,273.62042236328125,100.70484161376953,490.623779296875,299.3168640136719,649.6062622070312,223.4499969482422,625.3800048828125,645.02001953125,95.08999633789062,250.0634307861328,52.40489959716797,7.460000038146973,11.483562469482422,154.06149291992188,44.444671630859375,292.0660400390625,75.33119201660156,15.613637924194336,614.0900268554688,164.41835021972656,296.1988525390625,124.26063537597656,59.976078033447266,147.1425018310547,8.566665649414062,335.239990234375,54.53727340698242
2021-12-24,28.88361358642578,672.1124877929688,,,,,,,,180.77493286132812,6896.56396484375,,,,,,,,,,,,,,,,,,44.618812561035156,,,,,,,,,,8.509744644165039,,
2021-12-27,28.965682983398438,683.8524780273438,249.06906127929688,219.45639038085938,24.360000610351562,358.2112121582031,197.42129516601562,473.8088073730469,76.37728881835938,,,819.9442749023438,70.53716278076172,162.82896423339844,280.5115051269531,102.20220184326172,494.7042236328125,304.17474365234375,661.0969848632812,222.33999633789062,634.77001953125,654.8400268554688,93.54000091552734,251.76988220214844,53.19689178466797,7.420000076293945,11.462644577026367,161.2250518798828,,294.7381896972656,77.78668975830078,15.642549514770508,613.1199951171875,166.99166870117188,309.2400207519531,120.78133392333984,59.10022735595703,148.06399536132812,,346.17999267578125,55.239967346191406
2021-12-28,29.293962478637695,685.4177856445312,249.3832244873047,220.2495880126953,24.329999923706055,358.67852783203125,198.276123046875,470.8357238769531,75.86316680908203,,,822.7916870117188,70.38131713867188,162.7307891845703,283.1913146972656,102.30006408691406,498.1112060546875,304.3631286621094,654.2783813476562,221.92999267578125,638.4600219726562,651.280029296875,91.11000061035156,254.736328125,54.01750564575195,7.5,11.569132804870605,158.17335510253906,,296.4643249511719,77.00762939453125,15.871905326843262,610.7100219726562,167.51025390625,303.0141906738281,123.26654815673828,56.8608283996582,146.447998046875,8.547691345214844,346.2200012207031,55.58156204223633
2021-12-29,29.404996871948242,688.2549438476562,252.86843872070312,223.1972198486328,23.8700008392334,359.185546875,197.80120849609375,470.2906799316406,73.6583480834961,181.7972412109375,6979.51220703125,826.7091674804688,70.37158203125,164.58592224121094,283.5741882324219,101.73242950439453,500.7258605957031,306.018798828125,661.6160888671875,223.32000732421875,647.280029296875,655.6900024414062,90.12000274658203,256.45269775390625,53.78849792480469,7.610000133514404,11.58814811706543,159.5010528564453,45.22830581665039,297.8394470214844,77.61903381347656,15.719644546508789,610.5399780273438,168.00924682617188,299.8064270019531,121.77542114257812,56.55228805541992,146.50450134277344,8.528717041015625,342.94000244140625,55.67915725708008
2021-12-30,29.433963775634766,692.4617309570312,251.70997619628906,227.10455322265625,24.450000762939453,358.8872375488281,197.56375122070312,466.2571716308594,73.92530822753906,181.37289428710938,6872.86376953125,830.1357421875,70.53716278076172,164.87057495117188,285.79266357421875,102.24134063720703,499.5868835449219,310.648681640625,664.33154296875,222.4499969482422,642.510009765625,661.3200073242188,94.3499984741211,256.07568359375,53.68353271484375,7.610000133514404,11.645195960998535,156.5286102294922,45.43147277832031,296.3668518066406,76.5638656616211,15.619421005249023,612.0900268554688,167.72552490234375,295.6592102050781,121.27838134765625,58.921077728271484,146.00250244140625,8.357954025268555,344.3599853515625,55.15213394165039
2021-12-31,29.09602928161621,691.5812377929688,253.76181030273438,226.644287109375,23.540000915527344,357.2270202636719,,467.69415283203125,73.6583480834961,180.35057067871094,6843.23974609375,830.4794311523438,69.83587646484375,165.2533721923828,287.127685546875,101.24310302734375,497.31890869140625,311.5111999511719,666.1184692382812,219.60000610351562,631.52001953125,658.4600219726562,91.81999969482422,254.89508056640625,,7.429999828338623,,155.914306640625,45.005794525146484,298.1995849609375,77.26403045654297,,602.4400024414062,169.09535217285156,293.9103698730469,,58.02531433105469,144.67950439453125,8.500256538391113,336.3500061035156,54.8203010559082
2022-01-03,29.4774112701416,692.6574096679688,250.8460235595703,227.1437225341797,25.329999923706055,368.7892761230469,200.17578125,456.96136474609375,72.68942260742188,,,820.9260864257812,73.0208740234375,161.85720825195312,281.1201171875,103.8365707397461,497.4575500488281,295.618896484375,643.8359985351562,222.52999877929688,627.0999755859375,631.010009765625,95.08000183105469,252.0774383544922,53.61674118041992,7.550000190734863,11.681325912475586,158.460693359375,,289.9178771972656,76.90901947021484,15.927800178527832,597.3699951171875,165.02499389648438,301.0055847167969,121.77542114257812,57.965599060058594,145.07449340820312,8.585638999938965,338.5400085449219,55.610836029052734
2022-01-04,29.41465187072754,703.908203125,255.06752014160156,229.31771850585938,26.75,373.203369140625,204.63995361328125,455.6928405761719,73.47049713134766,189.66709899902344,6979.51220703125,799.836181640625,76.05001068115234,158.02919006347656,277.576416015625,104.12039184570312,486.18682861328125,287.7173156738281,616.9612426757812,221.86000061035156,616.8200073242188,605.4199829101562,91.47000122070312,258.2186584472656,54.19880294799805,7.769999980926514,11.590049743652344,156.90512084960938,46.466644287109375,293.45599365234375,75.8341293334961,15.968274116516113,591.1500244140625,167.7646484375,292.70123291015625,122.2724609375,57.09969711303711,144.41650390625,8.490769386291504,336.5299987792969,57.08456039428711
2022-01-05,29.72844696044922,724.7466430664062,250.0998992919922,224.11773681640625,26.450000762939453,371.7220764160156,203.02525329589844,451.6693115234375,68.20071411132812,190.8822784423828,7098.009765625,774.7697143554688,75.60197448730469,154.74098205566406,259.7106628417969,103.74849700927734,484.9884338378906,284.1086120605469,617.4803466796875,221.4199981689453,595.1199951171875,583.4600219726562,84.31999969482422,256.92889404296875,54.25605773925781,7.699999809265137,11.426514625549316,152.32757568359375,46.379573822021484,298.179931640625,73.99005126953125,15.717716217041016,567.52001953125,165.367431640625,275.8526916503906,121.77542114257812,54.541805267333984,137.65350341796875,8.53820514678955,324.1700134277344,56.58681106567383
2022-01-06,29.56431007385254,702.5385131835938,253.0844268798828,226.55616760253906,25.719999313354492,368.3275146484375,208.0118408203125,447.90338134765625,69.79251861572266,193.3223114013672,6941.98828125,761.00439453125,77.54996490478516,153.68093872070312,260.0248107910156,102.73068237304688,465.14080810546875,286.07159423828125,619.3572387695312,221.64999389648438,598.4400024414062,576.3599853515625,81.76000213623047,252.50404357910156,53.43544006347656,7.909999847412109,11.285799026489258,154.90367126464844,45.615291595458984,292.0838928222656,74.05908203125,15.918163299560547,553.2899780273438,165.7588348388672,281.5887756347656,119.7872543334961,56.05464553833008,137.55099487304688,8.462309837341309,332.4599914550781,56.64537048339844
2022-01-07,29.453271865844727,701.8536987304688,246.50669860839844,225.99795532226562,30.059999465942383,367.97906494140625,210.10145568847656,442.74017333984375,68.71484375,197.95164489746094,6979.51220703125,760.866943359375,77.87140655517578,150.89334106445312,261.6837463378906,102.91663360595703,454.1969299316406,282.81976318359375,606.0496215820312,221.85000610351562,603.72998046875,550.2999877929688,82.18000030517578,250.22218322753906,53.43544006347656,7.599999904632568,11.26488208770752,149.42446899414062,45.35407638549805,291.48602294921875,72.35306549072266,15.640621185302734,541.0599975585938,164.2324676513672,272.28509521484375,118.79316711425781,56.880733489990234,137.00450134277344,8.519229888916016,331.7900085449219,56.5965690612793
2022-01-10,29.4774112701416,679.05859375,243.1687774658203,222.7075653076172,28.59000015258789,362.2650146484375,212.19107055664062,431.4821472167969,68.52698516845703,200.5074005126953,7082.21044921875,750.4495849609375,77.17011260986328,150.19644165039062,259.5536193847656,103.3668212890625,460.53546142578125,289.1152038574219,623.9894409179688,223.9600067138672,621.27001953125,558.6500244140625,82.18000030517578,247.50376892089844,52.00413513183594,7.360000133514404,11.280095100402832,148.21568298339844,44.74458312988281,289.2220458984375,72.42208862304688,15.110594749450684,539.8499755859375,162.83326721191406,273.8140869140625,119.29020690917969,57.86606979370117,138.57400512695312,8.519229888916016,328.07000732421875,58.441158294677734
2022-01-11,30.018104553222656,694.9075927734375,244.94573974609375,222.8348846435547,28.68000030517578,364.63427734375,214.4231719970703,437.0616149902344,70.87020874023438,199.63941955566406,7147.38427734375,752.953369140625,76.96556854248047,150.1669921875,255.70558166503906,105.58838653564453,464.4970703125,289.4324645996094,619.45703125,226.14999389648438,626.0900268554688,555.0599975585938,86.31999969482422,248.35699462890625,51.79420852661133,7.449999809265137,11.453136444091797,151.04940795898438,45.160587310791016,291.6134338378906,73.30960845947266,15.328387260437012,540.8400268554688,164.14439392089844,277.9812316894531,119.7872543334961,60.41400909423828,140.0175018310547,8.33897876739502,334.3699951171875,58.80226516723633
2022-01-12,29.96982765197754,699.603515625,246.14344787597656,219.81871032714844,28.790000915527344,365.649658203125,214.94557189941406,443.8203430175781,71.32501220703125,204.26873779296875,7269.83154296875,750.5772705078125,76.80973052978516,150.41238403320312,254.62582397460938,106.62577056884766,469.1717529296875,280.3610534667969,624.149169921875,226.13999938964844,631.4400024414062,554.6300048828125,81.87999725341797,247.33511352539062,52.36673355102539,7.289999961853027,11.320027351379395,158.0841827392578,45.49919128417969,293.7794189453125,75.66648864746094,15.44595718383789,537.219970703125,167.7646484375,279.79998779296875,120.28429412841797,62.2652473449707,141.6479949951172,8.519229888916016,333.260009765625,58.50947570800781
2022-01-13,29.873275756835938,674.3368530273438,246.1238250732422,221.15054321289062,29.34000015258789,367.84967041015625,214.70811462402344,432.3542175292969,69.07076263427734,209.38027954101562,7329.080078125,734.5340576171875,79.196044921875,150.32403564453125,250.7483673095703,106.45940399169922,462.942138671875,275.4238586425781,599.8800659179688,226.5800018310547,616.1099853515625,534.2000122070312,78.5,252.40484619140625,51.90871810913086,7.170000076293945,11.502577781677246,155.7359619140625,45.828128814697266,288.4281921386719,76.82027435302734,15.418973922729492,519.2000122070312,167.4906768798828,265.5696716308594,119.29020690917969,59.25947570800781,139.13099670410156,8.566665649414062,326.4800109863281,58.724185943603516
2022-01-14,29.303617477416992,654.28076171875,238.9570770263672,216.8123321533203,31.18000030517578,370.4578552246094,214.70811462402344,428.47930908203125,68.61597442626953,207.83717346191406,7331.05517578125,733.1986694335938,79.31291961669922,149.92160034179688,246.01687622070312,106.23431396484375,464.1900634765625,273.70867919921875,593.8002319335938,234.05999755859375,615.239990234375,529.3499755859375,79.56999969482422,254.97442626953125,51.69879150390625,7.170000076293945,11.706046104431152,165.46575927734375,45.05416488647461,285.5467224121094,74.5521469116211,15.432465553283691,525.6900024414062,167.2362823486328,269.2371520996094,118.29612731933594,60.38414764404297,139.7864990234375,8.566665649414062,331.8999938964844,59.075538635253906
2022-01-17,29.40982437133789,669.8143310546875,,,,,215.65794372558594,,,207.1620635986328,7338.955078125,,,,,,,,,,,,,,51.86100387573242,,11.643294334411621,,45.66366195678711,,,15.32260513305664,,,,119.29020690917969,,,8.528717041015625,,
2022-01-18,29.255338668823242,656.4436645507812,234.8300018310547,215.4511260986328,29.639999389648438,364.64422607421875,214.4231719970703,420.3430480957031,67.1922378540039,202.33985900878906,7331.05517578125,729.4480590820312,77.1116714477539,150.59886169433594,245.63404846191406,105.1969223022461,456.56396484375,269.44561767578125,589.108154296875,231.07000732421875,611.219970703125,518.1699829101562,75.69999694824219,246.76959228515625,51.41252899169922,6.889999866485596,11.628081321716309,150.9602508544922,44.69620895385742,280.891357421875,69.10865783691406,15.309113502502441,510.79998779296875,163.0387420654297,258.85418701171875,118.79316711425781,57.278846740722656,136.29049682617188,8.272571563720703,318.1499938964844,58.05076599121094
2022-01-19,28.88361358642578,669.3228149414062,231.17572021484375,219.20175170898438,28.579999923706055,359.0993957519531,212.71347045898438,419.15380859375,66.12443542480469,199.5911865234375,7346.85498046875,717.2241821289062,75.8552017211914,150.7559051513672,244.42665100097656,105.4611587524414,458.07928466796875,269.6835632324219,592.3726806640625,230.83999633789062,618.1099853515625,519.1300048828125,75.51000213623047,243.3964080810547,51.3934440612793,6.940000057220459,11.512085914611816,141.75558471679688,44.473697662353516,279.8818664550781,67.54069519042969,15.63484001159668,515.8599853515625,159.8685760498047,250.49989318847656,119.7872543334961,57.32861328125,135.65199279785156,8.33897876739502,319.5899963378906,56.567291259765625
2022-01-20,28.661544799804688,670.404296875,220.5674285888672,217.12570190429688,27.489999771118164,362.3546447753906,212.04859924316406,414.2283935546875,66.32218170166016,198.24098205566406,7449.552734375,717.2438354492188,73.84876251220703,151.29576110839844,241.4228515625,103.84635162353516,458.5546569824219,268.5434265136719,587.1714477539062,228.61000061035156,614.3800048828125,511.1499938964844,76.19000244140625,238.86241149902344,51.44115447998047,7.010000228881836,11.599557876586914,137.87159729003906,44.77360534667969,281.2637634277344,65.01617431640625,15.63484001159668,508.25,157.5887908935547,241.3361053466797,120.78133392333984,60.21495056152344,133.50650024414062,8.035399436950684,316.55999755859375,56.020748138427734
2022-01-21,28.09671401977539,657.5250854492188,221.6410675048828,212.74832153320312,26.190000534057617,353.47491455078125,209.10414123535156,413.18780517578125,65.07640838623047,192.1553497314453,7437.70263671875,708.4760131835938,71.64752197265625,152.56195068359375,240.2645263671875,103.34724426269531,456.7422790527344,269.2374267578125,579.3545532226562,228.0800018310547,621.4000244140625,501.9599914550781,72.9000015258789,236.0547332763672,49.71404266357422,7.019999980926514,11.466448783874512,133.8191680908203,43.78680419921875,276.8436279296875,63.29043197631836,15.399700164794922,397.5,157.07998657226562,233.58139038085938,118.29612731933594,59.37890625,130.0919952392578,8.149242401123047,303.1700134277344,54.234718322753906
2022-01-24,27.483606338500977,637.9606323242188,228.8610076904297,216.0093231201172,26.8799991607666,347.8405456542969,205.58978271484375,414.19866943359375,64.67105102539062,183.5911102294922,7269.83154296875,717.5678100585938,71.62384796142578,150.48109436035156,243.83766174316406,101.98689270019531,457.8316650390625,269.8124694824219,574.8321533203125,229.67999267578125,621.47998046875,511.6499938964844,75.16000366210938,241.68003845214844,48.139610290527344,7.230000019073486,11.325732231140137,138.01031494140625,41.735809326171875,277.17681884765625,66.47566986083984,15.36886215209961,387.1499938964844,157.25613403320312,233.5614013671875,115.8109130859375,58.921077728271484,130.3719940185547,7.950016498565674,308.7099914550781,54.088321685791016
2022-01-25,27.628435134887695,633.9296875,226.55612182617188,210.23155212402344,26.860000610351562,337.2287292480469,210.3389129638672,395.9439697265625,64.02838897705078,189.70567321777344,7317.23046875,706.6007080078125,69.96105194091797,151.1190948486328,245.9285430908203,101.94774627685547,452.4538269042969,265.7476501464844,566.7957763671875,227.11000061035156,603.1900024414062,478.19000244140625,72.02999877929688,237.2254180908203,49.065185546875,7.019999980926514,11.380877494812012,131.76820373535156,41.60036849975586,273.8641357421875,65.2331314086914,15.440174102783203,366.4200134277344,154.04681396484375,223.0885009765625,113.82273864746094,59.81683349609375,126.7354965209961,7.90258264541626,300.1499938964844,54.10784149169922
2022-01-26,27.261537551879883,645.4324340820312,224.67481994628906,207.3231201171875,24.399999618530273,343.10205078125,213.18838500976562,393.97186279296875,63.800987243652344,195.0100860595703,7133.55908203125,683.193603515625,68.59111785888672,148.92042541503906,238.14419555664062,101.86945343017578,454.028564453125,264.5083923339844,561.953857421875,226.5800018310547,605.25,466.5199890136719,69.58000183105469,238.10841369628906,50.07664108276367,6.929999828338623,11.344748497009277,134.3343963623047,42.21953582763672,270.9043273925781,63.576419830322266,15.515342712402344,359.70001220703125,154.82957458496094,227.56546020507812,115.8109130859375,59.14999008178711,129.24000549316406,7.9784770011901855,294.6300048828125,54.010250091552734
2022-01-27,27.618778228759766,641.991455078125,222.53738403320312,207.7833709716797,25.239999771118164,348.9455261230469,216.27532958984375,391.5339050292969,65.25438690185547,196.31210327148438,6870.88916015625,670.6162719726562,66.09688568115234,145.86781311035156,232.08750915527344,100.9788589477539,457.1681213378906,263.4476013183594,552.8092651367188,228.22000122070312,608.719970703125,471.0799865722656,67.44000244140625,227.04629516601562,50.381988525390625,6.739999771118164,11.709848403930664,128.95428466796875,42.277584075927734,270.35546875,62.04789733886719,15.995257377624512,386.70001220703125,152.07034301757812,219.29107666015625,109.84639739990234,59.11017990112305,129.12100219726562,7.987964630126953,294.6400146484375,54.11760330200195
2022-01-28,27.758779525756836,636.8790893554688,231.4613494873047,213.15960693359375,27.149999618530273,380.7809753417969,216.1803436279297,402.9703674316406,67.41964721679688,189.87925720214844,6890.63916015625,694.7105712890625,68.29952239990234,152.2086181640625,242.2375946044922,100.92992401123047,461.5852966308594,267.76025390625,571.0685424804688,243.02000427246094,624.9199829101562,489.04998779296875,70.4000015258789,234.74513244628906,49.82855224609375,6.809999942779541,11.610967636108398,131.233154296875,43.099918365478516,272.1000061035156,64.02017974853516,15.995257377624512,384.3599853515625,153.31297302246094,228.2449951171875,108.35527038574219,58.8215446472168,133.2895050048828,7.940529823303223,301.7099914550781,54.88862228393555
2022-01-31,27.763607025146484,645.23583984375,233.78591918945312,215.86241149902344,27.90999984741211,384.6334533691406,216.3703155517578,411.4931945800781,70.35609436035156,190.20716857910156,7129.60888671875,711.7357177734375,68.82145690917969,153.9263153076172,246.88072204589844,101.28225708007812,468.03277587890625,269.0292053222656,580.322998046875,243.0500030517578,608.5900268554688,507.29998779296875,76.70999908447266,238.15802001953125,50.66824722290039,6.71999979019165,11.637589454650879,136.91050720214844,42.964473724365234,276.5005798339844,65.51911163330078,16.06464385986328,427.1400146484375,155.01547241210938,244.69383239746094,107.85823059082031,62.245338439941406,135.69850158691406,7.9310431480407715,313.260009765625,55.44492721557617
2022-02-01,27.71050453186035,660.376220703125,234.7709197998047,214.68727111816406,27.170000076293945,390.2878112792969,215.89540100097656,413.7131042480469,71.64140319824219,193.94921875,7054.560546875,702.3002319335938,70.33987426757812,150.68722534179688,245.55551147460938,101.38011169433594,463.9127197265625,270.615478515625,593.3110961914062,245.66000366210938,613.3599853515625,513.510009765625,80.33999633789062,235.45945739746094,51.44115447998047,6.739999771118164,11.7573881149292,137.33657836914062,44.05769348144531,278.9606018066406,67.69847869873047,16.16872215270996,457.1300048828125,155.9547882080078,246.21279907226562,109.84639739990234,62.454349517822266,137.8784942626953,,319.0,57.162635803222656
2022-02-02,28.217405319213867,667.5531616210938,235.5194854736328,213.10084533691406,27.690000534057617,394.9565734863281,216.03787231445312,418.2817077636719,72.353271484375,195.8298797607422,7161.20849609375,703.5372924804688,70.03618621826172,154.42691040039062,247.70529174804688,101.1648178100586,475.17352294921875,270.8335876464844,603.1145629882812,253.57000732421875,622.8499755859375,534.22998046875,76.88999938964844,238.89218139648438,52.37627410888672,6.710000038146973,11.782108306884766,139.46681213378906,44.72523498535156,278.6861572265625,69.23685455322266,16.309419631958008,429.4800109863281,157.93124389648438,252.2487030029297,110.34344482421875,61.82731628417969,148.0364990234375,,323.0,57.97269058227539
2022-02-03,27.845678329467773,648.2835693359375,230.59457397460938,208.8018341064453,28.93000030517578,388.3067932128906,214.1857147216797,409.4417419433594,70.10891723632812,197.18008422851562,7103.9345703125,699.9634399414062,68.8309555053711,153.55332946777344,246.09542846679688,99.99040985107422,484.0772399902344,275.6419677734375,593.9300537109375,243.75,620.6900024414062,538.9500122070312,72.86000061035156,238.96163940429688,51.19306182861328,6.650000095367432,11.730766296386719,135.255859375,44.193138122558594,275.2852783203125,67.88584899902344,16.61587142944336,405.6000061035156,153.44996643066406,239.3174591064453,107.36119079589844,61.38938903808594,142.65049743652344,,237.75999450683594,57.77750015258789
2022-02-04,27.556020736694336,641.2049560546875,225.6302490234375,209.60482788085938,28.899999618530273,380.4723815917969,212.76097106933594,410.6706237792969,70.12869262695312,193.4669952392578,7054.560546875,689.3988037109375,69.43830871582031,150.65777587890625,241.9038543701172,100.5384750366211,478.5310363769531,275.0966796875,593.4208984375,241.9600067138672,622.9600219726562,526.4400024414062,74.55000305175781,237.19566345214844,50.45832443237305,6.639999866485596,11.609066009521484,134.32449340820312,43.032196044921875,257.83978271484375,67.17582702636719,16.556123733520508,410.1700134277344,147.74560546875,243.02496337890625,107.36119079589844,61.55858612060547,143.01600646972656,8.272571563720703,237.08999633789062,57.32855224609375
2022-02-07,27.594640731811523,638.4522094726562,223.6110382080078,206.91180419921875,28.34000015258789,374.4297790527344,215.56295776367188,401.6126708984375,69.93093872070312,197.7105255126953,7098.009765625,685.4714965820312,70.48222351074219,149.2443389892578,241.73696899414062,99.81424713134766,479.0559387207031,272.2017517089844,586.063232421875,243.25999450683594,622.3599853515625,517.760009765625,74.52999877929688,230.57823181152344,50.000308990478516,6.619999885559082,11.645195960998535,134.87936401367188,42.95479965209961,249.3131103515625,66.94901275634766,16.45397186279297,402.1000061035156,146.8943634033203,247.1121826171875,108.8523178100586,60.6628303527832,138.93800354003906,7.9784770011901855,224.91000366210938,57.54326629638672
2022-02-08,27.840848922729492,632.651611328125,228.27984619140625,208.53741455078125,28.209999084472656,372.677734375,218.55491638183594,396.1917724609375,65.63008117675781,198.86785888671875,6888.66357421875,677.9801025390625,70.0456771850586,148.4001922607422,240.81422424316406,101.98689270019531,488.6726989746094,275.8005676269531,586.54248046875,240.94000244140625,617.9400024414062,521.6099853515625,69.94999694824219,237.59251403808594,50.21023178100586,6.670000076293945,11.725061416625977,137.4752655029297,43.09024429321289,247.77438354492188,69.65103912353516,16.73729705810547,403.5299987792969,148.23483276367188,250.9096221923828,107.85823059082031,61.26995849609375,139.21299743652344,7.9784770011901855,220.17999267578125,58.50947570800781
2022-02-09,28.26568031311035,634.1263427734375,230.1513214111328,212.1509552001953,29.84000015258789,379.6460876464844,219.4097442626953,404.41326904296875,68.05240631103516,200.60385131835938,7096.03515625,705.5598754882812,71.17499542236328,152.50306701660156,245.30029296875,103.8267822265625,493.31768798828125,279.2308349609375,588.8585815429688,244.24000549316406,619.77001953125,531.8099975585938,75.88999938964844,241.50146484375,51.47932434082031,6.690000057220459,11.694636344909668,142.8751983642578,43.825504302978516,254.19390869140625,70.50897216796875,16.98978042602539,412.8900146484375,153.46954345703125,266.8687438964844,107.36119079589844,62.67331314086914,141.4530029296875,8.253597259521484,232.0,59.30977249145508
2022-02-10,28.169126510620117,618.1994018554688,223.98532104492188,209.4089813232422,30.09000015258789,372.6976623535156,217.3201446533203,393.64984130859375,65.25438690185547,201.23074340820312,7088.134765625,675.2308349609375,71.896240234375,145.69113159179688,238.05584716796875,102.64259338378906,482.04693603515625,279.7662048339844,579.3046875,235.88999938964844,618.219970703125,526.2000122070312,73.41000366210938,238.1183319091797,50.45832443237305,6.639999866485596,11.546314239501953,138.4859161376953,43.844852447509766,247.35296630859375,67.6590347290039,16.81824493408203,406.2699890136719,151.45391845703125,258.0647277832031,106.86414337158203,61.04104232788086,138.6024932861328,8.39590072631836,228.07000732421875,59.2609748840332
2022-02-11,28.188438415527344,609.3511352539062,222.5177001953125,207.17620849609375,29.56999969482422,368.0985107421875,214.37567138671875,384.92193603515625,62.05097961425781,198.77142333984375,6949.8876953125,659.3251342773438,73.45257568359375,143.61024475097656,232.5488739013672,100.79291534423828,473.5394287109375,273.8871765136719,565.3381958007812,233.88999938964844,638.4099731445312,515.0499877929688,72.83000183105469,235.69757080078125,49.42778396606445,6.630000114440918,11.483562469482422,131.27279663085938,43.69973373413086,239.52210998535156,67.09693908691406,16.770061492919922,391.30999755859375,147.41293334960938,239.3274688720703,104.3789291381836,59.91636276245117,134.1300048828125,8.225136756896973,219.5500030517578,58.080047607421875
2022-02-14,27.778091430664062,605.8118896484375,222.55709838867188,204.24818420410156,29.420000076293945,372.46868896484375,211.47869873046875,378.02099609375,59.88572311401367,188.606201171875,6787.94091796875,657.2239379882812,73.15839385986328,142.65814208984375,229.98681640625,100.1274185180664,469.84521484375,270.337890625,560.2467651367188,231.22999572753906,623.530029296875,505.5299987792969,70.83999633789062,233.56451416015625,48.31136703491211,6.650000095367432,11.388484001159668,130.64859008789062,42.26791000366211,238.64004516601562,66.8799819946289,16.575397491455078,396.57000732421875,148.89039611816406,242.50531005859375,102.88780212402344,59.85664749145508,135.3000030517578,8.320006370544434,217.6999969482422,57.19190979003906
2022-02-15,27.927745819091797,620.8539428710938,224.67481994628906,203.76625061035156,30.510000228881836,379.81536865234375,214.66062927246094,382.6480712890625,61.793922424316406,191.40309143066406,6843.23974609375,661.1513671875,75.93896484375,142.9329833984375,229.1033477783203,101.69329071044922,473.638427734375,262.3471374511719,555.7343139648438,233.41000366210938,630.1500244140625,510.8699951171875,74.93000030517578,240.47958374023438,49.99076461791992,6.829999923706055,11.481660842895508,138.5552520751953,42.616188049316406,242.8936004638672,68.14224243164062,16.88184928894043,407.4599914550781,152.177978515625,264.77020263671875,106.86414337158203,60.782264709472656,136.42550659179688,8.11129379272461,221.0,58.382598876953125
2022-02-16,25.938770294189453,621.9353637695312,223.60118103027344,204.3858642578125,29.3799991607666,381.19903564453125,214.1857147216797,383.8197326660156,61.497310638427734,189.0305633544922,6797.81591796875,661.3477172851562,77.43838500976562,141.7158660888672,228.0628204345703,100.94950103759766,475.44097900390625,267.3041687011719,549.4249267578125,235.77000427246094,630.9000244140625,508.010009765625,73.7699966430664,250.00392150878906,48.87434768676758,7.090000152587891,11.40179443359375,139.66497802734375,42.73228454589844,240.45318603515625,69.0790786743164,16.864501953125,398.0799865722656,153.64566040039062,264.9300537109375,105.87006378173828,60.7225456237793,137.4875030517578,8.225136756896973,216.5399932861328,58.841304779052734
2022-02-17,25.798768997192383,652.7077026367188,220.42953491210938,200.63865661621094,29.8700008392334,372.01080322265625,212.19107055664062,378.7955017089844,57.88507080078125,185.79002380371094,6669.443359375,679.0501708984375,77.98880767822266,140.6361541748047,224.47003173828125,99.53042602539062,465.8241882324219,259.6703186035156,539.6314086914062,232.77000427246094,626.719970703125,493.3500061035156,70.48999786376953,248.82330322265625,47.37147521972656,7.079999923706055,11.479759216308594,135.21624755859375,42.277584075927734,235.8173828125,67.04762268066406,16.45397186279297,386.6700134277344,149.11541748046875,244.90370178222656,102.88780212402344,60.344337463378906,132.30850219726562,8.253597259521484,207.7100067138672,57.83605194091797
2022-02-18,26.15118408203125,655.3621826171875,219.34605407714844,201.022216796875,29.860000610351562,368.2777404785156,205.6847686767578,375.9954528808594,58.60850524902344,184.3626708984375,6537.12109375,680.3560791015625,78.6246337890625,139.9196319580078,224.2442626953125,98.43433380126953,463.3184814453125,262.19842529296875,536.2371826171875,229.61000061035156,615.1300048828125,489.45001220703125,65.0,242.17611694335938,46.808494567871094,6.670000076293945,11.468350410461426,132.12489318847656,41.871253967285156,237.1503143310547,68.17182159423828,16.41542625427246,391.2900085449219,150.0547332763672,236.2595672607422,103.88188934326172,58.8215446472168,130.46749877929688,8.101807594299316,206.16000366210938,57.48470687866211
2022-02-21,25.32083511352539,640.8117065429688,,,,,192.482177734375,,,184.63270568847656,6410.72314453125,,,,,,,,,,,,,,43.73118591308594,,10.880765914916992,,41.542320251464844,,,15.621347427368164,,,,99.90554809570312,,,8.53820514678955,,
2022-02-22,25.480146408081055,632.2583618164062,211.36767578125,193.1147003173828,28.280000686645508,366.6252136230469,195.80657958984375,377.56427001953125,57.50848388671875,183.39820861816406,6438.37255859375,668.4071044921875,75.95794677734375,139.74295043945312,224.17555236816406,101.5073471069336,458.06939697265625,264.2308044433594,528.9993896484375,230.2100067138672,602.8900146484375,488.6400146484375,65.30000305175781,242.404296875,44.418209075927734,6.679999828338623,11.295307159423828,129.29598999023438,41.077945709228516,233.36720275878906,67.06735229492188,16.04344367980957,377.3800048828125,148.48922729492188,233.74127197265625,99.01087188720703,56.07455062866211,129.40249633789062,8.547691345214844,202.0800018310547,55.757240295410156
2022-02-23,25.596010208129883,635.60107421875,211.86016845703125,186.77098083496094,28.209999084472656,359.59716796875,195.42665100097656,370.73284912109375,57.46884536743164,189.01126098632812,6458.1220703125,661.8876953125,72.702880859375,138.16265869140625,223.27244567871094,100.83206176757812,455.2071533203125,266.1739807128906,527.6915893554688,230.69000244140625,608.97998046875,474.67999267578125,61.459999084472656,239.87437438964844,43.37335968017578,6.630000114440918,11.36756706237793,126.91374206542969,40.168540954589844,229.99571228027344,62.008453369140625,15.81601333618164,367.4599914550781,146.092041015625,223.71807861328125,100.40259552001953,55.55699920654297,127.58499908447266,8.320006370544434,198.4499969482422,55.415645599365234
2022-02-24,25.402904510498047,609.7444458007812,210.20541381835938,188.39378356933594,27.729999542236328,367.7103271484375,194.04940795898438,378.9841613769531,58.2319221496582,173.0208282470703,6302.1005859375,692.6781616210938,74.11688995361328,140.68524169921875,227.49346923828125,101.12566375732422,451.5129699707031,269.376220703125,539.2621459960938,230.25,609.780029296875,509.7699890136719,68.94000244140625,241.64036560058594,42.409610748291016,6.610000133514404,11.01197338104248,132.43258666992188,37.3145637512207,230.44654846191406,65.24298858642578,15.372716903686523,390.0299987792969,147.0704803466797,237.31883239746094,96.42625427246094,55.31813430786133,132.67349243164062,8.196676254272461,207.60000610351562,54.49822998046875
2022-02-25,25.97739028930664,627.834228515625,215.8887481689453,195.93740844726562,28.239999771118164,367.4216003417969,198.03866577148438,378.19976806640625,60.461700439453125,182.18301391601562,6394.923828125,702.7420043945312,76.50936126708984,145.71075439453125,229.36839294433594,103.58211517333984,471.1822509765625,274.25396728515625,548.9058837890625,230.3000030517578,618.6599731445312,522.4500122070312,70.73999786376953,251.2936553955078,43.91725540161133,6.75,11.297208786010742,134.715576171875,38.69801712036133,235.59197998046875,68.8346176147461,15.65025806427002,390.79998779296875,150.79835510253906,241.40606689453125,102.39076232910156,54.23326873779297,134.51950073242188,8.301032066345215,210.47999572753906,50.22347640991211
2022-02-28,26.53256607055664,626.3594970703125,217.7405242919922,196.47836303710938,28.049999237060547,359.1889953613281,191.67483520507812,373.0464172363281,59.5797004699707,176.37709045410156,6491.69677734375,696.8411865234375,75.76617431640625,143.1587371826172,222.70309448242188,102.75025177001953,471.30108642578125,268.93011474609375,543.0856323242188,230.02000427246094,618.3599853515625,532.3499755859375,75.91000366210938,248.33714294433594,42.63385009765625,6.670000076293945,11.436022758483887,133.2068328857422,39.28816604614258,231.59324645996094,71.18946838378906,15.274421691894531,394.5199890136719,150.96470642089844,243.6845245361328,99.40850830078125,53.536563873291016,134.89100646972656,8.244110107421875,211.02999877929688,49.73549270629883
2022-03-01,26.1560115814209,601.3877563476562,218.17393493652344,215.8143768310547,28.110000610351562,342.9228820800781,185.595947265625,387.8212890625,57.23100280761719,167.06057739257812,6292.22607421875,697.8917846679688,74.4513168334961,143.07040405273438,224.3522491455078,101.4486312866211,471.6774597167969,266.73907470703125,542.1572265625,230.69000244140625,607.030029296875,535.1400146484375,74.20999908447266,250.43051147460938,40.863800048828125,6.519999980926514,11.418909072875977,128.65078735351562,38.07884979248047,225.9381866455078,71.08061981201172,14.93713092803955,386.239990234375,143.2936553955078,234.61068725585938,98.01678466796875,54.312889099121094,134.16799926757812,8.234623908996582,203.49000549316406,48.68144607543945
2022-03-02,25.996700286865234,609.0562133789062,225.22640991210938,221.19427490234375,29.239999771118164,342.53460693359375,189.11032104492188,396.3009338378906,59.58961486816406,170.66758728027344,6290.25048828125,696.5761108398438,75.74711608886719,144.91571044921875,226.7572479248047,104.11060333251953,480.71978759765625,268.11712646484375,555.5147094726562,234.11000061035156,616.8699951171875,539.969970703125,72.48999786376953,259.0718994140625,42.04701232910156,6.869999885559082,10.608841896057129,132.19436645507812,38.48517990112305,228.68240356445312,72.30752563476562,15.505705833435059,380.0299987792969,148.89039611816406,242.07687377929688,98.41442108154297,53.6958122253418,134.75149536132812,8.11129379272461,208.11000061035156,52.31205749511719
2022-03-03,26.25739288330078,594.1124877929688,222.88214111328125,220.15174865722656,28.68000030517578,339.4486083984375,186.5647735595703,397.6712341308594,57.2607307434082,166.70086669921875,6896.56396484375,707.7297973632812,75.78522491455078,146.81991577148438,230.9193878173828,105.35350799560547,481.91815185546875,268.1270446777344,553.3583374023438,235.69000244140625,611.1500244140625,538.52001953125,69.16999816894531,262.02838134765625,41.51266098022461,6.829999923706055,10.500452041625977,129.67315673828125,38.252994537353516,227.24168395996094,70.94210052490234,15.226237297058105,368.07000732421875,151.6300506591797,237.01943969726562,98.41442108154297,51.95405578613281,134.30799865722656,8.063859939575195,202.97000122070312,51.326324462890625
2022-03-04,26.474634170532227,549.182861328125,220.70533752441406,220.407470703125,26.889999389648438,329.264892578125,179.7260284423828,404.6714172363281,55.387718200683594,154.72177124023438,7163.18310546875,710.8851928710938,75.25166320800781,148.05665588378906,233.90354919433594,105.99942779541016,493.86236572265625,266.82830810546875,546.4000854492188,238.66000366210938,620.4099731445312,535.7100219726562,66.77999877929688,263.3181457519531,38.84088897705078,6.389999866485596,10.030765533447266,124.80943298339844,35.369991302490234,223.87998962402344,68.70600128173828,14.790650367736816,361.7300109863281,146.55189514160156,229.243408203125,96.02861785888672,50.152584075927734,132.1219940185547,7.532593727111816,200.05999755859375,50.711463928222656
2022-03-07,26.7111873626709,532.8627319335938,218.92250061035156,207.56263732910156,25.549999237060547,311.50555419921875,171.72850036621094,382.9161682128906,50.700225830078125,149.6104278564453,7279.7060546875,693.2837524414062,73.18409729003906,146.1622772216797,227.75852966308594,104.36505126953125,482.1955261230469,264.4588317871094,533.8511962890625,235.5399932861328,618.5900268554688,517.280029296875,63.70000076293945,257.7721862792969,37.18534469604492,6.28000020980835,9.61622428894043,118.33768463134766,34.8765869140625,217.08802795410156,62.73973083496094,14.549728393554688,350.260009765625,142.64788818359375,213.4114532470703,96.02861785888672,48.61983871459961,126.4645004272461,7.304908275604248,187.47000122070312,48.1446647644043
2022-03-08,25.789112091064453,526.1773681640625,219.90750122070312,205.36940002441406,25.270000457763672,312.90911865234375,182.6324920654297,385.38861083984375,51.80025100708008,,6894.5888671875,671.93505859375,74.37509155273438,144.2777099609375,223.7829132080078,101.86945343017578,468.9142150878906,257.58837890625,523.1192626953125,238.7100067138672,614.739990234375,507.7799987792969,63.54999923706055,255.99630737304688,38.49260330200195,6.329999923706055,9.629534721374512,123.231201171875,33.90913772583008,214.41241455078125,60.93897247314453,14.985315322875977,341.760009765625,143.04904174804688,215.03062438964844,94.8357162475586,48.47054672241211,127.27850341796875,7.257473945617676,190.2899932861328,49.032798767089844
2022-03-09,27.08291244506836,571.0086059570312,222.4881591796875,212.44091796875,25.3700008392334,326.6467590332031,192.19725036621094,388.7447204589844,54.475982666015625,159.65550231933594,7180.9580078125,694.3980102539062,75.33741760253906,147.70330810546875,228.8284912109375,101.3703384399414,480.907958984375,263.34844970703125,540.78955078125,239.24000549316406,623.4299926757812,529.9199829101562,66.2699966430664,262.27642822265625,42.97736358642578,6.46999979019165,10.211413383483887,127.66812133789062,36.37613296508789,222.47848510742188,63.55107116699219,15.503777503967285,358.7900085449219,145.9061279296875,230.0229949951172,99.90554809570312,50.510887145996094,133.86599731445312,7.181578636169434,198.5,50.73098373413086
2022-03-10,26.629117965698242,542.4974975585938,220.8038330078125,211.24102783203125,25.079999923706055,323.1227722167969,189.03433227539062,380.0466003417969,52.96964645385742,155.68878173828125,7224.4072265625,696.6461791992188,75.21354675292969,148.292236328125,228.52418518066406,102.23155975341797,486.72161865234375,263.9333801269531,537.3452758789062,241.92999267578125,630.3599853515625,524.4400024414062,60.2400016784668,264.9948425292969,40.7302131652832,6.320000171661377,9.844411849975586,124.04513549804688,35.5218620300293,223.0665283203125,64.77796173095703,15.345733642578125,356.7699890136719,145.79791259765625,226.46482849121094,97.42033386230469,46.98756408691406,132.6820068359375,7.314394950866699,195.2100067138672,50.72122573852539
2022-03-11,26.46497917175293,547.7081909179688,218.87326049804688,203.55970764160156,23.989999771118164,323.3218688964844,192.71963500976562,376.998291015625,51.820072174072266,158.96478271484375,7346.85498046875,683.896240234375,75.327880859375,145.10220336914062,230.52671813964844,101.60520935058594,479.64910888671875,263.20965576171875,528.91943359375,236.47999572753906,642.5800170898438,498.0799865722656,54.61000061035156,264.8956298828125,40.94013595581055,6.550000190734863,9.722711563110352,122.7249755859375,37.37941360473633,215.01026916503906,65.6486587524414,15.436320304870605,340.32000732421875,144.5386505126953,220.8876495361328,98.81205749511719,44.549110412597656,130.47549438476562,7.428237438201904,187.61000061035156,50.76026153564453
2022-03-14,27.058774948120117,555.0817260742188,223.1086883544922,205.32020568847656,23.8799991607666,327.10467529296875,199.08348083496094,374.33721923828125,50.39300537109375,167.746826171875,7621.37451171875,674.0846557617188,74.92770385742188,146.41748046875,230.61505126953125,101.01800537109375,484.6654357910156,263.3782043457031,534.9793090820312,241.67999267578125,656.4099731445312,486.3299865722656,50.790000915527344,259.3694763183594,42.41915512084961,6.489999771118164,10.190497398376465,119.2409439086914,38.303218841552734,213.92239379882812,64.17440795898438,15.777464866638184,331.010009765625,146.05369567871094,213.19155883789062,99.90554809570312,40.567955017089844,126.74099731445312,7.07722282409668,186.6300048828125,49.520782470703125
2022-03-15,27.67188262939453,547.8065185546875,227.60023498535156,211.8016357421875,25.020000457763672,333.4857177734375,197.99118041992188,384.6538391113281,51.61195755004883,165.93121337890625,7568.05029296875,691.8736572265625,75.75663757324219,149.0382080078125,231.87156677246094,103.15150451660156,494.5887756347656,269.1977844238281,550.0223999023438,246.99000549316406,665.9299926757812,502.92999267578125,54.529998779296875,265.0643005371094,42.776981353759766,6.539999961853027,10.291279792785645,123.48927307128906,38.750221252441406,218.195556640625,67.7066650390625,15.950928688049316,343.75,147.83436584472656,229.6132049560547,101.39667510986328,39.23426818847656,129.66050720214844,7.001327991485596,192.02999877929688,50.828582763671875
2022-03-16,27.739469528198242,578.0872802734375,227.85630798339844,212.0376739501953,25.639999389648438,343.1219482421875,205.25735473632812,389.45965576171875,54.961578369140625,172.83843994140625,7805.0458984375,694.2599487304688,77.24299621582031,151.71783447265625,235.22874450683594,105.01097869873047,494.9364318847656,271.6663818359375,561.9190673828125,248.52000427246094,677.97998046875,520.1900024414062,60.72999954223633,264.8057861328125,44.437294006347656,6.789999961853027,10.308394432067871,129.5143585205078,39.69389343261719,220.1262969970703,69.31944274902344,16.093555450439453,357.5299987792969,150.85459899902344,244.83547973632812,102.88780212402344,52.352169036865234,133.6905059814453,7.153118133544922,203.6300048828125,50.72122573852539
2022-03-17,27.720157623291016,583.4945678710938,230.8605194091797,216.99464416503906,25.709999084472656,344.8739929199219,203.59515380859375,399.8160095214844,57.14181137084961,169.44403076171875,7712.22265625,709.8399658203125,78.31012725830078,154.55921936035156,240.6375274658203,107.39891815185547,503.63800048828125,271.9737243652344,571.608154296875,250.0,685.22998046875,527.0900268554688,63.939998626708984,265.42218017578125,44.52317428588867,6.849999904632568,10.22852897644043,131.01318359375,40.23030090332031,223.99761962890625,71.0212631225586,16.29207420349121,371.3999938964844,152.18270874023438,247.5341033935547,101.89372253417969,48.351112365722656,134.60049438476562,7.589515209197998,207.83999633789062,49.296302795410156
2022-03-18,27.247051239013672,594.30908203125,232.1311492919922,222.32533264160156,26.260000228881836,348.50750732421875,201.88546752929688,407.0445556640625,58.935543060302734,168.3191375732422,7860.3447265625,722.0674438476562,78.19579315185547,158.0122833251953,238.0754852294922,107.82953643798828,502.7440185546875,272.8659973144531,588.4293212890625,249.0800018310547,685.9400024414062,542.4600219726562,68.95999908447266,259.16864013671875,44.37050247192383,7.010000228881836,10.209512710571289,134.13987731933594,40.895835876464844,227.0554656982422,71.9315414428711,16.172574996948242,380.6000061035156,153.0583038330078,264.3955383300781,101.89372253417969,51.45641326904297,136.80149841308594,7.617975234985352,216.49000549316406,50.58458709716797
2022-03-21,27.218088150024414,585.657470703125,224.18234252929688,219.32557678222656,26.149999618530273,344.01788330078125,202.2178955078125,401.9011535644531,57.875160217285156,166.26670837402344,7812.9453125,707.7593994140625,77.16677856445312,156.78890991210938,237.2018280029297,106.43004608154297,504.27374267578125,274.2837219238281,588.6390380859375,250.25999450683594,693.2000122070312,539.5900268554688,66.69000244140625,260.0435485839844,43.936336517333984,6.630000114440918,10.17908763885498,133.2068328857422,40.339569091796875,229.53506469726562,68.6565170288086,16.041515350341797,374.5899963378906,152.09417724609375,267.2040710449219,100.40259552001953,47.78379440307617,136.47850036621094,7.6938700675964355,211.49000549316406,51.06281661987305
2022-03-22,27.18912124633789,586.640625,225.03924560546875,219.09938049316406,26.8700008392334,347.95001220703125,204.92491149902344,411.3538818359375,59.609432220458984,170.5689239501953,7814.9208984375,709.090576171875,76.76660919189453,156.54226684570312,235.26800537109375,106.64534759521484,501.9493713378906,275.0570373535156,586.701171875,251.8800048828125,692.6400146484375,552.4600219726562,69.87999725341797,258.840576171875,44.12717819213867,6.480000019073486,10.325508117675781,134.4773406982422,39.67402648925781,231.82846069335938,67.62751770019531,16.11090087890625,382.9200134277344,152.73362731933594,265.10516357421875,99.90554809570312,50.37154769897461,140.27749633789062,7.826687335968018,216.64999389648438,51.71671676635742
2022-03-23,27.184295654296875,571.0086059570312,217.60263061523438,213.1490478515625,26.6200008392334,340.63323974609375,202.17042541503906,402.84442138671875,58.449947357177734,167.746826171875,7743.82177734375,697.9676513671875,75.98530578613281,155.12156677246094,229.7021484375,103.89529418945312,499.873291015625,269.35638427734375,570.6692504882812,248.1300048828125,669.219970703125,536.0599975585938,69.22000122070312,259.0990295410156,42.82469177246094,6.360000133514404,9.941391944885254,130.44740295410156,38.58135223388672,230.55435180664062,66.64797973632812,15.997185707092285,374.489990234375,149.9593505859375,256.2096862792969,100.40259552001953,47.63450622558594,138.5034942626953,7.855147838592529,213.4600067138672,51.336082458496094
2022-03-24,27.50774383544922,567.4693603515625,215.87892150878906,213.46377563476562,27.1200008392334,347.7708435058594,202.93026733398438,404.79058837890625,58.71752166748047,166.10882568359375,7726.04736328125,701.7245483398438,76.89998626708984,153.79954528808594,231.164794921875,104.70259094238281,510.0350646972656,269.1085510253906,573.0465698242188,251.6999969482422,679.760009765625,540.3900146484375,69.38999938964844,259.089111328125,42.948734283447266,6.320000171661377,9.897655487060547,137.5643310546875,38.16415023803711,237.58154296875,64.81754302978516,16.25545310974121,375.7099914550781,150.7168731689453,281.35687255859375,98.01678466796875,45.992279052734375,141.31199645996094,8.016425132751465,219.57000732421875,52.224220275878906
2022-03-25,27.589813232421875,572.4833374023438,209.7227783203125,215.00790405273438,27.350000381469727,347.44232177734375,203.7376251220703,410.54962158203125,58.13282012939453,165.08261108398438,7729.99755859375,700.2553100585938,78.49116516113281,155.22024536132812,236.26927185058594,106.77989959716797,509.6079406738281,271.60687255859375,573.6458740234375,253.9499969482422,680.030029296875,538.9299926757812,66.70999908447266,258.5721130371094,42.49549102783203,6.130000114440918,10.013650894165039,136.045654296875,37.3992805480957,241.6488800048828,63.8281135559082,16.353748321533203,373.8500061035156,151.6809844970703,276.77923583984375,99.2096939086914,45.46477508544922,141.52149963378906,7.912069320678711,221.82000732421875,53.47346496582031
2022-03-28,27.715330123901367,574.4496459960938,210.56985473632812,215.90292358398438,25.579999923706055,348.9056701660156,205.20985412597656,411.57232666015625,58.05354690551758,158.35299682617188,7765.546875,720.7459716796875,77.27157592773438,158.1997528076172,240.529541015625,108.22712707519531,509.77679443359375,274.0457763671875,582.5358276367188,255.72000122070312,693.4000244140625,539.5399780273438,69.81999969482422,262.87701416015625,43.626224517822266,6.21999979019165,10.104926109313965,136.64122009277344,37.25027847290039,243.36402893066406,65.33203887939453,16.575397491455078,378.510009765625,151.7104949951172,282.04656982421875,99.40850830078125,47.19657516479492,141.9499969482422,8.025912284851074,223.58999633789062,52.995235443115234
2022-03-29,27.860158920288086,589.7866821289062,216.27291870117188,219.25672912597656,26.25,365.8885498046875,207.20448303222656,414.50152587890625,61.22478103637695,154.36654663085938,7769.49658203125,750.7820434570312,79.95846557617188,162.49139404296875,245.9481658935547,110.63917541503906,507.3232727050781,274.3729553222656,592.2050170898438,257.9800109863281,698.4299926757812,551.760009765625,76.16999816894531,262.1214294433594,43.91248321533203,6.510000228881836,10.285574913024902,140.39324951171875,37.95554733276367,247.31375122070312,67.31089782714844,16.648635864257812,391.82000732421875,154.97669982910156,286.414306640625,103.38484954833984,49.147342681884766,143.25,8.063859939575195,229.86000061035156,53.70769500732422
2022-03-30,28.144989013671875,576.5142822265625,206.34426879882812,218.30271911621094,25.700000762939453,360.60260009765625,205.16236877441406,415.9909362792969,58.776981353759766,149.4328155517578,7812.9453125,743.3174438476562,78.2953872680664,161.9389190673828,246.26229858398438,109.83187866210938,517.345947265625,266.6895446777344,594.4824829101562,256.5199890136719,692.3800048828125,548.6799926757812,73.06999969482422,253.48182678222656,42.50026321411133,6.420000076293945,10.194299697875977,134.79498291015625,36.59467315673828,248.11741638183594,65.27267456054688,16.542631149291992,381.4700012207031,152.9402618408203,276.75921630859375,99.90554809570312,48.102291107177734,142.64450073242188,8.044885635375977,227.85000610351562,53.0147590637207
2022-03-31,28.111196517944336,565.99462890625,199.1538848876953,208.72320556640625,24.920000076293945,355.7645568847656,206.15968322753906,407.2828674316406,57.94453048706055,146.33444213867188,7866.26953125,731.297119140625,77.63551330566406,159.3145751953125,246.60586547851562,109.23133087158203,506.5683288574219,261.3953552246094,589.987548828125,260.9700012207031,698.4199829101562,547.0599975585938,72.12999725341797,249.16697692871094,41.50788879394531,6.610000133514404,10.030765533447266,130.8245849609375,36.107933044433594,246.5095977783203,61.4633674621582,16.382659912109375,374.5899963378906,149.30020141601562,272.72125244140625,99.40850830078125,46.20128631591797,139.64950561523438,8.082833290100098,222.36000061035156,48.98399353027344
2022-04-01,27.961538314819336,565.6013793945312,199.3607177734375,207.0708770751953,25.020000457763672,362.3247375488281,207.4419403076172,404.9991455078125,59.24275588989258,145.09112548828125,7982.7919921875,752.3795166015625,77.65464782714844,163.57666015625,252.2306365966797,110.77700805664062,509.1708984375,260.90960693359375,591.6756591796875,266.1499938964844,694.8300170898438,553.4400024414062,73.7699966430664,249.2962188720703,40.777923583984375,6.659999847412109,9.945195198059082,126.46707916259766,35.98873519897461,245.60211181640625,61.067604064941406,16.612018585205078,373.4700012207031,149.34939575195312,266.98419189453125,98.01678466796875,48.90847396850586,140.6999969482422,8.177702903747559,224.85000610351562,47.62739181518555
2022-04-04,28.09671401977539,575.8260498046875,201.0548858642578,210.8771209716797,25.799999237060547,365.25146484375,206.96702575683594,411.3737487792969,59.40131378173828,144.36094665527344,8038.09130859375,753.8192138671875,75.83760833740234,161.583740234375,253.09445190429688,109.16241455078125,506.61798095703125,261.06817626953125,589.4780883789062,268.6400146484375,698.4099731445312,548.0800170898438,75.86000061035156,244.1661376953125,40.63002014160156,6.360000133514404,9.968963623046875,128.4820556640625,36.400970458984375,249.21231079101562,61.69093704223633,16.83366584777832,391.5,148.47381591796875,273.4609069824219,100.40259552001953,50.12272644042969,143.6425018310547,8.576151847839355,233.88999938964844,48.19346237182617
2022-04-05,28.116024017333984,574.7445678710938,201.79364013671875,211.2508544921875,24.420000076293945,361.677734375,205.5422821044922,408.9708557128906,56.96342468261719,145.05166625976562,8255.3369140625,751.7879028320312,74.09708404541016,164.0502166748047,258.09100341796875,108.78829956054688,514.306396484375,261.9803161621094,583.6246948242188,269.9599914550781,691.469970703125,545.0399780273438,71.22000122070312,242.19761657714844,39.51359939575195,6.110000133514404,9.80257797241211,120.80925750732422,35.62616729736328,248.2554931640625,60.869712829589844,16.903051376342773,380.1499938964844,144.23367309570312,259.17816162109375,99.23951721191406,48.39092254638672,141.06300354003906,,231.83999633789062,47.490760803222656
2022-04-06,28.632579803466797,547.7081909179688,197.63699340820312,212.3819122314453,23.920000076293945,351.95184326171875,204.30752563476562,407.9779052734375,55.794029235839844,141.44017028808594,8282.986328125,755.8997802734375,72.95903778076172,167.828857421875,263.686279296875,109.9894027709961,528.2030639648438,262.60491943359375,586.7510986328125,272.3900146484375,708.3599853515625,534.9199829101562,67.69999694824219,249.0277862548828,37.920082092285156,6.150000095367432,9.797823905944824,118.4468765258789,34.70235824584961,246.69700622558594,57.25829315185547,16.914613723754883,368.3500061035156,142.5120391845703,243.9459228515625,98.45418548583984,47.33591842651367,137.17599487304688,7.987964630126953,223.3000030517578,45.987762451171875
2022-04-07,29.042924880981445,539.1549072265625,199.5971221923828,224.43006896972656,23.06999969482422,348.4528503417969,204.1650390625,412.0588684082031,55.30843734741211,138.7167510986328,8328.41015625,748.6619262695312,70.96984100341797,166.56602478027344,260.849365234375,110.58995819091797,533.3683471679688,269.5546875,611.5233764648438,275.8299865722656,721.7999877929688,551.260009765625,68.79000091552734,253.1537322998047,38.783634185791016,6.090000152587891,9.707498550415039,121.49414825439453,34.543426513671875,247.94972229003906,56.902095794677734,16.98400115966797,362.1499938964844,143.5056610107422,241.95693969726562,98.25536346435547,46.74869918823242,136.46499633789062,7.8646345138549805,222.9499969482422,46.5440673828125
2022-04-08,29.511205673217773,542.0059814453125,203.5567626953125,229.49520874023438,24.43000030517578,351.1643371582031,206.064697265625,410.1722717285156,57.181453704833984,142.68348693847656,8397.5341796875,758.0791015625,71.48627471923828,166.388427734375,261.51690673828125,110.72779083251953,542.3182983398438,274.3729553222656,608.1770629882812,280.2799987792969,738.8400268554688,547.1199951171875,66.05999755859375,257.190185546875,38.83134460449219,6.110000133514404,9.902409553527832,119.07220458984375,35.86953353881836,247.78204345703125,57.456180572509766,17.100000381469727,355.8800048828125,142.8268585205078,231.07247924804688,99.80614471435547,46.50982666015625,134.010498046875,8.063859939575195,222.3300018310547,46.25127410888672
2022-04-11,29.752586364746094,526.2756958007812,201.51785278320312,225.5316162109375,24.780000686645508,346.2796936035156,208.20179748535156,402.7451171875,55.75438690185547,143.0189666748047,8304.7109375,741.1480712890625,72.17481994628906,163.50758361816406,258.47381591796875,109.7925033569336,533.8551025390625,270.08013916015625,585.0131225585938,281.0899963378906,722.3699951171875,514.47998046875,65.80999755859375,256.6831359863281,38.53554153442383,6.070000171661377,9.883394241333008,115.37974548339844,35.84469985961914,246.43067932128906,58.692970275878906,17.010000228881836,348.0,139.96401977539062,219.05857849121094,97.6589126586914,46.74869918823242,129.79649353027344,7.703358173370361,216.4600067138672,45.82184982299805
2022-04-12,28.709821701049805,522.834716796875,201.07460021972656,227.5281524658203,24.68000030517578,344.7146301269531,207.06201171875,394.50372314453125,55.001220703125,141.36122131347656,8067.71533203125,731.3267211914062,71.8018569946289,163.11294555664062,253.8058624267578,108.8670654296875,530.1499633789062,266.3524475097656,570.2996215820312,281.1499938964844,715.7899780273438,497.239990234375,66.7699966430664,259.3774719238281,38.354244232177734,6.059999942779541,9.66946792602539,113.71216583251953,35.665897369384766,244.4085693359375,59.78133773803711,16.9060001373291,344.1000061035156,138.5375518798828,214.9306640625,96.78412628173828,46.10176086425781,128.37449645996094,7.38080358505249,214.13999938964844,45.968238830566406
2022-04-13,27.734642028808594,517.4274291992188,202.4240264892578,229.96730041503906,26.0,354.02532958984375,206.53961181640625,393.5108337402344,55.98232650756836,142.3479766845703,8014.3916015625,741.463623046875,72.43304443359375,162.78738403320312,253.7861328125,108.74891662597656,533.4180297851562,266.6200866699219,576.153076171875,290.92999267578125,731.8900146484375,508.6099853515625,68.79000091552734,257.1404724121094,38.83134460449219,6.03000020980835,9.555373191833496,115.99515533447266,36.0334358215332,246.5194549560547,61.008235931396484,17.26799964904785,350.42999267578125,139.47213745117188,221.91712951660156,95.82980346679688,47.79375076293945,130.28599548339844,7.32388162612915,214.99000549316406,46.17319869995117
2022-04-14,27.435331344604492,524.8009643554688,198.25753784179688,233.29159545898438,24.8799991607666,356.6969299316406,207.6793975830078,384.8524169921875,54.75346755981445,143.92677307128906,8047.9658203125,725.0059204101562,71.46714782714844,160.51821899414062,252.1873779296875,107.33122253417969,531.2526245117188,266.72918701171875,568.261962890625,287.9700012207031,733.02001953125,496.7799987792969,65.18000030517578,259.4271545410156,39.22256851196289,6.059999942779541,9.636190414428711,112.52105712890625,36.217201232910156,243.4813690185547,60.048484802246094,17.224000930786133,341.1300048828125,137.6422882080078,212.471923828125,98.4343032836914,46.6292610168457,127.25299835205078,7.35234260559082,210.17999267578125,45.81208801269531
2022-04-18,,,195.53900146484375,235.44549560546875,24.15999984741211,355.68011474609375,,387.8014221191406,54.059757232666016,,,720.4896850585938,70.29084777832031,160.814208984375,250.5787811279297,106.40579223632812,530.5175170898438,264.8256530761719,571.48828125,282.989990234375,723.2000122070312,486.80999755859375,62.0099983215332,258.40313720703125,,6.010000228881836,,114.01988983154297,,242.65280151367188,60.473941802978516,,337.8599853515625,138.380126953125,217.71926879882812,,46.16147994995117,127.96099853515625,,210.77000427246094,46.300071716308594
2022-04-19,27.99593734741211,520.9667358398438,200.80029296875,241.99578857421875,24.489999771118164,362.7279052734375,208.10682678222656,392.5575866699219,55.9228630065918,143.76889038085938,7860.3447265625,743.7217407226562,71.5053939819336,167.28622436523438,255.375,108.51264190673828,534.1134033203125,268.8111267089844,573.5060424804688,282.5199890136719,716.219970703125,500.8500061035156,64.62000274658203,260.44122314453125,39.79509353637695,6.019999980926514,9.688483238220215,116.19367218017578,36.25196838378906,246.17422485351562,62.126285552978516,17.101999282836914,348.6099853515625,143.4073028564453,221.8671417236328,97.42033386230469,46.350582122802734,130.531005859375,7.276447772979736,217.30999755859375,47.164947509765625
2022-04-20,27.877912521362305,532.7644653320312,206.43743896484375,245.21189880371094,23.010000228881836,364.14349365234375,209.19912719726562,394.4441833496094,57.40938186645508,146.90675354003906,7996.6171875,757.4774780273438,72.31827545166016,170.35452270507812,264.07928466796875,111.24958038330078,542.367919921875,275.4833068847656,590.4869995117188,285.29998779296875,719.6199951171875,513.3900146484375,61.689998626708984,273.564697265625,39.981163024902344,6.110000133514404,9.693236351013184,117.01753234863281,38.3677864074707,245.3555145263672,65.79707336425781,17.239999771118164,226.19000244140625,146.9587860107422,214.71080017089844,96.5256576538086,44.6386833190918,128.24549865722656,7.494646072387695,200.4199981689453,48.1575813293457
2022-04-21,27.70579719543457,543.7755737304688,202.7683563232422,244.0808563232422,21.450000762939453,363.2961120605469,209.9114990234375,388.0695495605469,53.385868072509766,148.07110595703125,7909.71875,747.0842895507812,71.9739990234375,168.4898681640625,263.25030517578125,111.33818054199219,533.8551025390625,273.9267883300781,579.7789916992188,281.7099914550781,706.1099853515625,492.5199890136719,59.04999923706055,267.87786865234375,40.46303176879883,6.0,9.664713859558105,114.83381652832031,38.94392395019531,247.7228546142578,64.223876953125,17.29400062561035,218.22000122070312,147.51954650878906,201.72738647460938,97.73844146728516,42.38933563232422,124.9375,7.38080358505249,188.07000732421875,47.381160736083984
2022-04-22,27.5877742767334,520.278564453125,194.8862762451172,237.69776916503906,20.56999969482422,350.0777282714844,208.77171325683594,376.9784240722656,51.30474090576172,144.75563049316406,7915.6435546875,735.0343017578125,70.37691497802734,166.4673614501953,258.4639587402344,106.13013458251953,517.4651489257812,266.2135925292969,560.6505126953125,270.4200134277344,688.0800170898438,473.6400146484375,58.25,209.41876220703125,40.04795837402344,6.110000133514404,9.693236351013184,111.96520233154297,38.119449615478516,239.6147003173828,63.05635452270508,17.148000717163086,215.52000427246094,143.67291259765625,195.05078125,95.66081237792969,42.45900344848633,119.61399841308594,7.35234260559082,184.11000061035156,46.0641975402832
2022-04-25,27.641868591308594,497.6662902832031,198.16964721679688,237.67811584472656,21.5,353.4870300292969,204.070068359375,378.5273742675781,52.52368927001953,142.26902770996094,7966.99267578125,742.04541015625,71.82098388671875,165.48077392578125,256.1151428222656,107.78410339355469,520.77294921875,261.8315734863281,543.5496215820312,271.67999267578125,690.3300170898438,472.2699890136719,60.560001373291016,209.2795867919922,39.981163024902344,5.900000095367432,9.854869842529297,113.62284088134766,37.3198127746582,239.45687866210938,64.45145416259766,17.29800033569336,209.91000366210938,144.6862335205078,198.9188232421875,95.66081237792969,42.24003982543945,123.25,7.06773567199707,186.99000549316406,46.45732498168945
2022-04-26,27.789396286010742,498.8460388183594,197.38836669921875,232.60313415527344,19.829999923706055,343.0299072265625,201.36306762695312,372.8478088378906,50.4227409362793,141.08494567871094,7982.7919921875,728.98974609375,71.8114242553711,163.408935546875,251.47683715820312,105.12592315673828,510.35296630859375,247.96176147460938,515.8607177734375,267.69000244140625,674.8200073242188,455.55999755859375,57.77000045776367,213.69383239746094,38.359012603759766,5.800000190734863,9.536357879638672,108.11390686035156,37.27511215209961,232.4239044189453,62.73973083496094,17.04800033569336,198.39999389648438,141.4495391845703,187.7845001220703,94.3287353515625,41.403995513916016,119.50599670410156,6.773641586303711,180.9499969482422,45.71038818359375
2022-04-27,28.0008544921875,498.6494445800781,197.36859130859375,227.16424560546875,18.829999923706055,360.4351501464844,201.83798217773438,377.9515075683594,51.21554946899414,140.0389862060547,7860.3447265625,707.9072875976562,68.64594268798828,165.42156982421875,249.5326690673828,104.9782485961914,510.3826904296875,250.86659240722656,519.896240234375,267.25,673.510009765625,447.17999267578125,55.9900016784668,210.9995574951172,38.82657241821289,5.75,9.441279411315918,108.00472259521484,37.453914642333984,235.00823974609375,63.026668548583984,17.45400047302246,188.5399932861328,143.3482666015625,184.05638122558594,95.8397445678711,42.42914581298828,115.02050018310547,6.830563545227051,174.9499969482422,45.74970245361328
2022-04-28,27.78447914123535,497.371337890625,202.8771514892578,232.4949493408203,18.350000381469727,377.6409606933594,205.1148681640625,383.8197326660156,52.10746765136719,144.36094665527344,7842.412109375,745.9207153320312,69.71305084228516,170.68995666503906,248.8714599609375,105.49019622802734,520.9219360351562,238.59292602539062,558.26318359375,268.6400146484375,675.5800170898438,448.3500061035156,33.5099983215332,217.670654296875,39.24642562866211,5.789999961853027,9.636190414428711,113.78165435791016,37.37941360473633,237.20790100097656,65.83665466308594,17.66200065612793,199.52000427246094,145.4831085205078,197.71945190429688,93.98080444335938,43.056175231933594,119.4114990234375,6.982353687286377,205.72999572753906,47.29270935058594
2022-04-29,27.627117156982422,504.4499206542969,195.5488739013672,224.88247680664062,18.149999618530273,362.23944091796875,203.26271057128906,373.84075927734375,50.51192855834961,146.2357635498047,7886.2470703125,709.07080078125,66.48578643798828,158.14051818847656,237.85789489746094,102.74341583251953,505.1578063964844,238.2161865234375,552.2998046875,273.2200012207031,659.1099853515625,430.4800109863281,33.7599983215332,213.3061065673828,38.836116790771484,5.690000057220459,9.412755966186523,109.5333251953125,37.925750732421875,230.8851318359375,63.83800506591797,17.299999237060547,190.36000061035156,142.66946411132812,185.37571716308594,94.30885314941406,46.84822463989258,114.96649932861328,7.285933971405029,200.47000122070312,46.2017936706543
2022-05-02,27.671375274658203,495.70001220703125,200.89920043945312,225.99386596679688,19.25,357.9130859375,204.7349395751953,364.7255859375,52.46422576904297,,,692.6132202148438,65.89026641845703,151.07655334472656,233.8412628173828,101.54231262207031,497.8071594238281,240.92274475097656,544.9081420898438,261.9599914550781,652.02001953125,432.4599914550781,37.13999938964844,209.5977325439453,38.626190185546875,5.760000228881836,9.386134147644043,112.13394165039062,,232.19700622558594,65.3617172241211,17.260000228881836,199.4600067138672,144.12547302246094,195.23069763183594,94.53749084472656,47.017425537109375,117.15699768066406,,211.1300048828125,46.68336868286133
2022-05-03,28.050031661987305,490.29998779296875,199.40586853027344,228.7083740234375,19.270000457763672,356.6669921875,206.53961181640625,357.08990478515625,53.80209732055664,148.99864196777344,7762.712890625,711.2796630859375,67.70560455322266,150.31687927246094,237.84800720214844,101.51277923583984,496.2873840332031,243.20298767089844,545.7072143554688,269.1099853515625,660.489990234375,435.9599914550781,38.31999969482422,215.04595947265625,38.5212287902832,5.900000095367432,9.342398643493652,112.95780181884766,38.109519958496094,235.84669494628906,71.18946838378906,17.312000274658203,199.8699951171875,144.20416259765625,195.9203643798828,93.62293243408203,47.913185119628906,118.12950134277344,7.191065311431885,212.02999877929688,47.02735137939453
2022-05-04,27.528764724731445,480.8500061035156,204.87486267089844,233.51780700683594,19.65999984741211,367.3633117675781,204.4499969482422,361.74676513671875,56.834590911865234,148.56448364257812,7463.84033203125,721.9490356445312,68.28191375732422,150.23794555664062,242.41726684570312,104.19064331054688,504.2340087890625,251.5209197998047,562.3485717773438,273.70001220703125,660.8599853515625,411.30999755859375,39.459999084472656,223.49667358398438,39.5469970703125,5.989999771118164,9.450786590576172,117.93071746826172,37.56317901611328,244.12252807617188,77.07657623291016,17.6200008392334,204.00999450683594,147.49986267089844,203.2366180419922,92.22126770019531,47.67431640625,122.57499694824219,7.219526290893555,223.41000366210938,47.970848083496094
2022-05-05,27.44024658203125,470.8999938964844,193.75885009765625,226.95770263671875,18.8799991607666,352.2608947753906,200.39999389648438,344.4497985839844,54.86247634887695,147.83428955078125,7429.96826171875,703.4600830078125,66.61064147949219,143.0358428955078,238.3118438720703,102.93047332763672,491.4200439453125,249.78594970703125,549.8925170898438,266.3699951171875,639.3699951171875,385.1099853515625,35.599998474121094,222.8902130126953,38.15386199951172,5.769999980926514,9.268237113952637,112.63024139404297,37.111209869384766,232.7691192626953,76.6906967163086,17.600000381469727,188.32000732421875,145.97499084472656,188.34420776367188,93.80186462402344,44.78797912597656,116.74649810791016,7.285933971405029,208.27999877929688,46.44749450683594
2022-05-06,26.95832061767578,457.8999938964844,190.16888427734375,221.49917602539062,17.75,346.030517578125,196.47999572753906,343.31787109375,53.06874465942383,146.669921875,7268.5771484375,703.5093383789062,66.07276916503906,138.99082946777344,240.8678741455078,101.8475112915039,496.2873840332031,249.3299102783203,546.0668334960938,253.92999267578125,623.0499877929688,366.6400146484375,33.45000076293945,226.0319061279297,37.505001068115234,5.570000171661377,9.209288597106934,111.66741180419922,36.743675231933594,232.61131286621094,73.30683898925781,17.25200080871582,180.97000122070312,144.9026641845703,186.65505981445312,89.0600814819336,43.22537612915039,115.66000366210938,7.437724590301514,203.77000427246094,44.796382904052734
2022-05-09,27.20420265197754,442.45001220703125,193.90721130371094,220.50579833984375,17.100000381469727,326.96051025390625,192.77999877929688,326.4478759765625,49.41190719604492,144.04518127441406,7023.501953125,645.0841064453125,63.19125747680664,130.59494018554688,228.0581512451172,98.03746032714844,483.1754455566406,239.18775939941406,516.8096923828125,235.02000427246094,599.77001953125,345.0199890136719,30.520000457763672,222.8007354736328,36.5,5.389999866485596,9.315776824951172,104.96737670898438,36.0334358215332,230.0466766357422,73.12874603271484,17.163999557495117,173.10000610351562,145.5618133544922,169.41383361816406,92.51950073242188,41.622962951660156,113.08399963378906,,196.2100067138672,44.413082122802734
2022-05-10,27.228790283203125,442.8999938964844,190.01065063476562,215.49966430664062,17.350000381469727,324.3088684082031,194.97999572753906,325.6733703613281,50.700225830078125,141.73619079589844,7224.74267578125,621.2800903320312,61.03014373779297,123.72827911376953,221.80133056640625,98.75614166259766,484.75482177734375,238.57308959960938,525.6397094726562,240.16000366210938,615.0900268554688,340.17999267578125,29.770000457763672,223.1884765625,37.625,5.460000038146973,9.397542953491211,106.38679504394531,35.591400146484375,227.54124450683594,72.4955062866211,17.275999069213867,177.66000366210938,138.6949462890625,175.8605499267578,91.12777709960938,42.74763870239258,114.58450317382812,7.655922889709473,197.64999389648438,44.71775436401367
2022-05-11,25.81743621826172,459.6000061035156,185.69874572753906,209.9722900390625,16.6200008392334,324.84716796875,204.0,323.5087890625,49.699302673339844,145.34768676757812,7192.86279296875,615.48193359375,60.636329650878906,122.0806655883789,221.771728515625,99.09088897705078,482.9072265625,236.5406951904297,519.416748046875,234.9600067138672,613.0499877929688,333.8999938964844,28.68000030517578,208.31520080566406,37.689998626708984,5.329999923706055,9.65995979309082,103.15091705322266,36.52513885498047,229.72117614746094,68.07928466796875,17.305999755859375,166.3699951171875,138.52769470214844,166.2154541015625,90.9687271118164,42.95664978027344,113.96099853515625,7.807713031768799,188.74000549316406,43.6464958190918
2022-05-12,26.37804412841797,449.0,189.58538818359375,213.69000244140625,17.110000610351562,320.2317199707031,198.0,327.3315734863281,47.865928649902344,144.00572204589844,7192.86279296875,621.1124877929688,61.308685302734375,122.26811981201172,222.54148864746094,99.54375457763672,475.6062316894531,242.53875732421875,525.210205078125,240.85000610351562,633.9600219726562,347.95001220703125,30.690000534057617,212.56045532226562,37.75,5.25,9.4660005569458,105.96990203857422,36.460575103759766,228.26132202148438,68.03958892822266,17.82200050354004,174.30999755859375,140.25929260253906,161.66778564453125,91.29676818847656,43.85240936279297,113.16100311279297,7.5705413818359375,191.24000549316406,42.988014221191406
2022-05-13,26.41738510131836,460.1000061035156,191.86001586914062,216.10946655273438,18.100000381469727,331.7554016113281,200.5,334.4707946777344,51.27107620239258,148.36712646484375,7192.86279296875,650.615966796875,61.894588470458984,126.62885284423828,229.60757446289062,101.07959747314453,482.1622009277344,242.51889038085938,540.812744140625,246.72000122070312,645.52001953125,362.17999267578125,33.59000015258789,213.6739501953125,38.8650016784668,5.400000095367432,9.850000381469727,111.03215026855469,37.22047805786133,230.53001403808594,68.35716247558594,18.260000228881836,187.63999938964844,139.8437042236328,176.96998596191406,92.93701171875,45.723548889160156,116.5155029296875,7.5800275802612305,198.6199951171875,44.31480026245117
2022-05-16,26.845216751098633,460.75,192.58197021484375,215.63735961914062,17.209999084472656,328.695068359375,199.32000732421875,332.9913330078125,50.64472579956055,149.68936157226562,7119.14111328125,637.4221801757812,61.03974533081055,123.57041931152344,227.19956970214844,102.2019271850586,485.9567565917969,240.29815673828125,538.7750244140625,254.1699981689453,655.010009765625,360.20001220703125,31.729999542236328,210.41297912597656,38.720001220703125,5.380000114440918,9.9399995803833,109.6623764038086,36.674137115478516,229.75076293945312,67.49376678466797,18.167999267578125,186.50999450683594,137.51841735839844,172.55224609375,92.06221771240234,44.92731857299805,114.7925033569336,7.523106575012207,200.0399932861328,44.25583267211914
2022-05-17,26.146915435791016,470.3500061035156,191.8896942138672,212.6055145263672,18.360000610351562,337.7964172363281,203.0500030517578,336.8836669921875,52.77232360839844,153.7942352294922,7296.47216796875,640.8802490234375,62.78786087036133,124.21170043945312,229.94309997558594,104.61398315429688,489.24468994140625,245.6220245361328,553.9779052734375,261.8399963378906,667.5599975585938,366.3599853515625,32.849998474121094,214.71786499023438,39.69499969482422,5.570000171661377,9.913999557495117,115.97528839111328,37.69728088378906,236.3201446533203,70.70917510986328,18.06800079345703,190.55999755859375,141.87216186523438,181.67759704589844,92.08209991455078,46.54964065551758,116.70149993896484,7.817200660705566,202.6199951171875,45.80867385864258
2022-05-18,25.71416664123535,463.29998779296875,181.79232788085938,159.60226440429688,17.459999084472656,334.845703125,200.0,327.7882995605469,50.46577072143555,153.14297485351562,7198.84033203125,631.5961303710938,59.9639892578125,117.9271240234375,227.6042022705078,101.96565246582031,468.2357482910156,241.06813049316406,541.5618286132812,252.35000610351562,659.2000122070312,357.3299865722656,30.8700008392334,205.6010284423828,38.314998626708984,5.400000095367432,10.03499984741211,110.51599884033203,37.16584396362305,231.27969360351562,66.46166229248047,17.84000015258789,177.19000244140625,135.08428955078125,169.2938995361328,89.46765899658203,43.304996490478516,112.4010009765625,7.845661640167236,192.24000549316406,42.56540298461914
2022-05-19,24.666717529296875,454.1000061035156,185.78775024414062,151.5238800048828,17.5,331.1772766113281,196.27999877929688,329.7245788574219,50.16750717163086,151.24842834472656,7139.06591796875,629.2677612304688,58.55205154418945,118.11457824707031,230.1898193359375,101.15835571289062,475.3578796386719,245.0254364013672,550.1222534179688,255.4499969482422,657.1500244140625,364.8299865722656,32.90999984741211,201.9523162841797,37.595001220703125,5.389999866485596,10.0,109.92044830322266,36.72380828857422,231.0330810546875,65.17152404785156,18.172000885009766,183.47999572753906,134.64891052246094,171.1529541015625,87.98999786376953,44.869998931884766,110.74549865722656,7.437724590301514,191.2899932861328,40.39339828491211
2022-05-20,24.54377555847168,450.3500061035156,182.65272521972656,153.42991638183594,17.739999771118164,335.12481689453125,195.33999633789062,340.0014953613281,51.4599723815918,150.6958465576172,7242.6748046875,645.8145751953125,58.15824890136719,118.11457824707031,241.07510375976562,100.94175720214844,482.49005126953125,247.13336181640625,554.52734375,258.5899963378906,661.1400146484375,372.2300109863281,32.7400016784668,203.59275817871094,37.45000076293945,5.340000152587891,10.045000076293945,105.67212677001953,36.94234085083008,234.3572235107422,63.41496658325195,18.25200080871582,186.35000610351562,132.7293243408203,166.8551483154297,88.47000122070312,44.25,109.31300354003906,7.599002361297607,193.5399932861328,39.3614501953125
2022-05-23,24.878173828125,455.0,184.1955108642578,151.98805236816406,18.290000915527344,347.33636474609375,198.82000732421875,348.0442199707031,51.64887237548828,155.64932250976562,7276.546875,657.447021484375,58.55205154418945,118.86438751220703,246.14767456054688,102.64496612548828,488.79766845703125,248.0779571533203,554.5872802734375,268.3500061035156,681.9099731445312,368.3299865722656,32.9900016784668,203.85122680664062,38.220001220703125,5.429999828338623,10.125,109.1164321899414,37.23537826538086,234.7123260498047,64.38751983642578,18.440000534057617,187.44000244140625,135.32176208496094,168.8940887451172,93.62999725341797,43.63999938964844,111.66649627685547,7.333369255065918,196.22999572753906,40.5113410949707
2022-05-24,24.647045135498047,446.8999938964844,182.58349609375,148.08712768554688,16.860000610351562,339.62066650390625,197.97999572753906,348.39178466796875,49.700233459472656,160.6225128173828,7278.53955078125,665.6510620117188,58.782569885253906,118.46975708007812,255.12826538085938,103.95436096191406,494.2411193847656,247.7299346923828,548.2044067382812,268.4800109863281,686.02001953125,362.1600036621094,30.8700008392334,203.57286071777344,37.32500076293945,5.420000076293945,9.850000381469727,105.80115509033203,36.88274383544922,233.5977020263672,63.07754898071289,18.631999969482422,180.33999633789062,132.42257690429688,161.45787048339844,91.30000305175781,42.040000915527344,105.9260025024414,6.991840362548828,181.27999877929688,40.17718505859375
2022-05-25,24.927349090576172,452.1000061035156,186.47015380859375,154.47674560546875,17.229999542236328,343.67791748046875,198.75999450683594,345.2044372558594,50.30669403076172,161.70794677734375,7298.46435546875,680.2361450195312,59.896751403808594,118.42041778564453,256.87506103515625,103.90513610839844,494.767578125,245.9899139404297,533.6707763671875,270.8399963378906,690.8800048828125,367.8599853515625,31.65999984741211,204.96475219726562,37.744998931884766,5.460000038146973,9.923999786376953,107.99021911621094,37.687347412109375,233.20314025878906,65.76697540283203,18.77199935913086,187.8300018310547,132.66995239257812,169.66371154785156,91.81999969482422,42.56999969482422,105.8395004272461,6.8210768699646,183.8300018310547,42.55557632446289
2022-05-26,25.06995964050293,467.70001220703125,193.37315368652344,161.17251586914062,17.979999542236328,348.79180908203125,197.89999389648438,350.8382263183594,54.12443923950195,165.4575653076172,7362.22412109375,663.857666015625,59.91596221923828,120.71917724609375,251.34852600097656,97.89962768554688,498.8799743652344,248.7242431640625,539.504150390625,269.6499938964844,683.4400024414062,384.9200134277344,33.45000076293945,210.5620880126953,38.09000015258789,5.800000190734863,9.902000427246094,114.49768829345703,38.104549407958984,239.1905517578125,69.08161926269531,18.850000381469727,191.39999389648438,134.84681701660156,178.4192352294922,91.37000274658203,44.029998779296875,108.2959976196289,6.896971702575684,191.6300048828125,43.17474365234375
2022-05-27,25.320758819580078,489.0,197.42791748046875,165.06356811523438,18.760000228881836,356.65704345703125,200.4499969482422,358.9704284667969,55.71516418457031,168.12179565429688,7529.59228515625,687.3206176757812,60.447845458984375,125.55347442626953,257.5362548828125,97.54520416259766,503.7273864746094,256.4002380371094,571.7080688476562,273.7300109863281,692.7999877929688,398.6099853515625,35.77000045776367,214.30030822753906,38.29499816894531,5.880000114440918,9.720000267028809,118.8857650756836,38.48698425292969,247.23951721191406,70.09387969970703,19.100000381469727,195.19000244140625,138.34959411621094,188.01437377929688,92.70999908447266,43.86000061035156,112.79900360107422,7.115170478820801,195.1300048828125,48.72761154174805
2022-05-30,25.301088333129883,505.29998779296875,,,,,199.83999633789062,,,168.95065307617188,7559.4794921875,,,,,,,,,,,,,,38.939998626708984,,9.62600040435791,,38.675724029541016,,,18.95599937438965,,,,96.33999633789062,,,7.200552463531494,,
2022-05-31,25.281417846679688,509.70001220703125,193.14569091796875,159.86891174316406,18.450000762939453,356.7467346191406,195.94000244140625,347.8620910644531,54.49229431152344,166.81927490234375,7374.1787109375,680.791015625,59.62733840942383,125.77051544189453,252.76963806152344,98.5986328125,493.46630859375,245.3137969970703,566.9334106445312,268.6499938964844,664.739990234375,391.6199951171875,34.09000015258789,209.18016052246094,38.619998931884766,5.789999961853027,9.5,116.70664978027344,38.3677864074707,242.8106231689453,68.5357894897461,19.11199951171875,197.44000244140625,137.14242553710938,186.62509155273438,93.63999938964844,45.540000915527344,114.03900146484375,7.342855453491211,193.63999938964844,49.0814208984375
2022-06-01,25.040454864501953,509.79998779296875,189.6051788330078,154.5755157470703,17.65999984741211,355.9393005371094,195.05999755859375,330.47296142578125,54.14432144165039,165.57598876953125,7117.1484375,672.775146484375,58.04422378540039,124.1722412109375,249.24647521972656,96.26534271240234,489.2645263671875,244.379150390625,555.5960693359375,269.4100036621094,658.9199829101562,369.6300048828125,32.619998931884766,205.7501678466797,37.70500183105469,5.710000038146973,9.529999732971191,113.8907241821289,37.7469482421875,240.19667053222656,68.29761505126953,19.15999984741211,192.91000366210938,136.27166748046875,183.1068572998047,93.37000274658203,45.310001373291016,114.13700103759766,7.238500118255615,188.63999938964844,49.79887008666992
2022-06-02,25.202735900878906,520.5,193.96653747558594,158.9109649658203,18.0,361.94036865234375,195.3000030517578,341.451904296875,56.02336502075195,,,688.2717895507812,58.053871154785156,127.80289459228516,258.9178771972656,96.97418975830078,488.9764709472656,247.3719940185547,569.4605102539062,270.04998779296875,630.7000122070312,386.3399963378906,36.029998779296875,209.95562744140625,37.81999969482422,5.920000076293945,9.494000434875488,116.74644470214844,,249.40960693359375,71.30461883544922,19.101999282836914,205.08999633789062,139.33908081054688,195.8203887939453,92.37999725341797,46.810001373291016,117.74600219726562,7.086709499359131,198.86000061035156,50.39838409423828
2022-06-03,25.197818756103516,521.0,193.2940216064453,159.03933715820312,17.5,356.6969299316406,195.60000610351562,334.37481689453125,54.99934005737305,,,672.2202758789062,56.509376525878906,125.86917877197266,263.2305908203125,94.0009765625,482.3708190917969,242.26129150390625,557.4739990234375,269.44000244140625,630.3499755859375,372.6300048828125,34.529998779296875,206.38645935058594,37.900001525878906,5.699999809265137,9.685999870300293,114.38823699951172,,248.83749389648438,71.4832534790039,19.11400032043457,198.97999572753906,138.8740234375,187.10482788085938,92.62999725341797,45.9900016784668,114.56400299072266,,190.77999877929688,50.142852783203125
2022-06-06,25.502710342407227,526.0999755859375,194.59947204589844,157.68637084960938,16.850000381469727,359.0096435546875,198.8800048828125,337.0722961425781,56.182437896728516,169.0887908935547,7300.45703125,686.0126342773438,56.23908233642578,126.15528869628906,263.852294921875,94.01081085205078,486.9103088378906,240.60081481933594,552.2598266601562,268.0,609.030029296875,372.2200012207031,34.61000061035156,203.63250732421875,38.66999816894531,5.71999979019165,9.649999618530273,114.42803192138672,38.635986328125,253.947021484375,73.63677978515625,19.20800018310547,197.13999938964844,139.87339782714844,187.76449584960938,91.77999877929688,46.70000076293945,117.010498046875,7.314394950866699,194.25,49.17970275878906
2022-06-07,25.276500701904297,525.0,193.49180603027344,154.04220581054688,17.170000076293945,362.87744140625,196.82000732421875,342.8653259277344,56.61989212036133,166.76007080078125,7099.21630859375,685.2100830078125,56.98237228393555,127.94100952148438,262.6581726074219,94.97563171386719,493.7841796875,244.0908203125,560.0311279296875,271.8599853515625,613.97998046875,376.7900085449219,34.81999969482422,206.31686401367188,38.255001068115234,6.269999980926514,9.640000343322754,115.0947036743164,38.31315231323242,257.2415466308594,72.55506134033203,19.11400032043457,198.61000061035156,143.88079833984375,189.1637725830078,96.44999694824219,47.83000183105469,117.22949981689453,7.38080358505249,195.64999389648438,50.2706184387207
2022-06-08,25.2224063873291,523.0,190.32711791992188,154.75326538085938,16.670000076293945,361.1927490234375,192.3000030517578,337.1220397949219,54.53206253051758,166.32591247558594,7071.3212890625,662.5299072265625,55.235164642333984,123.09685516357422,260.9903259277344,94.55229949951172,490.23797607421875,236.00714111328125,551.4407958984375,274.5400085449219,607.760009765625,371.9700012207031,35.439998626708984,204.53724670410156,36.98500061035156,6.380000114440918,9.600000381469727,111.90067291259766,37.56317901611328,248.9459991455078,69.93509674072266,18.579999923706055,202.8300018310547,142.96058654785156,186.42459106445312,94.68000030517578,51.45000076293945,117.23799896240234,7.38080358505249,196.63999938964844,49.464717864990234
2022-06-09,24.937185287475586,515.0,192.13693237304688,152.62998962402344,15.630000114440918,347.9045715332031,188.5399932861328,334.8724670410156,52.86179733276367,163.7209014892578,7083.2763671875,652.3837890625,51.77934646606445,120.5317153930664,256.7862548828125,91.75628662109375,486.1653137207031,228.4802703857422,539.2145385742188,259.70001220703125,575.47998046875,359.70001220703125,33.279998779296875,200.0931396484375,35.779998779296875,6.690000057220459,9.550000190734863,106.70663452148438,37.33470916748047,250.16909790039062,67.51361846923828,18.474000930786133,192.77000427246094,141.00140380859375,180.42637634277344,91.9000015258789,49.189998626708984,114.91799926757812,7.32388162612915,184.0,49.484371185302734
2022-06-10,24.98636245727539,510.3999938964844,184.27464294433594,147.8105926513672,14.859999656677246,333.6993103027344,183.89999389648438,331.2195129394531,50.75408935546875,157.68202209472656,7025.494140625,643.2186279296875,51.10362243652344,115.66783142089844,247.71681213378906,91.30341339111328,481.3973693847656,223.29005432128906,526.2890625,254.8800048828125,571.8099975585938,345.8900146484375,31.739999771118164,195.5794677734375,35.154998779296875,6.630000114440918,9.531999588012695,101.373291015625,35.040096282958984,244.82286071777344,64.19896697998047,18.100000381469727,182.94000244140625,135.58892822265625,169.6895751953125,90.16000366210938,49.45000076293945,111.42749786376953,7.35234260559082,175.57000732421875,48.3148307800293
2022-06-13,24.932268142700195,495.6000061035156,179.2605438232422,143.01097106933594,14.029999732971191,318.7364196777344,183.25999450683594,320.8676452636719,46.48895263671875,154.01132202148438,6840.193359375,610.6301879882812,47.31959915161133,106.9759750366211,236.880859375,88.77322387695312,466.5669860839844,215.23622131347656,511.3358459472656,245.38999938964844,549.2999877929688,336.20001220703125,28.6299991607666,184.69296264648438,34.39500045776367,6.360000133514404,9.26200008392334,95.8409423828125,33.78351593017578,239.38783264160156,60.05069351196289,17.760000228881836,169.69000244140625,131.45289611816406,156.42352294921875,85.5,46.720001220703125,106.87650299072266,7.115170478820801,164.25999450683594,46.43766784667969
2022-06-14,24.784740447998047,491.29998779296875,175.9771728515625,140.92718505859375,13.979999542236328,321.12890625,182.3000030517578,315.96044921875,46.82698059082031,1.5468230247497559,6712.67431640625,612.8397216796875,47.43544006347656,109.17607116699219,231.41355895996094,87.10940551757812,458.6699523925781,212.64108276367188,507.1780700683594,249.0800018310547,548.3499755859375,328.989990234375,29.270000457763672,178.24058532714844,34.66999816894531,6.28000020980835,9.079999923706055,96.13945007324219,33.77358627319336,235.9650421142578,60.06061935424805,17.802000045776367,167.5399932861328,129.14739990234375,158.31295776367188,88.23999786376953,47.849998474121094,107.19400024414062,7.181578636169434,163.72999572753906,46.53594970703125
2022-06-15,24.98636245727539,504.0,177.03536987304688,145.60830688476562,14.850000381469727,324.36871337890625,186.36000061035156,319.85235595703125,48.40776824951172,158.62928771972656,7061.35888671875,635.3712158203125,48.95098114013672,114.36309051513672,238.23287963867188,87.9659194946289,461.2327575683594,217.71202087402344,514.484130859375,253.50999450683594,561.1900024414062,333.94000244140625,30.959999084472656,181.20262145996094,35.57500076293945,6.360000133514404,9.119999885559082,96.93547058105469,33.98218536376953,236.03408813476562,59.33616256713867,18.17799949645996,180.11000061035156,129.63223266601562,165.2209014892578,88.0199966430664,48.689998626708984,110.3905029296875,6.915945529937744,169.35000610351562,47.08631896972656
2022-06-16,24.966690063476562,489.1499938964844,169.71701049804688,141.11483764648438,13.649999618530273,307.8108215332031,184.10000610351562,314.56695556640625,44.79880905151367,151.60365295410156,7226.73486328125,612.7604370117188,46.460472106933594,111.08393859863281,232.48480224609375,86.04613494873047,454.66339111328125,216.8966827392578,504.61944580078125,250.9600067138672,556.75,327.3699951171875,29.09000015258789,171.09979248046875,34.58000183105469,6.03000020980835,8.534000396728516,89.14441680908203,33.71895217895508,231.90110778808594,53.62980651855469,17.74799919128418,173.35000610351562,124.78377532958984,155.96365356445312,87.25,46.189998626708984,106.63600158691406,6.764155387878418,160.8699951171875,45.101051330566406
2022-06-17,24.602787017822266,481.8500061035156,170.56752014160156,137.56942749023438,14.220000267028809,309.7148132324219,183.3000030517578,318.4488830566406,44.918113708496094,153.8534393310547,7103.201171875,627.0086059570312,47.34855651855469,109.66297149658203,234.46038818359375,86.85343170166016,450.64599609375,224.93063354492188,500.6315612792969,263.0899963378906,580.9500122070312,328.04998779296875,30.670000076293945,172.6356658935547,35.275001525878906,6.010000228881836,8.784000396728516,89.38322448730469,33.76365280151367,232.75927734375,53.758819580078125,18.06999969482422,175.50999450683594,124.19996643066406,158.75282287597656,86.05000305175781,46.72999954223633,107.8655014038086,6.8210768699646,163.74000549316406,46.771820068359375
2022-06-20,24.740482330322266,484.3999938964844,,,,,186.39999389648438,,,157.99777221679688,7051.396484375,,,,,,,,,,,,,,34.9900016784668,,8.75,,32.69084167480469,,,18.530000686645508,,,,87.27999877929688,,,6.963380336761475,,
2022-06-21,24.671632766723633,494.29998779296875,170.478515625,142.90234375,14.039999961853027,316.4037780761719,185.10000610351562,318.5384521484375,46.10121536254883,158.29379272460938,7139.06591796875,634.31103515625,46.595619201660156,111.65033721923828,245.06309509277344,87.3358383178711,478.8175964355469,228.23170471191406,513.2647705078125,270.1700134277344,587.6699829101562,332.0299987792969,31.510000228881836,173.40359497070312,35.35499954223633,6.010000228881836,8.765999794006348,94.69666290283203,32.57660675048828,237.73069763183594,54.25502395629883,18.25,170.91000366210938,124.81344604492188,165.6107940673828,87.5,48.18000030517578,112.01499938964844,7.04876184463501,157.0500030517578,48.38362503051758
2022-06-22,24.061851501464844,487.8999938964844,171.68505859375,139.0606689453125,13.970000267028809,315.1576843261719,183.82000732421875,323.6646423339844,45.55440139770508,159.20159912109375,7310.41943359375,651.9181518554688,45.54343032836914,114.73075866699219,250.18572998046875,87.86746978759766,488.1483154296875,231.9304962158203,518.9417114257812,272.30999755859375,586.8400268554688,333.1099853515625,32.77000045776367,176.1162872314453,35.5,6.090000152587891,8.824000358581543,93.4727783203125,32.05013656616211,237.7208251953125,53.06413650512695,18.59000015258789,178.88999938964844,124.89260864257812,163.55140686035156,86.72000122070312,47.38999938964844,112.03399658203125,6.868510723114014,155.85000610351562,47.77428436279297
2022-06-23,23.806135177612305,490.0,174.3849334716797,144.9861297607422,14.119999885559082,315.76580810546875,180.24000549316406,332.1949462890625,46.12110137939453,152.03782653808594,7435.94580078125,671.2095947265625,46.161231994628906,117.49320220947266,256.44012451171875,87.9666748046875,498.2466125488281,238.25425720214844,540.3102416992188,283.5,607.3900146484375,355.6199951171875,35.88999938964844,176.96401977539062,34.915000915527344,6.039999961853027,8.739999771118164,92.8160629272461,32.1395378112793,238.7664031982422,51.3571891784668,18.601999282836914,181.7100067138672,125.5555648803711,162.20179748535156,87.94999694824219,48.0,112.68450164794922,6.944406509399414,158.75,48.196895599365234
2022-06-24,24.504436492919922,502.5,180.8231201171875,148.55128479003906,14.279999732971191,329.4626770019531,182.0,340.07830810546875,48.2884635925293,156.8334197998047,7571.4345703125,682.8518676757812,47.7733039855957,121.81572723388672,259.7559509277344,89.50438690185547,494.0896911621094,241.17750549316406,544.5180053710938,292.54998779296875,612.489990234375,361.4800109863281,37.16999816894531,181.8408966064453,36.14500045776367,6.309999942779541,8.668000221252441,96.87577056884766,32.81004333496094,248.6500701904297,52.17096710205078,18.851999282836914,190.85000610351562,130.44361877441406,171.20912170410156,89.98999786376953,49.18000030517578,118.53800201416016,7.04876184463501,170.16000366210938,49.38609313964844
2022-06-27,24.5683650970459,496.6499938964844,182.1879119873047,147.75135803222656,14.079999923706055,327.7978820800781,181.16000366210938,338.893798828125,48.18904495239258,156.53738403320312,7635.19384765625,679.284912109375,46.904518127441406,119.45075988769531,257.4527282714844,89.75240325927734,504.0783386230469,239.93463134765625,543.3486938476562,287.32000732421875,602.4000244140625,359.0299987792969,37.459999084472656,179.337646484375,36.57500076293945,6.289999961853027,8.552000045776367,97.12452697753906,32.88951110839844,242.83033752441406,52.458763122558594,18.760000228881836,189.13999938964844,130.8592071533203,168.639892578125,91.0999984741211,47.220001220703125,116.62249755859375,7.38080358505249,169.49000549316406,49.37626647949219
2022-06-28,24.774904251098633,503.6000061035156,172.79269409179688,142.72459411621094,13.65999984741211,317.2909851074219,182.47999572753906,331.1597900390625,48.27852249145508,157.8990936279297,7718.87841796875,662.9658813476562,46.72111511230469,118.20865631103516,251.09906005859375,88.49246978759766,506.8496398925781,234.61512756347656,535.48291015625,276.1700134277344,594.4199829101562,349.2099914550781,35.08000183105469,175.34837341308594,35.994998931884766,6.300000190734863,8.545999526977539,94.54740142822266,32.581573486328125,239.2102813720703,50.860984802246094,18.922000885009766,179.60000610351562,127.96001434326172,159.7725372314453,90.58000183105469,45.650001525878906,112.57150268554688,7.437724590301514,160.67999267578125,48.098609924316406
2022-06-29,24.553611755371094,500.6000061035156,174.15748596191406,140.13711547851562,13.170000076293945,321.5774841308594,183.60000610351562,333.2002868652344,47.07553482055664,154.6822967529297,7671.05859375,643.5455932617188,45.80881881713867,117.56275939941406,251.32740783691406,89.70279693603516,514.096923828125,238.63209533691406,535.6327514648438,280.3500061035156,597.6199951171875,358.2200012207031,34.349998474121094,175.19876098632812,36.165000915527344,5.980000019073486,8.359999656677246,91.48272705078125,32.4921760559082,239.8218536376953,51.51597595214844,18.988000869750977,178.36000061035156,125.93156433105469,155.3738250732422,88.5,46.400001525878906,112.25650024414062,7.257473945617676,163.94000244140625,46.575260162353516
2022-06-30,24.450342178344727,490.1000061035156,172.74325561523438,139.47544860839844,13.420000076293945,314.4898376464844,181.4600067138672,335.4996032714844,46.02167892456055,151.09054565429688,7603.314453125,650.9967041015625,44.8372688293457,116.90692901611328,253.7398223876953,89.03811645507812,512.0233764648438,233.0242462158203,542.9888916015625,281.7900085449219,591.1300048828125,350.7300109863281,33.209999084472656,167.6091766357422,35.88999938964844,5.940000057220459,8.065999984741211,90.52750396728516,32.780242919921875,238.79904174804688,52.01218032836914,18.902000427246094,174.8699951171875,124.66503143310547,151.5449676513672,86.33000183105469,45.38999938964844,109.37249755859375,6.953892707824707,161.25,45.415550231933594
2022-07-01,24.740482330322266,487.25,175.40357971191406,140.61117553710938,14.25,317.2411193847656,182.60000610351562,341.74053955078125,46.459129333496094,151.1694793701172,7529.59228515625,666.8599243164062,46.06142044067383,119.27189636230469,256.52947998046875,90.65518188476562,515.7816162109375,239.56674194335938,547.9761962890625,287.32000732421875,595.4000244140625,358.44000244140625,34.83000183105469,174.59039306640625,36.154998779296875,6.190000057220459,8.206000328063965,85.84092712402344,32.819976806640625,241.0531768798828,54.16571044921875,19.152000427246094,179.9499969482422,126.030517578125,145.18685913085938,85.30999755859375,45.279998779296875,109.08100128173828,,160.02999877929688,42.00520706176758
2022-07-04,24.897844314575195,490.3999938964844,,,,,183.24000549316406,,,153.458740234375,7679.02880859375,,,,,,,,,,,,,,35.68000030517578,,8.206000328063965,,32.780242919921875,,,19.299999237060547,,,,85.63999938964844,,,6.906458854675293,,
2022-07-05,24.715892791748047,479.6499938964844,177.8957977294922,143.89981079101562,14.4399995803833,318.2579345703125,177.5800018310547,342.7259826660156,47.37379837036133,145.52529907226562,7402.07373046875,661.043701171875,46.32374572753906,120.66305541992188,254.0872802734375,89.7722396850586,503.6596374511719,238.62216186523438,544.7778930664062,288.9800109863281,596.5599975585938,366.8699951171875,38.810001373291016,172.11705017089844,35.83000183105469,5.789999961853027,7.992000102996826,85.57227325439453,31.831602096557617,238.2926025390625,53.967227935791016,18.860000610351562,185.8800048828125,125.34777069091797,149.59555053710938,85.54000091552734,43.970001220703125,113.88700103759766,6.840050220489502,168.19000244140625,42.3983268737793
2022-07-06,25.39944076538086,489.45001220703125,177.08482360839844,143.01097106933594,14.270000457763672,319.16510009765625,176.83999633789062,347.4042053222656,47.06559371948242,144.91351318359375,7639.17919921875,656.4561767578125,45.22588348388672,120.69286346435547,256.3607177734375,88.90914916992188,513.6781616210938,242.489990234375,555.7420043945312,291.1600036621094,594.9000244140625,375.2200012207031,38.810001373291016,165.54473876953125,35.349998474121094,5.71999979019165,7.892000198364258,86.12948608398438,32.7305793762207,235.56182861328125,54.126014709472656,18.98200035095215,184.05999755859375,126.65389251708984,151.2550506591797,86.61000061035156,43.88999938964844,115.2135009765625,6.81158971786499,169.77000427246094,41.4744873046875
2022-07-07,25.384687423706055,505.20001220703125,179.567138671875,148.09701538085938,14.520000457763672,323.5480041503906,178.89999389648438,350.2012023925781,48.40776824951172,149.0183868408203,7553.50244140625,654.6825561523438,45.643653869628906,121.79585266113281,255.31829833984375,88.79009246826172,512.7710571289062,242.9970703125,553.4632568359375,294.1700134277344,607.4500122070312,382.5199890136719,42.220001220703125,174.1914825439453,36.46500015258789,5.989999771118164,8.086000442504883,90.29864501953125,33.38618087768555,234.17161560058594,56.21999740600586,19.239999771118164,189.27000427246094,128.22715759277344,158.53289794921875,87.61000061035156,45.31999969482422,119.30599975585938,6.7831292152404785,172.19000244140625,42.20176315307617
2022-07-08,25.955129623413086,501.0,179.62648010253906,146.15147399902344,13.989999771118164,322.53961181640625,180.1199951171875,350.84820556640625,47.274375915527344,149.94593811035156,7583.3896484375,644.5562744140625,44.72067642211914,120.8121109008789,253.1640167236328,88.77025604248047,517.0077514648438,242.5496368408203,553.4132690429688,294.2900085449219,621.5700073242188,378.45001220703125,41.810001373291016,172.1370086669922,36.42499923706055,5.940000057220459,8.184000015258789,90.73645782470703,34.185821533203125,230.58685302734375,56.239845275878906,19.22800064086914,186.97999572753906,126.47578430175781,158.3329620361328,87.44999694824219,44.63999938964844,120.16850280761719,6.7831292152404785,170.8800048828125,42.182106018066406
2022-07-11,25.832189559936523,496.1499938964844,178.1232452392578,144.57135009765625,13.65999984741211,323.6678161621094,178.6999969482422,349.9822082519531,46.996002197265625,148.99864196777344,7633.20166015625,641.3756713867188,43.56452560424805,121.0108413696289,256.1224365234375,88.24445343017578,515.3330078125,241.24710083007812,557.73095703125,294.07000732421875,614.4600219726562,369.6600036621094,38.93000030517578,168.93560791015625,35.80500030517578,5.809999942779541,8.121999740600586,88.17924499511719,33.95238494873047,232.45370483398438,56.47801971435547,19.173999786376953,177.33999633789062,126.5054702758789,151.47499084472656,86.55999755859375,42.90999984741211,116.52249908447266,6.735694408416748,162.8800048828125,41.749671936035156
2022-07-12,25.935461044311523,504.8999938964844,179.00341796875,142.7640838623047,13.949999809265137,322.3399353027344,179.3000030517578,344.44793701171875,46.39947509765625,150.12353515625,7700.94580078125,622.4904174804688,45.0704345703125,120.1463394165039,253.6405487060547,87.98652648925781,512.8109130859375,238.54261779785156,530.6454467773438,290.010009765625,610.0900268554688,362.4599914550781,39.81999969482422,169.6536865234375,36.095001220703125,5.960000038146973,8.071999549865723,88.2886962890625,34.31991958618164,230.3087921142578,56.944454193115234,19.25,174.4499969482422,125.54566955566406,150.77520751953125,85.25,43.040000915527344,114.84950256347656,6.697746753692627,163.27000427246094,42.30987548828125
2022-07-13,25.502710342407227,500.0,180.35830688476562,143.63314819335938,14.180000305175781,322.84912109375,176.67999267578125,340.4366149902344,45.902374267578125,147.24224853515625,7645.15625,620.1520385742188,43.80741882324219,119.9972915649414,254.0674285888672,87.21271514892578,499.6721496582031,238.92042541503906,522.8696899414062,288.7300109863281,602.02001953125,363.3299865722656,40.099998474121094,168.85581970214844,36.02000045776367,5.96999979019165,8.055999755859375,88.63694763183594,33.748748779296875,226.39634704589844,57.18263244628906,19.24799919128418,176.55999755859375,124.39787292480469,151.59495544433594,83.41999816894531,42.47999954223633,112.18699645996094,6.688260078430176,163.49000549316406,42.3983268737793
2022-07-14,25.202735900878906,496.75,180.64512634277344,144.47259521484375,13.630000114440918,324.5064697265625,170.82000732421875,343.5720520019531,45.56434631347656,143.6110076904297,7597.3369140625,606.3200073242188,43.52566146850586,117.38389587402344,254.65316772460938,86.81587982177734,500.8584289550781,238.99998474121094,525.3483276367188,286.1499938964844,598.8599853515625,366.05999755859375,39.18000030517578,167.04071044921875,35.69499969482422,5.829999923706055,7.946000099182129,91.21406555175781,33.555049896240234,220.4283447265625,56.52764129638672,18.857999801635742,174.77999877929688,123.72502136230469,153.67433166503906,82.95999908447266,41.61000061035156,111.44000244140625,6.8210768699646,158.0500030517578,41.96589279174805
2022-07-15,25.51254653930664,496.8999938964844,182.9593048095703,144.84786987304688,13.960000038146973,332.0343322753906,172.52000427246094,347.83221435546875,47.96038055419922,148.30792236328125,7521.62255859375,614.0682983398438,44.57494354248047,120.24571228027344,255.3381805419922,88.41311645507812,528.0929565429688,243.1163787841797,538.5812377929688,292.8399963378906,607.5399780273438,370.1400146484375,40.58000183105469,171.149658203125,36.244998931884766,6.03000020980835,8.02400016784668,94.0001449584961,33.887821197509766,223.62583923339844,57.371192932128906,19.031999588012695,189.11000061035156,127.63349151611328,157.5731658935547,88.30000305175781,41.40999984741211,112.76699829101562,6.726207733154297,164.6999969482422,42.712825775146484
2022-07-18,25.635486602783203,510.79998779296875,183.74058532714844,147.50445556640625,13.880000114440918,330.4768371582031,173.0,343.7611389160156,48.427650451660156,152.17596435546875,7621.24658203125,609.3320922851562,45.11901092529297,118.44713592529297,247.44570922851562,87.20278930664062,517.7454223632812,239.507080078125,520.48095703125,286.05999755859375,586.7000122070312,360.6000061035156,39.5,171.2294464111328,36.70000076293945,6.070000171661377,8.050000190734863,92.6767578125,34.22058868408203,221.997314453125,57.19255828857422,18.93400001525879,190.9199981689453,125.54566955566406,160.962158203125,88.12999725341797,42.25,109.91000366210938,6.81158971786499,167.22999572753906,42.162452697753906
2022-07-19,25.738754272460938,528.2999877929688,187.75872802734375,151.45477294921875,14.25,339.83172607421875,176.36000061035156,355.48663330078125,50.4955940246582,156.12295532226562,7659.10400390625,631.5367431640625,47.431312561035156,124.31980895996094,255.2984619140625,89.61351776123047,531.7814331054688,244.5382537841797,536.582275390625,289.6000061035156,595.72998046875,377.1000061035156,41.150001525878906,177.7020263671875,37.345001220703125,6.21999979019165,8.399999618530273,97.74144744873047,35.04505920410156,228.39230346679688,59.39570617675781,19.107999801635742,201.6300048828125,130.90867614746094,169.86952209472656,86.93000030517578,43.150001525878906,114.62000274658203,6.7831292152404785,175.77999877929688,43.61838150024414
2022-07-20,25.689579010009766,526.7999877929688,189.99655151367188,154.55575561523438,14.4399995803833,340.72027587890625,174.9199981689453,356.93988037109375,51.31084442138672,155.55064392089844,7766.69775390625,631.5367431640625,47.4604606628418,123.7832260131836,247.9321746826172,88.5222396850586,517.8450927734375,243.8820037841797,538.3613891601562,285.5,594.5900268554688,383.80999755859375,43.20000076293945,178.33033752441406,38.04499816894531,6.25,8.399999618530273,101.7215576171875,34.56825637817383,230.0109100341797,60.72553253173828,18.826000213623047,216.44000244140625,132.4423828125,178.01710510253906,88.44999694824219,42.75,114.69999694824219,6.877997875213623,183.08999633789062,43.747135162353516
2022-07-21,25.945293426513672,530.2000122070312,192.5128631591797,156.68893432617188,14.510000228881836,346.3612060546875,175.0,359.94586181640625,52.14597702026367,156.8531494140625,7864.32958984375,644.2293090820312,46.67350387573242,124.88621520996094,253.5511932373047,89.5440673828125,520.8258056640625,247.67027282714844,574.6918334960938,283.1099853515625,592.4400024414062,398.3500061035156,43.65999984741211,180.82363891601562,38.505001068115234,6.289999961853027,8.137999534606934,103.32353973388672,34.68745803833008,232.95021057128906,61.122501373291016,18.700000762939453,223.8800048828125,135.8956756591797,180.44638061523438,85.73999786376953,43.15999984741211,115.04000091552734,6.944406509399414,183.1699981689453,44.2225456237793
2022-07-22,26.019058227539062,531.2999877929688,194.52194213867188,155.7803497314453,14.649999618530273,343.32611083984375,174.02000427246094,360.264404296875,51.032466888427734,155.74798583984375,7822.4873046875,647.786376953125,46.964969635009766,126.0985107421875,257.7207946777344,90.00041961669922,519.779052734375,244.9359588623047,561.2390747070312,280.2900085449219,586.1099853515625,393.510009765625,41.18000030517578,201.48805236816406,37.654998779296875,6.210000038146973,8.435999870300293,101.1643295288086,35.040096282958984,232.92042541503906,61.11257553100586,18.152000427246094,220.44000244140625,135.21292114257812,173.1385498046875,93.91999816894531,41.810001373291016,108.36000061035156,6.982353687286377,169.27000427246094,42.92508316040039
2022-07-25,26.255104064941406,533.0,193.7461700439453,155.533447265625,14.65999984741211,343.6555480957031,174.63999938964844,352.3910217285156,51.8377685546875,158.58981323242188,7782.6376953125,643.5257568359375,47.47989273071289,126.70465850830078,255.47714233398438,90.03018188476562,527.8138427734375,245.4828338623047,567.1359252929688,283.67999267578125,587.280029296875,375.55999755859375,42.08000183105469,198.09718322753906,37.810001373291016,6.199999809265137,8.460000038146973,100.49766540527344,35.02519226074219,233.56588745117188,60.844627380371094,18.15999984741211,218.50999450683594,135.658203125,170.18943786621094,89.25,41.58000183105469,108.20999908447266,7.12465763092041,166.64999389648438,43.430198669433594
2022-07-26,25.989551544189453,524.9000244140625,187.5797119140625,149.92401123046875,14.430000305175781,340.73028564453125,173.52000427246094,354.4713439941406,50.80379867553711,154.80072021484375,7800.5703125,635.8170776367188,46.32374572753906,126.78414154052734,257.10528564453125,91.17105865478516,529.92724609375,245.5126495361328,572.9628295898438,288.2200012207031,582.5599975585938,377.0,40.189998626708984,203.39292907714844,37.029998779296875,6.039999961853027,8.390000343322754,98.4180679321289,34.7470588684082,232.9899444580078,59.881988525390625,18.115999221801758,213.91000366210938,137.67674255371094,165.2808837890625,88.05999755859375,41.099998474121094,105.44000244140625,7.09619665145874,159.14999389648438,43.01422119140625
2022-07-27,25.935461044311523,528.0,188.89256286621094,152.6793670654297,15.149999618530273,342.7170715332031,174.97999572753906,359.2491455078125,52.32493209838867,155.57037353515625,7838.42724609375,646.2307739257812,47.11070251464844,126.58541107177734,256.41033935546875,92.4805908203125,532.937744140625,248.04812622070312,581.6181030273438,286.989990234375,587.9099731445312,385.9599914550781,43.2400016784668,204.1110076904297,37.029998779296875,6.150000095367432,8.461999893188477,102.9454345703125,35.4920654296875,236.22714233398438,61.09272766113281,18.47599983215332,226.75,140.1801300048828,177.84715270996094,88.12999725341797,41.09000015258789,113.5999984741211,7.200552463531494,169.5800018310547,43.865989685058594
2022-07-28,26.186256408691406,556.0999755859375,189.76780700683594,157.43946838378906,15.59000015258789,351.8822937011719,174.1199951171875,372.8558349609375,55.1186408996582,148.34739685058594,7878.27685546875,704.7889404296875,48.2655143737793,131.5637664794922,266.9534606933594,92.72860717773438,539.7962646484375,250.94154357910156,597.3197631835938,280.82000732421875,582.3699951171875,398.55999755859375,35.599998474121094,209.21726989746094,37.79499816894531,6.179999828338623,8.567999839782715,104.63697814941406,36.545005798339844,242.5228271484375,62.43247985839844,18.461999893188477,226.02000427246094,144.72186279296875,179.7865753173828,87.37000274658203,40.65999984741211,114.58999633789062,7.257473945617676,160.72000122070312,44.073978424072266
2022-07-29,26.441972732543945,556.9000244140625,190.4938507080078,161.35028076171875,15.0,353.22015380859375,177.74000549316406,375.18499755859375,55.13852310180664,155.0967254638672,7967.9384765625,697.288330078125,48.54908752441406,131.72276306152344,268.8694763183594,91.78614044189453,540.6436157226562,260.69561767578125,598.0892944335938,280.4100036621094,581.6900024414062,399.17999267578125,36.849998474121094,211.8501739501953,38.11000061035156,6.170000076293945,8.79800033569336,105.4529037475586,37.175777435302734,246.49485778808594,63.14701461791992,18.450000762939453,224.89999389648438,146.8294677734375,181.5760498046875,89.87000274658203,38.65999984741211,116.63999938964844,7.200552463531494,159.10000610351562,44.62862014770508
2022-08-01,26.564912796020508,552.9000244140625,193.04000854492188,163.4933319091797,15.399999618530273,349.9753723144531,178.47999572753906,374.33892822265625,55.2081184387207,157.68202209472656,7957.97607421875,688.063720703125,49.028221130371094,130.15274047851562,266.67547607421875,92.34170532226562,533.7053833007812,256.4698486328125,589.2340698242188,273.8299865722656,576.6799926757812,398.1300048828125,36.810001373291016,210.34423828125,39.255001068115234,6.260000228881836,8.829999923706055,105.87081146240234,36.917510986328125,245.52171325683594,64.44707489013672,18.666000366210938,226.2100067138672,145.94882202148438,184.355224609375,89.95999908447266,37.31999969482422,115.4800033569336,7.062270164489746,159.92999267578125,44.98516845703125
2022-08-02,26.663265228271484,543.5,186.93321228027344,161.44903564453125,16.0,348.4478454589844,176.60000610351562,368.068115234375,51.937191009521484,157.8990936279297,7973.916015625,682.3961791992188,48.2655143737793,128.5529022216797,264.6999206542969,92.47066497802734,533.78515625,251.05091857910156,585.7258911132812,273.8599853515625,574.9600219726562,398.92999267578125,36.91999816894531,210.90272521972656,38.88999938964844,6.349999904632568,8.913999557495117,104.46781921386719,36.361236572265625,242.41358947753906,61.7675666809082,18.81999969482422,221.4199981689453,144.85049438476562,185.2049560546875,89.16000366210938,37.81999969482422,115.9000015258789,6.943742752075195,160.19000244140625,43.836273193359375
2022-08-03,26.373126983642578,553.4000244140625,194.36280822753906,165.83387756347656,16.709999084472656,353.5596008300781,180.16000366210938,366.4555969238281,52.981101989746094,161.15536499023438,8089.47998046875,689.7777709960938,47.356136322021484,129.89437866210938,266.88397216796875,93.0262222290039,538.9589233398438,251.33924865722656,587.6648559570312,275.0299987792969,608.77001953125,406.8699951171875,38.5,215.88931274414062,39.470001220703125,6.460000038146973,8.850000381469727,108.46782684326172,37.0466423034668,243.99249267578125,61.43014907836914,18.649999618530273,226.72999572753906,147.13619995117188,188.87387084960938,93.0,39.220001220703125,118.77999877929688,6.815337657928467,168.8000030517578,44.02445602416992
2022-08-04,26.141998291015625,556.4000244140625,196.09339904785156,164.4907684326172,17.479999542236328,355.4964599609375,180.60000610351562,376.1505126953125,52.931396484375,160.3264923095703,8113.3896484375,690.6101684570312,46.3685302734375,129.9241943359375,269.3063049316406,92.47066497802734,532.0804443359375,250.95147705078125,589.683837890625,274.8500061035156,614.9600219726562,405.0199890136719,37.459999084472656,212.14938354492188,39.76499938964844,6.519999980926514,8.79800033569336,110.50762939453125,37.7469482421875,255.928466796875,61.320980072021484,18.68600082397461,229.91000366210938,147.14610290527344,192.09291076660156,91.47000122070312,39.70000076293945,118.87000274658203,6.884478569030762,170.57000732421875,43.776851654052734
2022-08-05,25.984636306762695,543.5999755859375,198.0030059814453,164.0661163330078,14.59000015258789,356.93414306640625,177.13999938964844,374.90631103515625,52.116146087646484,161.8263397216797,8246.88671875,691.115478515625,45.75250244140625,130.56015014648438,270.21966552734375,92.54011535644531,533.3863525390625,253.21847534179688,589.9436645507812,288.0299987792969,613.6099853515625,407.7799987792969,37.47999954223633,212.2391357421875,42.04499816894531,6.619999885559082,8.87600040435791,109.07479858398438,37.44397735595703,260.8041687011719,60.914093017578125,18.827999114990234,226.77999877929688,147.0867156982422,189.83358764648438,91.31999969482422,38.5,118.22000122070312,7.062270164489746,167.11000061035156,44.97526550292969
2022-08-08,25.935461044311523,550.7999877929688,200.74807739257812,164.89569091796875,14.020000457763672,351.5927734375,177.9600067138672,376.3695068359375,52.50389099121094,163.79983520507812,8274.78125,690.6299438476562,46.77922058105469,130.39122009277344,271.0238037109375,92.83773803710938,534.9215087890625,254.35198974609375,583.6370849609375,293.95001220703125,630.6300048828125,407.0,38.790000915527344,210.7730712890625,40.744998931884766,6.349999904632568,9.020000457763672,107.293701171875,37.71714782714844,259.9402160644531,62.154605865478516,18.77400016784668,233.49000549316406,146.37428283691406,177.87713623046875,91.9000015258789,37.810001373291016,118.13999938964844,7.032638072967529,170.25,45.01488494873047
2022-08-09,25.78301429748535,545.9000244140625,194.1439971923828,163.06866455078125,13.100000381469727,345.9818115234375,178.1999969482422,375.3442687988281,51.45003128051758,163.6616973876953,8300.68359375,691.353271484375,46.2805290222168,132.06060791015625,274.1807556152344,92.36154174804688,535.5794677734375,251.40887451171875,580.5587158203125,298.8299865722656,622.1500244140625,388.6000061035156,35.40999984741211,209.50650024414062,39.9900016784668,6.199999809265137,9.14799976348877,99.16433715820312,37.424110412597656,256.9512634277344,57.103240966796875,19.04800033569336,229.94000244140625,144.87030029296875,170.8092498779297,90.54000091552734,37.75,117.5,6.963497161865234,168.52999877929688,44.658329010009766
2022-08-10,27.73530387878418,554.0,200.3402862548828,167.5621337890625,13.100000381469727,352.810791015625,178.9600067138672,391.37969970703125,55.17829513549805,167.50999450683594,8248.87890625,702.9559326171875,47.8841667175293,133.5610809326172,275.77911376953125,93.42304992675781,536.0380249023438,257.6331787109375,592.0325317382812,295.7699890136719,641.489990234375,400.2900085449219,37.790000915527344,216.13864135742188,40.5099983215332,6.329999923706055,9.02400016784668,104.52752685546875,37.9853515625,263.77325439453125,57.033775329589844,18.940000534057617,244.11000061035156,147.76947021484375,180.91624450683594,91.62000274658203,38.25,120.6500015258789,6.815337657928467,178.33999633789062,46.7778434753418
2022-08-11,27.454999923706055,559.7000122070312,201.0862274169922,167.49301147460938,13.680000305175781,350.0152893066406,179.36000061035156,384.3822326660156,56.33156967163086,168.97999572753906,8270.7958984375,682.9906616210938,49.888710021972656,133.3822021484375,271.9669189453125,93.29408264160156,531.1932373046875,257.2652893066406,592.222412109375,292.1600036621094,623.9000244140625,396.67999267578125,37.9900016784668,215.93919372558594,40.56999969482422,6.570000171661377,9.218000411987305,105.00514221191406,37.67741394042969,262.958984375,59.0384407043457,18.868000030517578,242.6999969482422,148.68475341796875,179.36669921875,91.55000305175781,39.029998779296875,119.81999969482422,7.042515754699707,177.49000549316406,47.1442985534668
2022-08-12,27.104999542236328,561.0,205.35302734375,170.33721923828125,13.680000305175781,353.6993408203125,182.0800018310547,390.1056213378906,56.94468307495117,171.60000610351562,8153.23974609375,698.100830078125,49.644248962402344,136.37319946289062,275.7096252441406,94.06790161132812,541.9993286132812,257.9414367675781,602.8867797851562,294.5199890136719,628.7100219726562,396.42999267578125,40.31999969482422,218.30282592773438,40.15999984741211,6.630000114440918,9.399999618530273,109.83100891113281,37.99528121948242,268.9865417480469,60.58659744262695,18.784000396728516,249.3000030517578,151.65945434570312,187.034423828125,91.58000183105469,38.439998626708984,122.6500015258789,7.02276086807251,180.5,47.758365631103516
2022-08-15,27.604999542236328,561.2999877929688,206.91453552246094,171.2359161376953,13.119999885559082,359.3702087402344,179.4600067138672,389.2794494628906,57.34345626831055,171.55999755859375,8408.27734375,708.2369995117188,49.06733322143555,137.50599670410156,279.48211669921875,94.44487762451172,542.9364013671875,258.667236328125,604.166015625,305.5299987792969,643.2899780273438,390.8500061035156,40.93000030517578,216.1186981201172,40.349998474121094,6.300000190734863,9.36400032043457,109.23400115966797,38.432350158691406,272.1939392089844,59.27661895751953,18.81599998474121,249.11000061035156,151.63954162597656,190.2634735107422,91.91999816894531,38.310001373291016,122.87999725341797,6.9141106605529785,180.88999938964844,47.83759689331055
2022-08-16,27.764999389648438,564.0999755859375,212.96163940429688,179.06680297851562,13.6899995803833,358.67132568359375,180.6199951171875,386.9701843261719,57.024436950683594,170.5,8340.533203125,708.5853271484375,49.722476959228516,136.2440185546875,276.4343566894531,94.55400848388672,544.4117431640625,257.6729431152344,601.7872924804688,303.0,648.7000122070312,382.239990234375,39.45000076293945,212.29896545410156,40.8849983215332,6.159999847412109,9.46399974822998,107.9504165649414,38.829689025878906,271.6279602050781,60.73545837402344,19.097999572753906,245.69000244140625,152.31607055664062,188.73390197753906,91.1500015258789,38.79999923706055,122.51000213623047,6.835092067718506,179.47000122070312,48.12482452392578
2022-08-17,28.104999542236328,563.5,214.2048797607422,174.24703979492188,13.260000228881836,354.75762939453125,178.66000366210938,385.93499755859375,56.36646270751953,168.67999267578125,8402.2998046875,703.4703369140625,47.972171783447266,136.52224731445312,275.4515075683594,94.15718841552734,543.2952880859375,252.55796813964844,595.7205810546875,299.2300109863281,636.3400268554688,374.010009765625,35.95000076293945,208.42938232421875,40.130001068115234,5.989999771118164,9.244000434875488,105.47279357910156,38.223751068115234,266.1266784667969,58.84307861328125,18.93199920654297,241.14999389648438,151.21176147460938,183.2955322265625,90.23999786376953,40.0099983215332,120.31999969482422,6.805459976196289,174.85000610351562,47.372100830078125
2022-08-18,28.104999542236328,562.7000122070312,215.29893493652344,171.9713134765625,13.1899995803833,356.78436279296875,179.17999267578125,385.58660888671875,55.65864562988281,168.5,8532.0,698.016845703125,48.06995391845703,135.76705932617188,273.4957580566406,94.48456573486328,543.5145874023438,249.6864013671875,594.691162109375,294.2900085449219,624.8300170898438,374.75,35.060001373291016,214.46315002441406,40.06999969482422,5.900000095367432,9.13599967956543,107.73149871826172,38.6061897277832,265.7294921875,60.47650146484375,18.799999237060547,245.1699981689453,152.56478881835938,187.67422485351562,89.83000183105469,39.59000015258789,120.86000061035156,6.904232978820801,174.66000366210938,48.47146987915039
2022-08-19,28.299999237060547,558.0999755859375,210.21658325195312,165.99876403808594,13.729999542236328,353.7093505859375,176.0,378.1611633300781,53.92398452758789,165.27999877929688,8560.0,693.4093017578125,47.53215026855469,133.233154296875,272.423583984375,94.24646759033203,546.6049194335938,248.57965087890625,588.2345581054688,299.0400085449219,618.3599853515625,373.739990234375,32.900001525878906,214.45318603515625,39.69499969482422,5.75,9.15999984741211,104.10960388183594,38.144287109375,261.85675048828125,57.93672561645508,18.833999633789062,241.16000366210938,150.06764221191406,178.43698120117188,90.45999908447266,39.58000183105469,118.12000274658203,7.101779460906982,167.9600067138672,47.213626861572266
2022-08-22,28.315000534057617,540.5,208.85398864746094,160.950439453125,12.710000038146973,344.9534912109375,174.0,374.7072448730469,52.757572174072266,163.0800018310547,8582.0,672.0733642578125,44.84312438964844,130.1129913330078,267.79730224609375,92.35161590576172,542.8666381835938,242.77671813964844,575.80126953125,293.8399963378906,612.0999755859375,358.3999938964844,32.709999084472656,211.8202667236328,38.165000915527344,5.519999980926514,8.894000053405762,100.30860900878906,37.543312072753906,259.08624267578125,56.93077850341797,18.986000061035156,226.5399932861328,145.9985809326172,170.28939819335938,88.0,39.06999969482422,115.06999969482422,6.923988342285156,163.0500030517578,46.39157485961914
2022-08-23,28.104999542236328,538.7000122070312,206.34762573242188,160.9603729248047,12.789999961853027,340.3409118652344,173.5,371.0740966796875,52.667850494384766,163.60000610351562,8334.0,664.5401000976562,45.39070129394531,127.6486587524414,263.31005859375,89.50438690185547,534.1240234375,238.1503143310547,572.6629028320312,286.25,602.530029296875,356.9100036621094,32.7599983215332,209.68600463867188,37.69499969482422,5.559999942779541,8.913999557495117,101.42304229736328,37.64264678955078,259.4933776855469,57.36901092529297,18.75200080871582,224.5500030517578,145.5608367919922,171.7589569091797,87.0999984741211,39.790000915527344,114.7699966430664,6.825214862823486,161.11000061035156,46.49061584472656
2022-08-24,27.975000381469727,543.5999755859375,207.2825469970703,162.11314392089844,13.520000457763672,339.1628112792969,172.74000549316406,373.9706726074219,52.9968376159668,162.6199951171875,8400.0,668.212158203125,44.97024154663086,130.29185485839844,262.56549072265625,88.57183837890625,534.781982421875,232.11802673339844,572.8428955078125,291.0299987792969,602.7899780273438,360.54998779296875,33.65999984741211,209.8555450439453,37.435001373291016,5.849999904632568,8.75,101.23350524902344,36.72380828857422,260.8835754394531,56.771419525146484,18.75200080871582,229.61000061035156,144.77488708496094,172.16883850097656,86.26000213623047,40.11000061035156,114.69999694824219,6.548650741577148,163.25999450683594,46.173683166503906
2022-08-25,27.950000762939453,543.5,209.81874084472656,166.45590209960938,13.5600004196167,344.1148376464844,174.0800018310547,378.7193603515625,54.252967834472656,164.16000366210938,8410.0,686.1845703125,45.351593017578125,131.9413604736328,266.2982482910156,91.4091567993164,539.8760375976562,236.36553955078125,585.1561889648438,291.2200012207031,603.7999877929688,371.2099914550781,35.0099983215332,212.98712158203125,37.904998779296875,5.659999847412109,8.684000015258789,104.74495697021484,38.104549407958984,264.7265319824219,58.30524444580078,18.92799949645996,233.97999572753906,147.29193115234375,179.07679748535156,86.54000091552734,42.29999923706055,117.69999694824219,6.696810245513916,168.77999877929688,47.441429138183594
2022-08-26,27.520000457763672,528.9000244140625,199.90267944335938,159.61878967285156,13.15999984741211,331.42529296875,170.5,363.1962585449219,51.471534729003906,162.10000610351562,8268.0,667.4857177734375,43.914188385009766,127.53935241699219,259.2992858886719,88.72064971923828,527.5945434570312,228.4886932373047,563.4078979492188,281.67999267578125,596.1799926757812,349.8999938964844,32.099998474121094,204.4301300048828,36.900001525878906,5.570000171661377,8.460000038146973,98.56002044677734,37.62774658203125,260.39703369140625,55.685791015625,18.549999237060547,223.27999877929688,140.3576202392578,162.55169677734375,86.23999786376953,41.2599983215332,111.30000305175781,6.795583248138428,161.77999877929688,41.03337097167969
2022-08-29,27.485000610351562,517.0999755859375,199.9822540283203,157.70082092285156,13.199999809265137,328.8194885253906,170.66000366210938,360.1435241699219,50.99300765991211,,,656.131103515625,43.562171936035156,126.48604583740234,257.8399353027344,88.20478057861328,528.1129150390625,228.9971923828125,556.3916625976562,281.6000061035156,592.77001953125,349.04998779296875,31.100000381469727,203.53256225585938,36.470001220703125,5.5,8.607999801635742,96.30550384521484,37.62774658203125,258.8777160644531,55.47663116455078,18.781999588012695,224.57000732421875,139.98951721191406,157.9630584716797,83.22000122070312,40.75,110.33999633789062,6.479509353637695,159.1699981689453,40.201412200927734
2022-08-30,27.334999084472656,515.5,196.153076171875,159.7777862548828,13.289999961853027,327.281982421875,170.33999633789062,354.7164306640625,50.54438781738281,164.6999969482422,8176.0,652.7078247070312,43.41544723510742,124.85639953613281,251.56565856933594,86.55794525146484,521.20458984375,227.34205627441406,553.992919921875,281.3599853515625,588.3900146484375,348.8399963378906,31.110000610351562,201.2387237548828,36.869998931884766,5.550000190734863,8.61400032043457,94.2904052734375,36.912540435791016,254.06161499023438,54.58024215698242,18.8439998626709,220.64999389648438,138.52703857421875,154.63404846191406,86.5,40.0,109.91000366210938,6.390613555908203,157.16000366210938,39.31002426147461
2022-08-31,27.399999618530273,503.0,193.08973693847656,159.3405303955078,13.239999771118164,323.8475036621094,168.8800048828125,351.3444519042969,50.40481948852539,164.5,8102.0,654.1806030273438,43.494224548339844,123.72360229492188,252.21096801757812,87.22262573242188,517.70556640625,224.61009216308594,545.0277709960938,281.760009765625,581.0599975585938,347.6199951171875,31.059999465942383,197.33920288085938,36.654998779296875,5.53000020980835,8.538000106811523,93.84149932861328,36.54996871948242,250.68536376953125,54.01252746582031,18.802000045776367,223.55999755859375,135.9403533935547,150.89515686035156,85.80000305175781,41.29999923706055,109.1500015258789,6.42024564743042,162.92999267578125,37.923431396484375
2022-09-01,27.350000381469727,492.20001220703125,194.70095825195312,163.81248474121094,13.1899995803833,324.7261047363281,168.27999877929688,351.13494873046875,49.976139068603516,161.39999389648438,7928.0,650.1303100585938,42.893558502197266,123.51493072509766,255.77499389648438,87.82778930664062,522.3609619140625,226.42474365234375,550.454833984375,290.20001220703125,600.6300048828125,349.92999267578125,30.799999237060547,198.91497802734375,35.849998474121094,5.429999828338623,8.597999572753906,91.58699035644531,35.5218620300293,248.25250244140625,53.24561309814453,18.5939998626709,230.0399932861328,138.0594482421875,139.32859802246094,84.5999984741211,41.18000030517578,110.55000305175781,6.3609819412231445,165.36000061035156,37.28955841064453
2022-09-02,27.5,496.1000061035156,194.4523162841797,163.57398986816406,13.0600004196167,322.0404357910156,168.94000244140625,346.80523681640625,49.098838806152344,168.63999938964844,8006.0,628.0977172851562,43.68132019042969,121.12014770507812,249.0341339111328,86.50833892822266,514.73486328125,225.07870483398438,543.2586669921875,281.0400085449219,580.6199951171875,343.8299865722656,30.18000030517578,199.49342346191406,35.459999084472656,5.409999847412109,8.692000389099121,91.01837158203125,36.624473571777344,244.80674743652344,53.06633377075195,18.722000122070312,226.11000061035156,136.5969696044922,136.42945861816406,84.5999984741211,41.41999816894531,108.68000030517578,6.163435459136963,160.32000732421875,37.428218841552734
2022-09-05,27.139999389648438,494.25,,,,,168.86000061035156,,,166.5,7956.0,,,,,,,,,,,,,,35.61000061035156,,8.942000389099121,,35.42253112792969,,,18.899999618530273,,,,86.0,,,6.133803844451904,,
2022-09-06,27.299999237060547,499.5,191.91612243652344,162.5603485107422,12.630000114440918,323.5579833984375,168.60000610351562,355.9435119628906,48.37107849121094,167.8800048828125,7968.0,628.7744750976562,44.27213668823242,123.0180892944336,252.3400115966797,85.51626586914062,516.0607299804688,225.43765258789062,544.8578491210938,279.17999267578125,573.969970703125,341.7300109863281,29.030000686645508,200.17160034179688,35.625,5.309999942779541,8.892000198364258,90.07068634033203,35.591400146484375,244.4492645263672,52.88705825805664,18.889999389648438,218.38999938964844,137.75103759765625,134.61000061035156,85.5999984741211,39.27000045776367,107.4800033569336,6.114049434661865,158.5399932861328,36.93300247192383
2022-09-07,27.40999984741211,511.70001220703125,200.21099853515625,169.7253875732422,12.680000305175781,328.0906677246094,168.13999938964844,362.6675109863281,49.27828598022461,164.10000610351562,7944.0,644.0599365234375,45.148521423339844,125.83020782470703,257.62152099609375,86.41905212402344,520.0482177734375,231.2605438232422,551.42431640625,284.44000244140625,596.4400024414062,354.67999267578125,30.600000381469727,211.59088134765625,35.994998931884766,5.199999809265137,8.994000434875488,91.71668243408203,35.79999923706055,252.00607299804688,53.155975341796875,18.95800018310547,228.9600067138672,140.54664611816406,137.13999938964844,85.5999984741211,39.86000061035156,110.4800033569336,6.005398750305176,160.38999938964844,37.616397857666016
2022-09-08,27.530000686645508,515.4000244140625,203.2743377685547,170.82847595214844,12.539999961853027,329.538330078125,167.83999633789062,366.18914794921875,49.91632080078125,166.25999450683594,8004.0,647.7420043945312,47.177005767822266,127.10213470458984,259.77581787109375,87.19286346435547,525.8599853515625,237.57200622558594,566.25634765625,288.989990234375,708.8499755859375,364.95001220703125,32.40999984741211,215.63002014160156,35.30500030517578,5.059999942779541,8.862000465393066,93.56218719482422,36.029998779296875,252.05572509765625,53.41493225097656,18.770000457763672,227.44000244140625,142.50656127929688,139.89999389648438,86.19999694824219,38.560001373291016,109.41999816894531,5.926380634307861,162.05999755859375,38.13142013549805
2022-09-09,27.899999618530273,522.2000122070312,204.53746032714844,172.56756591796875,13.029999732971191,335.30902099609375,168.0,368.5435485839844,51.3419303894043,168.83999633789062,8004.0,654.6981201171875,47.55119323730469,128.81126403808594,259.6963806152344,89.01827239990234,524.3400268554688,237.62185668945312,569.0949096679688,292.1099853515625,724.3200073242188,374.1300048828125,33.459999084472656,219.11065673828125,36.35499954223633,5.070000171661377,9.052000045776367,96.27558135986328,36.630001068115234,255.1737823486328,55.36707305908203,19.57200050354004,233.57000732421875,144.9639129638672,143.8699951171875,86.19999694824219,38.83000183105469,111.77999877929688,6.025153636932373,169.14999389648438,39.4090690612793
2022-09-12,28.434999465942383,530.0999755859375,205.2834014892578,172.76632690429688,13.3100004196167,337.8749084472656,176.8000030517578,370.6186218261719,52.518310546875,173.9600067138672,8098.0,662.2412719726562,48.417724609375,129.37765502929688,263.1710510253906,91.32978820800781,531.25,240.56321716308594,578.879638671875,293.4800109863281,710.739990234375,376.5899963378906,34.20000076293945,221.76351928710938,37.75,4.960000038146973,9.15999984741211,96.06608581542969,37.5,261.65814208984375,55.87502670288086,19.408000946044922,236.52999877929688,146.8541717529297,145.0500030517578,87.5999984741211,39.4900016784668,111.87000274658203,,168.9600067138672,39.9141845703125
2022-09-13,28.684999465942383,523.0999755859375,192.58250427246094,165.20376586914062,12.949999809265137,324.9158020019531,173.0,355.6641845703125,49.846534729003906,171.94000244140625,8004.0,633.1829833984375,45.54240036010742,124.29000091552734,252.78677368164062,89.60359191894531,513.9600219726562,227.7608184814453,559.52001953125,280.6700134277344,701.3900146484375,350.42999267578125,31.309999465942383,211.47119140625,36.665000915527344,4.78000020980835,9.149999618530273,90.17044067382812,36.599998474121094,254.28997802734375,52.7575798034668,19.222000122070312,218.1300048828125,141.78028869628906,131.30999755859375,85.5999984741211,38.29999923706055,105.30999755859375,6.262208938598633,153.1300048828125,37.93333435058594
2022-09-14,27.899999618530273,519.0999755859375,191.3491973876953,164.34912109375,12.710000038146973,325.32513427734375,172.66000366210938,350.3268737792969,49.986106872558594,169.89999389648438,7900.0,623.6394653320312,45.493167877197266,121.08000183105469,249.9971160888672,89.90121459960938,509.7699890136719,222.30685424804688,558.1300048828125,284.8599853515625,697.6199951171875,350.4700012207031,31.670000076293945,208.1999969482422,36.224998474121094,4.699999809265137,8.960000038146973,90.41983032226562,35.404998779296875,253.3962860107422,52.936859130859375,19.09000015258789,224.1199951171875,142.36727905273438,131.27999877929688,85.5999984741211,38.27000045776367,105.87000274658203,6.074540138244629,151.47000122070312,37.76496124267578
2022-09-15,27.649999618530273,504.20001220703125,190.00650024414062,163.98141479492188,13.170000076293945,316.4494323730469,173.39999389648438,346.2366027832031,49.487640380859375,172.24000549316406,7802.0,613.3297729492188,45.09928512573242,116.22000122070312,243.28604125976562,89.90121459960938,522.9099731445312,223.46343994140625,551.97998046875,287.6700134277344,705.8499755859375,349.8399963378906,31.889999389648438,208.97000122070312,35.915000915527344,4.710000038146973,8.739999771118164,88.70401000976562,35.6150016784668,246.73318481445312,52.89701843261719,19.1299991607666,235.3800048828125,140.38746643066406,129.2899932861328,84.44999694824219,37.790000915527344,103.9000015258789,6.064662456512451,149.5500030517578,37.28955841064453
2022-09-16,27.645000457763672,494.1499938964844,190.7723388671875,163.06715393066406,12.739999771118164,314.6224060058594,174.5399932861328,345.24896240234375,48.37107849121094,171.13999938964844,7786.0,621.7188720703125,46.18246078491211,113.66999816894531,244.1100311279297,89.53414916992188,521.02001953125,223.33383178710938,541.280029296875,289.7099914550781,710.2999877929688,342.55999755859375,30.489999771118164,209.6699981689453,33.599998474121094,4.769999980926514,8.600000381469727,88.65413665771484,35.189998626708984,245.63095092773438,52.309383392333984,18.802000045776367,240.1300048828125,137.56201171875,131.97999572753906,82.11000061035156,37.0099983215332,103.62999725341797,5.9955220222473145,146.2899932861328,37.596588134765625
2022-09-19,27.584999084472656,493.1499938964844,194.04454040527344,163.7329864501953,13.15999984741211,313.524169921875,175.3000030517578,343.8722229003906,49.35803985595703,,,622.9230346679688,46.349857330322266,112.80000305175781,245.7083740234375,88.96866607666016,523.5499877929688,222.89512634277344,539.6699829101562,285.1400146484375,715.3400268554688,339.6700134277344,30.1299991607666,208.38999938964844,33.70500183105469,4.880000114440918,8.579999923706055,89.50206756591797,35.529998779296875,247.6368408203125,54.400962829589844,19.027999877929688,243.6300048828125,139.50201416015625,133.82000732421875,82.05000305175781,37.040000915527344,103.8499984741211,6.044908046722412,148.02000427246094,37.45792770385742
2022-09-20,27.204999923706055,495.3999938964844,189.37991333007812,159.032470703125,13.210000038146973,312.765380859375,171.3800048828125,338.5448913574219,47.53365707397461,170.9199981689453,7548.0,613.5089111328125,45.12882995605469,110.93000030517578,236.17787170410156,87.75834655761719,522.7999877929688,219.56491088867188,532.1599731445312,286.94000244140625,704.219970703125,338.0,29.450000762939453,201.75999450683594,33.099998474121094,4.769999980926514,8.199999809265137,87.90596008300781,34.22999954223633,243.17820739746094,52.22970199584961,18.718000411987305,242.85000610351562,138.4673309326172,131.75999450683594,81.83000183105469,37.22999954223633,101.83000183105469,6.084417343139648,146.08999633789062,36.59626007080078
2022-09-21,27.125,501.5,187.34100341796875,158.0386962890625,12.220000267028809,304.009521484375,172.27999877929688,334.08551025390625,45.97844314575195,167.8000030517578,7728.0,617.1909790039062,43.435142517089844,108.55000305175781,232.45501708984375,85.05000305175781,512.0800170898438,212.7748565673828,525.6900024414062,280.3999938964844,684.6300048828125,333.4800109863281,28.84000015258789,198.83999633789062,32.61000061035156,4.760000228881836,8.407999992370605,86.87845611572266,34.93000030517578,239.77220153808594,52.49862289428711,18.673999786376953,236.8699951171875,137.12425231933594,132.61000061035156,82.91999816894531,35.91999816894531,100.01000213623047,6.0152764320373535,142.1199951171875,36.42788314819336
2022-09-22,27.30500030517578,495.5,187.102294921875,152.0065460205078,12.010000228881836,297.87939453125,173.44000244140625,321.60516357421875,44.9715461730957,166.25999450683594,7468.0,606.3040161132812,42.20426940917969,108.54000091552734,231.09494018554688,83.55999755859375,517.4600219726562,212.40594482421875,520.2899780273438,286.3399963378906,688.260009765625,326.0799865722656,27.959999084472656,194.05999755859375,31.559999465942383,4.800000190734863,8.406000137329102,84.83343505859375,33.97999954223633,236.85275268554688,50.715797424316406,18.61199951171875,237.0500030517578,134.43807983398438,125.61000061035156,81.38999938964844,35.70000076293945,100.56999969482422,5.82760763168335,142.82000732421875,35.93267059326172
2022-09-23,26.78499984741211,477.20001220703125,187.1122589111328,151.65872192382812,11.789999961853027,293.1070861816406,168.9600067138672,317.1058654785156,43.755287170410156,161.86000061035156,7468.0,590.2522583007812,41.02262878417969,108.5999984741211,227.15367126464844,82.66000366210938,513.6099853515625,211.0399627685547,520.7899780273438,283.45001220703125,697.3300170898438,334.20001220703125,26.969999313354492,191.5,30.174999237060547,4.820000171661377,8.206000328063965,84.08525848388672,32.95500183105469,235.4128875732422,49.48077392578125,18.31800079345703,226.41000366210938,133.45315551757812,125.16000366210938,79.23999786376953,34.869998931884766,99.16999816894531,5.797975540161133,140.41000366210938,35.17995071411133
2022-09-26,26.635000228881836,473.04998779296875,185.013671875,147.7830352783203,11.40999984741211,289.6427001953125,166.63999938964844,314.681640625,43.52599334716797,157.5970001220703,7489.15185546875,578.768310546875,38.669193267822266,104.16000366210938,219.7675323486328,81.33000183105469,508.3599853515625,209.8135528564453,514.3099975585938,276.7799987792969,686.0999755859375,331.2200012207031,26.420000076293945,187.24000549316406,30.075000762939453,4.769999980926514,8.041999816894531,82.73854064941406,32.93000030517578,229.88180541992188,48.20590591430664,17.847999572753906,224.07000732421875,132.8462677001953,122.27999877929688,82.51000213623047,36.0,98.80999755859375,5.788098335266113,136.3699951171875,34.3677978515625
2022-09-27,26.959999084472656,458.3999938964844,186.6547393798828,147.54452514648438,11.319999694824219,286.0185546875,163.3000030517578,312.5267639160156,43.795166015625,155.83999633789062,7622.0,564.9357299804688,38.846439361572266,102.27999877929688,219.00311279296875,80.88999938964844,508.3699951171875,206.03465270996094,508.6600036621094,284.739990234375,695.010009765625,329.7300109863281,26.6299991607666,184.30999755859375,30.25,4.579999923706055,7.860000133514404,83.94560241699219,32.834999084472656,229.14697265625,49.02261734008789,17.81599998474121,224.36000061035156,130.62770080566406,124.12999725341797,82.25,35.279998779296875,98.08999633789062,5.788098335266113,134.39999389648438,34.38760757446289
2022-09-28,26.875,462.70001220703125,193.47763061523438,154.8983917236328,11.789999961853027,289.71258544921875,162.44000244140625,314.023193359375,44.88182067871094,151.0800018310547,7696.0,573.7029418945312,41.101402282714844,103.93000030517578,219.45977783203125,82.58999633789062,513.9400024414062,211.39889526367188,517.8300170898438,292.4100036621094,705.4199829101562,334.0299987792969,28.200000762939453,189.94000244140625,31.09000015258789,4.610000133514404,7.992000102996826,85.79110717773438,33.189998626708984,233.3275604248047,51.462791442871094,17.941999435424805,245.1999969482422,133.22433471679688,127.36000061035156,81.7699966430664,35.790000915527344,100.73999786376953,5.689325332641602,141.61000061035156,34.952152252197266
2022-09-29,26.010000228881836,455.04998779296875,189.4296417236328,150.8438262939453,11.65999984741211,286.3080749511719,159.0399932861328,309.6934814453125,43.16709899902344,144.66000366210938,7598.0,558.666259765625,38.840423583984375,101.19000244140625,212.17291259765625,82.2699966430664,508.8299865722656,207.3906707763672,516.6099853515625,292.79998779296875,691.8200073242188,331.80999755859375,26.229999542236328,187.67999267578125,30.5,4.510000228881836,7.806000232696533,84.2149429321289,32.21500015258789,230.13998413085938,50.74568176269531,17.582000732421875,239.7100067138672,133.4630889892578,122.19999694824219,83.33999633789062,34.27000045776367,98.08999633789062,5.284355640411377,136.41000366210938,33.86267852783203
2022-09-30,26.135000228881836,458.54998779296875,186.79397583007812,147.46502685546875,11.5,283.8819885253906,160.77999877929688,304.62554931640625,42.868019104003906,144.3000030517578,7628.0,566.0801391601562,39.842437744140625,101.5999984741211,213.14581298828125,80.75,505.0400085449219,204.21002197265625,507.19000244140625,289.5400085449219,688.8699951171875,325.79998779296875,25.350000381469727,183.7899932861328,30.80500030517578,4.460000038146973,7.860000133514404,81.73099517822266,33.06999969482422,232.72999572753906,50.984718322753906,17.474000930786133,235.44000244140625,132.67713928222656,121.38999938964844,82.41999816894531,33.81999969482422,96.1500015258789,5.393006324768066,135.67999267578125,33.842872619628906
2022-10-03,25.9950008392334,454.79998779296875,192.8709259033203,150.8438262939453,11.949999809265137,290.0121154785156,162.47999572753906,314.0431823730469,43.835044860839844,145.0800018310547,7640.0,576.0913696289062,39.94164276123047,104.36000061035156,215.59793090820312,82.69999694824219,515.510009765625,211.17955017089844,522.9299926757812,297.42999267578125,735.1300048828125,336.67999267578125,25.8700008392334,193.25999450683594,31.559999465942383,4.650000095367432,8.105999946594238,86.04049682617188,33.275001525878906,238.3300018310547,52.22970199584961,17.81999969482422,239.0399932861328,137.08445739746094,125.12000274658203,83.33000183105469,33.79999923706055,99.30000305175781,5.304110527038574,138.61000061035156,35.536502838134766
2022-10-04,26.31999969482422,480.5,196.35198974609375,155.9816131591797,12.359999656677246,300.78472900390625,167.97999572753906,322.7823791503906,47.244544982910156,150.74000549316406,7718.0,584.97802734375,41.13215637207031,105.98999786376953,218.48687744140625,84.5,523.1699829101562,215.377197265625,539.9299926757812,300.6400146484375,739.5399780273438,348.5899963378906,28.0,203.89999389648438,32.685001373291016,4.760000228881836,8.253999710083008,89.19282531738281,35.095001220703125,247.9600067138672,54.898956298828125,18.173999786376953,240.74000549316406,142.7453155517578,131.6699981689453,89.37999725341797,35.310001373291016,102.41000366210938,,140.27999877929688,37.101375579833984
2022-10-05,25.920000076293945,464.6000061035156,197.95327758789062,155.43504333496094,12.220000267028809,303.71002197265625,167.39999389648438,320.8868713378906,47.14485549926758,147.6199951171875,7790.0,575.6036376953125,39.34638977050781,105.44000244140625,212.58987426757812,85.05000305175781,527.0700073242188,214.40008544921875,546.27001953125,302.0199890136719,745.6799926757812,350.1199951171875,27.030000686645508,202.5399932861328,32.349998474121094,4.78000020980835,8.116000175476074,89.00328826904297,34.58000183105469,242.8000030517578,54.72964096069336,18.1299991607666,236.72999572753906,143.76010131835938,132.08999633789062,86.22000122070312,35.209999084472656,102.22000122070312,5.649816036224365,138.97999572753906,37.4975471496582
2022-10-06,25.575000762939453,456.0,198.89813232421875,154.77914428710938,12.489999771118164,299.2300109863281,164.6999969482422,315.4198913574219,46.89562225341797,144.8000030517578,7682.0,554.7254638671875,39.147972106933594,101.91999816894531,201.60000610351562,84.41999816894531,519.1300048828125,209.65402221679688,540.5900268554688,298.6300048828125,731.8599853515625,346.0199890136719,26.809999465942383,201.52999877929688,31.96500015258789,4.769999980926514,7.829999923706055,87.90596008300781,33.91999816894531,238.58999633789062,54.898956298828125,17.695999145507812,240.02000427246094,141.72059631347656,131.3000030517578,87.27999877929688,35.150001525878906,102.23999786376953,5.610306739807129,139.07000732421875,37.121185302734375
2022-10-07,25.59000015258789,449.5,196.14312744140625,151.39039611816406,11.979999542236328,294.9700012207031,164.5399932861328,303.8074951171875,44.76219177246094,143.47999572753906,7546.0,539.2310180664062,38.10627365112305,100.36000061035156,194.6300048828125,82.41999816894531,504.8500061035156,205.00767517089844,523.6099853515625,295.2300109863281,722.3699951171875,333.239990234375,25.1299991607666,200.4600067138672,30.90999984741211,4.789999961853027,7.748000144958496,82.39936065673828,33.095001220703125,231.75,53.66393280029297,17.56599998474121,224.75,136.12937927246094,120.76000213623047,86.0199966430664,33.7599983215332,99.56999969482422,5.442392826080322,133.4499969482422,34.26875305175781
2022-10-10,26.385000228881836,443.54998779296875,193.84561157226562,152.1456756591797,12.020000457763672,291.7799987792969,165.02000427246094,298.01129150390625,44.85191345214844,143.24000549316406,7540.0,525.3685913085938,37.749122619628906,98.9000015258789,189.5800018310547,81.83999633789062,498.8599853515625,205.10739135742188,510.8399963378906,294.5400085449219,730.9199829101562,324.7200012207031,24.920000076293945,199.08999633789062,32.375,4.75,7.803999900817871,78.99765014648438,33.5099983215332,232.44000244140625,54.3710823059082,17.697999954223633,229.97999572753906,135.6816864013672,116.69999694824219,85.02999877929688,33.15999984741211,98.70999908447266,5.383128643035889,133.7899932861328,34.149906158447266
2022-10-11,27.014999389648438,445.25,195.36734008789062,153.5369415283203,11.600000381469727,286.04998779296875,163.8000030517578,294.0207824707031,44.004520416259766,140.16000366210938,7434.0,521.7562255859375,37.620147705078125,100.62999725341797,189.27000427246094,81.88999938964844,499.80999755859375,203.70152282714844,500.80999755859375,295.1600036621094,737.4099731445312,325.7099914550781,24.709999084472656,202.69000244140625,32.45500183105469,4.699999809265137,7.599999904632568,76.11466979980469,33.290000915527344,231.2100067138672,55.16787338256836,17.690000534057617,214.2899932861328,135.72146606445312,115.86000061035156,84.27999877929688,32.04999923706055,98.05000305175781,5.36337423324585,128.5399932861328,33.54574203491211
2022-10-12,26.889999389648438,445.45001220703125,192.82119750976562,153.19906616210938,11.65999984741211,283.3800048828125,164.0800018310547,290.4792175292969,44.2437858581543,135.67999267578125,7356.0,509.3765563964844,37.44157409667969,100.43000030517578,183.7899932861328,80.30999755859375,499.9599914550781,204.22996520996094,500.6700134277344,290.1300048828125,728.0599975585938,328.1199951171875,25.030000686645508,200.49000549316406,32.619998931884766,4.480000019073486,7.4120001792907715,75.82537078857422,32.69499969482422,229.32000732421875,54.142005920410156,17.719999313354492,220.8699951171875,134.75643920898438,115.0,84.5199966430664,32.16999816894531,98.30000305175781,5.442392826080322,127.5,33.44670104980469
2022-10-13,27.329999923706055,443.20001220703125,192.1150360107422,153.1593017578125,12.5,293.9599914550781,168.17999267578125,291.5865783691406,45.380287170410156,142.5399932861328,7300.0,519.9749145507812,38.036827087402344,102.5199966430664,189.85000610351562,83.5,509.9100036621094,208.67689514160156,510.5400085449219,296.5400085449219,752.5599975585938,335.2200012207031,24.56999969482422,206.0,33.224998474121094,4.699999809265137,7.691999912261963,79.22708892822266,33.2599983215332,237.99000549316406,53.644012451171875,17.642000198364258,232.50999450683594,137.39288330078125,119.5999984741211,85.4000015258789,31.469999313354492,99.70999908447266,5.313988208770752,130.2899932861328,34.655025482177734
2022-10-14,27.469999313354492,448.0,187.93775939941406,144.7818603515625,12.430000305175781,288.69000244140625,167.44000244140625,285.94000244140625,44.18396759033203,142.82000732421875,7292.0,502.93798828125,38.30469512939453,99.52999877929688,185.77999877929688,81.61000061035156,513.1300048828125,208.0487518310547,503.04998779296875,293.2099914550781,736.0599975585938,324.6400146484375,23.15999984741211,201.47000122070312,33.099998474121094,4.409999847412109,7.874000072479248,74.63825988769531,33.095001220703125,232.52999877929688,52.89701843261719,17.788000106811523,230.0,133.62228393554688,112.2699966430664,87.98999786376953,31.010000228881836,97.18000030517578,5.4621477127075195,126.76000213623047,33.932010650634766
2022-10-17,27.40999984741211,462.8999938964844,193.04000854492188,148.31967163085938,12.319999694824219,295.0400085449219,170.97999572753906,296.6844482421875,45.04132843017578,145.39999389648438,7324.0,524.3634643554688,39.37615203857422,105.2300033569336,192.49000549316406,82.76000213623047,521.8800048828125,211.8076934814453,517.22998046875,297.0199890136719,735.9600219726562,339.489990234375,24.6299991607666,206.30999755859375,33.76499938964844,4.610000133514404,8.065999984741211,74.22926330566406,33.720001220703125,237.36000061035156,54.888999938964844,18.020000457763672,245.10000610351562,137.5122528076172,118.87999725341797,87.62000274658203,31.93000030517578,100.77999877929688,5.541165828704834,134.0399932861328,34.1400032043457
2022-10-18,27.645000457763672,465.5,193.1999969482422,156.2499237060547,12.880000114440918,300.3800048828125,171.10000610351562,300.0963134765625,46.297462463378906,147.5,7474.0,537.5890502929688,38.92971420288086,105.8499984741211,197.22000122070312,84.0999984741211,522.2100219726562,212.36605834960938,524.4000244140625,300.1700134277344,722.7100219726562,342.1600036621094,25.450000762939453,210.02000427246094,34.599998474121094,4.769999980926514,8.107999801635742,75.04727172851562,34.27000045776367,242.3699951171875,56.0244255065918,18.04199981689453,240.86000061035156,139.91986083984375,119.66999816894531,89.63999938964844,31.90999984741211,101.38999938964844,5.600429534912109,132.8000030517578,34.560001373291016
2022-10-19,27.665000915527344,459.0,183.94000244140625,154.42138671875,12.609999656677246,297.760009765625,172.47999572753906,296.1656799316406,45.629520416259766,144.3000030517578,7460.0,522.9703369140625,36.94552993774414,102.01000213623047,190.99000549316406,83.66000366210938,520.3200073242188,208.20828247070312,505.6099853515625,292.0199890136719,709.3699951171875,335.489990234375,24.25,209.19000244140625,34.3849983215332,4.78000020980835,8.026000022888184,77.07233428955078,34.369998931884766,241.4499969482422,53.74361038208008,18.299999237060547,272.3800048828125,138.28826904296875,120.51000213623047,88.45999908447266,30.15999984741211,100.29000091552734,5.600429534912109,133.22999572753906,34.4900016784668
2022-10-20,27.325000762939453,469.6000061035156,178.3000030517578,153.43756103515625,12.920000076293945,296.2799987792969,172.22000122070312,291.337158203125,44.772159576416016,145.33999633789062,7416.0,523.6470336914062,37.411808013916016,102.45999908447266,188.0,82.44999694824219,520.8800048828125,210.5414276123047,486.8599853515625,290.1600036621094,705.8900146484375,331.20001220703125,23.920000076293945,208.61000061035156,34.54499816894531,4.769999980926514,8.005999565124512,78.46894073486328,34.73500061035156,238.32000732421875,52.638057708740234,18.082000732421875,268.1600036621094,134.56741333007812,121.94000244140625,91.20999908447266,29.729999542236328,100.52999877929688,5.639938831329346,131.52999877929688,34.86000061035156
2022-10-21,27.415000915527344,454.1000061035156,182.3699951171875,158.1977081298828,13.489999771118164,302.3699951171875,174.0,295.2378845214844,46.19776916503906,145.0399932861328,7350.0,532.0062255859375,37.00505065917969,103.08000183105469,187.55999755859375,83.26000213623047,533.72998046875,211.08981323242188,496.739990234375,300.0,713.9099731445312,337.6499938964844,24.030000686645508,196.66000366210938,34.31999969482422,4.880000114440918,7.995999813079834,82.21980285644531,34.04999923706055,241.2899932861328,55.51647186279297,18.077999114990234,289.57000732421875,138.6165771484375,124.66000366210938,89.3499984741211,29.920000076293945,101.4800033569336,5.699202537536621,130.00999450683594,36.849998474121094
2022-10-24,27.934999465942383,456.3999938964844,187.61000061035156,160.8113250732422,13.180000305175781,305.6000061035156,177.0,299.6773376464844,46.118011474609375,148.94000244140625,7366.0,528.5828857421875,37.580467224121094,103.37000274658203,185.39999389648438,83.87999725341797,541.5999755859375,214.08102416992188,505.010009765625,310.5,737.1500244140625,344.94000244140625,24.6299991607666,210.36000061035156,34.834999084472656,4.659999847412109,8.17199993133545,84.73368072509766,34.630001068115234,243.9199981689453,55.94474411010742,18.253999710083008,282.45001220703125,140.84510803222656,125.98999786376953,90.44000244140625,25.68000030517578,102.97000122070312,5.511533737182617,129.72000122070312,37.279998779296875
2022-10-25,28.139999389648438,472.3999938964844,193.85000610351562,164.76651000976562,13.569999694824219,311.4100036621094,177.6199951171875,311.2897033691406,47.124916076660156,150.22000122070312,7440.0,552.1978149414062,39.37615203857422,108.33000183105469,195.52999877929688,84.5,540.219970703125,227.54147338867188,514.6199951171875,309.2099914550781,747.3300170898438,352.3500061035156,26.75,214.39999389648438,35.404998779296875,4.739999771118164,8.295999526977539,87.31739044189453,35.42499923706055,251.55999755859375,57.49848937988281,18.527999877929688,291.0199890136719,145.3021697998047,132.61000061035156,96.80000305175781,25.81999969482422,104.93000030517578,5.797975540161133,137.50999450683594,37.7400016784668
2022-10-26,28.079999923706055,477.20001220703125,193.5500030517578,165.73045349121094,13.0,319.510009765625,177.75999450683594,310.7908935546875,48.09193801879883,149.82000732421875,7546.0,552.4465942382812,39.35630798339844,109.87000274658203,196.9199981689453,85.37000274658203,543.1699829101562,229.2763671875,503.0,311.17999267578125,733.97998046875,358.29998779296875,26.739999771118164,217.47999572753906,36.10499954223633,4.739999771118164,8.272000312805176,87.9259033203125,35.279998779296875,252.02000427246094,57.74748992919922,18.56399917602539,298.6199951171875,144.77488708496094,128.9600067138672,96.45999908447266,27.860000610351562,94.81999969482422,5.876993656158447,129.82000732421875,37.790000915527344
2022-10-27,28.104999542236328,471.1000061035156,193.66000366210938,165.85963439941406,12.489999771118164,319.3699951171875,180.1999969482422,318.55242919921875,48.5804328918457,150.25999450683594,7578.0,552.2376098632812,39.01900100708008,111.01000213623047,198.67999267578125,85.56999969482422,541.7999877929688,215.66636657714844,498.32000732421875,287.8900146484375,724.8800048828125,356.1400146484375,28.469999313354492,217.77000427246094,36.39500045776367,4.769999980926514,8.371999740600586,86.32979583740234,35.334999084472656,249.05999755859375,57.81720733642578,18.652000427246094,296.94000244140625,145.9388885498047,131.75999450683594,95.88999938964844,26.959999084472656,92.5999984741211,6.084417343139648,97.94000244140625,37.7599983215332
2022-10-28,28.094999313354492,463.75,198.72999572753906,166.4757843017578,12.949999809265137,329.4700012207031,182.33999633789062,326.15435791015625,49.22843933105469,146.44000244140625,7586.0,565.2939453125,39.369998931884766,112.9800033569336,204.7100067138672,86.81999969482422,551.239990234375,223.63294982910156,503.8399963378906,313.8900146484375,750.760009765625,364.2799987792969,29.549999237060547,223.66000366210938,35.79499816894531,4.78000020980835,8.338000297546387,89.50206756591797,36.290000915527344,254.44000244140625,59.06219482421875,19.29800033569336,295.7200012207031,149.510498046875,138.33999633789062,95.55000305175781,25.829999923706055,96.58000183105469,5.985644340515137,99.19999694824219,39.15999984741211
2022-10-31,28.25,463.70001220703125,194.9499969482422,163.22616577148438,13.0,328.17999267578125,182.74000549316406,320.4878234863281,48.480743408203125,147.75999450683594,7566.0,563.6917724609375,39.68000030517578,110.75,207.19000244140625,87.33999633789062,555.1500244140625,221.21006774902344,513.969970703125,312.0,748.75,359.67999267578125,29.639999389648438,217.47000122070312,36.09000015258789,4.599999904632568,8.51200008392334,88.07554626464844,36.47999954223633,250.39999389648438,56.42282485961914,19.167999267578125,291.8800048828125,149.3015899658203,134.97000122070312,96.08999633789062,26.280000686645508,94.66000366210938,6.202945232391357,93.16000366210938,38.400001525878906
2022-11-01,28.2450008392334,476.45001220703125,193.5500030517578,163.5640411376953,13.350000381469727,333.19000244140625,185.0399932861328,315.3799743652344,49.31816482543945,150.33999633789062,7620.0,551.8196411132812,39.400001525878906,108.55000305175781,207.8800048828125,87.73999786376953,547.3099975585938,221.90802001953125,517.6900024414062,314.20001220703125,759.9099731445312,394.92999267578125,28.8799991607666,221.1300048828125,36.04499816894531,5.150000095367432,8.567999839782715,89.5718994140625,36.459999084472656,252.1199951171875,56.23358154296875,19.327999114990234,286.75,150.86354064941406,135.42999267578125,95.76000213623047,28.420000076293945,90.5,6.232576847076416,95.19999694824219,39.150001525878906
2022-11-02,28.114999771118164,473.04998779296875,185.7100067138672,159.20140075683594,12.680000305175781,319.82000732421875,183.75999450683594,310.00274658203125,49.68702697753906,150.10000610351562,7660.0,546.5851440429688,38.16999816894531,106.73999786376953,205.19000244140625,85.77999877929688,543.4299926757812,223.92210388183594,490.9800109863281,310.010009765625,740.47998046875,372.6400146484375,28.040000915527344,213.82000732421875,35.18000030517578,5.139999866485596,8.52400016784668,87.54682922363281,35.77000045776367,245.1699981689453,52.369144439697266,19.511999130249023,273.0,149.8388214111328,132.19000244140625,96.5,28.350000381469727,87.06999969482422,5.926380634307861,90.54000091552734,37.66999816894531
2022-11-03,28.170000076293945,470.1499938964844,179.82000732421875,158.8039093017578,11.970000267028809,309.1700134277344,185.5,308.566162109375,48.331199645996094,149.52000427246094,7612.0,582.510009765625,37.41999816894531,108.01000213623047,201.3300018310547,84.0199966430664,543.6099853515625,222.92503356933594,486.94000244140625,311.29998779296875,738.6799926757812,369.19000244140625,27.719999313354492,212.75,34.53499984741211,4.460000038146973,8.53600025177002,86.09037780761719,36.03499984741211,264.0199890136719,51.54247283935547,19.49799919128418,269.05999755859375,153.79843139648438,134.2100067138672,95.19999694824219,28.729999542236328,83.48999786376953,5.886871337890625,88.91000366210938,37.349998474121094
2022-11-04,28.184999465942383,503.3999938964844,182.14999389648438,158.6349639892578,10.430000305175781,318.3699951171875,187.4600067138672,315.6493225097656,51.172454833984375,153.52000427246094,7700.0,608.1251831054688,38.66999816894531,107.62000274658203,203.9199981689453,84.6500015258789,538.1699829101562,227.32211303710938,495.54998779296875,308.82000732421875,740.2100219726562,371.7900085449219,27.280000686645508,211.91000366210938,35.505001068115234,4.5,8.697999954223633,91.47725677490234,36.904998779296875,276.05999755859375,53.05637741088867,19.577999114990234,260.7900085449219,157.87744140625,141.55999755859375,95.63999938964844,30.889999389648438,86.69999694824219,5.975767135620117,90.79000091552734,39.0
2022-11-07,28.479999542236328,505.0,186.55999755859375,158.8734588623047,10.270000457763672,325.1300048828125,188.1199951171875,318.4925842285156,52.37874221801758,152.60000610351562,7750.0,603.5773315429688,37.959999084472656,108.93000030517578,202.02000427246094,85.54000091552734,545.02001953125,233.08518981933594,492.1000061035156,303.2300109863281,750.9299926757812,385.20001220703125,27.15999984741211,214.24000549316406,35.84000015258789,4.590000152587891,8.605999946594238,94.80915069580078,36.974998474121094,277.6300048828125,54.63999938964844,19.648000717163086,258.6000061035156,157.58892822265625,143.00999450683594,95.30000305175781,31.0,88.6500015258789,6.262208938598633,96.72000122070312,39.869998931884766
2022-11-08,28.709999084472656,515.5999755859375,188.36000061035156,160.612548828125,10.0600004196167,325.75,187.89999389648438,319.1809387207031,52.49837112426758,154.17999267578125,7786.0,593.3571166992188,38.060001373291016,109.75,203.02000427246094,80.19000244140625,553.0499877929688,234.89984130859375,492.1700134277344,306.5,751.9500122070312,382.8999938964844,27.25,211.6699981689453,36.06999969482422,4.429999828338623,8.71399974822998,97.2232666015625,36.51499938964844,283.0,53.95000076293945,19.601999282836914,263.4599914550781,157.3800048828125,146.02000427246094,96.37000274658203,31.299999237060547,88.91000366210938,6.3115949630737305,96.47000122070312,40.41999816894531
2022-11-09,29.155000686645508,512.2000122070312,186.6300048828125,152.03636169433594,9.84000015258789,315.6400146484375,188.89999389648438,313.35479736328125,50.345001220703125,154.39999389648438,7888.0,595.0488891601562,37.09000015258789,108.79000091552734,201.0399932861328,79.29000091552734,540.6599731445312,229.86463928222656,484.7099914550781,309.3399963378906,742.9500122070312,379.8800048828125,26.760000228881836,209.00999450683594,35.619998931884766,4.110000133514404,8.673999786376953,94.15074920654297,36.185001373291016,280.1300048828125,52.52000045776367,19.733999252319336,254.66000366210938,156.3000030517578,137.75999450683594,96.2699966430664,29.329999923706055,87.4000015258789,6.291840553283691,101.47000122070312,39.33000183105469
2022-11-10,28.434999465942383,532.0,204.32000732421875,163.35536193847656,10.800000190734863,337.2699890136719,198.1199951171875,345.38861083984375,56.380001068115234,157.0,8072.0,644.8560791015625,40.56999969482422,118.33999633789062,220.89999389648438,81.83999633789062,544.1699829101562,242.35794067382812,520.5800170898438,311.0299987792969,741.0800170898438,416.05999755859375,30.979999542236328,222.5,38.130001068115234,4.300000190734863,8.836000442504883,104.53546142578125,37.845001220703125,289.5899963378906,58.29999923706055,19.496000289916992,274.9700012207031,162.1300048828125,157.5,102.27999877929688,31.520000457763672,94.16999816894531,6.3115949630737305,111.87000274658203,41.720001220703125
2022-11-11,27.34000015258789,543.5999755859375,209.02000427246094,172.23963928222656,11.84000015258789,339.2900085449219,200.85000610351562,355.35491943359375,57.08000183105469,158.22000122070312,8220.0,657.3948974609375,41.47999954223633,116.12999725341797,223.25999450683594,83.55000305175781,522.0800170898438,248.24066162109375,538.6799926757812,303.260009765625,734.4500122070312,441.2699890136719,33.310001373291016,224.0800018310547,39.53499984741211,4.260000228881836,8.805999755859375,110.26152038574219,38.38999938964844,288.4599914550781,59.97999954223633,18.917999267578125,290.1300048828125,161.60000610351562,163.27000427246094,104.37999725341797,33.400001525878906,96.7300033569336,6.55852746963501,113.0199966430664,42.68000030517578
2022-11-14,27.704999923706055,541.7999877929688,204.66000366210938,172.17999267578125,11.489999771118164,339.3699951171875,202.64999389648438,346.84515380859375,53.619998931884766,157.6199951171875,8022.0,635.8400268554688,40.59000015258789,112.5,215.3800048828125,82.9000015258789,513.75,244.4119110107422,534.77001953125,306.0299987792969,742.010009765625,428.0299987792969,32.29999923706055,222.6199951171875,39.4900016784668,4.190000057220459,8.925999641418457,107.34861755371094,38.1150016784668,294.8900146484375,58.900001525878906,18.979999542236328,299.2699890136719,161.64999389648438,162.9499969482422,103.95999908447266,33.400001525878906,96.02999877929688,6.5684051513671875,114.22000122070312,42.25
2022-11-15,27.604999542236328,547.2000122070312,208.83999633789062,178.97999572753906,11.329999923706055,343.510009765625,198.63999938964844,353.8185729980469,54.16999816894531,157.22000122070312,7986.0,657.22998046875,41.0,112.75,219.5800018310547,83.4000015258789,503.010009765625,245.05999755859375,546.0900268554688,305.2799987792969,728.72998046875,434.3800048828125,32.66999816894531,229.0500030517578,38.54999923706055,4.28000020980835,8.907999992370605,110.19168853759766,38.6349983215332,294.5400085449219,63.52000045776367,18.892000198364258,310.20001220703125,162.38999938964844,166.66000366210938,104.5999984741211,37.0,98.72000122070312,6.686932563781738,117.08000183105469,42.349998474121094
2022-11-16,27.764999389648438,538.0,215.1300048828125,155.47000122070312,10.90999984741211,342.760009765625,201.5,352.8309326171875,53.13999938964844,154.39999389648438,7996.0,647.8900146484375,39.66999816894531,113.6500015258789,219.14999389648438,81.77999877929688,511.5199890136719,243.8000030517578,536.010009765625,305.44000244140625,735.6699829101562,426.0799865722656,31.06999969482422,231.0,38.3650016784668,4.139999866485596,8.925999641418457,103.96685028076172,37.7599983215332,295.1199951171875,62.18000030517578,19.059999465942383,306.0199890136719,161.74000549316406,159.10000610351562,104.76000213623047,38.91999816894531,98.98999786376953,6.617791175842285,113.2300033569336,41.18000030517578
2022-11-17,27.459999084472656,540.4000244140625,208.39999389648438,162.00999450683594,10.960000038146973,341.2699890136719,202.35000610351562,345.947265625,51.939998626708984,156.66000366210938,8036.0,639.9400024414062,39.93000030517578,112.30999755859375,216.33999633789062,79.94000244140625,515.3099975585938,232.97000122070312,529.8900146484375,309.8999938964844,739.0800170898438,410.44000244140625,29.959999084472656,227.3000030517578,38.38999938964844,4.119999885559082,8.911999702453613,104.1962890625,37.220001220703125,293.29998779296875,61.31999969482422,18.95199966430664,295.2799987792969,162.6300048828125,156.77000427246094,105.77999877929688,39.119998931884766,98.5,6.5684051513671875,111.44999694824219,41.7599983215332
2022-11-18,27.594999313354492,551.0999755859375,209.92999267578125,162.8800048828125,10.770000457763672,343.69000244140625,203.85000610351562,345.0494079589844,51.84000015258789,158.22000122070312,8122.0,647.4099731445312,39.939998626708984,114.55999755859375,215.92999267578125,81.30000305175781,530.0,230.17999267578125,535.239990234375,314.6300048828125,736.72998046875,413.8900146484375,28.790000915527344,230.0800018310547,38.72999954223633,4.119999885559082,9.09000015258789,104.4456787109375,38.02000045776367,296.4800109863281,61.65999984741211,19.29800033569336,287.9800109863281,165.00999450683594,154.08999633789062,103.62000274658203,36.20000076293945,97.80000305175781,6.449877738952637,112.05000305175781,42.040000915527344
2022-11-21,27.864999771118164,549.5999755859375,210.27000427246094,158.02000427246094,10.5600004196167,338.25,203.9499969482422,346.59576416015625,51.33000183105469,157.94000244140625,8166.0,654.8900146484375,40.029998779296875,114.94999694824219,219.91000366210938,82.29000091552734,517.1900024414062,235.8800048828125,536.280029296875,316.20001220703125,738.97998046875,412.8900146484375,27.899999618530273,228.99000549316406,38.084999084472656,3.8399999141693115,9.086000442504883,104.88461303710938,38.43000030517578,296.4100036621094,62.41999816894531,19.549999237060547,285.04998779296875,164.5500030517578,153.1699981689453,104.66000366210938,36.0,95.83000183105469,6.331349849700928,109.86000061035156,41.06999969482422
2022-11-22,27.8700008392334,542.9000244140625,214.47000122070312,157.86000061035156,10.800000190734863,344.9599914550781,204.64999389648438,351.4142761230469,51.849998474121094,157.9199981689453,8164.0,656.0700073242188,41.09000015258789,115.77999877929688,218.1300048828125,77.93000030517578,523.0900268554688,236.75,544.75,321.4800109863281,749.22998046875,412.1300048828125,27.81999969482422,234.74000549316406,38.23500061035156,3.940000057220459,9.081999778747559,106.77999877929688,38.10499954223633,309.1600036621094,64.93000030517578,19.604000091552734,286.69000244140625,166.47999572753906,160.3800048828125,103.76000213623047,35.7599983215332,97.33000183105469,6.351104259490967,111.44000244140625,43.849998474121094
2022-11-23,27.954999923706055,546.0999755859375,211.02000427246094,163.41000366210938,11.34000015258789,348.6400146484375,204.5500030517578,357.41998291015625,52.08000183105469,158.27999877929688,8232.0,671.77001953125,40.779998779296875,115.52999877929688,218.25,79.0199966430664,529.7100219726562,238.2899932861328,547.2899780273438,316.1600036621094,735.3599853515625,416.5299987792969,28.56999969482422,237.27999877929688,37.869998931884766,3.9200000762939453,8.98799991607666,107.66999816894531,38.38999938964844,308.1499938964844,63.41999816894531,19.583999633789062,291.5,165.36000061035156,165.19000244140625,104.08000183105469,36.290000915527344,98.81999969482422,6.321472644805908,112.23999786376953,44.61000061035156
2022-11-24,27.959999084472656,547.7000122070312,,,,,205.39999389648438,,,159.4199981689453,8080.0,,,,,,,,,,,,,,38.6150016784668,,9.069999694824219,,38.720001220703125,,,19.719999313354492,,,,104.55999755859375,,,6.440000057220459,,
2022-11-25,28.1299991607666,545.2999877929688,210.97000122070312,163.3800048828125,11.470000267028809,351.2900085449219,204.0,357.9100036621094,51.849998474121094,159.05999755859375,8116.0,674.6599731445312,41.61000061035156,116.38999938964844,220.0800018310547,79.12000274658203,537.6199951171875,241.3699951171875,551.25,312.9800109863281,736.22998046875,411.3599853515625,27.600000381469727,239.3699951171875,38.3650016784668,4.039999961853027,9.149999618530273,105.81999969482422,38.71500015258789,309.9100036621094,62.81999969482422,19.79400062561035,285.5400085449219,166.11000061035156,162.6999969482422,107.94000244140625,34.58000183105469,97.5999984741211,6.289999961853027,111.41000366210938,44.630001068115234
